ISO-10303-21;
HEADER;
FILE_DESCRIPTION(('Open CASCADE Model'),'2;1');
FILE_NAME('8mm_Rigid_Flange_Coupling_v2_f3d__v1','2026-04-19T18:11:34',(
    'Author'),('Open CASCADE'),'Open CASCADE STEP processor 7.8',
  'build123d','Unknown');
FILE_SCHEMA(('AUTOMOTIVE_DESIGN { 1 0 10303 214 1 1 1 1 }'));
ENDSEC;
DATA;
#1 = APPLICATION_PROTOCOL_DEFINITION('international standard',
  'automotive_design',2000,#2);
#2 = APPLICATION_CONTEXT(
  'core data for automotive mechanical design processes');
#3 = SHAPE_DEFINITION_REPRESENTATION(#4,#10);
#4 = PRODUCT_DEFINITION_SHAPE('','',#5);
#5 = PRODUCT_DEFINITION('design','',#6,#9);
#6 = PRODUCT_DEFINITION_FORMATION('','',#7);
#7 = PRODUCT('=>[0:1:1:2]','=>[0:1:1:2]','',(#8));
#8 = PRODUCT_CONTEXT('',#2,'mechanical');
#9 = PRODUCT_DEFINITION_CONTEXT('part definition',#2,'design');
#10 = SHAPE_REPRESENTATION('',(#11,#15),#19);
#11 = AXIS2_PLACEMENT_3D('',#12,#13,#14);
#12 = CARTESIAN_POINT('',(0.,0.,0.));
#13 = DIRECTION('',(0.,0.,1.));
#14 = DIRECTION('',(1.,0.,-0.));
#15 = AXIS2_PLACEMENT_3D('',#16,#17,#18);
#16 = CARTESIAN_POINT('',(-2.578589083941E-28,60.,-140.));
#17 = DIRECTION('',(-5.20572095465E-18,6.272570362622E-15,1.));
#18 = DIRECTION('',(2.829680934013E-14,-1.,6.272570362622E-15));
#19 = ( GEOMETRIC_REPRESENTATION_CONTEXT(3) 
GLOBAL_UNCERTAINTY_ASSIGNED_CONTEXT((#23)) GLOBAL_UNIT_ASSIGNED_CONTEXT(
(#20,#21,#22)) REPRESENTATION_CONTEXT('Context #1',
  '3D Context with UNIT and UNCERTAINTY') );
#20 = ( LENGTH_UNIT() NAMED_UNIT(*) SI_UNIT(.MILLI.,.METRE.) );
#21 = ( NAMED_UNIT(*) PLANE_ANGLE_UNIT() SI_UNIT($,.RADIAN.) );
#22 = ( NAMED_UNIT(*) SI_UNIT($,.STERADIAN.) SOLID_ANGLE_UNIT() );
#23 = UNCERTAINTY_MEASURE_WITH_UNIT(LENGTH_MEASURE(5.E-04),#20,
  'distance_accuracy_value','confusion accuracy');
#24 = PRODUCT_RELATED_PRODUCT_CATEGORY('part',$,(#7));
#25 = SHAPE_DEFINITION_REPRESENTATION(#26,#32);
#26 = PRODUCT_DEFINITION_SHAPE('','',#27);
#27 = PRODUCT_DEFINITION('design','',#28,#31);
#28 = PRODUCT_DEFINITION_FORMATION('','',#29);
#29 = PRODUCT('8mm_Rigid_Flange_Coupling_v2_f3d__v1',
  '8mm_Rigid_Flange_Coupling_v2_f3d__v1','',(#30));
#30 = PRODUCT_CONTEXT('',#2,'mechanical');
#31 = PRODUCT_DEFINITION_CONTEXT('part definition',#2,'design');
#32 = SHAPE_REPRESENTATION('',(#11,#33,#37,#41),#45);
#33 = AXIS2_PLACEMENT_3D('',#34,#35,#36);
#34 = CARTESIAN_POINT('',(0.,8.,6.008515206041));
#35 = DIRECTION('',(0.,0.,1.));
#36 = DIRECTION('',(1.,0.,0.));
#37 = AXIS2_PLACEMENT_3D('',#38,#39,#40);
#38 = CARTESIAN_POINT('',(6.008515206041,8.,-2.081668171172E-16));
#39 = DIRECTION('',(1.,2.503708927703E-33,1.232595164408E-32));
#40 = DIRECTION('',(-1.232595164408E-32,5.473822126269E-48,1.));
#41 = AXIS2_PLACEMENT_3D('',#42,#43,#44);
#42 = CARTESIAN_POINT('',(0.,0.,0.));
#43 = DIRECTION('',(0.,0.,1.));
#44 = DIRECTION('',(1.,0.,-0.));
#45 = ( GEOMETRIC_REPRESENTATION_CONTEXT(3) 
GLOBAL_UNCERTAINTY_ASSIGNED_CONTEXT((#49)) GLOBAL_UNIT_ASSIGNED_CONTEXT(
(#46,#47,#48)) REPRESENTATION_CONTEXT('Context #1',
  '3D Context with UNIT and UNCERTAINTY') );
#46 = ( LENGTH_UNIT() NAMED_UNIT(*) SI_UNIT(.MILLI.,.METRE.) );
#47 = ( NAMED_UNIT(*) PLANE_ANGLE_UNIT() SI_UNIT($,.RADIAN.) );
#48 = ( NAMED_UNIT(*) SI_UNIT($,.STERADIAN.) SOLID_ANGLE_UNIT() );
#49 = UNCERTAINTY_MEASURE_WITH_UNIT(LENGTH_MEASURE(5.E-04),#46,
  'distance_accuracy_value','confusion accuracy');
#50 = CONTEXT_DEPENDENT_SHAPE_REPRESENTATION(#51,#53);
#51 = ( REPRESENTATION_RELATIONSHIP('','',#32,#10) 
REPRESENTATION_RELATIONSHIP_WITH_TRANSFORMATION(#52) 
SHAPE_REPRESENTATION_RELATIONSHIP() );
#52 = ITEM_DEFINED_TRANSFORMATION('','',#11,#15);
#53 = PRODUCT_DEFINITION_SHAPE('Placement','Placement of an item',#54);
#54 = NEXT_ASSEMBLY_USAGE_OCCURRENCE('16','=>[0:1:1:2]','',#5,#27,$);
#55 = PRODUCT_RELATED_PRODUCT_CATEGORY('part',$,(#29));
#56 = SHAPE_DEFINITION_REPRESENTATION(#57,#63);
#57 = PRODUCT_DEFINITION_SHAPE('','',#58);
#58 = PRODUCT_DEFINITION('design','',#59,#62);
#59 = PRODUCT_DEFINITION_FORMATION('','',#60);
#60 = PRODUCT('92605A009','92605A009','',(#61));
#61 = PRODUCT_CONTEXT('',#2,'mechanical');
#62 = PRODUCT_DEFINITION_CONTEXT('part definition',#2,'design');
#63 = ADVANCED_BREP_SHAPE_REPRESENTATION('',(#11,#64),#3673);
#64 = MANIFOLD_SOLID_BREP('',#65);
#65 = CLOSED_SHELL('',(#66,#464,#782,#1098,#1359,#1565,#1652,#2266,#2548
    ,#2601,#2654,#2707,#2760,#2813,#3058,#3062,#3140,#3211,#3222,#3269,
    #3316,#3363,#3410,#3457,#3505,#3553,#3581,#3609,#3637,#3665));
#66 = ADVANCED_FACE('',(#67),#81,.T.);
#67 = FACE_BOUND('',#68,.T.);
#68 = EDGE_LOOP('',(#69,#104,#284,#313));
#69 = ORIENTED_EDGE('',*,*,#70,.F.);
#70 = EDGE_CURVE('',#71,#73,#75,.T.);
#71 = VERTEX_POINT('',#72);
#72 = CARTESIAN_POINT('',(2.,-4.067525226557E-15,1.125));
#73 = VERTEX_POINT('',#74);
#74 = CARTESIAN_POINT('',(2.,-3.130774549529E-15,1.2125));
#75 = SURFACE_CURVE('',#76,(#80,#92),.PCURVE_S1.);
#76 = LINE('',#77,#78);
#77 = CARTESIAN_POINT('',(2.,-1.959434878636E-15,-1.5));
#78 = VECTOR('',#79,1.);
#79 = DIRECTION('',(0.,0.,1.));
#80 = PCURVE('',#81,#86);
#81 = CYLINDRICAL_SURFACE('',#82,2.);
#82 = AXIS2_PLACEMENT_3D('',#83,#84,#85);
#83 = CARTESIAN_POINT('',(0.,-1.714505518806E-15,-1.5));
#84 = DIRECTION('',(0.,0.,-1.));
#85 = DIRECTION('',(-1.,0.,0.));
#86 = DEFINITIONAL_REPRESENTATION('',(#87),#91);
#87 = LINE('',#88,#89);
#88 = CARTESIAN_POINT('',(3.14159265359,0.));
#89 = VECTOR('',#90,1.);
#90 = DIRECTION('',(0.,-1.));
#91 = ( GEOMETRIC_REPRESENTATION_CONTEXT(2) 
PARAMETRIC_REPRESENTATION_CONTEXT() REPRESENTATION_CONTEXT('2D SPACE',''
  ) );
#92 = PCURVE('',#93,#98);
#93 = CYLINDRICAL_SURFACE('',#94,2.);
#94 = AXIS2_PLACEMENT_3D('',#95,#96,#97);
#95 = CARTESIAN_POINT('',(0.,-1.714505518806E-15,-1.5));
#96 = DIRECTION('',(0.,0.,-1.));
#97 = DIRECTION('',(-1.,0.,0.));
#98 = DEFINITIONAL_REPRESENTATION('',(#99),#103);
#99 = LINE('',#100,#101);
#100 = CARTESIAN_POINT('',(-3.14159265359,0.));
#101 = VECTOR('',#102,1.);
#102 = DIRECTION('',(0.,-1.));
#103 = ( GEOMETRIC_REPRESENTATION_CONTEXT(2) 
PARAMETRIC_REPRESENTATION_CONTEXT() REPRESENTATION_CONTEXT('2D SPACE',''
  ) );
#104 = ORIENTED_EDGE('',*,*,#105,.T.);
#105 = EDGE_CURVE('',#71,#106,#108,.T.);
#106 = VERTEX_POINT('',#107);
#107 = CARTESIAN_POINT('',(1.305368070619,1.515260439729,1.219916984716)
  );
#108 = SURFACE_CURVE('',#109,(#118,#124),.PCURVE_S1.);
#109 = B_SPLINE_CURVE_WITH_KNOTS('',3,(#110,#111,#112,#113,#114,#115,
    #116,#117),.UNSPECIFIED.,.F.,.F.,(4,2,2,4),(-0.172542632286,
    -0.102236727628,-5.17747865894E-02,-9.999999998345E-07),
  .UNSPECIFIED.);
#110 = CARTESIAN_POINT('',(2.,-3.538835890993E-15,1.125));
#111 = CARTESIAN_POINT('',(2.,0.233667324266,1.138630593916));
#112 = CARTESIAN_POINT('',(1.959047085206,0.465756653495,1.152169138121)
  );
#113 = CARTESIAN_POINT('',(1.821198034562,0.843484391816,1.174203256189)
  );
#114 = CARTESIAN_POINT('',(1.743970291126,0.993369481295,1.182537792963)
  );
#115 = CARTESIAN_POINT('',(1.551376417215,1.273943717311,1.200450694113)
  );
#116 = CARTESIAN_POINT('',(1.435905911758,1.402804570519,1.210042491814)
  );
#117 = CARTESIAN_POINT('',(1.305368070619,1.51526043973,1.219916984716)
  );
#118 = PCURVE('',#81,#119);
#119 = DEFINITIONAL_REPRESENTATION('',(#120),#123);
#120 = B_SPLINE_CURVE_WITH_KNOTS('',1,(#121,#122),.UNSPECIFIED.,.F.,.F.,
  (2,2),(-0.172542632286,-9.999999998345E-07),.PIECEWISE_BEZIER_KNOTS.);
#121 = CARTESIAN_POINT('',(3.14159265359,-2.625));
#122 = CARTESIAN_POINT('',(2.281918053222,-2.719916984716));
#123 = ( GEOMETRIC_REPRESENTATION_CONTEXT(2) 
PARAMETRIC_REPRESENTATION_CONTEXT() REPRESENTATION_CONTEXT('2D SPACE',''
  ) );
#124 = PCURVE('',#125,#256);
#125 = ( BOUNDED_SURFACE() B_SPLINE_SURFACE(1,2,(
    (#126,#127,#128,#129,#130,#131,#132,#133,#134,#135,#136,#137,#138
      ,#139,#140,#141,#142,#143,#144,#145,#146,#147,#148,#149,#150,#151
      ,#152,#153,#154,#155,#156,#157,#158,#159,#160,#161,#162,#163,#164
      ,#165,#166,#167,#168,#169,#170,#171,#172,#173,#174,#175,#176,#177
      ,#178,#179,#180,#181,#182,#183,#184,#185,#186,#187,#188,#189,#190)
    ,(#191,#192,#193,#194,#195,#196,#197,#198,#199,#200,#201,#202,#203
      ,#204,#205,#206,#207,#208,#209,#210,#211,#212,#213,#214,#215,#216
      ,#217,#218,#219,#220,#221,#222,#223,#224,#225,#226,#227,#228,#229
      ,#230,#231,#232,#233,#234,#235,#236,#237,#238,#239,#240,#241,#242
      ,#243,#244,#245,#246,#247,#248,#249,#250,#251,#252,#253,#254,#255
)),.UNSPECIFIED.,.F.,.F.,.F.) B_SPLINE_SURFACE_WITH_KNOTS((2,2),(3,2,2,2
    ,2,2,2,2,2,2,2,2,2,2,2,2,2,2,2,2,2,2,2,2,2,2,2,2,2,2,2,2,3),(
    -1.203258546298E-04,1.),(0.,2.777777777778E-02,5.555555555556E-02,
    8.333333333333E-02,0.111111111111,0.138888888889,0.166666666667,
    0.194444444444,0.222222222222,0.25,0.277777777778,0.305555555556,
    0.333333333333,0.361111111111,0.388888888889,0.416666666667,
    0.444444444444,0.472222222222,0.5,0.527777777778,0.555555555556,
    0.583333333333,0.611111111111,0.638888888889,0.666666666667,
    0.694444444444,0.722222222222,0.75,0.777777777778,0.805555555556,
    0.833333333333,0.861111111111,0.880839578819),.UNSPECIFIED.) 
GEOMETRIC_REPRESENTATION_ITEM() RATIONAL_B_SPLINE_SURFACE((
    (1.,0.866025403784,1.,0.866025403784,1.,0.866025403784,1.
      ,0.866025403784,1.,0.866025403784,1.,0.866025403784,1.
      ,0.866025403784,1.,0.866025403784,1.,0.866025403784,1.
      ,0.866025403784,1.,0.866025403784,1.,0.866025403784,1.
      ,0.866025403784,1.,0.866025403784,1.,0.866025403784,1.
      ,0.866025403784,1.,0.866025403784,1.,0.866025403784,1.
      ,0.866025403784,1.,0.866025403784,1.,0.866025403784,1.
      ,0.866025403784,1.,0.866025403784,1.,0.866025403784,1.
      ,0.866025403784,1.,0.866025403784,1.,0.866025403784,1.
      ,0.866025403784,1.,0.866025403784,1.,0.866025403784,1.
      ,0.866025403784,1.,0.904847914177,0.944854577732)
    ,(1.,0.866025403784,1.,0.866025403784,1.,0.866025403784,1.
      ,0.866025403784,1.,0.866025403784,1.,0.866025403784,1.
      ,0.866025403784,1.,0.866025403784,1.,0.866025403784,1.
      ,0.866025403784,1.,0.866025403784,1.,0.866025403784,1.
      ,0.866025403784,1.,0.866025403784,1.,0.866025403784,1.
      ,0.866025403784,1.,0.866025403784,1.,0.866025403784,1.
      ,0.866025403784,1.,0.866025403784,1.,0.866025403784,1.
      ,0.866025403784,1.,0.866025403784,1.,0.866025403784,1.
      ,0.866025403784,1.,0.866025403784,1.,0.866025403784,1.
      ,0.866025403784,1.,0.866025403784,1.,0.866025403784,1.
      ,0.866025403784,1.,0.904847914177,0.944854577732
))) REPRESENTATION_ITEM('') SURFACE() );
#126 = CARTESIAN_POINT('',(0.,2.000054707755,-1.499968414463));
#127 = CARTESIAN_POINT('',(-1.154732123916,2.000054707755,-1.44163508113
    ));
#128 = CARTESIAN_POINT('',(-1.732098185874,1.000027353877,
    -1.383301747796));
#129 = CARTESIAN_POINT('',(-2.309464247832,-1.573091618864E-15,
    -1.324968414463));
#130 = CARTESIAN_POINT('',(-1.732098185874,-1.000027353877,
    -1.26663508113));
#131 = CARTESIAN_POINT('',(-1.154732123916,-2.000054707755,
    -1.208301747796));
#132 = CARTESIAN_POINT('',(-2.449360595971E-16,-2.000054707755,
    -1.149968414463));
#133 = CARTESIAN_POINT('',(1.154732123916,-2.000054707755,-1.09163508113
    ));
#134 = CARTESIAN_POINT('',(1.732098185874,-1.000027353877,
    -1.033301747796));
#135 = CARTESIAN_POINT('',(2.309464247832,-2.138747218634E-15,
    -0.974968414463));
#136 = CARTESIAN_POINT('',(1.732098185874,1.000027353877,-0.91663508113)
  );
#137 = CARTESIAN_POINT('',(1.154732123916,2.000054707755,-0.858301747796
    ));
#138 = CARTESIAN_POINT('',(0.,2.000054707755,-0.799968414463));
#139 = CARTESIAN_POINT('',(-1.154732123916,2.000054707755,-0.74163508113
    ));
#140 = CARTESIAN_POINT('',(-1.732098185874,1.000027353877,
    -0.683301747796));
#141 = CARTESIAN_POINT('',(-2.309464247832,-1.573091618864E-15,
    -0.624968414463));
#142 = CARTESIAN_POINT('',(-1.732098185874,-1.000027353877,
    -0.56663508113));
#143 = CARTESIAN_POINT('',(-1.154732123916,-2.000054707755,
    -0.508301747796));
#144 = CARTESIAN_POINT('',(-2.449360595971E-16,-2.000054707755,
    -0.449968414463));
#145 = CARTESIAN_POINT('',(1.154732123916,-2.000054707755,-0.39163508113
    ));
#146 = CARTESIAN_POINT('',(1.732098185874,-1.000027353877,
    -0.333301747796));
#147 = CARTESIAN_POINT('',(2.309464247832,-2.138747218634E-15,
    -0.274968414463));
#148 = CARTESIAN_POINT('',(1.732098185874,1.000027353877,-0.21663508113)
  );
#149 = CARTESIAN_POINT('',(1.154732123916,2.000054707755,-0.158301747796
    ));
#150 = CARTESIAN_POINT('',(0.,2.000054707755,-9.996841446316E-02));
#151 = CARTESIAN_POINT('',(-1.154732123916,2.000054707755,
    -4.163508112983E-02));
#152 = CARTESIAN_POINT('',(-1.732098185874,1.000027353877,
    1.669825220351E-02));
#153 = CARTESIAN_POINT('',(-2.309464247832,-1.573091618864E-15,
    7.503158553684E-02));
#154 = CARTESIAN_POINT('',(-1.732098185874,-1.000027353877,0.13336491887
    ));
#155 = CARTESIAN_POINT('',(-1.154732123916,-2.000054707755,
    0.191698252204));
#156 = CARTESIAN_POINT('',(-2.449360595971E-16,-2.000054707755,
    0.250031585537));
#157 = CARTESIAN_POINT('',(1.154732123916,-2.000054707755,0.30836491887)
  );
#158 = CARTESIAN_POINT('',(1.732098185874,-1.000027353877,0.366698252204
    ));
#159 = CARTESIAN_POINT('',(2.309464247832,-2.138747218634E-15,
    0.425031585537));
#160 = CARTESIAN_POINT('',(1.732098185874,1.000027353877,0.48336491887)
  );
#161 = CARTESIAN_POINT('',(1.154732123916,2.000054707755,0.541698252204)
  );
#162 = CARTESIAN_POINT('',(0.,2.000054707755,0.600031585537));
#163 = CARTESIAN_POINT('',(-1.154732123916,2.000054707755,0.65836491887)
  );
#164 = CARTESIAN_POINT('',(-1.732098185874,1.000027353877,0.716698252204
    ));
#165 = CARTESIAN_POINT('',(-2.309464247832,-1.573091618864E-15,
    0.775031585537));
#166 = CARTESIAN_POINT('',(-1.732098185874,-1.000027353877,0.83336491887
    ));
#167 = CARTESIAN_POINT('',(-1.154732123916,-2.000054707755,
    0.891698252204));
#168 = CARTESIAN_POINT('',(-2.449360595971E-16,-2.000054707755,
    0.950031585537));
#169 = CARTESIAN_POINT('',(1.154732123916,-2.000054707755,1.00836491887)
  );
#170 = CARTESIAN_POINT('',(1.732098185874,-1.000027353877,1.066698252204
    ));
#171 = CARTESIAN_POINT('',(2.309464247832,-2.138747218634E-15,
    1.125031585537));
#172 = CARTESIAN_POINT('',(1.732098185874,1.000027353877,1.18336491887)
  );
#173 = CARTESIAN_POINT('',(1.154732123916,2.000054707755,1.241698252204)
  );
#174 = CARTESIAN_POINT('',(0.,2.000054707755,1.300031585537));
#175 = CARTESIAN_POINT('',(-1.154732123916,2.000054707755,1.35836491887)
  );
#176 = CARTESIAN_POINT('',(-1.732098185874,1.000027353877,1.416698252204
    ));
#177 = CARTESIAN_POINT('',(-2.309464247832,-1.573091618864E-15,
    1.475031585537));
#178 = CARTESIAN_POINT('',(-1.732098185874,-1.000027353877,1.53336491887
    ));
#179 = CARTESIAN_POINT('',(-1.154732123916,-2.000054707755,
    1.591698252204));
#180 = CARTESIAN_POINT('',(-2.449360595971E-16,-2.000054707755,
    1.650031585537));
#181 = CARTESIAN_POINT('',(1.154732123916,-2.000054707755,1.70836491887)
  );
#182 = CARTESIAN_POINT('',(1.732098185874,-1.000027353877,1.766698252204
    ));
#183 = CARTESIAN_POINT('',(2.309464247832,-2.138747218634E-15,
    1.825031585537));
#184 = CARTESIAN_POINT('',(1.732098185874,1.000027353877,1.88336491887)
  );
#185 = CARTESIAN_POINT('',(1.154732123916,2.000054707755,1.941698252204)
  );
#186 = CARTESIAN_POINT('',(0.,2.000054707755,2.000031585537));
#187 = CARTESIAN_POINT('',(-1.154732123916,2.000054707755,2.05836491887)
  );
#188 = CARTESIAN_POINT('',(-1.732098185874,1.000027353877,2.116698252204
    ));
#189 = CARTESIAN_POINT('',(-2.124564286392,0.320256127531,2.156350489098
    ));
#190 = CARTESIAN_POINT('',(-1.949921279647,-0.445000940661,
    2.200989263699));
#191 = CARTESIAN_POINT('',(0.,1.545336663013,-1.7625));
#192 = CARTESIAN_POINT('',(-0.892200538379,1.545336663013,
    -1.704166666667));
#193 = CARTESIAN_POINT('',(-1.338300807569,0.772668331507,
    -1.645833333333));
#194 = CARTESIAN_POINT('',(-1.784401076758,-1.605242465454E-15,-1.5875)
  );
#195 = CARTESIAN_POINT('',(-1.338300807569,-0.772668331507,
    -1.529166666667));
#196 = CARTESIAN_POINT('',(-0.892200538379,-1.545336663013,
    -1.470833333333));
#197 = CARTESIAN_POINT('',(-1.892491597964E-16,-1.545336663013,-1.4125)
  );
#198 = CARTESIAN_POINT('',(0.892200538379,-1.545336663013,
    -1.354166666667));
#199 = CARTESIAN_POINT('',(1.338300807569,-0.772668331507,
    -1.295833333333));
#200 = CARTESIAN_POINT('',(1.784401076758,-2.042294678863E-15,-1.2375));
#201 = CARTESIAN_POINT('',(1.338300807569,0.772668331507,-1.179166666667
    ));
#202 = CARTESIAN_POINT('',(0.892200538379,1.545336663013,-1.120833333333
    ));
#203 = CARTESIAN_POINT('',(0.,1.545336663013,-1.0625));
#204 = CARTESIAN_POINT('',(-0.892200538379,1.545336663013,
    -1.004166666667));
#205 = CARTESIAN_POINT('',(-1.338300807569,0.772668331507,
    -0.945833333333));
#206 = CARTESIAN_POINT('',(-1.784401076758,-1.605242465454E-15,-0.8875)
  );
#207 = CARTESIAN_POINT('',(-1.338300807569,-0.772668331507,
    -0.829166666667));
#208 = CARTESIAN_POINT('',(-0.892200538379,-1.545336663013,
    -0.770833333333));
#209 = CARTESIAN_POINT('',(-1.892491597964E-16,-1.545336663013,-0.7125)
  );
#210 = CARTESIAN_POINT('',(0.892200538379,-1.545336663013,
    -0.654166666667));
#211 = CARTESIAN_POINT('',(1.338300807569,-0.772668331507,
    -0.595833333333));
#212 = CARTESIAN_POINT('',(1.784401076758,-2.042294678863E-15,-0.5375));
#213 = CARTESIAN_POINT('',(1.338300807569,0.772668331507,-0.479166666667
    ));
#214 = CARTESIAN_POINT('',(0.892200538379,1.545336663013,-0.420833333333
    ));
#215 = CARTESIAN_POINT('',(0.,1.545336663013,-0.3625));
#216 = CARTESIAN_POINT('',(-0.892200538379,1.545336663013,
    -0.304166666667));
#217 = CARTESIAN_POINT('',(-1.338300807569,0.772668331507,
    -0.245833333333));
#218 = CARTESIAN_POINT('',(-1.784401076758,-1.605242465454E-15,-0.1875)
  );
#219 = CARTESIAN_POINT('',(-1.338300807569,-0.772668331507,
    -0.129166666667));
#220 = CARTESIAN_POINT('',(-0.892200538379,-1.545336663013,
    -7.083333333334E-02));
#221 = CARTESIAN_POINT('',(-1.892491597964E-16,-1.545336663013,-1.25E-02
    ));
#222 = CARTESIAN_POINT('',(0.892200538379,-1.545336663013,
    4.583333333333E-02));
#223 = CARTESIAN_POINT('',(1.338300807569,-0.772668331507,0.104166666667
    ));
#224 = CARTESIAN_POINT('',(1.784401076758,-2.042294678863E-15,0.1625));
#225 = CARTESIAN_POINT('',(1.338300807569,0.772668331507,0.220833333333)
  );
#226 = CARTESIAN_POINT('',(0.892200538379,1.545336663013,0.279166666667)
  );
#227 = CARTESIAN_POINT('',(0.,1.545336663013,0.3375));
#228 = CARTESIAN_POINT('',(-0.892200538379,1.545336663013,0.395833333333
    ));
#229 = CARTESIAN_POINT('',(-1.338300807569,0.772668331507,0.454166666667
    ));
#230 = CARTESIAN_POINT('',(-1.784401076758,-1.605242465454E-15,0.5125));
#231 = CARTESIAN_POINT('',(-1.338300807569,-0.772668331507,
    0.570833333333));
#232 = CARTESIAN_POINT('',(-0.892200538379,-1.545336663013,
    0.629166666667));
#233 = CARTESIAN_POINT('',(-1.892491597964E-16,-1.545336663013,0.6875));
#234 = CARTESIAN_POINT('',(0.892200538379,-1.545336663013,0.745833333333
    ));
#235 = CARTESIAN_POINT('',(1.338300807569,-0.772668331507,0.804166666667
    ));
#236 = CARTESIAN_POINT('',(1.784401076758,-2.042294678863E-15,0.8625));
#237 = CARTESIAN_POINT('',(1.338300807569,0.772668331507,0.920833333333)
  );
#238 = CARTESIAN_POINT('',(0.892200538379,1.545336663013,0.979166666667)
  );
#239 = CARTESIAN_POINT('',(0.,1.545336663013,1.0375));
#240 = CARTESIAN_POINT('',(-0.892200538379,1.545336663013,1.095833333333
    ));
#241 = CARTESIAN_POINT('',(-1.338300807569,0.772668331507,1.154166666667
    ));
#242 = CARTESIAN_POINT('',(-1.784401076758,-1.605242465454E-15,1.2125));
#243 = CARTESIAN_POINT('',(-1.338300807569,-0.772668331507,
    1.270833333333));
#244 = CARTESIAN_POINT('',(-0.892200538379,-1.545336663013,
    1.329166666667));
#245 = CARTESIAN_POINT('',(-1.892491597964E-16,-1.545336663013,1.3875));
#246 = CARTESIAN_POINT('',(0.892200538379,-1.545336663013,1.445833333333
    ));
#247 = CARTESIAN_POINT('',(1.338300807569,-0.772668331507,1.504166666667
    ));
#248 = CARTESIAN_POINT('',(1.784401076758,-2.042294678863E-15,1.5625));
#249 = CARTESIAN_POINT('',(1.338300807569,0.772668331507,1.620833333333)
  );
#250 = CARTESIAN_POINT('',(0.892200538379,1.545336663013,1.679166666667)
  );
#251 = CARTESIAN_POINT('',(0.,1.545336663013,1.7375));
#252 = CARTESIAN_POINT('',(-0.892200538379,1.545336663013,1.795833333333
    ));
#253 = CARTESIAN_POINT('',(-1.338300807569,0.772668331507,1.854166666667
    ));
#254 = CARTESIAN_POINT('',(-1.641538639899,0.247444999134,1.893818903561
    ));
#255 = CARTESIAN_POINT('',(-1.50660121033,-0.343828729291,1.938457678162
    ));
#256 = DEFINITIONAL_REPRESENTATION('',(#257),#283);
#257 = B_SPLINE_CURVE_WITH_KNOTS('',3,(#258,#259,#260,#261,#262,#263,
    #264,#265,#266,#267,#268,#269,#270,#271,#272,#273,#274,#275,#276,
    #277,#278,#279,#280,#281,#282),.UNSPECIFIED.,.F.,.F.,(4,1,1,1,1,1,1,
    1,1,1,1,1,1,1,1,1,1,1,1,1,1,1,4),(-0.172542632286,-0.164699830819,
    -0.156857029351,-0.149014227884,-0.141171426416,-0.133328624948,
    -0.125485823481,-0.117643022013,-0.109800220546,-0.101957419078,
    -9.411461761069E-02,-8.627181614313E-02,-7.842901467558E-02,
    -7.058621320802E-02,-6.274341174046E-02,-5.49006102729E-02,
    -4.705780880535E-02,-3.921500733779E-02,-3.137220587023E-02,
    -2.352940440267E-02,-1.568660293512E-02,-7.843801467558E-03,
    -9.999999998345E-07),.UNSPECIFIED.);
#258 = CARTESIAN_POINT('',(6.902464710912E-15,0.625));
#259 = CARTESIAN_POINT('',(-8.558265975393E-09,0.625337777988));
#260 = CARTESIAN_POINT('',(1.190000916979E-07,0.626012828623));
#261 = CARTESIAN_POINT('',(5.269720658858E-07,0.627025045823));
#262 = CARTESIAN_POINT('',(9.309074185465E-07,0.628038063952));
#263 = CARTESIAN_POINT('',(1.12161784356E-06,0.629053034262));
#264 = CARTESIAN_POINT('',(9.614011058893E-07,0.630071118699));
#265 = CARTESIAN_POINT('',(7.155284932871E-07,0.631093477285));
#266 = CARTESIAN_POINT('',(-1.426029261165E-07,0.63212135319));
#267 = CARTESIAN_POINT('',(1.308736485021E-06,0.633155799955));
#268 = CARTESIAN_POINT('',(-4.936395725749E-06,0.634198744032));
#269 = CARTESIAN_POINT('',(1.864210424211E-05,0.635249052824));
#270 = CARTESIAN_POINT('',(6.956006337613E-05,0.636306102882));
#271 = CARTESIAN_POINT('',(1.065598112642E-04,0.637371807601));
#272 = CARTESIAN_POINT('',(9.961804544447E-05,0.638447240694));
#273 = CARTESIAN_POINT('',(9.109119781755E-06,0.639534517262));
#274 = CARTESIAN_POINT('',(-9.948618455819E-07,0.640608497581));
#275 = CARTESIAN_POINT('',(2.482124264781E-07,0.64167473838));
#276 = CARTESIAN_POINT('',(-3.429986091458E-07,0.642730305155));
#277 = CARTESIAN_POINT('',(-4.032339702969E-07,0.643777349626));
#278 = CARTESIAN_POINT('',(-4.498763404457E-07,0.644816952085));
#279 = CARTESIAN_POINT('',(-3.307261024573E-07,0.645850428661));
#280 = CARTESIAN_POINT('',(-1.137152584798E-07,0.646878995042));
#281 = CARTESIAN_POINT('',(-1.488392288898E-08,0.647562240828));
#282 = CARTESIAN_POINT('',(3.922255959566E-15,0.647903449672));
#283 = ( GEOMETRIC_REPRESENTATION_CONTEXT(2) 
PARAMETRIC_REPRESENTATION_CONTEXT() REPRESENTATION_CONTEXT('2D SPACE',''
  ) );
#284 = ORIENTED_EDGE('',*,*,#285,.T.);
#285 = EDGE_CURVE('',#106,#286,#288,.T.);
#286 = VERTEX_POINT('',#287);
#287 = CARTESIAN_POINT('',(1.995954234907,0.127148307726,1.219916984617)
  );
#288 = SURFACE_CURVE('',#289,(#294,#301),.PCURVE_S1.);
#289 = CIRCLE('',#290,2.);
#290 = AXIS2_PLACEMENT_3D('',#291,#292,#293);
#291 = CARTESIAN_POINT('',(0.,-1.714505518806E-15,1.219916984716));
#292 = DIRECTION('',(0.,0.,-1.));
#293 = DIRECTION('',(-1.,0.,0.));
#294 = PCURVE('',#81,#295);
#295 = DEFINITIONAL_REPRESENTATION('',(#296),#300);
#296 = LINE('',#297,#298);
#297 = CARTESIAN_POINT('',(0.,-2.719916984716));
#298 = VECTOR('',#299,1.);
#299 = DIRECTION('',(1.,0.));
#300 = ( GEOMETRIC_REPRESENTATION_CONTEXT(2) 
PARAMETRIC_REPRESENTATION_CONTEXT() REPRESENTATION_CONTEXT('2D SPACE',''
  ) );
#301 = PCURVE('',#302,#307);
#302 = CONICAL_SURFACE('',#303,2.,0.959931088597);
#303 = AXIS2_PLACEMENT_3D('',#304,#305,#306);
#304 = CARTESIAN_POINT('',(0.,-1.714505518806E-15,1.219916984716));
#305 = DIRECTION('',(0.,0.,-1.));
#306 = DIRECTION('',(-1.,0.,0.));
#307 = DEFINITIONAL_REPRESENTATION('',(#308),#312);
#308 = LINE('',#309,#310);
#309 = CARTESIAN_POINT('',(-8.881784197001E-16,0.));
#310 = VECTOR('',#311,1.);
#311 = DIRECTION('',(1.,0.));
#312 = ( GEOMETRIC_REPRESENTATION_CONTEXT(2) 
PARAMETRIC_REPRESENTATION_CONTEXT() REPRESENTATION_CONTEXT('2D SPACE',''
  ) );
#313 = ORIENTED_EDGE('',*,*,#314,.T.);
#314 = EDGE_CURVE('',#286,#73,#315,.T.);
#315 = SURFACE_CURVE('',#316,(#321,#327),.PCURVE_S1.);
#316 = B_SPLINE_CURVE_WITH_KNOTS('',3,(#317,#318,#319,#320),
  .UNSPECIFIED.,.F.,.F.,(4,4),(-3.64056858554,-3.627802408165),
  .PIECEWISE_BEZIER_KNOTS.);
#317 = CARTESIAN_POINT('',(1.995954234907,0.127148307726,1.219916984617)
  );
#318 = CARTESIAN_POINT('',(1.998654211574,8.476449657259E-02,
    1.217444595633));
#319 = CARTESIAN_POINT('',(2.,4.236712978803E-02,1.214971415904));
#320 = CARTESIAN_POINT('',(2.,-7.845848454056E-15,1.2125));
#321 = PCURVE('',#81,#322);
#322 = DEFINITIONAL_REPRESENTATION('',(#323),#326);
#323 = B_SPLINE_CURVE_WITH_KNOTS('',1,(#324,#325),.UNSPECIFIED.,.F.,.F.,
  (2,2),(-3.64056858554,-3.627802408165),.PIECEWISE_BEZIER_KNOTS.);
#324 = CARTESIAN_POINT('',(3.077975597328,-2.719916984617));
#325 = CARTESIAN_POINT('',(3.14159265359,-2.7125));
#326 = ( GEOMETRIC_REPRESENTATION_CONTEXT(2) 
PARAMETRIC_REPRESENTATION_CONTEXT() REPRESENTATION_CONTEXT('2D SPACE',''
  ) );
#327 = PCURVE('',#328,#459);
#328 = ( BOUNDED_SURFACE() B_SPLINE_SURFACE(1,2,(
    (#329,#330,#331,#332,#333,#334,#335,#336,#337,#338,#339,#340,#341
      ,#342,#343,#344,#345,#346,#347,#348,#349,#350,#351,#352,#353,#354
      ,#355,#356,#357,#358,#359,#360,#361,#362,#363,#364,#365,#366,#367
      ,#368,#369,#370,#371,#372,#373,#374,#375,#376,#377,#378,#379,#380
      ,#381,#382,#383,#384,#385,#386,#387,#388,#389,#390,#391,#392,#393)
    ,(#394,#395,#396,#397,#398,#399,#400,#401,#402,#403,#404,#405,#406
      ,#407,#408,#409,#410,#411,#412,#413,#414,#415,#416,#417,#418,#419
      ,#420,#421,#422,#423,#424,#425,#426,#427,#428,#429,#430,#431,#432
      ,#433,#434,#435,#436,#437,#438,#439,#440,#441,#442,#443,#444,#445
      ,#446,#447,#448,#449,#450,#451,#452,#453,#454,#455,#456,#457,#458
)),.UNSPECIFIED.,.F.,.F.,.F.) B_SPLINE_SURFACE_WITH_KNOTS((2,2),(3,2,2,2
    ,2,2,2,2,2,2,2,2,2,2,2,2,2,2,2,2,2,2,2,2,2,2,2,2,2,2,2,2,3),(0.,
    1.000117503766),(0.,2.777777777778E-02,5.555555555556E-02,
    8.333333333333E-02,0.111111111111,0.138888888889,0.166666666667,
    0.194444444444,0.222222222222,0.25,0.277777777778,0.305555555556,
    0.333333333333,0.361111111111,0.388888888889,0.416666666667,
    0.444444444444,0.472222222222,0.5,0.527777777778,0.555555555556,
    0.583333333333,0.611111111111,0.638888888889,0.666666666667,
    0.694444444444,0.722222222222,0.75,0.777777777778,0.805555555556,
    0.833333333333,0.861111111111,0.880839098971),.UNSPECIFIED.) 
GEOMETRIC_REPRESENTATION_ITEM() RATIONAL_B_SPLINE_SURFACE((
    (1.,0.866025403784,1.,0.866025403784,1.,0.866025403784,1.
      ,0.866025403784,1.,0.866025403784,1.,0.866025403784,1.
      ,0.866025403784,1.,0.866025403784,1.,0.866025403784,1.
      ,0.866025403784,1.,0.866025403784,1.,0.866025403784,1.
      ,0.866025403784,1.,0.866025403784,1.,0.866025403784,1.
      ,0.866025403784,1.,0.866025403784,1.,0.866025403784,1.
      ,0.866025403784,1.,0.866025403784,1.,0.866025403784,1.
      ,0.866025403784,1.,0.866025403784,1.,0.866025403784,1.
      ,0.866025403784,1.,0.866025403784,1.,0.866025403784,1.
      ,0.866025403784,1.,0.866025403784,1.,0.866025403784,1.
      ,0.866025403784,1.,0.904850228524,0.944852631679)
    ,(1.,0.866025403784,1.,0.866025403784,1.,0.866025403784,1.
      ,0.866025403784,1.,0.866025403784,1.,0.866025403784,1.
      ,0.866025403784,1.,0.866025403784,1.,0.866025403784,1.
      ,0.866025403784,1.,0.866025403784,1.,0.866025403784,1.
      ,0.866025403784,1.,0.866025403784,1.,0.866025403784,1.
      ,0.866025403784,1.,0.866025403784,1.,0.866025403784,1.
      ,0.866025403784,1.,0.866025403784,1.,0.866025403784,1.
      ,0.866025403784,1.,0.866025403784,1.,0.866025403784,1.
      ,0.866025403784,1.,0.866025403784,1.,0.866025403784,1.
      ,0.866025403784,1.,0.866025403784,1.,0.866025403784,1.
      ,0.866025403784,1.,0.904850228524,0.944852631679
))) REPRESENTATION_ITEM('') SURFACE() );
#329 = CARTESIAN_POINT('',(0.,1.545336663013,-1.85));
#330 = CARTESIAN_POINT('',(-0.892200538379,1.545336663013,
    -1.791666666667));
#331 = CARTESIAN_POINT('',(-1.338300807569,0.772668331507,
    -1.733333333333));
#332 = CARTESIAN_POINT('',(-1.784401076758,-1.605242465454E-15,-1.675));
#333 = CARTESIAN_POINT('',(-1.338300807569,-0.772668331507,
    -1.616666666667));
#334 = CARTESIAN_POINT('',(-0.892200538379,-1.545336663013,
    -1.558333333333));
#335 = CARTESIAN_POINT('',(-1.892491597964E-16,-1.545336663013,-1.5));
#336 = CARTESIAN_POINT('',(0.892200538379,-1.545336663013,
    -1.441666666667));
#337 = CARTESIAN_POINT('',(1.338300807569,-0.772668331507,
    -1.383333333333));
#338 = CARTESIAN_POINT('',(1.784401076758,-2.042294678863E-15,-1.325));
#339 = CARTESIAN_POINT('',(1.338300807569,0.772668331507,-1.266666666667
    ));
#340 = CARTESIAN_POINT('',(0.892200538379,1.545336663013,-1.208333333333
    ));
#341 = CARTESIAN_POINT('',(0.,1.545336663013,-1.15));
#342 = CARTESIAN_POINT('',(-0.892200538379,1.545336663013,
    -1.091666666667));
#343 = CARTESIAN_POINT('',(-1.338300807569,0.772668331507,
    -1.033333333333));
#344 = CARTESIAN_POINT('',(-1.784401076758,-1.605242465454E-15,-0.975));
#345 = CARTESIAN_POINT('',(-1.338300807569,-0.772668331507,
    -0.916666666667));
#346 = CARTESIAN_POINT('',(-0.892200538379,-1.545336663013,
    -0.858333333333));
#347 = CARTESIAN_POINT('',(-1.892491597964E-16,-1.545336663013,-0.8));
#348 = CARTESIAN_POINT('',(0.892200538379,-1.545336663013,
    -0.741666666667));
#349 = CARTESIAN_POINT('',(1.338300807569,-0.772668331507,
    -0.683333333333));
#350 = CARTESIAN_POINT('',(1.784401076758,-2.042294678863E-15,-0.625));
#351 = CARTESIAN_POINT('',(1.338300807569,0.772668331507,-0.566666666667
    ));
#352 = CARTESIAN_POINT('',(0.892200538379,1.545336663013,-0.508333333333
    ));
#353 = CARTESIAN_POINT('',(0.,1.545336663013,-0.45));
#354 = CARTESIAN_POINT('',(-0.892200538379,1.545336663013,
    -0.391666666667));
#355 = CARTESIAN_POINT('',(-1.338300807569,0.772668331507,
    -0.333333333333));
#356 = CARTESIAN_POINT('',(-1.784401076758,-1.605242465454E-15,-0.275));
#357 = CARTESIAN_POINT('',(-1.338300807569,-0.772668331507,
    -0.216666666667));
#358 = CARTESIAN_POINT('',(-0.892200538379,-1.545336663013,
    -0.158333333333));
#359 = CARTESIAN_POINT('',(-1.892491597964E-16,-1.545336663013,-0.1));
#360 = CARTESIAN_POINT('',(0.892200538379,-1.545336663013,
    -4.166666666667E-02));
#361 = CARTESIAN_POINT('',(1.338300807569,-0.772668331507,
    1.666666666667E-02));
#362 = CARTESIAN_POINT('',(1.784401076758,-2.042294678863E-15,7.5E-02));
#363 = CARTESIAN_POINT('',(1.338300807569,0.772668331507,0.133333333333)
  );
#364 = CARTESIAN_POINT('',(0.892200538379,1.545336663013,0.191666666667)
  );
#365 = CARTESIAN_POINT('',(0.,1.545336663013,0.25));
#366 = CARTESIAN_POINT('',(-0.892200538379,1.545336663013,0.308333333333
    ));
#367 = CARTESIAN_POINT('',(-1.338300807569,0.772668331507,0.366666666667
    ));
#368 = CARTESIAN_POINT('',(-1.784401076758,-1.605242465454E-15,0.425));
#369 = CARTESIAN_POINT('',(-1.338300807569,-0.772668331507,
    0.483333333333));
#370 = CARTESIAN_POINT('',(-0.892200538379,-1.545336663013,
    0.541666666667));
#371 = CARTESIAN_POINT('',(-1.892491597964E-16,-1.545336663013,0.6));
#372 = CARTESIAN_POINT('',(0.892200538379,-1.545336663013,0.658333333333
    ));
#373 = CARTESIAN_POINT('',(1.338300807569,-0.772668331507,0.716666666667
    ));
#374 = CARTESIAN_POINT('',(1.784401076758,-2.042294678863E-15,0.775));
#375 = CARTESIAN_POINT('',(1.338300807569,0.772668331507,0.833333333333)
  );
#376 = CARTESIAN_POINT('',(0.892200538379,1.545336663013,0.891666666667)
  );
#377 = CARTESIAN_POINT('',(0.,1.545336663013,0.95));
#378 = CARTESIAN_POINT('',(-0.892200538379,1.545336663013,1.008333333333
    ));
#379 = CARTESIAN_POINT('',(-1.338300807569,0.772668331507,1.066666666667
    ));
#380 = CARTESIAN_POINT('',(-1.784401076758,-1.605242465454E-15,1.125));
#381 = CARTESIAN_POINT('',(-1.338300807569,-0.772668331507,
    1.183333333333));
#382 = CARTESIAN_POINT('',(-0.892200538379,-1.545336663013,
    1.241666666667));
#383 = CARTESIAN_POINT('',(-1.892491597964E-16,-1.545336663013,1.3));
#384 = CARTESIAN_POINT('',(0.892200538379,-1.545336663013,1.358333333333
    ));
#385 = CARTESIAN_POINT('',(1.338300807569,-0.772668331507,1.416666666667
    ));
#386 = CARTESIAN_POINT('',(1.784401076758,-2.042294678863E-15,1.475));
#387 = CARTESIAN_POINT('',(1.338300807569,0.772668331507,1.533333333333)
  );
#388 = CARTESIAN_POINT('',(0.892200538379,1.545336663013,1.591666666667)
  );
#389 = CARTESIAN_POINT('',(0.,1.545336663013,1.65));
#390 = CARTESIAN_POINT('',(-0.892200538379,1.545336663013,1.708333333333
    ));
#391 = CARTESIAN_POINT('',(-1.338300807569,0.772668331507,1.766666666667
    ));
#392 = CARTESIAN_POINT('',(-1.641530488788,0.247459117272,1.806317837699
    ));
#393 = CARTESIAN_POINT('',(-1.506607496211,-0.343801184425,
    1.850955598636));
#394 = CARTESIAN_POINT('',(0.,2.000053424654,-2.112530844739));
#395 = CARTESIAN_POINT('',(-1.154731383118,2.000053424654,
    -2.054197511405));
#396 = CARTESIAN_POINT('',(-1.732097074677,1.000026712327,
    -1.995864178072));
#397 = CARTESIAN_POINT('',(-2.309462766236,-1.573091709585E-15,
    -1.937530844739));
#398 = CARTESIAN_POINT('',(-1.732097074677,-1.000026712327,
    -1.879197511405));
#399 = CARTESIAN_POINT('',(-1.154731383118,-2.000053424654,
    -1.820864178072));
#400 = CARTESIAN_POINT('',(-2.449359024627E-16,-2.000053424654,
    -1.762530844739));
#401 = CARTESIAN_POINT('',(1.154731383118,-2.000053424654,
    -1.704197511405));
#402 = CARTESIAN_POINT('',(1.732097074677,-1.000026712327,
    -1.645864178072));
#403 = CARTESIAN_POINT('',(2.309462766236,-2.138746946469E-15,
    -1.587530844739));
#404 = CARTESIAN_POINT('',(1.732097074677,1.000026712327,-1.529197511405
    ));
#405 = CARTESIAN_POINT('',(1.154731383118,2.000053424654,-1.470864178072
    ));
#406 = CARTESIAN_POINT('',(0.,2.000053424654,-1.412530844739));
#407 = CARTESIAN_POINT('',(-1.154731383118,2.000053424654,
    -1.354197511405));
#408 = CARTESIAN_POINT('',(-1.732097074677,1.000026712327,
    -1.295864178072));
#409 = CARTESIAN_POINT('',(-2.309462766236,-1.573091709585E-15,
    -1.237530844739));
#410 = CARTESIAN_POINT('',(-1.732097074677,-1.000026712327,
    -1.179197511405));
#411 = CARTESIAN_POINT('',(-1.154731383118,-2.000053424654,
    -1.120864178072));
#412 = CARTESIAN_POINT('',(-2.449359024627E-16,-2.000053424654,
    -1.062530844739));
#413 = CARTESIAN_POINT('',(1.154731383118,-2.000053424654,
    -1.004197511405));
#414 = CARTESIAN_POINT('',(1.732097074677,-1.000026712327,
    -0.945864178072));
#415 = CARTESIAN_POINT('',(2.309462766236,-2.138746946469E-15,
    -0.887530844739));
#416 = CARTESIAN_POINT('',(1.732097074677,1.000026712327,-0.829197511405
    ));
#417 = CARTESIAN_POINT('',(1.154731383118,2.000053424654,-0.770864178072
    ));
#418 = CARTESIAN_POINT('',(0.,2.000053424654,-0.712530844739));
#419 = CARTESIAN_POINT('',(-1.154731383118,2.000053424654,
    -0.654197511405));
#420 = CARTESIAN_POINT('',(-1.732097074677,1.000026712327,
    -0.595864178072));
#421 = CARTESIAN_POINT('',(-2.309462766236,-1.573091709585E-15,
    -0.537530844739));
#422 = CARTESIAN_POINT('',(-1.732097074677,-1.000026712327,
    -0.479197511405));
#423 = CARTESIAN_POINT('',(-1.154731383118,-2.000053424654,
    -0.420864178072));
#424 = CARTESIAN_POINT('',(-2.449359024627E-16,-2.000053424654,
    -0.362530844739));
#425 = CARTESIAN_POINT('',(1.154731383118,-2.000053424654,
    -0.304197511405));
#426 = CARTESIAN_POINT('',(1.732097074677,-1.000026712327,
    -0.245864178072));
#427 = CARTESIAN_POINT('',(2.309462766236,-2.138746946469E-15,
    -0.187530844739));
#428 = CARTESIAN_POINT('',(1.732097074677,1.000026712327,-0.129197511405
    ));
#429 = CARTESIAN_POINT('',(1.154731383118,2.000053424654,
    -7.086417807188E-02));
#430 = CARTESIAN_POINT('',(0.,2.000053424654,-1.253084473855E-02));
#431 = CARTESIAN_POINT('',(-1.154731383118,2.000053424654,
    4.580248859478E-02));
#432 = CARTESIAN_POINT('',(-1.732097074677,1.000026712327,0.104135821928
    ));
#433 = CARTESIAN_POINT('',(-2.309462766236,-1.573091709585E-15,
    0.162469155261));
#434 = CARTESIAN_POINT('',(-1.732097074677,-1.000026712327,
    0.220802488595));
#435 = CARTESIAN_POINT('',(-1.154731383118,-2.000053424654,
    0.279135821928));
#436 = CARTESIAN_POINT('',(-2.449359024627E-16,-2.000053424654,
    0.337469155261));
#437 = CARTESIAN_POINT('',(1.154731383118,-2.000053424654,0.395802488595
    ));
#438 = CARTESIAN_POINT('',(1.732097074677,-1.000026712327,0.454135821928
    ));
#439 = CARTESIAN_POINT('',(2.309462766236,-2.138746946469E-15,
    0.512469155261));
#440 = CARTESIAN_POINT('',(1.732097074677,1.000026712327,0.570802488595)
  );
#441 = CARTESIAN_POINT('',(1.154731383118,2.000053424654,0.629135821928)
  );
#442 = CARTESIAN_POINT('',(0.,2.000053424654,0.687469155261));
#443 = CARTESIAN_POINT('',(-1.154731383118,2.000053424654,0.745802488595
    ));
#444 = CARTESIAN_POINT('',(-1.732097074677,1.000026712327,0.804135821928
    ));
#445 = CARTESIAN_POINT('',(-2.309462766236,-1.573091709585E-15,
    0.862469155261));
#446 = CARTESIAN_POINT('',(-1.732097074677,-1.000026712327,
    0.920802488595));
#447 = CARTESIAN_POINT('',(-1.154731383118,-2.000053424654,
    0.979135821928));
#448 = CARTESIAN_POINT('',(-2.449359024627E-16,-2.000053424654,
    1.037469155261));
#449 = CARTESIAN_POINT('',(1.154731383118,-2.000053424654,1.095802488595
    ));
#450 = CARTESIAN_POINT('',(1.732097074677,-1.000026712327,1.154135821928
    ));
#451 = CARTESIAN_POINT('',(2.309462766236,-2.138746946469E-15,
    1.212469155261));
#452 = CARTESIAN_POINT('',(1.732097074677,1.000026712327,1.270802488595)
  );
#453 = CARTESIAN_POINT('',(1.154731383118,2.000053424654,1.329135821928)
  );
#454 = CARTESIAN_POINT('',(0.,2.000053424654,1.387469155261));
#455 = CARTESIAN_POINT('',(-1.154731383118,2.000053424654,1.445802488595
    ));
#456 = CARTESIAN_POINT('',(-1.732097074677,1.000026712327,1.504135821928
    ));
#457 = CARTESIAN_POINT('',(-2.124552373832,0.32027419449,1.54378699296)
  );
#458 = CARTESIAN_POINT('',(-1.949928164218,-0.444965005211,
    1.588424753898));
#459 = DEFINITIONAL_REPRESENTATION('',(#460),#463);
#460 = B_SPLINE_CURVE_WITH_KNOTS('',1,(#461,#462),.UNSPECIFIED.,.F.,.F.,
  (2,2),(-3.64056858554,-3.627802408165),.PIECEWISE_BEZIER_KNOTS.);
#461 = CARTESIAN_POINT('',(1.,0.793315987443));
#462 = CARTESIAN_POINT('',(1.,0.791666666667));
#463 = ( GEOMETRIC_REPRESENTATION_CONTEXT(2) 
PARAMETRIC_REPRESENTATION_CONTEXT() REPRESENTATION_CONTEXT('2D SPACE',''
  ) );
#464 = ADVANCED_FACE('',(#465),#93,.T.);
#465 = FACE_BOUND('',#466,.T.);
#466 = EDGE_LOOP('',(#467,#497,#640,#641));
#467 = ORIENTED_EDGE('',*,*,#468,.F.);
#468 = EDGE_CURVE('',#469,#471,#473,.T.);
#469 = VERTEX_POINT('',#470);
#470 = CARTESIAN_POINT('',(2.,-3.859358409439E-15,0.425));
#471 = VERTEX_POINT('',#472);
#472 = CARTESIAN_POINT('',(2.,2.085681417262E-16,0.5125));
#473 = SURFACE_CURVE('',#474,(#478,#485),.PCURVE_S1.);
#474 = LINE('',#475,#476);
#475 = CARTESIAN_POINT('',(2.,-1.959434878636E-15,-1.5));
#476 = VECTOR('',#477,1.);
#477 = DIRECTION('',(0.,0.,1.));
#478 = PCURVE('',#93,#479);
#479 = DEFINITIONAL_REPRESENTATION('',(#480),#484);
#480 = LINE('',#481,#482);
#481 = CARTESIAN_POINT('',(3.14159265359,0.));
#482 = VECTOR('',#483,1.);
#483 = DIRECTION('',(0.,-1.));
#484 = ( GEOMETRIC_REPRESENTATION_CONTEXT(2) 
PARAMETRIC_REPRESENTATION_CONTEXT() REPRESENTATION_CONTEXT('2D SPACE',''
  ) );
#485 = PCURVE('',#486,#491);
#486 = CYLINDRICAL_SURFACE('',#487,2.);
#487 = AXIS2_PLACEMENT_3D('',#488,#489,#490);
#488 = CARTESIAN_POINT('',(0.,-1.714505518806E-15,-1.5));
#489 = DIRECTION('',(0.,0.,-1.));
#490 = DIRECTION('',(-1.,0.,0.));
#491 = DEFINITIONAL_REPRESENTATION('',(#492),#496);
#492 = LINE('',#493,#494);
#493 = CARTESIAN_POINT('',(3.14159265359,0.));
#494 = VECTOR('',#495,1.);
#495 = DIRECTION('',(0.,-1.));
#496 = ( GEOMETRIC_REPRESENTATION_CONTEXT(2) 
PARAMETRIC_REPRESENTATION_CONTEXT() REPRESENTATION_CONTEXT('2D SPACE',''
  ) );
#497 = ORIENTED_EDGE('',*,*,#498,.T.);
#498 = EDGE_CURVE('',#469,#71,#499,.T.);
#499 = SURFACE_CURVE('',#500,(#539,#545),.PCURVE_S1.);
#500 = B_SPLINE_CURVE_WITH_KNOTS('',3,(#501,#502,#503,#504,#505,#506,
    #507,#508,#509,#510,#511,#512,#513,#514,#515,#516,#517,#518,#519,
    #520,#521,#522,#523,#524,#525,#526,#527,#528,#529,#530,#531,#532,
    #533,#534,#535,#536,#537,#538),.UNSPECIFIED.,.F.,.F.,(4,2,2,2,2,2,2,
    2,2,2,2,2,2,2,2,2,2,2,4),(-1.435498548509,-1.431240580409,
    -1.353872114909,-1.275640314792,-1.196216786448,-1.119765077637,
    -1.040080166817,-0.961703747169,-0.885482485072,-0.805768127998,
    -0.728261948777,-0.650722109116,-0.571128490312,-0.494526061295,
    -0.414139644627,-0.3356186282,-0.259546359805,-0.17989182518,
    -0.172542632286),.UNSPECIFIED.);
#501 = CARTESIAN_POINT('',(2.,-7.883027264731E-15,0.425));
#502 = CARTESIAN_POINT('',(2.,1.413356813594E-02,0.425824458141));
#503 = CARTESIAN_POINT('',(1.999850182103,2.827374449009E-02,
    0.426649301762));
#504 = CARTESIAN_POINT('',(1.994097977243,0.299426777391,0.442466562014)
  );
#505 = CARTESIAN_POINT('',(1.939144718574,0.553022873015,0.457259667593)
  );
#506 = CARTESIAN_POINT('',(1.735062677741,1.028181807453,0.484977272101)
  );
#507 = CARTESIAN_POINT('',(1.586875028879,1.24476681906,0.49780637711));
#508 = CARTESIAN_POINT('',(1.212991974248,1.611937655592,0.527403406205)
  );
#509 = CARTESIAN_POINT('',(0.989871312685,1.757793418606,0.542929175352)
  );
#510 = CARTESIAN_POINT('',(0.509071059606,1.950746634405,0.57284611609)
  );
#511 = CARTESIAN_POINT('',(0.25732077607,1.999599934469,0.58698896223));
#512 = CARTESIAN_POINT('',(-0.261813798193,2.000411987425,0.613238364651
    ));
#513 = CARTESIAN_POINT('',(-0.524340761597,1.948174171351,0.628000311156
    ));
#514 = CARTESIAN_POINT('',(-1.009880551786,1.745899991649,0.658428545981
    ));
#515 = CARTESIAN_POINT('',(-1.228721966896,1.599462072952,0.673755115061
    ));
#516 = CARTESIAN_POINT('',(-1.592770367621,1.235891952505,0.702750294763
    ));
#517 = CARTESIAN_POINT('',(-1.736487415755,1.024178625472,0.715256246847
    ));
#518 = CARTESIAN_POINT('',(-1.941770860588,0.547620077185,0.743055495498
    ));
#519 = CARTESIAN_POINT('',(-1.997191099075,0.285576316849,0.758341381517
    ));
#520 = CARTESIAN_POINT('',(-2.002525900158,-0.237431836581,
    0.788850190467));
#521 = CARTESIAN_POINT('',(-1.955271180136,-0.493383753761,
    0.803780718969));
#522 = CARTESIAN_POINT('',(-1.766105373136,-0.973366586719,
    0.831779717559));
#523 = CARTESIAN_POINT('',(-1.625971743297,-1.192809375745,
    0.844315858053));
#524 = CARTESIAN_POINT('',(-1.265277358511,-1.571376822616,0.8735790211)
  );
#525 = CARTESIAN_POINT('',(-1.04629899001,-1.724933322225,0.889120134089
    ));
#526 = CARTESIAN_POINT('',(-0.570405396154,-1.933804982521,
    0.919253487451));
#527 = CARTESIAN_POINT('',(-0.319530518333,-1.990705607549,
    0.933586823361));
#528 = CARTESIAN_POINT('',(0.202726414164,-2.007608466047,0.9604632767)
  );
#529 = CARTESIAN_POINT('',(0.469254456198,-1.962516431603,0.974799137073
    ));
#530 = CARTESIAN_POINT('',(0.963081575269,-1.772246223091,1.005295916582
    ));
#531 = CARTESIAN_POINT('',(1.186311040596,-1.631274233037,1.020684738917
    ));
#532 = CARTESIAN_POINT('',(1.559938795539,-1.277020516542,1.049892121409
    ));
#533 = CARTESIAN_POINT('',(1.70896157271,-1.069398634491,1.062618412988)
  );
#534 = CARTESIAN_POINT('',(1.926614548683,-0.598752601763,1.090072764897
    ));
#535 = CARTESIAN_POINT('',(1.988935589828,-0.338295154164,1.105266116007
    ));
#536 = CARTESIAN_POINT('',(1.999552549524,-4.886822561785E-02,
    1.122149353506));
#537 = CARTESIAN_POINT('',(2.,-2.442549163724E-02,1.123575179654));
#538 = CARTESIAN_POINT('',(2.,-3.569634822722E-15,1.125));
#539 = PCURVE('',#93,#540);
#540 = DEFINITIONAL_REPRESENTATION('',(#541),#544);
#541 = B_SPLINE_CURVE_WITH_KNOTS('',1,(#542,#543),.UNSPECIFIED.,.F.,.F.,
  (2,2),(-1.435498548509,-0.172542632286),.PIECEWISE_BEZIER_KNOTS.);
#542 = CARTESIAN_POINT('',(3.14159265359,-1.925));
#543 = CARTESIAN_POINT('',(-3.14159265359,-2.625));
#544 = ( GEOMETRIC_REPRESENTATION_CONTEXT(2) 
PARAMETRIC_REPRESENTATION_CONTEXT() REPRESENTATION_CONTEXT('2D SPACE',''
  ) );
#545 = PCURVE('',#125,#546);
#546 = DEFINITIONAL_REPRESENTATION('',(#547),#639);
#547 = B_SPLINE_CURVE_WITH_KNOTS('',3,(#548,#549,#550,#551,#552,#553,
    #554,#555,#556,#557,#558,#559,#560,#561,#562,#563,#564,#565,#566,
    #567,#568,#569,#570,#571,#572,#573,#574,#575,#576,#577,#578,#579,
    #580,#581,#582,#583,#584,#585,#586,#587,#588,#589,#590,#591,#592,
    #593,#594,#595,#596,#597,#598,#599,#600,#601,#602,#603,#604,#605,
    #606,#607,#608,#609,#610,#611,#612,#613,#614,#615,#616,#617,#618,
    #619,#620,#621,#622,#623,#624,#625,#626,#627,#628,#629,#630,#631,
    #632,#633,#634,#635,#636,#637,#638),.UNSPECIFIED.,.F.,.F.,(4,1,1,1,1
    ,1,1,1,1,1,1,1,1,1,1,1,1,1,1,1,1,1,1,1,1,1,1,1,1,1,1,1,1,1,1,1,1,1,1
    ,1,1,1,1,1,1,1,1,1,1,1,1,1,1,1,1,1,1,1,1,1,1,1,1,1,1,1,1,1,1,1,1,1,1
    ,1,1,1,1,1,1,1,1,1,1,1,1,1,1,1,4),(-1.435498548509,-1.421146776734,
    -1.406795004959,-1.392443233184,-1.378091461408,-1.363739689633,
    -1.349387917858,-1.335036146083,-1.320684374307,-1.306332602532,
    -1.291980830757,-1.277629058982,-1.263277287206,-1.248925515431,
    -1.234573743656,-1.22022197188,-1.205870200105,-1.19151842833,
    -1.177166656555,-1.162814884779,-1.148463113004,-1.134111341229,
    -1.119759569454,-1.105407797678,-1.091056025903,-1.076704254128,
    -1.062352482353,-1.048000710577,-1.033648938802,-1.019297167027,
    -1.004945395252,-0.990593623476,-0.976241851701,-0.961890079926,
    -0.94753830815,-0.933186536375,-0.9188347646,-0.904482992825,
    -0.890131221049,-0.875779449274,-0.861427677499,-0.847075905724,
    -0.832724133948,-0.818372362173,-0.804020590398,-0.789668818623,
    -0.775317046847,-0.760965275072,-0.746613503297,-0.732261731522,
    -0.717909959746,-0.703558187971,-0.689206416196,-0.67485464442,
    -0.660502872645,-0.64615110087,-0.631799329095,-0.617447557319,
    -0.603095785544,-0.588744013769,-0.574392241994,-0.560040470218,
    -0.545688698443,-0.531336926668,-0.516985154893,-0.502633383117,
    -0.488281611342,-0.473929839567,-0.459578067792,-0.445226296016,
    -0.430874524241,-0.416522752466,-0.40217098069,-0.387819208915,
    -0.37346743714,-0.359115665365,-0.344763893589,-0.330412121814,
    -0.316060350039,-0.301708578264,-0.287356806488,-0.273005034713,
    -0.258653262938,-0.244301491163,-0.229949719387,-0.215597947612,
    -0.201246175837,-0.186894404062,-0.172542632286),.UNSPECIFIED.);
#548 = CARTESIAN_POINT('',(9.656071200689E-15,0.458333333333));
#549 = CARTESIAN_POINT('',(-1.480614253111E-07,0.458951573895));
#550 = CARTESIAN_POINT('',(1.007729834436E-08,0.46018609978));
#551 = CARTESIAN_POINT('',(8.870847639509E-07,0.462038653937));
#552 = CARTESIAN_POINT('',(1.230935579475E-06,0.463898249604));
#553 = CARTESIAN_POINT('',(1.44357091817E-06,0.46577240497));
#554 = CARTESIAN_POINT('',(-2.621202515592E-06,0.467667679192));
#555 = CARTESIAN_POINT('',(9.517674798055E-06,0.469594576589));
#556 = CARTESIAN_POINT('',(-5.147984587158E-05,0.471547294289));
#557 = CARTESIAN_POINT('',(-2.997401791061E-04,0.473529171546));
#558 = CARTESIAN_POINT('',(-2.282163068523E-04,0.475463785351));
#559 = CARTESIAN_POINT('',(-8.32893376434E-05,0.477374760296));
#560 = CARTESIAN_POINT('',(1.9453456991E-05,0.47926694956));
#561 = CARTESIAN_POINT('',(-5.188873577387E-06,0.48114426142));
#562 = CARTESIAN_POINT('',(2.538596472544E-06,0.483001862969));
#563 = CARTESIAN_POINT('',(1.344082729444E-06,0.484850070388));
#564 = CARTESIAN_POINT('',(1.039097366776E-06,0.486695251293));
#565 = CARTESIAN_POINT('',(-6.460642701024E-08,0.488543872492));
#566 = CARTESIAN_POINT('',(-7.134850328615E-08,0.490405717239));
#567 = CARTESIAN_POINT('',(4.344695972981E-07,0.492273912582));
#568 = CARTESIAN_POINT('',(1.172265167301E-06,0.494154594839));
#569 = CARTESIAN_POINT('',(1.15395614109E-06,0.496056363125));
#570 = CARTESIAN_POINT('',(-6.752769184236E-07,0.497982965622));
#571 = CARTESIAN_POINT('',(2.679738481572E-06,0.499956860916));
#572 = CARTESIAN_POINT('',(-1.004392387248E-05,0.501933514832));
#573 = CARTESIAN_POINT('',(-8.656153693032E-06,0.503861333559));
#574 = CARTESIAN_POINT('',(-6.0761175667E-06,0.505764581991));
#575 = CARTESIAN_POINT('',(-2.852402731424E-06,0.507646716771));
#576 = CARTESIAN_POINT('',(-7.30972549863E-08,0.509515700767));
#577 = CARTESIAN_POINT('',(-6.109036202071E-08,0.511380538043));
#578 = CARTESIAN_POINT('',(5.473108566126E-07,0.513232847615));
#579 = CARTESIAN_POINT('',(1.846719872689E-06,0.515080719662));
#580 = CARTESIAN_POINT('',(1.658124710547E-07,0.516931073541));
#581 = CARTESIAN_POINT('',(4.175967568289E-06,0.518790404096));
#582 = CARTESIAN_POINT('',(-1.510114713431E-05,0.520668176597));
#583 = CARTESIAN_POINT('',(5.622858878852E-05,0.522563598076));
#584 = CARTESIAN_POINT('',(2.000856629329E-04,0.524476660957));
#585 = CARTESIAN_POINT('',(2.816382230992E-04,0.526413130133));
#586 = CARTESIAN_POINT('',(4.854185418816E-05,0.528397111018));
#587 = CARTESIAN_POINT('',(-9.430759633784E-06,0.5303536735));
#588 = CARTESIAN_POINT('',(2.444460689059E-06,0.532283570522));
#589 = CARTESIAN_POINT('',(1.524745816342E-07,0.534181600788));
#590 = CARTESIAN_POINT('',(1.83341837024E-06,0.536058020357));
#591 = CARTESIAN_POINT('',(1.109348297193E-06,0.537919740426));
#592 = CARTESIAN_POINT('',(8.177713339294E-08,0.539773320664));
#593 = CARTESIAN_POINT('',(-7.892096914435E-08,0.541628646338));
#594 = CARTESIAN_POINT('',(2.391818336902E-07,0.543481764258));
#595 = CARTESIAN_POINT('',(1.304840291806E-06,0.54533485847));
#596 = CARTESIAN_POINT('',(1.10899498471E-06,0.547196366658));
#597 = CARTESIAN_POINT('',(1.108765916371E-06,0.549072948485));
#598 = CARTESIAN_POINT('',(-2.949253295592E-06,0.55097262572));
#599 = CARTESIAN_POINT('',(1.070777842248E-05,0.552901374215));
#600 = CARTESIAN_POINT('',(-1.98274429354E-05,0.554853350869));
#601 = CARTESIAN_POINT('',(-2.394261768406E-04,0.556837362693));
#602 = CARTESIAN_POINT('',(-1.543520136919E-04,0.558775156085));
#603 = CARTESIAN_POINT('',(-1.612049914072E-05,0.560689872059));
#604 = CARTESIAN_POINT('',(4.2220228541E-06,0.562588073683));
#605 = CARTESIAN_POINT('',(-7.006170100799E-07,0.564463515318));
#606 = CARTESIAN_POINT('',(1.877709551073E-06,0.566322446873));
#607 = CARTESIAN_POINT('',(1.445853712746E-06,0.568172455187));
#608 = CARTESIAN_POINT('',(4.157746273409E-07,0.57002027664));
#609 = CARTESIAN_POINT('',(-1.036242443296E-07,0.571873670725));
#610 = CARTESIAN_POINT('',(3.465900439017E-08,0.573737207604));
#611 = CARTESIAN_POINT('',(8.153747523326E-07,0.575605148075));
#612 = CARTESIAN_POINT('',(1.510022113846E-06,0.577487408835));
#613 = CARTESIAN_POINT('',(-2.355304949644E-07,0.579391615244));
#614 = CARTESIAN_POINT('',(2.907060209175E-06,0.581321812993));
#615 = CARTESIAN_POINT('',(-1.120014717297E-05,0.583300733439));
#616 = CARTESIAN_POINT('',(-1.873039140462E-04,0.585275470792));
#617 = CARTESIAN_POINT('',(-1.710375428871E-04,0.587204288966));
#618 = CARTESIAN_POINT('',(-1.161851662182E-04,0.589108895531));
#619 = CARTESIAN_POINT('',(-3.736850252903E-05,0.59099303641));
#620 = CARTESIAN_POINT('',(8.249360968239E-06,0.59286621877));
#621 = CARTESIAN_POINT('',(-2.173948154472E-06,0.594731370679));
#622 = CARTESIAN_POINT('',(1.63031545298E-06,0.596583272405));
#623 = CARTESIAN_POINT('',(1.727664860496E-06,0.598432097148));
#624 = CARTESIAN_POINT('',(-1.369632351741E-08,0.600284224895));
#625 = CARTESIAN_POINT('',(3.341229340733E-06,0.602146201607));
#626 = CARTESIAN_POINT('',(-1.278171296853E-05,0.604028056725));
#627 = CARTESIAN_POINT('',(1.096300193234E-04,0.605921876249));
#628 = CARTESIAN_POINT('',(2.390753695927E-04,0.607836111834));
#629 = CARTESIAN_POINT('',(2.951012975941E-04,0.609774490843));
#630 = CARTESIAN_POINT('',(3.286534299477E-05,0.611760821308));
#631 = CARTESIAN_POINT('',(-8.837871472103E-06,0.613721404598));
#632 = CARTESIAN_POINT('',(2.483846090288E-06,0.615649136648));
#633 = CARTESIAN_POINT('',(6.185332249245E-07,0.617546855541));
#634 = CARTESIAN_POINT('',(1.779188956584E-06,0.619423808207));
#635 = CARTESIAN_POINT('',(6.316757010763E-07,0.621286784659));
#636 = CARTESIAN_POINT('',(-3.076208444118E-08,0.623143661083));
#637 = CARTESIAN_POINT('',(-1.519763702486E-07,0.624380728973));
#638 = CARTESIAN_POINT('',(6.991441998848E-15,0.625));
#639 = ( GEOMETRIC_REPRESENTATION_CONTEXT(2) 
PARAMETRIC_REPRESENTATION_CONTEXT() REPRESENTATION_CONTEXT('2D SPACE',''
  ) );
#640 = ORIENTED_EDGE('',*,*,#70,.T.);
#641 = ORIENTED_EDGE('',*,*,#642,.T.);
#642 = EDGE_CURVE('',#73,#471,#643,.T.);
#643 = SURFACE_CURVE('',#644,(#681,#687),.PCURVE_S1.);
#644 = B_SPLINE_CURVE_WITH_KNOTS('',3,(#645,#646,#647,#648,#649,#650,
    #651,#652,#653,#654,#655,#656,#657,#658,#659,#660,#661,#662,#663,
    #664,#665,#666,#667,#668,#669,#670,#671,#672,#673,#674,#675,#676,
    #677,#678,#679,#680),.UNSPECIFIED.,.F.,.F.,(4,2,2,2,2,2,2,2,2,2,2,2,
    2,2,2,2,2,4),(-3.627802408165,-3.565933021199,-3.488716902659,
    -3.411041880737,-3.331322113499,-3.255174117591,-3.176632039314,
    -3.096929902288,-3.020329495685,-2.940742320702,-2.862955795756,
    -2.785447798657,-2.704850701974,-2.628525239027,-2.550115539697,
    -2.470399775003,-2.394057006745,-2.364343064229),.UNSPECIFIED.);
#645 = CARTESIAN_POINT('',(2.,-7.320533068622E-15,1.2125));
#646 = CARTESIAN_POINT('',(2.,-0.20530992834,1.200523587514));
#647 = CARTESIAN_POINT('',(1.968383768217,-0.409675509132,1.188602261967
    ));
#648 = CARTESIAN_POINT('',(1.828213083343,-0.85066541745,1.162877850649)
  );
#649 = CARTESIAN_POINT('',(1.703980951658,-1.078165099695,1.150468814108
    ));
#650 = CARTESIAN_POINT('',(1.375223973363,-1.474970102476,1.122287140993
    ));
#651 = CARTESIAN_POINT('',(1.173361799862,-1.640113958791,1.107272741915
    ));
#652 = CARTESIAN_POINT('',(0.712059527517,-1.887666175419,1.076748332207
    ));
#653 = CARTESIAN_POINT('',(0.455759760703,-1.965358600378,1.061534513452
    ));
#654 = CARTESIAN_POINT('',(-6.044440760025E-02,-2.01507692798,
    1.034006716705));
#655 = CARTESIAN_POINT('',(-0.314943894765,-1.991236663795,
    1.021334020232));
#656 = CARTESIAN_POINT('',(-0.809255357726,-1.84754432932,0.992171293892
    ));
#657 = CARTESIAN_POINT('',(-1.043509919041,-1.726092026103,0.97679482832
    ));
#658 = CARTESIAN_POINT('',(-1.455034886771,-1.397573889843,
    0.946423569892));
#659 = CARTESIAN_POINT('',(-1.627264283032,-1.192585177264,
    0.932067468674));
#660 = CARTESIAN_POINT('',(-1.876775423621,-0.736614689315,0.90546919021
    ));
#661 = CARTESIAN_POINT('',(-1.955222847486,-0.491879198643,
    0.891192953254));
#662 = CARTESIAN_POINT('',(-2.017285146348,2.36070340415E-02,
    0.861122923014));
#663 = CARTESIAN_POINT('',(-1.996478088661,0.289974987213,0.845584792413
    ));
#664 = CARTESIAN_POINT('',(-1.854017310392,0.793409071683,0.816217804152
    ));
#665 = CARTESIAN_POINT('',(-1.73603536979,1.026181974523,0.803604318449)
  );
#666 = CARTESIAN_POINT('',(-1.418520137255,1.43324487137,0.775691368939)
  );
#667 = CARTESIAN_POINT('',(-1.222289102226,1.603860708384,0.760801845114
    ));
#668 = CARTESIAN_POINT('',(-0.767083084155,1.866370366435,0.730149148178
    ));
#669 = CARTESIAN_POINT('',(-0.510467011561,1.952233001539,0.714681052444
    ));
#670 = CARTESIAN_POINT('',(7.292271949336E-03,2.016018104312,
    0.686664413213));
#671 = CARTESIAN_POINT('',(0.262701941999,1.998845643797,0.674195115546)
  );
#672 = CARTESIAN_POINT('',(0.760278295592,1.868137605811,0.645246161624)
  );
#673 = CARTESIAN_POINT('',(0.997039878966,1.753242900816,0.629934309221)
  );
#674 = CARTESIAN_POINT('',(1.416582086498,1.436498132649,0.599501424584)
  );
#675 = CARTESIAN_POINT('',(1.594293664206,1.236330113692,0.584685530816)
  );
#676 = CARTESIAN_POINT('',(1.855690693198,0.787955876225,0.558402654947)
  );
#677 = CARTESIAN_POINT('',(1.940691033071,0.546158436973,0.544359242157)
  );
#678 = CARTESIAN_POINT('',(1.992729578294,0.197004224471,0.523991913094)
  );
#679 = CARTESIAN_POINT('',(2.,9.845877990845E-02,0.518243428828));
#680 = CARTESIAN_POINT('',(2.,4.87122453324E-15,0.5125));
#681 = PCURVE('',#93,#682);
#682 = DEFINITIONAL_REPRESENTATION('',(#683),#686);
#683 = B_SPLINE_CURVE_WITH_KNOTS('',1,(#684,#685),.UNSPECIFIED.,.F.,.F.,
  (2,2),(-3.627802408165,-2.364343064229),.PIECEWISE_BEZIER_KNOTS.);
#684 = CARTESIAN_POINT('',(-3.14159265359,-2.7125));
#685 = CARTESIAN_POINT('',(3.14159265359,-2.0125));
#686 = ( GEOMETRIC_REPRESENTATION_CONTEXT(2) 
PARAMETRIC_REPRESENTATION_CONTEXT() REPRESENTATION_CONTEXT('2D SPACE',''
  ) );
#687 = PCURVE('',#328,#688);
#688 = DEFINITIONAL_REPRESENTATION('',(#689),#781);
#689 = B_SPLINE_CURVE_WITH_KNOTS('',3,(#690,#691,#692,#693,#694,#695,
    #696,#697,#698,#699,#700,#701,#702,#703,#704,#705,#706,#707,#708,
    #709,#710,#711,#712,#713,#714,#715,#716,#717,#718,#719,#720,#721,
    #722,#723,#724,#725,#726,#727,#728,#729,#730,#731,#732,#733,#734,
    #735,#736,#737,#738,#739,#740,#741,#742,#743,#744,#745,#746,#747,
    #748,#749,#750,#751,#752,#753,#754,#755,#756,#757,#758,#759,#760,
    #761,#762,#763,#764,#765,#766,#767,#768,#769,#770,#771,#772,#773,
    #774,#775,#776,#777,#778,#779,#780),.UNSPECIFIED.,.F.,.F.,(4,1,1,1,1
    ,1,1,1,1,1,1,1,1,1,1,1,1,1,1,1,1,1,1,1,1,1,1,1,1,1,1,1,1,1,1,1,1,1,1
    ,1,1,1,1,1,1,1,1,1,1,1,1,1,1,1,1,1,1,1,1,1,1,1,1,1,1,1,1,1,1,1,1,1,1
    ,1,1,1,1,1,1,1,1,1,1,1,1,1,1,1,4),(-3.627802408165,-3.61344491562,
    -3.599087423076,-3.584729930531,-3.570372437986,-3.556014945441,
    -3.541657452897,-3.527299960352,-3.512942467807,-3.498584975262,
    -3.484227482718,-3.469869990173,-3.455512497628,-3.441155005083,
    -3.426797512539,-3.412440019994,-3.398082527449,-3.383725034905,
    -3.36936754236,-3.355010049815,-3.34065255727,-3.326295064726,
    -3.311937572181,-3.297580079636,-3.283222587091,-3.268865094547,
    -3.254507602002,-3.240150109457,-3.225792616913,-3.211435124368,
    -3.197077631823,-3.182720139278,-3.168362646734,-3.154005154189,
    -3.139647661644,-3.125290169099,-3.110932676555,-3.09657518401,
    -3.082217691465,-3.06786019892,-3.053502706376,-3.039145213831,
    -3.024787721286,-3.010430228742,-2.996072736197,-2.981715243652,
    -2.967357751107,-2.953000258563,-2.938642766018,-2.924285273473,
    -2.909927780928,-2.895570288384,-2.881212795839,-2.866855303294,
    -2.852497810749,-2.838140318205,-2.82378282566,-2.809425333115,
    -2.795067840571,-2.780710348026,-2.766352855481,-2.751995362936,
    -2.737637870392,-2.723280377847,-2.708922885302,-2.694565392757,
    -2.680207900213,-2.665850407668,-2.651492915123,-2.637135422579,
    -2.622777930034,-2.608420437489,-2.594062944944,-2.5797054524,
    -2.565347959855,-2.55099046731,-2.536632974765,-2.522275482221,
    -2.507917989676,-2.493560497131,-2.479203004586,-2.464845512042,
    -2.450488019497,-2.436130526952,-2.421773034408,-2.407415541863,
    -2.393058049318,-2.378700556773,-2.364343064229),
  .QUASI_UNIFORM_KNOTS.);
#690 = CARTESIAN_POINT('',(1.,0.791666666667));
#691 = CARTESIAN_POINT('',(0.999999911464,0.791049262262));
#692 = CARTESIAN_POINT('',(0.999999563814,0.789815779737));
#693 = CARTESIAN_POINT('',(0.99999954469,0.787962404326));
#694 = CARTESIAN_POINT('',(0.999998776664,0.786098903097));
#695 = CARTESIAN_POINT('',(1.000003937173,0.784217754884));
#696 = CARTESIAN_POINT('',(0.999985508661,0.782312389921));
#697 = CARTESIAN_POINT('',(0.999867004689,0.780389867093));
#698 = CARTESIAN_POINT('',(0.999855717242,0.778438228328));
#699 = CARTESIAN_POINT('',(1.000063857985,0.776454145783));
#700 = CARTESIAN_POINT('',(1.000008328357,0.774514774252));
#701 = CARTESIAN_POINT('',(0.999997853774,0.772592984534));
#702 = CARTESIAN_POINT('',(1.000000218426,0.770700036221));
#703 = CARTESIAN_POINT('',(0.999998498751,0.768828086997));
#704 = CARTESIAN_POINT('',(0.999998800582,0.766969695401));
#705 = CARTESIAN_POINT('',(0.99999975734,0.765118140459));
#706 = CARTESIAN_POINT('',(1.000000071944,0.763264871822));
#707 = CARTESIAN_POINT('',(0.999999952115,0.761408276778));
#708 = CARTESIAN_POINT('',(0.999998667091,0.75955180405));
#709 = CARTESIAN_POINT('',(0.999998880301,0.757685567924));
#710 = CARTESIAN_POINT('',(0.999997188147,0.755803165993));
#711 = CARTESIAN_POINT('',(1.000007593277,0.753896754424));
#712 = CARTESIAN_POINT('',(0.999972005906,0.751959172321));
#713 = CARTESIAN_POINT('',(1.000148825807,0.749984234092));
#714 = CARTESIAN_POINT('',(1.000301125421,0.748013627836));
#715 = CARTESIAN_POINT('',(1.00019953351,0.74608541987));
#716 = CARTESIAN_POINT('',(1.000050304994,0.744179684249));
#717 = CARTESIAN_POINT('',(0.999986564157,0.742289459462));
#718 = CARTESIAN_POINT('',(1.000003438388,0.740416004247));
#719 = CARTESIAN_POINT('',(0.999997735876,0.738559136046));
#720 = CARTESIAN_POINT('',(0.999998694621,0.736709704198));
#721 = CARTESIAN_POINT('',(0.999999298267,0.734861174782));
#722 = CARTESIAN_POINT('',(1.000000197804,0.733006549617));
#723 = CARTESIAN_POINT('',(0.999999709091,0.731138009414));
#724 = CARTESIAN_POINT('',(0.999947982385,0.729263826629));
#725 = CARTESIAN_POINT('',(0.999890773795,0.727374755947));
#726 = CARTESIAN_POINT('',(0.999862034567,0.725462625729));
#727 = CARTESIAN_POINT('',(0.999885840515,0.723524414514));
#728 = CARTESIAN_POINT('',(1.000030605391,0.721533479741));
#729 = CARTESIAN_POINT('',(0.999991738446,0.719576633123));
#730 = CARTESIAN_POINT('',(1.000001218872,0.717656252342));
#731 = CARTESIAN_POINT('',(0.999998196514,0.715761319629));
#732 = CARTESIAN_POINT('',(0.999999749115,0.71388514852));
#733 = CARTESIAN_POINT('',(1.000000039718,0.712019928039));
#734 = CARTESIAN_POINT('',(1.000000019023,0.710159606473));
#735 = CARTESIAN_POINT('',(0.999999129066,0.708310989701));
#736 = CARTESIAN_POINT('',(0.999997915494,0.706464222311));
#737 = CARTESIAN_POINT('',(1.000000166315,0.704612851248));
#738 = CARTESIAN_POINT('',(0.999995107564,0.702750443091));
#739 = CARTESIAN_POINT('',(1.000018203026,0.700866691691));
#740 = CARTESIAN_POINT('',(0.999920814401,0.698966144786));
#741 = CARTESIAN_POINT('',(0.999787027255,0.697046120403));
#742 = CARTESIAN_POINT('',(0.999783887718,0.695096118711));
#743 = CARTESIAN_POINT('',(1.000016520404,0.69311311423));
#744 = CARTESIAN_POINT('',(0.99999661359,0.691172765827));
#745 = CARTESIAN_POINT('',(1.000000964123,0.689252703577));
#746 = CARTESIAN_POINT('',(0.999998948301,0.687363609614));
#747 = CARTESIAN_POINT('',(0.999998643511,0.685493591823));
#748 = CARTESIAN_POINT('',(0.99999916274,0.683636309183));
#749 = CARTESIAN_POINT('',(1.000000030772,0.681785096191));
#750 = CARTESIAN_POINT('',(1.000000089537,0.679930203626));
#751 = CARTESIAN_POINT('',(0.999999506528,0.678078844792));
#752 = CARTESIAN_POINT('',(0.999998261932,0.676224696254));
#753 = CARTESIAN_POINT('',(0.999998787089,0.674360387033));
#754 = CARTESIAN_POINT('',(0.999998317159,0.672479152252));
#755 = CARTESIAN_POINT('',(1.000004956501,0.670572122078));
#756 = CARTESIAN_POINT('',(0.999981837114,0.668636382821));
#757 = CARTESIAN_POINT('',(1.000144250167,0.666665657237));
#758 = CARTESIAN_POINT('',(1.000272885237,0.664696715517));
#759 = CARTESIAN_POINT('',(1.000152666386,0.662769736563));
#760 = CARTESIAN_POINT('',(1.000006499197,0.660864227872));
#761 = CARTESIAN_POINT('',(0.999998358329,0.658973527178));
#762 = CARTESIAN_POINT('',(0.999999929938,0.657104530749));
#763 = CARTESIAN_POINT('',(0.999998365851,0.655249742499));
#764 = CARTESIAN_POINT('',(0.999998735604,0.653401932446));
#765 = CARTESIAN_POINT('',(0.99999977988,0.651554572403));
#766 = CARTESIAN_POINT('',(1.000000085944,0.649698862521));
#767 = CARTESIAN_POINT('',(0.999999875618,0.647834102191));
#768 = CARTESIAN_POINT('',(0.999998844996,0.645962796313));
#769 = CARTESIAN_POINT('',(0.999998237379,0.644075455006));
#770 = CARTESIAN_POINT('',(0.999999929509,0.642163983838));
#771 = CARTESIAN_POINT('',(0.999997747661,0.64022543998));
#772 = CARTESIAN_POINT('',(1.000008798803,0.638232588769));
#773 = CARTESIAN_POINT('',(1.000027750885,0.636277418328));
#774 = CARTESIAN_POINT('',(1.000023102963,0.634356151441));
#775 = CARTESIAN_POINT('',(1.000013917297,0.63245937209));
#776 = CARTESIAN_POINT('',(1.000003017789,0.630580643418));
#777 = CARTESIAN_POINT('',(0.999999213579,0.628709680402));
#778 = CARTESIAN_POINT('',(1.000000141507,0.626850043597));
#779 = CARTESIAN_POINT('',(1.000000556061,0.625615871217));
#780 = CARTESIAN_POINT('',(1.,0.625));
#781 = ( GEOMETRIC_REPRESENTATION_CONTEXT(2) 
PARAMETRIC_REPRESENTATION_CONTEXT() REPRESENTATION_CONTEXT('2D SPACE',''
  ) );
#782 = ADVANCED_FACE('',(#783),#486,.T.);
#783 = FACE_BOUND('',#784,.T.);
#784 = EDGE_LOOP('',(#785,#815,#956,#957));
#785 = ORIENTED_EDGE('',*,*,#786,.F.);
#786 = EDGE_CURVE('',#787,#789,#791,.T.);
#787 = VERTEX_POINT('',#788);
#788 = CARTESIAN_POINT('',(2.,-1.53482895163E-15,-0.275));
#789 = VERTEX_POINT('',#790);
#790 = CARTESIAN_POINT('',(2.,-6.00246678948E-16,-0.1875));
#791 = SURFACE_CURVE('',#792,(#796,#803),.PCURVE_S1.);
#792 = LINE('',#793,#794);
#793 = CARTESIAN_POINT('',(2.,-1.959434878636E-15,-1.5));
#794 = VECTOR('',#795,1.);
#795 = DIRECTION('',(0.,0.,1.));
#796 = PCURVE('',#486,#797);
#797 = DEFINITIONAL_REPRESENTATION('',(#798),#802);
#798 = LINE('',#799,#800);
#799 = CARTESIAN_POINT('',(9.424777960769,0.));
#800 = VECTOR('',#801,1.);
#801 = DIRECTION('',(0.,-1.));
#802 = ( GEOMETRIC_REPRESENTATION_CONTEXT(2) 
PARAMETRIC_REPRESENTATION_CONTEXT() REPRESENTATION_CONTEXT('2D SPACE',''
  ) );
#803 = PCURVE('',#804,#809);
#804 = CYLINDRICAL_SURFACE('',#805,2.);
#805 = AXIS2_PLACEMENT_3D('',#806,#807,#808);
#806 = CARTESIAN_POINT('',(0.,-1.714505518806E-15,-1.5));
#807 = DIRECTION('',(0.,0.,-1.));
#808 = DIRECTION('',(-1.,0.,0.));
#809 = DEFINITIONAL_REPRESENTATION('',(#810),#814);
#810 = LINE('',#811,#812);
#811 = CARTESIAN_POINT('',(3.14159265359,0.));
#812 = VECTOR('',#813,1.);
#813 = DIRECTION('',(0.,-1.));
#814 = ( GEOMETRIC_REPRESENTATION_CONTEXT(2) 
PARAMETRIC_REPRESENTATION_CONTEXT() REPRESENTATION_CONTEXT('2D SPACE',''
  ) );
#815 = ORIENTED_EDGE('',*,*,#816,.T.);
#816 = EDGE_CURVE('',#787,#469,#817,.T.);
#817 = SURFACE_CURVE('',#818,(#855,#861),.PCURVE_S1.);
#818 = B_SPLINE_CURVE_WITH_KNOTS('',3,(#819,#820,#821,#822,#823,#824,
    #825,#826,#827,#828,#829,#830,#831,#832,#833,#834,#835,#836,#837,
    #838,#839,#840,#841,#842,#843,#844,#845,#846,#847,#848,#849,#850,
    #851,#852,#853,#854),.UNSPECIFIED.,.F.,.F.,(4,2,2,2,2,2,2,2,2,2,2,2,
    2,2,2,2,2,4),(-2.699274596158,-2.68306251576,-2.60331107679,
    -2.527137897373,-2.448177673627,-2.368889859196,-2.291919403555,
    -2.211923007689,-2.134955123101,-2.05708709306,-1.97733628348,
    -1.901192071717,-1.822459738079,-1.746208302885,-1.666448527659,
    -1.588180800174,-1.511678322732,-1.435498548509),.UNSPECIFIED.);
#819 = CARTESIAN_POINT('',(2.,5.950159378543E-16,-0.275));
#820 = CARTESIAN_POINT('',(2.,5.372344927215E-02,-0.271866132126));
#821 = CARTESIAN_POINT('',(1.997835388228,0.107506782551,-0.268728771018
    ));
#822 = CARTESIAN_POINT('',(1.972122560254,0.425447483016,-0.250182230157
    ));
#823 = CARTESIAN_POINT('',(1.898428590937,0.682853181623,-0.235166897739
    ));
#824 = CARTESIAN_POINT('',(1.660347457853,1.143414760199,-0.208300805655
    ));
#825 = CARTESIAN_POINT('',(1.502336737416,1.344319098107,-0.195019296784
    ));
#826 = CARTESIAN_POINT('',(1.112601568319,1.682590813756,-0.165464339242
    ));
#827 = CARTESIAN_POINT('',(0.882243331768,1.814012591607,-0.14999393244)
  );
#828 = CARTESIAN_POINT('',(0.382885109338,1.980648291145,-0.119907071674
    ));
#829 = CARTESIAN_POINT('',(0.118700271018,2.013811678085,-0.106399358536
    ));
#830 = CARTESIAN_POINT('',(-0.399599242513,1.976320545276,
    -7.912233534183E-02));
#831 = CARTESIAN_POINT('',(-0.648960709055,1.909013588175,
    -6.456193614932E-02));
#832 = CARTESIAN_POINT('',(-1.117732775983,1.679704196014,
    -3.419224862954E-02));
#833 = CARTESIAN_POINT('',(-1.33096361966,1.51634147436,
    -1.86554751441E-02));
#834 = CARTESIAN_POINT('',(-1.674404065875,1.123330187837,
    1.015732952752E-02));
#835 = CARTESIAN_POINT('',(-1.804240769052,0.900119132176,
    2.249305062304E-02));
#836 = CARTESIAN_POINT('',(-1.973744367338,0.413972671262,
    5.08515941764E-02));
#837 = CARTESIAN_POINT('',(-2.010698793539,0.155265959874,
    6.594281900735E-02));
#838 = CARTESIAN_POINT('',(-1.983642580571,-0.368047931066,
    9.646946264549E-02));
#839 = CARTESIAN_POINT('',(-1.917433928433,-0.627524127481,
    0.111605574103));
#840 = CARTESIAN_POINT('',(-1.692807165132,-1.094771753306,
    0.138861685609));
#841 = CARTESIAN_POINT('',(-1.540749434896,-1.300095567089,0.15175031187
    ));
#842 = CARTESIAN_POINT('',(-1.161663083246,-1.648978983151,
    0.181076818799));
#843 = CARTESIAN_POINT('',(-0.935981479975,-1.786764479209,
    0.196496579194));
#844 = CARTESIAN_POINT('',(-0.452114412457,-1.964669632707,
    0.226129547902));
#845 = CARTESIAN_POINT('',(-0.199648793845,-2.00608966386,0.239736497378
    ));
#846 = CARTESIAN_POINT('',(0.318799752777,-1.992152333992,0.266334063528
    ));
#847 = CARTESIAN_POINT('',(0.57975859298,-1.932390919308,0.281260262246)
  );
#848 = CARTESIAN_POINT('',(1.058575031918,-1.716703148907,0.311740075542
    ));
#849 = CARTESIAN_POINT('',(1.272636271373,-1.564628813577,0.326989554483
    ));
#850 = CARTESIAN_POINT('',(1.626491904125,-1.191290314911,0.35575472545)
  );
#851 = CARTESIAN_POINT('',(1.764582321561,-0.975135792901,0.368117078747
    ));
#852 = CARTESIAN_POINT('',(1.952042041456,-0.503615198442,0.395622446758
    ));
#853 = CARTESIAN_POINT('',(2.,-0.252865217467,0.410249528981));
#854 = CARTESIAN_POINT('',(2.,-7.840950111415E-15,0.425));
#855 = PCURVE('',#486,#856);
#856 = DEFINITIONAL_REPRESENTATION('',(#857),#860);
#857 = B_SPLINE_CURVE_WITH_KNOTS('',1,(#858,#859),.UNSPECIFIED.,.F.,.F.,
  (2,2),(-2.699274596158,-1.435498548509),.PIECEWISE_BEZIER_KNOTS.);
#858 = CARTESIAN_POINT('',(9.424777960769,-1.225));
#859 = CARTESIAN_POINT('',(3.14159265359,-1.925));
#860 = ( GEOMETRIC_REPRESENTATION_CONTEXT(2) 
PARAMETRIC_REPRESENTATION_CONTEXT() REPRESENTATION_CONTEXT('2D SPACE',''
  ) );
#861 = PCURVE('',#125,#862);
#862 = DEFINITIONAL_REPRESENTATION('',(#863),#955);
#863 = B_SPLINE_CURVE_WITH_KNOTS('',3,(#864,#865,#866,#867,#868,#869,
    #870,#871,#872,#873,#874,#875,#876,#877,#878,#879,#880,#881,#882,
    #883,#884,#885,#886,#887,#888,#889,#890,#891,#892,#893,#894,#895,
    #896,#897,#898,#899,#900,#901,#902,#903,#904,#905,#906,#907,#908,
    #909,#910,#911,#912,#913,#914,#915,#916,#917,#918,#919,#920,#921,
    #922,#923,#924,#925,#926,#927,#928,#929,#930,#931,#932,#933,#934,
    #935,#936,#937,#938,#939,#940,#941,#942,#943,#944,#945,#946,#947,
    #948,#949,#950,#951,#952,#953,#954),.UNSPECIFIED.,.F.,.F.,(4,1,1,1,1
    ,1,1,1,1,1,1,1,1,1,1,1,1,1,1,1,1,1,1,1,1,1,1,1,1,1,1,1,1,1,1,1,1,1,1
    ,1,1,1,1,1,1,1,1,1,1,1,1,1,1,1,1,1,1,1,1,1,1,1,1,1,1,1,1,1,1,1,1,1,1
    ,1,1,1,1,1,1,1,1,1,1,1,1,1,1,1,4),(-2.699274596158,-2.684913504708,
    -2.670552413257,-2.656191321807,-2.641830230356,-2.627469138905,
    -2.613108047455,-2.598746956004,-2.584385864554,-2.570024773103,
    -2.555663681653,-2.541302590202,-2.526941498752,-2.512580407301,
    -2.49821931585,-2.4838582244,-2.469497132949,-2.455136041499,
    -2.440774950048,-2.426413858598,-2.412052767147,-2.397691675697,
    -2.383330584246,-2.368969492795,-2.354608401345,-2.340247309894,
    -2.325886218444,-2.311525126993,-2.297164035543,-2.282802944092,
    -2.268441852642,-2.254080761191,-2.23971966974,-2.22535857829,
    -2.210997486839,-2.196636395389,-2.182275303938,-2.167914212488,
    -2.153553121037,-2.139192029587,-2.124830938136,-2.110469846685,
    -2.096108755235,-2.081747663784,-2.067386572334,-2.053025480883,
    -2.038664389433,-2.024303297982,-2.009942206532,-1.995581115081,
    -1.98122002363,-1.96685893218,-1.952497840729,-1.938136749279,
    -1.923775657828,-1.909414566378,-1.895053474927,-1.880692383477,
    -1.866331292026,-1.851970200576,-1.837609109125,-1.823248017674,
    -1.808886926224,-1.794525834773,-1.780164743323,-1.765803651872,
    -1.751442560422,-1.737081468971,-1.722720377521,-1.70835928607,
    -1.693998194619,-1.679637103169,-1.665276011718,-1.650914920268,
    -1.636553828817,-1.622192737367,-1.607831645916,-1.593470554466,
    -1.579109463015,-1.564748371564,-1.550387280114,-1.536026188663,
    -1.521665097213,-1.507304005762,-1.492942914312,-1.478581822861,
    -1.464220731411,-1.44985963996,-1.435498548509),
  .QUASI_UNIFORM_KNOTS.);
#864 = CARTESIAN_POINT('',(9.609853594194E-15,0.291666666667));
#865 = CARTESIAN_POINT('',(3.048221877106E-09,0.292283294534));
#866 = CARTESIAN_POINT('',(-7.88912518558E-09,0.293518660219));
#867 = CARTESIAN_POINT('',(4.976190770173E-09,0.295378297212));
#868 = CARTESIAN_POINT('',(1.306612129311E-06,0.29724095908));
#869 = CARTESIAN_POINT('',(1.029574755043E-06,0.299116459964));
#870 = CARTESIAN_POINT('',(3.069882473749E-06,0.30101166544));
#871 = CARTESIAN_POINT('',(-8.516440110171E-06,0.30293326231));
#872 = CARTESIAN_POINT('',(3.144813279482E-05,0.30489350332));
#873 = CARTESIAN_POINT('',(-2.157154205609E-04,0.306881555774));
#874 = CARTESIAN_POINT('',(-2.118087696925E-04,0.308819448596));
#875 = CARTESIAN_POINT('',(-1.402239088804E-04,0.3107321252));
#876 = CARTESIAN_POINT('',(-3.415182613654E-05,0.312622320601));
#877 = CARTESIAN_POINT('',(9.109325407628E-06,0.314501097028));
#878 = CARTESIAN_POINT('',(-2.285466822812E-06,0.316366762406));
#879 = CARTESIAN_POINT('',(1.963211428925E-06,0.31821883008));
#880 = CARTESIAN_POINT('',(1.547285157393E-06,0.320066518237));
#881 = CARTESIAN_POINT('',(5.081523243312E-07,0.321916359776));
#882 = CARTESIAN_POINT('',(7.883470874707E-07,0.323775154589));
#883 = CARTESIAN_POINT('',(-3.367054912713E-06,0.325651641266));
#884 = CARTESIAN_POINT('',(1.185233611575E-04,0.327537086793));
#885 = CARTESIAN_POINT('',(2.404349677763E-04,0.329441615269));
#886 = CARTESIAN_POINT('',(3.055268009316E-04,0.331369098531));
#887 = CARTESIAN_POINT('',(1.129363172486E-04,0.333340233227));
#888 = CARTESIAN_POINT('',(-3.027087191125E-05,0.335316958593));
#889 = CARTESIAN_POINT('',(8.166416846374E-06,0.337251573681));
#890 = CARTESIAN_POINT('',(-1.170568093605E-06,0.339156490173));
#891 = CARTESIAN_POINT('',(1.869445901773E-06,0.34103847181));
#892 = CARTESIAN_POINT('',(3.183667375002E-07,0.342905199096));
#893 = CARTESIAN_POINT('',(-3.824967604771E-08,0.344763854202));
#894 = CARTESIAN_POINT('',(-4.727175757425E-08,0.346621396841));
#895 = CARTESIAN_POINT('',(8.425309474463E-07,0.34847040211));
#896 = CARTESIAN_POINT('',(1.978842211352E-06,0.35032049334));
#897 = CARTESIAN_POINT('',(3.629579840897E-07,0.352178175395));
#898 = CARTESIAN_POINT('',(3.277366770731E-06,0.354050100492));
#899 = CARTESIAN_POINT('',(-1.202499081833E-05,0.355946092692));
#900 = CARTESIAN_POINT('',(4.653732352929E-05,0.357864732627));
#901 = CARTESIAN_POINT('',(1.22145390211E-04,0.35980283476));
#902 = CARTESIAN_POINT('',(-7.767770965846E-05,0.361786301573));
#903 = CARTESIAN_POINT('',(-7.125731180616E-05,0.363737594833));
#904 = CARTESIAN_POINT('',(1.040643186526E-05,0.365661816809));
#905 = CARTESIAN_POINT('',(-2.847858062172E-06,0.367566411757));
#906 = CARTESIAN_POINT('',(1.577775421112E-06,0.369444365749));
#907 = CARTESIAN_POINT('',(1.290727536032E-06,0.371306242362));
#908 = CARTESIAN_POINT('',(9.532153278955E-07,0.373158611365));
#909 = CARTESIAN_POINT('',(-2.33923064034E-08,0.375007958199));
#910 = CARTESIAN_POINT('',(-9.316719274323E-08,0.376864212043));
#911 = CARTESIAN_POINT('',(4.611354633527E-07,0.378720707528));
#912 = CARTESIAN_POINT('',(1.448481818423E-06,0.380583006331));
#913 = CARTESIAN_POINT('',(1.707095996962E-06,0.382458695683));
#914 = CARTESIAN_POINT('',(-6.288362479029E-07,0.384354945033));
#915 = CARTESIAN_POINT('',(3.496466500185E-06,0.386279598698));
#916 = CARTESIAN_POINT('',(-1.335298701462E-05,0.388240406518));
#917 = CARTESIAN_POINT('',(-2.869860801679E-04,0.390226184884));
#918 = CARTESIAN_POINT('',(-2.483964271712E-04,0.392163580228));
#919 = CARTESIAN_POINT('',(-1.341331481044E-04,0.394076501944));
#920 = CARTESIAN_POINT('',(-1.266825328827E-06,0.395968004923));
#921 = CARTESIAN_POINT('',(2.426627196856E-07,0.397848989291));
#922 = CARTESIAN_POINT('',(4.906794764274E-07,0.39971112629));
#923 = CARTESIAN_POINT('',(1.711792920842E-06,0.401562508898));
#924 = CARTESIAN_POINT('',(9.821604822508E-07,0.403410130173));
#925 = CARTESIAN_POINT('',(1.527080164839E-06,0.405260553879));
#926 = CARTESIAN_POINT('',(-4.991780064414E-06,0.407122669357));
#927 = CARTESIAN_POINT('',(1.844058669672E-05,0.408997090078));
#928 = CARTESIAN_POINT('',(8.747393084565E-05,0.410881037695));
#929 = CARTESIAN_POINT('',(1.375901462275E-04,0.412785528095));
#930 = CARTESIAN_POINT('',(1.558689292872E-04,0.414713893573));
#931 = CARTESIAN_POINT('',(3.236809345735E-06,0.416687966193));
#932 = CARTESIAN_POINT('',(-9.654217171035E-07,0.418665880532));
#933 = CARTESIAN_POINT('',(9.546451554882E-07,0.420594457744));
#934 = CARTESIAN_POINT('',(1.517358990727E-06,0.422497128576));
#935 = CARTESIAN_POINT('',(1.184944365998E-06,0.424377710201));
#936 = CARTESIAN_POINT('',(9.128143864998E-08,0.42624392948));
#937 = CARTESIAN_POINT('',(-7.511600843064E-08,0.428105394769));
#938 = CARTESIAN_POINT('',(2.108750470749E-07,0.429959080904));
#939 = CARTESIAN_POINT('',(1.347898356061E-06,0.431806205399));
#940 = CARTESIAN_POINT('',(1.282151905341E-06,0.433655416261));
#941 = CARTESIAN_POINT('',(1.206641078339E-06,0.435513258936));
#942 = CARTESIAN_POINT('',(-2.767463817448E-06,0.437387140959));
#943 = CARTESIAN_POINT('',(9.962621434303E-06,0.439284097437));
#944 = CARTESIAN_POINT('',(1.414371737287E-04,0.441197695159));
#945 = CARTESIAN_POINT('',(2.292951919915E-04,0.443134086123));
#946 = CARTESIAN_POINT('',(1.60648538791E-05,0.445116880637));
#947 = CARTESIAN_POINT('',(-1.147634046975E-05,0.447068655684));
#948 = CARTESIAN_POINT('',(2.986813040434E-06,0.448996781521));
#949 = CARTESIAN_POINT('',(-4.491371193996E-07,0.450895316264));
#950 = CARTESIAN_POINT('',(1.702222136042E-06,0.452770638141));
#951 = CARTESIAN_POINT('',(1.421389688248E-06,0.454630562536));
#952 = CARTESIAN_POINT('',(4.224391945717E-07,0.456482111212));
#953 = CARTESIAN_POINT('',(-3.124709238084E-08,0.457715617275));
#954 = CARTESIAN_POINT('',(9.454557238509E-15,0.458333333333));
#955 = ( GEOMETRIC_REPRESENTATION_CONTEXT(2) 
PARAMETRIC_REPRESENTATION_CONTEXT() REPRESENTATION_CONTEXT('2D SPACE',''
  ) );
#956 = ORIENTED_EDGE('',*,*,#468,.T.);
#957 = ORIENTED_EDGE('',*,*,#958,.T.);
#958 = EDGE_CURVE('',#471,#789,#959,.T.);
#959 = SURFACE_CURVE('',#960,(#997,#1003),.PCURVE_S1.);
#960 = B_SPLINE_CURVE_WITH_KNOTS('',3,(#961,#962,#963,#964,#965,#966,
    #967,#968,#969,#970,#971,#972,#973,#974,#975,#976,#977,#978,#979,
    #980,#981,#982,#983,#984,#985,#986,#987,#988,#989,#990,#991,#992,
    #993,#994,#995,#996),.UNSPECIFIED.,.F.,.F.,(4,2,2,2,2,2,2,2,2,2,2,2,
    2,2,2,2,2,4),(-2.364343064229,-2.314797787585,-2.23655589507,
    -2.159341708227,-2.079068017215,-2.002625061766,-1.924513439708,
    -1.844862776251,-1.764507954095,-1.685994861069,-1.609936406213,
    -1.530294940997,-1.452647121786,-1.375595861227,-1.295835738899,
    -1.219085547179,-1.139538523911,-1.102221243962),.UNSPECIFIED.);
#961 = CARTESIAN_POINT('',(2.,4.51028103754E-15,0.5125));
#962 = CARTESIAN_POINT('',(2.,-0.164170994336,0.502923358664));
#963 = CARTESIAN_POINT('',(1.979785090582,-0.328101039209,0.493360772713
    ));
#964 = CARTESIAN_POINT('',(1.875987532951,-0.740609440857,0.469297782617
    ));
#965 = CARTESIAN_POINT('',(1.763736249649,-0.978287967675,0.456400624146
    ));
#966 = CARTESIAN_POINT('',(1.456454377678,-1.394555057744,0.42873618943)
  );
#967 = CARTESIAN_POINT('',(1.265421168145,-1.569942115466,0.413970089521
    ));
#968 = CARTESIAN_POINT('',(0.818854497388,-1.844131490379,0.383413178007
    ));
#969 = CARTESIAN_POINT('',(0.565501184782,-1.936900231687,0.36790848277)
  );
#970 = CARTESIAN_POINT('',(4.988793191636E-02,-2.015498884596,
    0.339568195155));
#971 = CARTESIAN_POINT('',(-0.206584472488,-2.005505933659,
    0.327224324662));
#972 = CARTESIAN_POINT('',(-0.707534912158,-1.888645654957,
    0.298508811137));
#973 = CARTESIAN_POINT('',(-0.946769662901,-1.780785983113,
    0.283277207364));
#974 = CARTESIAN_POINT('',(-1.374705281627,-1.476633288953,
    0.252787571959));
#975 = CARTESIAN_POINT('',(-1.558130264258,-1.281615852553,
    0.237833272876));
#976 = CARTESIAN_POINT('',(-1.83950072968,-0.829333963078,0.210427402796
    ));
#977 = CARTESIAN_POINT('',(-1.933847130326,-0.576084251461,
    0.196104914669));
#978 = CARTESIAN_POINT('',(-2.016318947296,-5.338027676433E-02,
    0.165613849478));
#979 = CARTESIAN_POINT('',(-2.006017982702,0.21045191604,0.150223638231)
  );
#980 = CARTESIAN_POINT('',(-1.886353449247,0.711237560382,0.121011142311
    ));
#981 = CARTESIAN_POINT('',(-1.781209100113,0.944168767001,0.108278463555
    ));
#982 = CARTESIAN_POINT('',(-1.482718895339,1.368171265751,
    8.083255150097E-02));
#983 = CARTESIAN_POINT('',(-1.288435287079,1.552495552372,
    6.564157829084E-02));
#984 = CARTESIAN_POINT('',(-0.845001078067,1.831066673091,
    3.5115112025E-02));
#985 = CARTESIAN_POINT('',(-0.60147208783,1.924860636808,
    2.007682104391E-02));
#986 = CARTESIAN_POINT('',(-9.412839709172E-02,2.014193045452,
    -8.158771478239E-03));
#987 = CARTESIAN_POINT('',(0.164726848919,2.009652084534,
    -2.054017629228E-02));
#988 = CARTESIAN_POINT('',(0.675514958993,1.901111917202,
    -4.951000079719E-02));
#989 = CARTESIAN_POINT('',(0.921719062313,1.794703501413,
    -6.505135505717E-02));
#990 = CARTESIAN_POINT('',(1.349903645111,1.49768631639,
    -9.534544864939E-02));
#991 = CARTESIAN_POINT('',(1.530063476605,1.313107472391,-0.109830339397
    ));
#992 = CARTESIAN_POINT('',(1.816268198881,0.878273619878,-0.136971526105
    ));
#993 = CARTESIAN_POINT('',(1.916534317298,0.630193372095,-0.150738719961
    ));
#994 = CARTESIAN_POINT('',(1.988514850413,0.247524649688,-0.173061062102
    ));
#995 = CARTESIAN_POINT('',(2.,0.123748250191,-0.180281352072));
#996 = CARTESIAN_POINT('',(2.,5.20417042793E-16,-0.1875));
#997 = PCURVE('',#486,#998);
#998 = DEFINITIONAL_REPRESENTATION('',(#999),#1002);
#999 = B_SPLINE_CURVE_WITH_KNOTS('',1,(#1000,#1001),.UNSPECIFIED.,.F.,
  .F.,(2,2),(-2.364343064229,-1.102221243962),.PIECEWISE_BEZIER_KNOTS.);
#1000 = CARTESIAN_POINT('',(3.14159265359,-2.0125));
#1001 = CARTESIAN_POINT('',(9.424777960769,-1.3125));
#1002 = ( GEOMETRIC_REPRESENTATION_CONTEXT(2) 
PARAMETRIC_REPRESENTATION_CONTEXT() REPRESENTATION_CONTEXT('2D SPACE',''
  ) );
#1003 = PCURVE('',#328,#1004);
#1004 = DEFINITIONAL_REPRESENTATION('',(#1005),#1097);
#1005 = B_SPLINE_CURVE_WITH_KNOTS('',3,(#1006,#1007,#1008,#1009,#1010,
    #1011,#1012,#1013,#1014,#1015,#1016,#1017,#1018,#1019,#1020,#1021,
    #1022,#1023,#1024,#1025,#1026,#1027,#1028,#1029,#1030,#1031,#1032,
    #1033,#1034,#1035,#1036,#1037,#1038,#1039,#1040,#1041,#1042,#1043,
    #1044,#1045,#1046,#1047,#1048,#1049,#1050,#1051,#1052,#1053,#1054,
    #1055,#1056,#1057,#1058,#1059,#1060,#1061,#1062,#1063,#1064,#1065,
    #1066,#1067,#1068,#1069,#1070,#1071,#1072,#1073,#1074,#1075,#1076,
    #1077,#1078,#1079,#1080,#1081,#1082,#1083,#1084,#1085,#1086,#1087,
    #1088,#1089,#1090,#1091,#1092,#1093,#1094,#1095,#1096),
  .UNSPECIFIED.,.F.,.F.,(4,1,1,1,1,1,1,1,1,1,1,1,1,1,1,1,1,1,1,1,1,1,1,1
    ,1,1,1,1,1,1,1,1,1,1,1,1,1,1,1,1,1,1,1,1,1,1,1,1,1,1,1,1,1,1,1,1,1,1
    ,1,1,1,1,1,1,1,1,1,1,1,1,1,1,1,1,1,1,1,1,1,1,1,1,1,1,1,1,1,1,4),(
    -2.364343064229,-2.350000770816,-2.335658477404,-2.321316183992,
    -2.30697389058,-2.292631597168,-2.278289303756,-2.263947010344,
    -2.249604716932,-2.235262423519,-2.220920130107,-2.206577836695,
    -2.192235543283,-2.177893249871,-2.163550956459,-2.149208663047,
    -2.134866369635,-2.120524076223,-2.10618178281,-2.091839489398,
    -2.077497195986,-2.063154902574,-2.048812609162,-2.03447031575,
    -2.020128022338,-2.005785728926,-1.991443435513,-1.977101142101,
    -1.962758848689,-1.948416555277,-1.934074261865,-1.919731968453,
    -1.905389675041,-1.891047381629,-1.876705088216,-1.862362794804,
    -1.848020501392,-1.83367820798,-1.819335914568,-1.804993621156,
    -1.790651327744,-1.776309034332,-1.761966740919,-1.747624447507,
    -1.733282154095,-1.718939860683,-1.704597567271,-1.690255273859,
    -1.675912980447,-1.661570687035,-1.647228393622,-1.63288610021,
    -1.618543806798,-1.604201513386,-1.589859219974,-1.575516926562,
    -1.56117463315,-1.546832339738,-1.532490046325,-1.518147752913,
    -1.503805459501,-1.489463166089,-1.475120872677,-1.460778579265,
    -1.446436285853,-1.432093992441,-1.417751699028,-1.403409405616,
    -1.389067112204,-1.374724818792,-1.36038252538,-1.346040231968,
    -1.331697938556,-1.317355645144,-1.303013351731,-1.288671058319,
    -1.274328764907,-1.259986471495,-1.245644178083,-1.231301884671,
    -1.216959591259,-1.202617297847,-1.188275004434,-1.173932711022,
    -1.15959041761,-1.145248124198,-1.130905830786,-1.116563537374,
    -1.102221243962),.QUASI_UNIFORM_KNOTS.);
#1006 = CARTESIAN_POINT('',(1.,0.625));
#1007 = CARTESIAN_POINT('',(0.99999989453,0.6243841483));
#1008 = CARTESIAN_POINT('',(0.999999852604,0.623153018678));
#1009 = CARTESIAN_POINT('',(1.000000099679,0.621300806758));
#1010 = CARTESIAN_POINT('',(0.999999941007,0.619436319959));
#1011 = CARTESIAN_POINT('',(1.000000476098,0.617551115895));
#1012 = CARTESIAN_POINT('',(0.999856375836,0.615653477113));
#1013 = CARTESIAN_POINT('',(0.99972978765,0.61373405146));
#1014 = CARTESIAN_POINT('',(0.999745167104,0.61178425147));
#1015 = CARTESIAN_POINT('',(1.000007128266,0.609800140465));
#1016 = CARTESIAN_POINT('',(0.999998126379,0.607855833421));
#1017 = CARTESIAN_POINT('',(1.00000036951,0.605938277792));
#1018 = CARTESIAN_POINT('',(0.999998741262,0.60404963632));
#1019 = CARTESIAN_POINT('',(0.999998735039,0.602179513048));
#1020 = CARTESIAN_POINT('',(0.999999578817,0.600321487111));
#1021 = CARTESIAN_POINT('',(1.00000008548,0.598467875812));
#1022 = CARTESIAN_POINT('',(1.000000013886,0.596613001761));
#1023 = CARTESIAN_POINT('',(0.999999042554,0.594763638813));
#1024 = CARTESIAN_POINT('',(0.999998066425,0.592909915062));
#1025 = CARTESIAN_POINT('',(0.999999419679,0.591045268406));
#1026 = CARTESIAN_POINT('',(0.999997808848,0.589163320404));
#1027 = CARTESIAN_POINT('',(1.000008124073,0.587252673329));
#1028 = CARTESIAN_POINT('',(0.999967754073,0.585320204294));
#1029 = CARTESIAN_POINT('',(1.000099542978,0.583351016688));
#1030 = CARTESIAN_POINT('',(1.000212379814,0.581381744229));
#1031 = CARTESIAN_POINT('',(1.000087388919,0.579454076791));
#1032 = CARTESIAN_POINT('',(0.999983404819,0.577545801734));
#1033 = CARTESIAN_POINT('',(1.000004472841,0.575655653602));
#1034 = CARTESIAN_POINT('',(0.999997854118,0.573788463533));
#1035 = CARTESIAN_POINT('',(0.999998766997,0.57193404288));
#1036 = CARTESIAN_POINT('',(0.999999049454,0.570085870746));
#1037 = CARTESIAN_POINT('',(1.000000044329,0.568237477853));
#1038 = CARTESIAN_POINT('',(1.000000121959,0.56637907464));
#1039 = CARTESIAN_POINT('',(0.999999365148,0.564517906466));
#1040 = CARTESIAN_POINT('',(0.999998986825,0.562647447383));
#1041 = CARTESIAN_POINT('',(0.999996689195,0.560760528432));
#1042 = CARTESIAN_POINT('',(1.000006939856,0.558848774696));
#1043 = CARTESIAN_POINT('',(0.99997320793,0.556907908128));
#1044 = CARTESIAN_POINT('',(1.000100239295,0.554915911014));
#1045 = CARTESIAN_POINT('',(1.000190663982,0.552962953443));
#1046 = CARTESIAN_POINT('',(1.000159727814,0.551042949496));
#1047 = CARTESIAN_POINT('',(1.000090697627,0.549147112054));
#1048 = CARTESIAN_POINT('',(1.000013491673,0.547268894483));
#1049 = CARTESIAN_POINT('',(0.999996456347,0.545397767089));
#1050 = CARTESIAN_POINT('',(1.00000066607,0.543539275029));
#1051 = CARTESIAN_POINT('',(0.99999823715,0.54168999512));
#1052 = CARTESIAN_POINT('',(0.999998838656,0.539841803517));
#1053 = CARTESIAN_POINT('',(0.999998501917,0.537988078272));
#1054 = CARTESIAN_POINT('',(1.000003956729,0.536121258271));
#1055 = CARTESIAN_POINT('',(0.99998560596,0.534235314066));
#1056 = CARTESIAN_POINT('',(0.999840848604,0.532337145694));
#1057 = CARTESIAN_POINT('',(0.999727474699,0.53041642307));
#1058 = CARTESIAN_POINT('',(0.999755204425,0.528464983712));
#1059 = CARTESIAN_POINT('',(1.000022946358,0.526478036152));
#1060 = CARTESIAN_POINT('',(0.999993952446,0.524530668667));
#1061 = CARTESIAN_POINT('',(1.000001172344,0.522614554915));
#1062 = CARTESIAN_POINT('',(0.999998038131,0.520725479361));
#1063 = CARTESIAN_POINT('',(0.999998707737,0.51885475367));
#1064 = CARTESIAN_POINT('',(0.999999665543,0.516995706923));
#1065 = CARTESIAN_POINT('',(1.000000096063,0.515140001694));
#1066 = CARTESIAN_POINT('',(0.999999939105,0.513284738081));
#1067 = CARTESIAN_POINT('',(0.999998995946,0.511434509433));
#1068 = CARTESIAN_POINT('',(0.999998432658,0.509579375316));
#1069 = CARTESIAN_POINT('',(0.999999693947,0.507712821965));
#1070 = CARTESIAN_POINT('',(0.999998711647,0.505828224371));
#1071 = CARTESIAN_POINT('',(1.00000515099,0.503914845061));
#1072 = CARTESIAN_POINT('',(0.999933010071,0.501983895252));
#1073 = CARTESIAN_POINT('',(1.000049451851,0.500014066745));
#1074 = CARTESIAN_POINT('',(1.000158023351,0.498043876103));
#1075 = CARTESIAN_POINT('',(1.00004097312,0.496114829468));
#1076 = CARTESIAN_POINT('',(0.999989063213,0.494202954933));
#1077 = CARTESIAN_POINT('',(1.000002774779,0.49231431653));
#1078 = CARTESIAN_POINT('',(0.99999786678,0.490447061505));
#1079 = CARTESIAN_POINT('',(0.999998517046,0.488592294674));
#1080 = CARTESIAN_POINT('',(0.999999220454,0.486743250046));
#1081 = CARTESIAN_POINT('',(1.000000082203,0.484893205424));
#1082 = CARTESIAN_POINT('',(1.000000123437,0.483033541299));
#1083 = CARTESIAN_POINT('',(0.999999145867,0.481172182459));
#1084 = CARTESIAN_POINT('',(0.999999578427,0.47930044203));
#1085 = CARTESIAN_POINT('',(0.999995731653,0.47741155408));
#1086 = CARTESIAN_POINT('',(1.000012663999,0.475497574488));
#1087 = CARTESIAN_POINT('',(0.999952816688,0.473551793719));
#1088 = CARTESIAN_POINT('',(1.000194346098,0.471561883316));
#1089 = CARTESIAN_POINT('',(1.00027296131,0.469609354312));
#1090 = CARTESIAN_POINT('',(1.000206744148,0.467689003249));
#1091 = CARTESIAN_POINT('',(1.000089908088,0.465792014859));
#1092 = CARTESIAN_POINT('',(0.999991375646,0.463911112001));
#1093 = CARTESIAN_POINT('',(1.000002558335,0.462038497023));
#1094 = CARTESIAN_POINT('',(0.999998932929,0.460182526163));
#1095 = CARTESIAN_POINT('',(1.000001109696,0.458949547879));
#1096 = CARTESIAN_POINT('',(1.,0.458333333333));
#1097 = ( GEOMETRIC_REPRESENTATION_CONTEXT(2) 
PARAMETRIC_REPRESENTATION_CONTEXT() REPRESENTATION_CONTEXT('2D SPACE',''
  ) );
#1098 = ADVANCED_FACE('',(#1099),#804,.T.);
#1099 = FACE_BOUND('',#1100,.T.);
#1100 = EDGE_LOOP('',(#1101,#1102,#1219,#1248));
#1101 = ORIENTED_EDGE('',*,*,#786,.T.);
#1102 = ORIENTED_EDGE('',*,*,#1103,.T.);
#1103 = EDGE_CURVE('',#789,#1104,#1106,.T.);
#1104 = VERTEX_POINT('',#1105);
#1105 = CARTESIAN_POINT('',(1.401258540911,1.427050980703,
    -0.800000000195));
#1106 = SURFACE_CURVE('',#1107,(#1140,#1146),.PCURVE_S1.);
#1107 = B_SPLINE_CURVE_WITH_KNOTS('',3,(#1108,#1109,#1110,#1111,#1112,
    #1113,#1114,#1115,#1116,#1117,#1118,#1119,#1120,#1121,#1122,#1123,
    #1124,#1125,#1126,#1127,#1128,#1129,#1130,#1131,#1132,#1133,#1134,
    #1135,#1136,#1137,#1138,#1139),.UNSPECIFIED.,.F.,.F.,(4,2,2,2,2,2,2,
    2,2,2,2,2,2,2,2,4),(-1.102221243962,-1.060823888197,-0.9848006953,
    -0.905179420698,-0.827325490762,-0.750646146002,-0.670654895229,
    -0.593696691775,-0.514875216663,-0.435909885693,-0.359793520706,
    -0.280150927501,-0.202041127102,-0.125611743227,-6.311012226453E-02,
    -1.000000103168E-06),.UNSPECIFIED.);
#1108 = CARTESIAN_POINT('',(2.,9.367506770275E-16,-0.1875));
#1109 = CARTESIAN_POINT('',(2.,-0.13727835987,-0.195507904326));
#1110 = CARTESIAN_POINT('',(1.985865879397,-0.274522078478,
    -0.203513787911));
#1111 = CARTESIAN_POINT('',(1.905753389497,-0.657470405329,
    -0.225852440311));
#1112 = CARTESIAN_POINT('',(1.807275117488,-0.893237943107,
    -0.238919247144));
#1113 = CARTESIAN_POINT('',(1.52102078678,-1.325453111805,
    -0.265986561701));
#1114 = CARTESIAN_POINT('',(1.332085591913,-1.51520090068,
    -0.281065528451));
#1115 = CARTESIAN_POINT('',(0.896207082994,-1.806657974243,
    -0.311586135028));
#1116 = CARTESIAN_POINT('',(0.654723236522,-1.907500610583,
    -0.326726695418));
#1117 = CARTESIAN_POINT('',(0.150529175956,-2.010609118991,
    -0.355204977365));
#1118 = CARTESIAN_POINT('',(-0.107092395209,-2.013389592285,
    -0.367519579755));
#1119 = CARTESIAN_POINT('',(-0.620391008359,-1.919915575286,
    -0.396176800843));
#1120 = CARTESIAN_POINT('',(-0.870283524392,-1.820313708646,
    -0.411705962534));
#1121 = CARTESIAN_POINT('',(-1.307867192849,-1.534647012142,
    -0.442143824617));
#1122 = CARTESIAN_POINT('',(-1.49355715149,-1.354615404906,
    -0.45677545941));
#1123 = CARTESIAN_POINT('',(-1.790434473636,-0.929117836241,
    -0.484183497825));
#1124 = CARTESIAN_POINT('',(-1.896804628013,-0.686352695284,
    -0.497462759442));
#1125 = CARTESIAN_POINT('',(-2.009793481045,-0.173002553702,
    -0.527408184367));
#1126 = CARTESIAN_POINT('',(-2.015100546319,9.255304907733E-02,
    -0.542898927863));
#1127 = CARTESIAN_POINT('',(-1.924303146905,0.60112455088,
    -0.572565598801));
#1128 = CARTESIAN_POINT('',(-1.832692640289,0.839915540131,
    -0.586079964198));
#1129 = CARTESIAN_POINT('',(-1.559094403605,1.280442561,-0.612750345338)
  );
#1130 = CARTESIAN_POINT('',(-1.375817184514,1.475597114282,
    -0.627701178923));
#1131 = CARTESIAN_POINT('',(-0.94809666939,1.780082603405,
    -0.658189654211));
#1132 = CARTESIAN_POINT('',(-0.708924115818,1.888127220226,
    -0.673423510127));
#1133 = CARTESIAN_POINT('',(-0.208060768616,2.005350660551,
    -0.702145216116));
#1134 = CARTESIAN_POINT('',(4.838255041407E-02,2.015532905328,
    -0.714491153797));
#1135 = CARTESIAN_POINT('',(0.505574963568,1.946194001448,
    -0.739610052739));
#1136 = CARTESIAN_POINT('',(0.70511079231,1.88310315051,-0.751530383196)
  );
#1137 = CARTESIAN_POINT('',(1.079303723341,1.696822675977,
    -0.775867097781));
#1138 = CARTESIAN_POINT('',(1.251397359422,1.57420357956,-0.788137339966
    ));
#1139 = CARTESIAN_POINT('',(1.401258540911,1.427050980703,
    -0.800000000195));
#1140 = PCURVE('',#804,#1141);
#1141 = DEFINITIONAL_REPRESENTATION('',(#1142),#1145);
#1142 = B_SPLINE_CURVE_WITH_KNOTS('',1,(#1143,#1144),.UNSPECIFIED.,.F.,
  .F.,(2,2),(-1.102221243962,-1.000000103168E-06),
  .PIECEWISE_BEZIER_KNOTS.);
#1143 = CARTESIAN_POINT('',(3.14159265359,-1.3125));
#1144 = CARTESIAN_POINT('',(8.630260666443,-0.699999999805));
#1145 = ( GEOMETRIC_REPRESENTATION_CONTEXT(2) 
PARAMETRIC_REPRESENTATION_CONTEXT() REPRESENTATION_CONTEXT('2D SPACE',''
  ) );
#1146 = PCURVE('',#328,#1147);
#1147 = DEFINITIONAL_REPRESENTATION('',(#1148),#1218);
#1148 = B_SPLINE_CURVE_WITH_KNOTS('',3,(#1149,#1150,#1151,#1152,#1153,
    #1154,#1155,#1156,#1157,#1158,#1159,#1160,#1161,#1162,#1163,#1164,
    #1165,#1166,#1167,#1168,#1169,#1170,#1171,#1172,#1173,#1174,#1175,
    #1176,#1177,#1178,#1179,#1180,#1181,#1182,#1183,#1184,#1185,#1186,
    #1187,#1188,#1189,#1190,#1191,#1192,#1193,#1194,#1195,#1196,#1197,
    #1198,#1199,#1200,#1201,#1202,#1203,#1204,#1205,#1206,#1207,#1208,
    #1209,#1210,#1211,#1212,#1213,#1214,#1215,#1216,#1217),
  .UNSPECIFIED.,.F.,.F.,(4,1,1,1,1,1,1,1,1,1,1,1,1,1,1,1,1,1,1,1,1,1,1,1
    ,1,1,1,1,1,1,1,1,1,1,1,1,1,1,1,1,1,1,1,1,1,1,1,1,1,1,1,1,1,1,1,1,1,1
    ,1,1,1,1,1,1,1,1,4),(-1.102221243962,-1.085520937235,-1.068820630508
    ,-1.052120323782,-1.035420017055,-1.018719710328,-1.002019403602,
    -0.985319096875,-0.968618790148,-0.951918483421,-0.935218176695,
    -0.918517869968,-0.901817563241,-0.885117256515,-0.868416949788,
    -0.851716643061,-0.835016336335,-0.818316029608,-0.801615722881,
    -0.784915416155,-0.768215109428,-0.751514802701,-0.734814495975,
    -0.718114189248,-0.701413882521,-0.684713575794,-0.668013269068,
    -0.651312962341,-0.634612655614,-0.617912348888,-0.601212042161,
    -0.584511735434,-0.567811428708,-0.551111121981,-0.534410815254,
    -0.517710508528,-0.501010201801,-0.484309895074,-0.467609588347,
    -0.450909281621,-0.434208974894,-0.417508668167,-0.400808361441,
    -0.384108054714,-0.367407747987,-0.350707441261,-0.334007134534,
    -0.317306827807,-0.300606521081,-0.283906214354,-0.267205907627,
    -0.2505056009,-0.233805294174,-0.217104987447,-0.20040468072,
    -0.183704373994,-0.167004067267,-0.15030376054,-0.133603453814,
    -0.116903147087,-0.10020284036,-8.350253363356E-02,
    -6.680222690687E-02,-5.010192018018E-02,-3.340161345349E-02,
    -1.670130672679E-02,-1.000000103168E-06),.UNSPECIFIED.);
#1149 = CARTESIAN_POINT('',(1.,0.458333333333));
#1150 = CARTESIAN_POINT('',(0.999997572657,0.457615927164));
#1151 = CARTESIAN_POINT('',(1.000001362129,0.456180371598));
#1152 = CARTESIAN_POINT('',(0.999999266525,0.454017458171));
#1153 = CARTESIAN_POINT('',(1.000002076924,0.451830867867));
#1154 = CARTESIAN_POINT('',(0.999860085775,0.449630116306));
#1155 = CARTESIAN_POINT('',(0.999738192073,0.447401454997));
#1156 = CARTESIAN_POINT('',(0.999800372207,0.445130969978));
#1157 = CARTESIAN_POINT('',(1.000053261381,0.442813456988));
#1158 = CARTESIAN_POINT('',(0.999985621149,0.440558649211));
#1159 = CARTESIAN_POINT('',(1.000002318857,0.438343116864));
#1160 = CARTESIAN_POINT('',(0.999997575375,0.436157023208));
#1161 = CARTESIAN_POINT('',(1.000000206249,0.433989146938));
#1162 = CARTESIAN_POINT('',(1.000000063503,0.431824326069));
#1163 = CARTESIAN_POINT('',(0.999999503539,0.429668361422));
#1164 = CARTESIAN_POINT('',(0.999998347503,0.427514345161));
#1165 = CARTESIAN_POINT('',(0.999999288596,0.425349796068));
#1166 = CARTESIAN_POINT('',(0.999999624733,0.423164598464));
#1167 = CARTESIAN_POINT('',(1.000001930443,0.42094358609));
#1168 = CARTESIAN_POINT('',(0.999851454026,0.418701960006));
#1169 = CARTESIAN_POINT('',(1.000015668473,0.416401729859));
#1170 = CARTESIAN_POINT('',(1.000069838183,0.414118957991));
#1171 = CARTESIAN_POINT('',(0.999981690192,0.411879050723));
#1172 = CARTESIAN_POINT('',(1.000004776643,0.409668090429));
#1173 = CARTESIAN_POINT('',(0.999997077825,0.407490383228));
#1174 = CARTESIAN_POINT('',(0.999998823912,0.405329572526));
#1175 = CARTESIAN_POINT('',(0.99999978992,0.403176738213));
#1176 = CARTESIAN_POINT('',(1.000000193343,0.401016452444));
#1177 = CARTESIAN_POINT('',(0.999999419601,0.398853547038));
#1178 = CARTESIAN_POINT('',(0.999999036597,0.396682253133));
#1179 = CARTESIAN_POINT('',(0.99999744538,0.394489834282));
#1180 = CARTESIAN_POINT('',(1.00000693209,0.392264609719));
#1181 = CARTESIAN_POINT('',(0.999974648061,0.389995105872));
#1182 = CARTESIAN_POINT('',(1.000315714533,0.387679861777));
#1183 = CARTESIAN_POINT('',(1.000268984168,0.385424434596));
#1184 = CARTESIAN_POINT('',(1.000105391601,0.383203147395));
#1185 = CARTESIAN_POINT('',(0.999976869166,0.381005818611));
#1186 = CARTESIAN_POINT('',(1.000006200682,0.378825123834));
#1187 = CARTESIAN_POINT('',(0.999996628193,0.376666861505));
#1188 = CARTESIAN_POINT('',(0.999999690187,0.374515162194));
#1189 = CARTESIAN_POINT('',(0.999996669153,0.372361195752));
#1190 = CARTESIAN_POINT('',(1.000011538501,0.370189522498));
#1191 = CARTESIAN_POINT('',(0.999953770408,0.3680038003));
#1192 = CARTESIAN_POINT('',(0.99986469842,0.365799030158));
#1193 = CARTESIAN_POINT('',(0.999807044844,0.363564808624));
#1194 = CARTESIAN_POINT('',(0.999964811671,0.361276029228));
#1195 = CARTESIAN_POINT('',(1.0000095761,0.35896796917));
#1196 = CARTESIAN_POINT('',(0.999996552977,0.356728890172));
#1197 = CARTESIAN_POINT('',(0.999998974591,0.354521825764));
#1198 = CARTESIAN_POINT('',(0.999999247903,0.352341497279));
#1199 = CARTESIAN_POINT('',(1.000000163258,0.350173739742));
#1200 = CARTESIAN_POINT('',(1.000000047601,0.348011325556));
#1201 = CARTESIAN_POINT('',(0.999998261881,0.345860566098));
#1202 = CARTESIAN_POINT('',(1.00000010106,0.343706048341));
#1203 = CARTESIAN_POINT('',(0.999994117542,0.34153870442));
#1204 = CARTESIAN_POINT('',(1.000021592349,0.339343319347));
#1205 = CARTESIAN_POINT('',(0.999912831184,0.337121282257));
#1206 = CARTESIAN_POINT('',(0.999765237007,0.334874026423));
#1207 = CARTESIAN_POINT('',(1.000007661653,0.332564731372));
#1208 = CARTESIAN_POINT('',(1.000007517123,0.3302961772));
#1209 = CARTESIAN_POINT('',(0.999998043232,0.328059687685));
#1210 = CARTESIAN_POINT('',(1.000000159468,0.325860507827));
#1211 = CARTESIAN_POINT('',(0.999999602639,0.323685013955));
#1212 = CARTESIAN_POINT('',(1.000000051841,0.321521448065));
#1213 = CARTESIAN_POINT('',(1.000000167118,0.319361414992));
#1214 = CARTESIAN_POINT('',(1.000000308938,0.317207728396));
#1215 = CARTESIAN_POINT('',(1.000000253846,0.315046000348));
#1216 = CARTESIAN_POINT('',(1.000000107423,0.313592462846));
#1217 = CARTESIAN_POINT('',(1.,0.312860658213));
#1218 = ( GEOMETRIC_REPRESENTATION_CONTEXT(2) 
PARAMETRIC_REPRESENTATION_CONTEXT() REPRESENTATION_CONTEXT('2D SPACE',''
  ) );
#1219 = ORIENTED_EDGE('',*,*,#1220,.F.);
#1220 = EDGE_CURVE('',#1221,#1104,#1223,.T.);
#1221 = VERTEX_POINT('',#1222);
#1222 = CARTESIAN_POINT('',(0.,2.,-0.8));
#1223 = SURFACE_CURVE('',#1224,(#1229,#1236),.PCURVE_S1.);
#1224 = CIRCLE('',#1225,2.);
#1225 = AXIS2_PLACEMENT_3D('',#1226,#1227,#1228);
#1226 = CARTESIAN_POINT('',(0.,-1.714505518806E-15,-0.8));
#1227 = DIRECTION('',(0.,0.,-1.));
#1228 = DIRECTION('',(-1.,0.,0.));
#1229 = PCURVE('',#804,#1230);
#1230 = DEFINITIONAL_REPRESENTATION('',(#1231),#1235);
#1231 = LINE('',#1232,#1233);
#1232 = CARTESIAN_POINT('',(6.28318530718,-0.7));
#1233 = VECTOR('',#1234,1.);
#1234 = DIRECTION('',(1.,0.));
#1235 = ( GEOMETRIC_REPRESENTATION_CONTEXT(2) 
PARAMETRIC_REPRESENTATION_CONTEXT() REPRESENTATION_CONTEXT('2D SPACE',''
  ) );
#1236 = PCURVE('',#1237,#1242);
#1237 = CONICAL_SURFACE('',#1238,1.3,0.785398163397);
#1238 = AXIS2_PLACEMENT_3D('',#1239,#1240,#1241);
#1239 = CARTESIAN_POINT('',(0.,-1.714505518806E-15,-1.5));
#1240 = DIRECTION('',(0.,0.,1.));
#1241 = DIRECTION('',(1.,0.,-0.));
#1242 = DEFINITIONAL_REPRESENTATION('',(#1243),#1247);
#1243 = LINE('',#1244,#1245);
#1244 = CARTESIAN_POINT('',(3.14159265359,0.7));
#1245 = VECTOR('',#1246,1.);
#1246 = DIRECTION('',(-1.,0.));
#1247 = ( GEOMETRIC_REPRESENTATION_CONTEXT(2) 
PARAMETRIC_REPRESENTATION_CONTEXT() REPRESENTATION_CONTEXT('2D SPACE',''
  ) );
#1248 = ORIENTED_EDGE('',*,*,#1249,.T.);
#1249 = EDGE_CURVE('',#1221,#787,#1250,.T.);
#1250 = SURFACE_CURVE('',#1251,(#1280,#1286),.PCURVE_S1.);
#1251 = B_SPLINE_CURVE_WITH_KNOTS('',3,(#1252,#1253,#1254,#1255,#1256,
    #1257,#1258,#1259,#1260,#1261,#1262,#1263,#1264,#1265,#1266,#1267,
    #1268,#1269,#1270,#1271,#1272,#1273,#1274,#1275,#1276,#1277,#1278,
    #1279),.UNSPECIFIED.,.F.,.F.,(4,2,2,2,2,2,2,2,2,2,2,2,2,4),(
    -3.647512610952,-3.596978543807,-3.544669945339,-3.464111404675,
    -3.387638025396,-3.309258247009,-3.229463054115,-3.153128769816,
    -3.073895165802,-2.995275588659,-2.918072538866,-2.8378184018,
    -2.761163172762,-2.699274596158),.UNSPECIFIED.);
#1252 = CARTESIAN_POINT('',(1.283695372223E-15,2.,-0.8));
#1253 = CARTESIAN_POINT('',(-0.167670488302,2.,-0.791529597364));
#1254 = CARTESIAN_POINT('',(-0.334752075666,1.97891614494,-0.78247399914
    ));
#1255 = CARTESIAN_POINT('',(-0.665584631492,1.893984732489,
    -0.763283784742));
#1256 = CARTESIAN_POINT('',(-0.827501161424,1.829047743286,
    -0.753210065911));
#1257 = CARTESIAN_POINT('',(-1.212253532703,1.61307391768,
    -0.727473851882));
#1258 = CARTESIAN_POINT('',(-1.4169328503,1.436628192361,-0.711987498055
    ));
#1259 = CARTESIAN_POINT('',(-1.736440839162,1.024350981834,
    -0.683821794035));
#1260 = CARTESIAN_POINT('',(-1.852357343148,0.795804147334,
    -0.671421908594));
#1261 = CARTESIAN_POINT('',(-1.994234404398,0.301361305633,
    -0.642579409495));
#1262 = CARTESIAN_POINT('',(-2.016486247228,3.947912082007E-02,
    -0.627302948715));
#1263 = CARTESIAN_POINT('',(-1.958881896383,-0.482728739816,
    -0.596840823511));
#1264 = CARTESIAN_POINT('',(-1.877738119524,-0.737831791818,
    -0.581959812144));
#1265 = CARTESIAN_POINT('',(-1.626208684382,-1.191543504521,
    -0.55549329557));
#1266 = CARTESIAN_POINT('',(-1.462107326266,-1.388042903199,
    -0.541711703767));
#1267 = CARTESIAN_POINT('',(-1.061574839541,-1.715361882054,
    -0.511930740552));
#1268 = CARTESIAN_POINT('',(-0.826627589946,-1.840135993447,
    -0.496422395579));
#1269 = CARTESIAN_POINT('',(-0.323841852795,-1.990846156084,
    -0.466626877942));
#1270 = CARTESIAN_POINT('',(-6.119325846878E-02,-2.016078601618,
    -0.453560329336));
#1271 = CARTESIAN_POINT('',(0.454282051779,-1.964562474703,
    -0.426016917335));
#1272 = CARTESIAN_POINT('',(0.702354136227,-1.890116567114,
    -0.411313435949));
#1273 = CARTESIAN_POINT('',(1.16572935207,-1.646883138325,
    -0.380810269619));
#1274 = CARTESIAN_POINT('',(1.374759594784,-1.476893059183,
    -0.365292404791));
#1275 = CARTESIAN_POINT('',(1.706218859199,-1.074129265564,
    -0.336800419117));
#1276 = CARTESIAN_POINT('',(1.829037373441,-0.848270485115,
    -0.324482444965));
#1277 = CARTESIAN_POINT('',(1.968452308506,-0.409299393951,
    -0.29887579798));
#1278 = CARTESIAN_POINT('',(2.,-0.205086037213,-0.286963352171));
#1279 = CARTESIAN_POINT('',(2.,1.734723475977E-16,-0.275));
#1280 = PCURVE('',#804,#1281);
#1281 = DEFINITIONAL_REPRESENTATION('',(#1282),#1285);
#1282 = B_SPLINE_CURVE_WITH_KNOTS('',1,(#1283,#1284),.UNSPECIFIED.,.F.,
  .F.,(2,2),(-3.647512610952,-2.699274596158),.PIECEWISE_BEZIER_KNOTS.);
#1283 = CARTESIAN_POINT('',(7.853981633974,-0.7));
#1284 = CARTESIAN_POINT('',(3.14159265359,-1.225));
#1285 = ( GEOMETRIC_REPRESENTATION_CONTEXT(2) 
PARAMETRIC_REPRESENTATION_CONTEXT() REPRESENTATION_CONTEXT('2D SPACE',''
  ) );
#1286 = PCURVE('',#125,#1287);
#1287 = DEFINITIONAL_REPRESENTATION('',(#1288),#1358);
#1288 = B_SPLINE_CURVE_WITH_KNOTS('',3,(#1289,#1290,#1291,#1292,#1293,
    #1294,#1295,#1296,#1297,#1298,#1299,#1300,#1301,#1302,#1303,#1304,
    #1305,#1306,#1307,#1308,#1309,#1310,#1311,#1312,#1313,#1314,#1315,
    #1316,#1317,#1318,#1319,#1320,#1321,#1322,#1323,#1324,#1325,#1326,
    #1327,#1328,#1329,#1330,#1331,#1332,#1333,#1334,#1335,#1336,#1337,
    #1338,#1339,#1340,#1341,#1342,#1343,#1344,#1345,#1346,#1347,#1348,
    #1349,#1350,#1351,#1352,#1353,#1354,#1355,#1356,#1357),
  .UNSPECIFIED.,.F.,.F.,(4,1,1,1,1,1,1,1,1,1,1,1,1,1,1,1,1,1,1,1,1,1,1,1
    ,1,1,1,1,1,1,1,1,1,1,1,1,1,1,1,1,1,1,1,1,1,1,1,1,1,1,1,1,1,1,1,1,1,1
    ,1,1,1,1,1,1,1,1,4),(-3.647512610952,-3.633145368303,-3.618778125655
    ,-3.604410883006,-3.590043640358,-3.57567639771,-3.561309155061,
    -3.546941912413,-3.532574669765,-3.518207427116,-3.503840184468,
    -3.489472941819,-3.475105699171,-3.460738456523,-3.446371213874,
    -3.432003971226,-3.417636728577,-3.403269485929,-3.388902243281,
    -3.374535000632,-3.360167757984,-3.345800515336,-3.331433272687,
    -3.317066030039,-3.30269878739,-3.288331544742,-3.273964302094,
    -3.259597059445,-3.245229816797,-3.230862574148,-3.2164953315,
    -3.202128088852,-3.187760846203,-3.173393603555,-3.159026360907,
    -3.144659118258,-3.13029187561,-3.115924632961,-3.101557390313,
    -3.087190147665,-3.072822905016,-3.058455662368,-3.044088419719,
    -3.029721177071,-3.015353934423,-3.000986691774,-2.986619449126,
    -2.972252206478,-2.957884963829,-2.943517721181,-2.929150478532,
    -2.914783235884,-2.900415993236,-2.886048750587,-2.871681507939,
    -2.85731426529,-2.842947022642,-2.828579779994,-2.814212537345,
    -2.799845294697,-2.785478052049,-2.7711108094,-2.756743566752,
    -2.742376324103,-2.728009081455,-2.713641838807,-2.699274596158),
  .QUASI_UNIFORM_KNOTS.);
#1289 = CARTESIAN_POINT('',(-3.169648348907E-15,0.166666666667));
#1290 = CARTESIAN_POINT('',(-5.839360097566E-08,0.167328706028));
#1291 = CARTESIAN_POINT('',(-2.17872686044E-07,0.168638942176));
#1292 = CARTESIAN_POINT('',(-4.369963846295E-07,0.170570925181));
#1293 = CARTESIAN_POINT('',(-5.568566609136E-08,0.17247742866));
#1294 = CARTESIAN_POINT('',(-6.192159846335E-09,0.174367271165));
#1295 = CARTESIAN_POINT('',(1.298448871308E-07,0.176237112815));
#1296 = CARTESIAN_POINT('',(9.001814504385E-08,0.178095027092));
#1297 = CARTESIAN_POINT('',(-3.067195095861E-08,0.179948825495));
#1298 = CARTESIAN_POINT('',(3.596630894192E-08,0.181802204293));
#1299 = CARTESIAN_POINT('',(1.158326106833E-06,0.183652329618));
#1300 = CARTESIAN_POINT('',(1.841306139375E-06,0.185508661008));
#1301 = CARTESIAN_POINT('',(7.856056025691E-07,0.187377925921));
#1302 = CARTESIAN_POINT('',(7.580447675641E-07,0.189266419792));
#1303 = CARTESIAN_POINT('',(-3.030060430257E-06,0.191186115999));
#1304 = CARTESIAN_POINT('',(1.279412063135E-05,0.193126799828));
#1305 = CARTESIAN_POINT('',(-2.197870852835E-04,0.195109894552));
#1306 = CARTESIAN_POINT('',(-2.117864363934E-04,0.19705958976));
#1307 = CARTESIAN_POINT('',(-7.35090454678E-05,0.198979432792));
#1308 = CARTESIAN_POINT('',(1.851244623433E-05,0.200880131307));
#1309 = CARTESIAN_POINT('',(-4.911608004E-06,0.202763034584));
#1310 = CARTESIAN_POINT('',(2.44244169785E-06,0.204625075779));
#1311 = CARTESIAN_POINT('',(1.199882099303E-06,0.206476305798));
#1312 = CARTESIAN_POINT('',(8.249313475299E-07,0.208323158467));
#1313 = CARTESIAN_POINT('',(-8.321437372128E-08,0.210172308398));
#1314 = CARTESIAN_POINT('',(-1.077208313722E-07,0.212032764501));
#1315 = CARTESIAN_POINT('',(7.585487192337E-07,0.213896570981));
#1316 = CARTESIAN_POINT('',(1.141600465071E-06,0.215771892829));
#1317 = CARTESIAN_POINT('',(2.905641999623E-06,0.217665924869));
#1318 = CARTESIAN_POINT('',(-6.00019997519E-06,0.219585613635));
#1319 = CARTESIAN_POINT('',(2.285387556823E-05,0.221541486938));
#1320 = CARTESIAN_POINT('',(-8.542196434088E-05,0.223532824452));
#1321 = CARTESIAN_POINT('',(-1.028608004673E-04,0.225471194172));
#1322 = CARTESIAN_POINT('',(-7.772106893564E-05,0.227383773517));
#1323 = CARTESIAN_POINT('',(-3.353313067786E-05,0.229273315214));
#1324 = CARTESIAN_POINT('',(2.923904337687E-06,0.231148527738));
#1325 = CARTESIAN_POINT('',(-8.455715909094E-07,0.233016814716));
#1326 = CARTESIAN_POINT('',(9.581286070665E-07,0.234870234682));
#1327 = CARTESIAN_POINT('',(1.974291348218E-06,0.236718267081));
#1328 = CARTESIAN_POINT('',(1.560605115967E-08,0.238567501208));
#1329 = CARTESIAN_POINT('',(4.670329509351E-06,0.240424356141));
#1330 = CARTESIAN_POINT('',(-1.71701281969E-05,0.242298858848));
#1331 = CARTESIAN_POINT('',(6.68780589015E-05,0.244187678926));
#1332 = CARTESIAN_POINT('',(2.147124670949E-04,0.246092817822));
#1333 = CARTESIAN_POINT('',(3.129562839153E-04,0.248020317614));
#1334 = CARTESIAN_POINT('',(1.537402914029E-04,0.249990502978));
#1335 = CARTESIAN_POINT('',(-2.67014750763E-05,0.251964546673));
#1336 = CARTESIAN_POINT('',(7.067530747168E-06,0.253902053135));
#1337 = CARTESIAN_POINT('',(-1.275167314485E-06,0.255808694475));
#1338 = CARTESIAN_POINT('',(1.871936429006E-06,0.257691371309));
#1339 = CARTESIAN_POINT('',(7.629970674242E-07,0.259558013424));
#1340 = CARTESIAN_POINT('',(5.262786254901E-08,0.261414951406));
#1341 = CARTESIAN_POINT('',(-1.019523337409E-07,0.263272314797));
#1342 = CARTESIAN_POINT('',(3.919877528014E-07,0.265124158168));
#1343 = CARTESIAN_POINT('',(1.581822734496E-06,0.266975041826));
#1344 = CARTESIAN_POINT('',(1.520110879677E-06,0.268832692332));
#1345 = CARTESIAN_POINT('',(8.373503008027E-07,0.270704087434));
#1346 = CARTESIAN_POINT('',(-1.419512843569E-06,0.272596405248));
#1347 = CARTESIAN_POINT('',(4.913643225275E-06,0.274518254964));
#1348 = CARTESIAN_POINT('',(5.378206554053E-05,0.276457782743));
#1349 = CARTESIAN_POINT('',(-1.55498342206E-04,0.27844189833));
#1350 = CARTESIAN_POINT('',(-1.409154901611E-04,0.280393397677));
#1351 = CARTESIAN_POINT('',(-1.584281139305E-05,0.282315764155));
#1352 = CARTESIAN_POINT('',(4.194557423322E-06,0.284220966885));
#1353 = CARTESIAN_POINT('',(-1.005405718934E-06,0.286101721674));
#1354 = CARTESIAN_POINT('',(1.055180322473E-06,0.287964560903));
#1355 = CARTESIAN_POINT('',(3.074039121589E-07,0.289817019182));
#1356 = CARTESIAN_POINT('',(1.12487000887E-07,0.29104970708));
#1357 = CARTESIAN_POINT('',(9.744279568516E-15,0.291666666667));
#1358 = ( GEOMETRIC_REPRESENTATION_CONTEXT(2) 
PARAMETRIC_REPRESENTATION_CONTEXT() REPRESENTATION_CONTEXT('2D SPACE',''
  ) );
#1359 = ADVANCED_FACE('',(#1360),#1374,.F.);
#1360 = FACE_BOUND('',#1361,.F.);
#1361 = EDGE_LOOP('',(#1362,#1392,#1421,#1450,#1479,#1508,#1537,#1564));
#1362 = ORIENTED_EDGE('',*,*,#1363,.T.);
#1363 = EDGE_CURVE('',#1364,#1366,#1368,.T.);
#1364 = VERTEX_POINT('',#1365);
#1365 = CARTESIAN_POINT('',(0.,0.,-0.32735026919));
#1366 = VERTEX_POINT('',#1367);
#1367 = CARTESIAN_POINT('',(-1.,0.,0.25));
#1368 = SEAM_CURVE('',#1369,(#1373,#1385),.PCURVE_S1.);
#1369 = LINE('',#1370,#1371);
#1370 = CARTESIAN_POINT('',(-1.,-1.224646799147E-16,0.25));
#1371 = VECTOR('',#1372,1.);
#1372 = DIRECTION('',(-0.866025403784,-1.060575238725E-16,0.5));
#1373 = PCURVE('',#1374,#1379);
#1374 = CONICAL_SURFACE('',#1375,1.,1.047197551197);
#1375 = AXIS2_PLACEMENT_3D('',#1376,#1377,#1378);
#1376 = CARTESIAN_POINT('',(0.,0.,0.25));
#1377 = DIRECTION('',(0.,0.,1.));
#1378 = DIRECTION('',(1.,0.,-0.));
#1379 = DEFINITIONAL_REPRESENTATION('',(#1380),#1384);
#1380 = LINE('',#1381,#1382);
#1381 = CARTESIAN_POINT('',(9.424777960769,0.));
#1382 = VECTOR('',#1383,1.);
#1383 = DIRECTION('',(6.922665670981E-15,1.));
#1384 = ( GEOMETRIC_REPRESENTATION_CONTEXT(2) 
PARAMETRIC_REPRESENTATION_CONTEXT() REPRESENTATION_CONTEXT('2D SPACE',''
  ) );
#1385 = PCURVE('',#1374,#1386);
#1386 = DEFINITIONAL_REPRESENTATION('',(#1387),#1391);
#1387 = LINE('',#1388,#1389);
#1388 = CARTESIAN_POINT('',(3.14159265359,0.));
#1389 = VECTOR('',#1390,1.);
#1390 = DIRECTION('',(6.922665670981E-15,1.));
#1391 = ( GEOMETRIC_REPRESENTATION_CONTEXT(2) 
PARAMETRIC_REPRESENTATION_CONTEXT() REPRESENTATION_CONTEXT('2D SPACE',''
  ) );
#1392 = ORIENTED_EDGE('',*,*,#1393,.F.);
#1393 = EDGE_CURVE('',#1394,#1366,#1396,.T.);
#1394 = VERTEX_POINT('',#1395);
#1395 = CARTESIAN_POINT('',(-0.5,0.866025403784,0.25));
#1396 = SURFACE_CURVE('',#1397,(#1402,#1409),.PCURVE_S1.);
#1397 = CIRCLE('',#1398,1.);
#1398 = AXIS2_PLACEMENT_3D('',#1399,#1400,#1401);
#1399 = CARTESIAN_POINT('',(0.,0.,0.25));
#1400 = DIRECTION('',(0.,0.,1.));
#1401 = DIRECTION('',(1.,0.,-0.));
#1402 = PCURVE('',#1374,#1403);
#1403 = DEFINITIONAL_REPRESENTATION('',(#1404),#1408);
#1404 = LINE('',#1405,#1406);
#1405 = CARTESIAN_POINT('',(6.28318530718,-1.442222014788E-16));
#1406 = VECTOR('',#1407,1.);
#1407 = DIRECTION('',(1.,4.590735253788E-17));
#1408 = ( GEOMETRIC_REPRESENTATION_CONTEXT(2) 
PARAMETRIC_REPRESENTATION_CONTEXT() REPRESENTATION_CONTEXT('2D SPACE',''
  ) );
#1409 = PCURVE('',#1410,#1415);
#1410 = PLANE('',#1411);
#1411 = AXIS2_PLACEMENT_3D('',#1412,#1413,#1414);
#1412 = CARTESIAN_POINT('',(-1.,1.732050807569,0.25));
#1413 = DIRECTION('',(0.,0.,1.));
#1414 = DIRECTION('',(1.,0.,-0.));
#1415 = DEFINITIONAL_REPRESENTATION('',(#1416),#1420);
#1416 = CIRCLE('',#1417,1.);
#1417 = AXIS2_PLACEMENT_2D('',#1418,#1419);
#1418 = CARTESIAN_POINT('',(1.,-1.732050807569));
#1419 = DIRECTION('',(1.,0.));
#1420 = ( GEOMETRIC_REPRESENTATION_CONTEXT(2) 
PARAMETRIC_REPRESENTATION_CONTEXT() REPRESENTATION_CONTEXT('2D SPACE',''
  ) );
#1421 = ORIENTED_EDGE('',*,*,#1422,.F.);
#1422 = EDGE_CURVE('',#1423,#1394,#1425,.T.);
#1423 = VERTEX_POINT('',#1424);
#1424 = CARTESIAN_POINT('',(0.5,0.866025403784,0.25));
#1425 = SURFACE_CURVE('',#1426,(#1431,#1438),.PCURVE_S1.);
#1426 = CIRCLE('',#1427,1.);
#1427 = AXIS2_PLACEMENT_3D('',#1428,#1429,#1430);
#1428 = CARTESIAN_POINT('',(0.,0.,0.25));
#1429 = DIRECTION('',(0.,0.,1.));
#1430 = DIRECTION('',(1.,0.,-0.));
#1431 = PCURVE('',#1374,#1432);
#1432 = DEFINITIONAL_REPRESENTATION('',(#1433),#1437);
#1433 = LINE('',#1434,#1435);
#1434 = CARTESIAN_POINT('',(6.28318530718,4.807406715959E-17));
#1435 = VECTOR('',#1436,1.);
#1436 = DIRECTION('',(1.,-4.590735253788E-17));
#1437 = ( GEOMETRIC_REPRESENTATION_CONTEXT(2) 
PARAMETRIC_REPRESENTATION_CONTEXT() REPRESENTATION_CONTEXT('2D SPACE',''
  ) );
#1438 = PCURVE('',#1439,#1444);
#1439 = PLANE('',#1440);
#1440 = AXIS2_PLACEMENT_3D('',#1441,#1442,#1443);
#1441 = CARTESIAN_POINT('',(-1.,1.732050807569,0.25));
#1442 = DIRECTION('',(0.,0.,1.));
#1443 = DIRECTION('',(1.,0.,-0.));
#1444 = DEFINITIONAL_REPRESENTATION('',(#1445),#1449);
#1445 = CIRCLE('',#1446,1.);
#1446 = AXIS2_PLACEMENT_2D('',#1447,#1448);
#1447 = CARTESIAN_POINT('',(1.,-1.732050807569));
#1448 = DIRECTION('',(1.,0.));
#1449 = ( GEOMETRIC_REPRESENTATION_CONTEXT(2) 
PARAMETRIC_REPRESENTATION_CONTEXT() REPRESENTATION_CONTEXT('2D SPACE',''
  ) );
#1450 = ORIENTED_EDGE('',*,*,#1451,.F.);
#1451 = EDGE_CURVE('',#1452,#1423,#1454,.T.);
#1452 = VERTEX_POINT('',#1453);
#1453 = CARTESIAN_POINT('',(1.,0.,0.25));
#1454 = SURFACE_CURVE('',#1455,(#1460,#1467),.PCURVE_S1.);
#1455 = CIRCLE('',#1456,1.);
#1456 = AXIS2_PLACEMENT_3D('',#1457,#1458,#1459);
#1457 = CARTESIAN_POINT('',(0.,0.,0.25));
#1458 = DIRECTION('',(0.,0.,1.));
#1459 = DIRECTION('',(1.,0.,-0.));
#1460 = PCURVE('',#1374,#1461);
#1461 = DEFINITIONAL_REPRESENTATION('',(#1462),#1466);
#1462 = LINE('',#1463,#1464);
#1463 = CARTESIAN_POINT('',(6.28318530718,0.));
#1464 = VECTOR('',#1465,1.);
#1465 = DIRECTION('',(1.,0.));
#1466 = ( GEOMETRIC_REPRESENTATION_CONTEXT(2) 
PARAMETRIC_REPRESENTATION_CONTEXT() REPRESENTATION_CONTEXT('2D SPACE',''
  ) );
#1467 = PCURVE('',#1468,#1473);
#1468 = PLANE('',#1469);
#1469 = AXIS2_PLACEMENT_3D('',#1470,#1471,#1472);
#1470 = CARTESIAN_POINT('',(-1.,1.732050807569,0.25));
#1471 = DIRECTION('',(0.,0.,1.));
#1472 = DIRECTION('',(1.,0.,-0.));
#1473 = DEFINITIONAL_REPRESENTATION('',(#1474),#1478);
#1474 = CIRCLE('',#1475,1.);
#1475 = AXIS2_PLACEMENT_2D('',#1476,#1477);
#1476 = CARTESIAN_POINT('',(1.,-1.732050807569));
#1477 = DIRECTION('',(1.,0.));
#1478 = ( GEOMETRIC_REPRESENTATION_CONTEXT(2) 
PARAMETRIC_REPRESENTATION_CONTEXT() REPRESENTATION_CONTEXT('2D SPACE',''
  ) );
#1479 = ORIENTED_EDGE('',*,*,#1480,.F.);
#1480 = EDGE_CURVE('',#1481,#1452,#1483,.T.);
#1481 = VERTEX_POINT('',#1482);
#1482 = CARTESIAN_POINT('',(0.5,-0.866025403784,0.25));
#1483 = SURFACE_CURVE('',#1484,(#1489,#1496),.PCURVE_S1.);
#1484 = CIRCLE('',#1485,1.);
#1485 = AXIS2_PLACEMENT_3D('',#1486,#1487,#1488);
#1486 = CARTESIAN_POINT('',(0.,0.,0.25));
#1487 = DIRECTION('',(0.,0.,1.));
#1488 = DIRECTION('',(1.,0.,-0.));
#1489 = PCURVE('',#1374,#1490);
#1490 = DEFINITIONAL_REPRESENTATION('',(#1491),#1495);
#1491 = LINE('',#1492,#1493);
#1492 = CARTESIAN_POINT('',(0.,0.));
#1493 = VECTOR('',#1494,1.);
#1494 = DIRECTION('',(1.,0.));
#1495 = ( GEOMETRIC_REPRESENTATION_CONTEXT(2) 
PARAMETRIC_REPRESENTATION_CONTEXT() REPRESENTATION_CONTEXT('2D SPACE',''
  ) );
#1496 = PCURVE('',#1497,#1502);
#1497 = PLANE('',#1498);
#1498 = AXIS2_PLACEMENT_3D('',#1499,#1500,#1501);
#1499 = CARTESIAN_POINT('',(-1.,1.732050807569,0.25));
#1500 = DIRECTION('',(0.,0.,1.));
#1501 = DIRECTION('',(1.,0.,-0.));
#1502 = DEFINITIONAL_REPRESENTATION('',(#1503),#1507);
#1503 = CIRCLE('',#1504,1.);
#1504 = AXIS2_PLACEMENT_2D('',#1505,#1506);
#1505 = CARTESIAN_POINT('',(1.,-1.732050807569));
#1506 = DIRECTION('',(1.,0.));
#1507 = ( GEOMETRIC_REPRESENTATION_CONTEXT(2) 
PARAMETRIC_REPRESENTATION_CONTEXT() REPRESENTATION_CONTEXT('2D SPACE',''
  ) );
#1508 = ORIENTED_EDGE('',*,*,#1509,.F.);
#1509 = EDGE_CURVE('',#1510,#1481,#1512,.T.);
#1510 = VERTEX_POINT('',#1511);
#1511 = CARTESIAN_POINT('',(-0.5,-0.866025403784,0.25));
#1512 = SURFACE_CURVE('',#1513,(#1518,#1525),.PCURVE_S1.);
#1513 = CIRCLE('',#1514,1.);
#1514 = AXIS2_PLACEMENT_3D('',#1515,#1516,#1517);
#1515 = CARTESIAN_POINT('',(0.,0.,0.25));
#1516 = DIRECTION('',(0.,0.,1.));
#1517 = DIRECTION('',(1.,0.,-0.));
#1518 = PCURVE('',#1374,#1519);
#1519 = DEFINITIONAL_REPRESENTATION('',(#1520),#1524);
#1520 = LINE('',#1521,#1522);
#1521 = CARTESIAN_POINT('',(-8.881784197001E-16,0.));
#1522 = VECTOR('',#1523,1.);
#1523 = DIRECTION('',(1.,0.));
#1524 = ( GEOMETRIC_REPRESENTATION_CONTEXT(2) 
PARAMETRIC_REPRESENTATION_CONTEXT() REPRESENTATION_CONTEXT('2D SPACE',''
  ) );
#1525 = PCURVE('',#1526,#1531);
#1526 = PLANE('',#1527);
#1527 = AXIS2_PLACEMENT_3D('',#1528,#1529,#1530);
#1528 = CARTESIAN_POINT('',(-1.,1.732050807569,0.25));
#1529 = DIRECTION('',(0.,0.,1.));
#1530 = DIRECTION('',(1.,0.,-0.));
#1531 = DEFINITIONAL_REPRESENTATION('',(#1532),#1536);
#1532 = CIRCLE('',#1533,1.);
#1533 = AXIS2_PLACEMENT_2D('',#1534,#1535);
#1534 = CARTESIAN_POINT('',(1.,-1.732050807569));
#1535 = DIRECTION('',(1.,0.));
#1536 = ( GEOMETRIC_REPRESENTATION_CONTEXT(2) 
PARAMETRIC_REPRESENTATION_CONTEXT() REPRESENTATION_CONTEXT('2D SPACE',''
  ) );
#1537 = ORIENTED_EDGE('',*,*,#1538,.F.);
#1538 = EDGE_CURVE('',#1366,#1510,#1539,.T.);
#1539 = SURFACE_CURVE('',#1540,(#1545,#1552),.PCURVE_S1.);
#1540 = CIRCLE('',#1541,1.);
#1541 = AXIS2_PLACEMENT_3D('',#1542,#1543,#1544);
#1542 = CARTESIAN_POINT('',(0.,0.,0.25));
#1543 = DIRECTION('',(0.,0.,1.));
#1544 = DIRECTION('',(1.,0.,-0.));
#1545 = PCURVE('',#1374,#1546);
#1546 = DEFINITIONAL_REPRESENTATION('',(#1547),#1551);
#1547 = LINE('',#1548,#1549);
#1548 = CARTESIAN_POINT('',(0.,0.));
#1549 = VECTOR('',#1550,1.);
#1550 = DIRECTION('',(1.,0.));
#1551 = ( GEOMETRIC_REPRESENTATION_CONTEXT(2) 
PARAMETRIC_REPRESENTATION_CONTEXT() REPRESENTATION_CONTEXT('2D SPACE',''
  ) );
#1552 = PCURVE('',#1553,#1558);
#1553 = PLANE('',#1554);
#1554 = AXIS2_PLACEMENT_3D('',#1555,#1556,#1557);
#1555 = CARTESIAN_POINT('',(-1.,1.732050807569,0.25));
#1556 = DIRECTION('',(0.,0.,1.));
#1557 = DIRECTION('',(1.,0.,-0.));
#1558 = DEFINITIONAL_REPRESENTATION('',(#1559),#1563);
#1559 = CIRCLE('',#1560,1.);
#1560 = AXIS2_PLACEMENT_2D('',#1561,#1562);
#1561 = CARTESIAN_POINT('',(1.,-1.732050807569));
#1562 = DIRECTION('',(1.,0.));
#1563 = ( GEOMETRIC_REPRESENTATION_CONTEXT(2) 
PARAMETRIC_REPRESENTATION_CONTEXT() REPRESENTATION_CONTEXT('2D SPACE',''
  ) );
#1564 = ORIENTED_EDGE('',*,*,#1363,.F.);
#1565 = ADVANCED_FACE('',(#1566),#1581,.F.);
#1566 = FACE_BOUND('',#1567,.F.);
#1567 = EDGE_LOOP('',(#1568,#1604));
#1568 = ORIENTED_EDGE('',*,*,#1569,.F.);
#1569 = EDGE_CURVE('',#1570,#1572,#1574,.T.);
#1570 = VERTEX_POINT('',#1571);
#1571 = CARTESIAN_POINT('',(1.,-0.57735026919,1.5));
#1572 = VERTEX_POINT('',#1573);
#1573 = CARTESIAN_POINT('',(1.,0.57735026919,1.5));
#1574 = SURFACE_CURVE('',#1575,(#1580,#1592),.PCURVE_S1.);
#1575 = CIRCLE('',#1576,1.154700538379);
#1576 = AXIS2_PLACEMENT_3D('',#1577,#1578,#1579);
#1577 = CARTESIAN_POINT('',(0.,0.,1.5));
#1578 = DIRECTION('',(0.,0.,1.));
#1579 = DIRECTION('',(1.,0.,-0.));
#1580 = PCURVE('',#1581,#1586);
#1581 = CONICAL_SURFACE('',#1582,1.154700538379,0.959931088597);
#1582 = AXIS2_PLACEMENT_3D('',#1583,#1584,#1585);
#1583 = CARTESIAN_POINT('',(0.,0.,1.5));
#1584 = DIRECTION('',(0.,0.,1.));
#1585 = DIRECTION('',(1.,0.,-0.));
#1586 = DEFINITIONAL_REPRESENTATION('',(#1587),#1591);
#1587 = LINE('',#1588,#1589);
#1588 = CARTESIAN_POINT('',(0.,0.));
#1589 = VECTOR('',#1590,1.);
#1590 = DIRECTION('',(1.,0.));
#1591 = ( GEOMETRIC_REPRESENTATION_CONTEXT(2) 
PARAMETRIC_REPRESENTATION_CONTEXT() REPRESENTATION_CONTEXT('2D SPACE',''
  ) );
#1592 = PCURVE('',#1593,#1598);
#1593 = PLANE('',#1594);
#1594 = AXIS2_PLACEMENT_3D('',#1595,#1596,#1597);
#1595 = CARTESIAN_POINT('',(0.,-1.714505518806E-15,1.5));
#1596 = DIRECTION('',(0.,0.,1.));
#1597 = DIRECTION('',(1.,0.,-0.));
#1598 = DEFINITIONAL_REPRESENTATION('',(#1599),#1603);
#1599 = CIRCLE('',#1600,1.154700538379);
#1600 = AXIS2_PLACEMENT_2D('',#1601,#1602);
#1601 = CARTESIAN_POINT('',(0.,1.714505518806E-15));
#1602 = DIRECTION('',(1.,0.));
#1603 = ( GEOMETRIC_REPRESENTATION_CONTEXT(2) 
PARAMETRIC_REPRESENTATION_CONTEXT() REPRESENTATION_CONTEXT('2D SPACE',''
  ) );
#1604 = ORIENTED_EDGE('',*,*,#1605,.F.);
#1605 = EDGE_CURVE('',#1572,#1570,#1606,.T.);
#1606 = SURFACE_CURVE('',#1607,(#1611,#1640),.PCURVE_S1.);
#1607 = ( BOUNDED_CURVE() B_SPLINE_CURVE(2,(#1608,#1609,#1610),
.UNSPECIFIED.,.F.,.F.) B_SPLINE_CURVE_WITH_KNOTS((3,3),(0.156778617403,
0.368558810687),.PIECEWISE_BEZIER_KNOTS.) CURVE() 
GEOMETRIC_REPRESENTATION_ITEM() RATIONAL_B_SPLINE_CURVE((1.662805796589,
1.920042748545,1.662805796582)) REPRESENTATION_ITEM('') );
#1608 = CARTESIAN_POINT('',(1.,0.577350269189,1.5));
#1609 = CARTESIAN_POINT('',(1.,-7.402620183505E-12,1.297867494661));
#1610 = CARTESIAN_POINT('',(1.,-0.577350269209,1.500000000007));
#1611 = PCURVE('',#1581,#1612);
#1612 = DEFINITIONAL_REPRESENTATION('',(#1613),#1639);
#1613 = B_SPLINE_CURVE_WITH_KNOTS('',3,(#1614,#1615,#1616,#1617,#1618,
    #1619,#1620,#1621,#1622,#1623,#1624,#1625,#1626,#1627,#1628,#1629,
    #1630,#1631,#1632,#1633,#1634,#1635,#1636,#1637,#1638),
  .UNSPECIFIED.,.F.,.F.,(4,1,1,1,1,1,1,1,1,1,1,1,1,1,1,1,1,1,1,1,1,1,4),
  (0.156778617403,0.166404989825,0.176031362247,0.185657734669,
    0.195284107091,0.204910479513,0.214536851935,0.224163224357,
    0.233789596779,0.243415969201,0.253042341623,0.262668714045,
    0.272295086467,0.281921458889,0.291547831311,0.301174203733,
    0.310800576155,0.320426948577,0.330053320999,0.339679693421,
    0.349306065843,0.358932438265,0.368558810687),
  .QUASI_UNIFORM_KNOTS.);
#1614 = CARTESIAN_POINT('',(6.806784082777,-2.385875868946E-13));
#1615 = CARTESIAN_POINT('',(6.791632821225,-7.07069918965E-03));
#1616 = CARTESIAN_POINT('',(6.761144793675,-2.037826758256E-02));
#1617 = CARTESIAN_POINT('',(6.714898006645,-3.798386233306E-02));
#1618 = CARTESIAN_POINT('',(6.668177082209,-5.338856602067E-02));
#1619 = CARTESIAN_POINT('',(6.621026686335,-6.671527412148E-02));
#1620 = CARTESIAN_POINT('',(6.573493910389,-7.806947857698E-02));
#1621 = CARTESIAN_POINT('',(6.525628421995,-8.753823784187E-02));
#1622 = CARTESIAN_POINT('',(6.477482088198,-9.519276252922E-02));
#1623 = CARTESIAN_POINT('',(6.429108693675,-0.101089557848));
#1624 = CARTESIAN_POINT('',(6.380563592051,-0.105271546668));
#1625 = CARTESIAN_POINT('',(6.331903339869,-0.107768843161));
#1626 = CARTESIAN_POINT('',(6.283185307172,-0.108599303127));
#1627 = CARTESIAN_POINT('',(6.234467274475,-0.107768843161));
#1628 = CARTESIAN_POINT('',(6.185807022292,-0.105271546667));
#1629 = CARTESIAN_POINT('',(6.137261920669,-0.101089557847));
#1630 = CARTESIAN_POINT('',(6.088888526146,-9.519276252702E-02));
#1631 = CARTESIAN_POINT('',(6.040742192349,-8.753823783909E-02));
#1632 = CARTESIAN_POINT('',(5.992876703955,-7.80694785736E-02));
#1633 = CARTESIAN_POINT('',(5.945343928008,-6.671527411747E-02));
#1634 = CARTESIAN_POINT('',(5.898193532135,-5.3388566016E-02));
#1635 = CARTESIAN_POINT('',(5.851472607699,-3.79838623277E-02));
#1636 = CARTESIAN_POINT('',(5.805225820669,-2.037826757645E-02));
#1637 = CARTESIAN_POINT('',(5.774737793119,-7.070699183014E-03));
#1638 = CARTESIAN_POINT('',(5.759586531567,6.672247406941E-12));
#1639 = ( GEOMETRIC_REPRESENTATION_CONTEXT(2) 
PARAMETRIC_REPRESENTATION_CONTEXT() REPRESENTATION_CONTEXT('2D SPACE',''
  ) );
#1640 = PCURVE('',#1641,#1646);
#1641 = PLANE('',#1642);
#1642 = AXIS2_PLACEMENT_3D('',#1643,#1644,#1645);
#1643 = CARTESIAN_POINT('',(1.,-0.57735026919,0.25));
#1644 = DIRECTION('',(1.,0.,0.));
#1645 = DIRECTION('',(0.,0.,-1.));
#1646 = DEFINITIONAL_REPRESENTATION('',(#1647),#1651);
#1647 = ( BOUNDED_CURVE() B_SPLINE_CURVE(2,(#1648,#1649,#1650),
.UNSPECIFIED.,.F.,.F.) B_SPLINE_CURVE_WITH_KNOTS((3,3),(0.156778617403,
0.368558810687),.PIECEWISE_BEZIER_KNOTS.) CURVE() 
GEOMETRIC_REPRESENTATION_ITEM() RATIONAL_B_SPLINE_CURVE((1.662805796589,
1.920042748545,1.662805796582)) REPRESENTATION_ITEM('') );
#1648 = CARTESIAN_POINT('',(-1.25,1.154700538379));
#1649 = CARTESIAN_POINT('',(-1.047867494661,0.577350269182));
#1650 = CARTESIAN_POINT('',(-1.250000000007,-1.905708923999E-11));
#1651 = ( GEOMETRIC_REPRESENTATION_CONTEXT(2) 
PARAMETRIC_REPRESENTATION_CONTEXT() REPRESENTATION_CONTEXT('2D SPACE',''
  ) );
#1652 = ADVANCED_FACE('',(#1653),#1237,.T.);
#1653 = FACE_BOUND('',#1654,.T.);
#1654 = EDGE_LOOP('',(#1655,#1835,#1858,#1885,#1886,#2010,#2191,#2265));
#1655 = ORIENTED_EDGE('',*,*,#1656,.F.);
#1656 = EDGE_CURVE('',#1657,#1104,#1659,.T.);
#1657 = VERTEX_POINT('',#1658);
#1658 = CARTESIAN_POINT('',(-1.722636114139,1.923097185347E-10,
    -1.077363885861));
#1659 = SURFACE_CURVE('',#1660,(#1689,#1762),.PCURVE_S1.);
#1660 = B_SPLINE_CURVE_WITH_KNOTS('',3,(#1661,#1662,#1663,#1664,#1665,
    #1666,#1667,#1668,#1669,#1670,#1671,#1672,#1673,#1674,#1675,#1676,
    #1677,#1678,#1679,#1680,#1681,#1682,#1683,#1684,#1685,#1686,#1687,
    #1688),.UNSPECIFIED.,.F.,.F.,(4,2,2,2,2,2,2,2,2,2,2,2,2,4),(
    0.741016803466,0.745396997742,0.937642820093,1.042374522223,
    1.257821812743,1.473838750096,1.753714764969,2.149184645789,
    2.563198887896,2.771511828991,3.181591531896,3.622106880445,
    3.872821707343,4.116119187094),.UNSPECIFIED.);
#1661 = CARTESIAN_POINT('',(-1.722636114139,3.846213917731E-10,
    -1.077363885861));
#1662 = CARTESIAN_POINT('',(-1.722843980562,-4.841268931369E-03,
    -1.077156019439));
#1663 = CARTESIAN_POINT('',(-1.723031442401,-9.684387355058E-03,
    -1.076948148873));
#1664 = CARTESIAN_POINT('',(-1.73052925918,-0.227168361109,
    -1.067616937317));
#1665 = CARTESIAN_POINT('',(-1.698365986908,-0.439342160036,
    -1.058662544769));
#1666 = CARTESIAN_POINT('',(-1.590191313778,-0.749757517232,
    -1.045740508917));
#1667 = CARTESIAN_POINT('',(-1.541342788614,-0.854206676583,
    -1.041571282113));
#1668 = CARTESIAN_POINT('',(-1.361425682721,-1.158236230772,
    -1.028401971653));
#1669 = CARTESIAN_POINT('',(-1.200951770197,-1.336732902497,
    -1.018780550276));
#1670 = CARTESIAN_POINT('',(-0.819317615771,-1.621205902173,
    -0.999196282601));
#1671 = CARTESIAN_POINT('',(-0.601784543248,-1.724166751311,
    -0.989426483387));
#1672 = CARTESIAN_POINT('',(-7.081119897078E-02,-1.856134615518,
    -0.968323369863));
#1673 = CARTESIAN_POINT('',(0.184830156894,-1.838370619199,
    -0.959928312881));
#1674 = CARTESIAN_POINT('',(0.583502071412,-1.776935432394,
    -0.944667496776));
#1675 = CARTESIAN_POINT('',(0.808020627585,-1.697040578268,
    -0.93529037242));
#1676 = CARTESIAN_POINT('',(1.224947981739,-1.45226928981,-0.91624440421
    ));
#1677 = CARTESIAN_POINT('',(1.411249536298,-1.285995237605,
    -0.906769360395));
#1678 = CARTESIAN_POINT('',(1.634559137294,-0.988795280364,
    -0.893685567861));
#1679 = CARTESIAN_POINT('',(1.699147619094,-0.881798025804,
    -0.889602975319));
#1680 = CARTESIAN_POINT('',(1.857641880926,-0.553614666101,
    -0.876725313291));
#1681 = CARTESIAN_POINT('',(1.921229918301,-0.318296260622,
    -0.86761209939));
#1682 = CARTESIAN_POINT('',(1.960241052701,0.181434134594,
    -0.848546127096));
#1683 = CARTESIAN_POINT('',(1.928378368439,0.441687561389,
    -0.838772954912));
#1684 = CARTESIAN_POINT('',(1.799637624203,0.828191115036,
    -0.824451985864));
#1685 = CARTESIAN_POINT('',(1.73736216454,0.961601989088,-0.819736298942
    ));
#1686 = CARTESIAN_POINT('',(1.586576828804,1.209508815462,
    -0.810090707624));
#1687 = CARTESIAN_POINT('',(1.499566522669,1.323353611556,-0.80511326663
    ));
#1688 = CARTESIAN_POINT('',(1.401258540823,1.427050980616,
    -0.800000000124));
#1689 = PCURVE('',#1237,#1690);
#1690 = DEFINITIONAL_REPRESENTATION('',(#1691),#1761);
#1691 = B_SPLINE_CURVE_WITH_KNOTS('',3,(#1692,#1693,#1694,#1695,#1696,
    #1697,#1698,#1699,#1700,#1701,#1702,#1703,#1704,#1705,#1706,#1707,
    #1708,#1709,#1710,#1711,#1712,#1713,#1714,#1715,#1716,#1717,#1718,
    #1719,#1720,#1721,#1722,#1723,#1724,#1725,#1726,#1727,#1728,#1729,
    #1730,#1731,#1732,#1733,#1734,#1735,#1736,#1737,#1738,#1739,#1740,
    #1741,#1742,#1743,#1744,#1745,#1746,#1747,#1748,#1749,#1750,#1751,
    #1752,#1753,#1754,#1755,#1756,#1757,#1758,#1759,#1760),
  .UNSPECIFIED.,.F.,.F.,(4,1,1,1,1,1,1,1,1,1,1,1,1,1,1,1,1,1,1,1,1,1,1,1
    ,1,1,1,1,1,1,1,1,1,1,1,1,1,1,1,1,1,1,1,1,1,1,1,1,1,1,1,1,1,1,1,1,1,1
    ,1,1,1,1,1,1,1,1,4),(0.741016803466,0.79215471837,0.843292633273,
    0.894430548177,0.94556846308,0.996706377984,1.047844292887,
    1.098982207791,1.150120122694,1.201258037597,1.252395952501,
    1.303533867404,1.354671782308,1.405809697211,1.456947612115,
    1.508085527018,1.559223441922,1.610361356825,1.661499271729,
    1.712637186632,1.763775101535,1.814913016439,1.866050931342,
    1.917188846246,1.968326761149,2.019464676053,2.070602590956,
    2.12174050586,2.172878420763,2.224016335666,2.27515425057,
    2.326292165473,2.377430080377,2.42856799528,2.479705910184,
    2.530843825087,2.581981739991,2.633119654894,2.684257569798,
    2.735395484701,2.786533399604,2.837671314508,2.888809229411,
    2.939947144315,2.991085059218,3.042222974122,3.093360889025,
    3.144498803929,3.195636718832,3.246774633735,3.297912548639,
    3.349050463542,3.400188378446,3.451326293349,3.502464208253,
    3.553602123156,3.60474003806,3.655877952963,3.707015867866,
    3.75815378277,3.809291697673,3.860429612577,3.91156752748,
    3.962705442384,4.013843357287,4.064981272191,4.116119187094),
  .QUASI_UNIFORM_KNOTS.);
#1692 = CARTESIAN_POINT('',(-3.141592653813,0.422636114139));
#1693 = CARTESIAN_POINT('',(-3.108758363006,0.425064834789));
#1694 = CARTESIAN_POINT('',(-3.043382765856,0.429899334652));
#1695 = CARTESIAN_POINT('',(-2.945923687181,0.437039172761));
#1696 = CARTESIAN_POINT('',(-2.848913318177,0.44400563148));
#1697 = CARTESIAN_POINT('',(-2.751779450083,0.450801574233));
#1698 = CARTESIAN_POINT('',(-2.655579756569,0.457175678581));
#1699 = CARTESIAN_POINT('',(-2.559634760705,0.463366524726));
#1700 = CARTESIAN_POINT('',(-2.464063113237,0.469835286989));
#1701 = CARTESIAN_POINT('',(-2.369163012892,0.47650054758));
#1702 = CARTESIAN_POINT('',(-2.274621169071,0.483321375168));
#1703 = CARTESIAN_POINT('',(-2.180173709097,0.490253894773));
#1704 = CARTESIAN_POINT('',(-2.085967120324,0.497223807273));
#1705 = CARTESIAN_POINT('',(-1.992512723939,0.504132104537));
#1706 = CARTESIAN_POINT('',(-1.899438237901,0.510948563483));
#1707 = CARTESIAN_POINT('',(-1.806460556809,0.517632927384));
#1708 = CARTESIAN_POINT('',(-1.713810168373,0.524117010229));
#1709 = CARTESIAN_POINT('',(-1.629707820397,0.529848281879));
#1710 = CARTESIAN_POINT('',(-1.552477144751,0.534962924797));
#1711 = CARTESIAN_POINT('',(-1.483009640679,0.539502153184));
#1712 = CARTESIAN_POINT('',(-1.421150415239,0.543563156117));
#1713 = CARTESIAN_POINT('',(-1.369943227536,0.547086417195));
#1714 = CARTESIAN_POINT('',(-1.320910153864,0.550564626186));
#1715 = CARTESIAN_POINT('',(-1.271522587126,0.554102625826));
#1716 = CARTESIAN_POINT('',(-1.222420119862,0.557663840234));
#1717 = CARTESIAN_POINT('',(-1.173394210817,0.561249696822));
#1718 = CARTESIAN_POINT('',(-1.124464777589,0.564851353894));
#1719 = CARTESIAN_POINT('',(-1.075587622695,0.568462865125));
#1720 = CARTESIAN_POINT('',(-1.026745605678,0.572076726635));
#1721 = CARTESIAN_POINT('',(-0.977874049379,0.575688886754));
#1722 = CARTESIAN_POINT('',(-0.929215177952,0.579272906264));
#1723 = CARTESIAN_POINT('',(-0.880717062948,0.582824435503));
#1724 = CARTESIAN_POINT('',(-0.832354282129,0.586337432287));
#1725 = CARTESIAN_POINT('',(-0.784095120788,0.58980639567));
#1726 = CARTESIAN_POINT('',(-0.735910783551,0.593225500445));
#1727 = CARTESIAN_POINT('',(-0.687768794003,0.596589355329));
#1728 = CARTESIAN_POINT('',(-0.63964764334,0.599890794201));
#1729 = CARTESIAN_POINT('',(-0.591482306903,0.603129334478));
#1730 = CARTESIAN_POINT('',(-0.543424347061,0.60625960556));
#1731 = CARTESIAN_POINT('',(-0.49555396833,0.60936170156));
#1732 = CARTESIAN_POINT('',(-0.447927661833,0.612484606932));
#1733 = CARTESIAN_POINT('',(-0.400680237191,0.615666619349));
#1734 = CARTESIAN_POINT('',(-0.353635429446,0.618903455088));
#1735 = CARTESIAN_POINT('',(-0.306732946849,0.622185517676));
#1736 = CARTESIAN_POINT('',(-0.259956988951,0.625508053949));
#1737 = CARTESIAN_POINT('',(-0.213280310547,0.628865104154));
#1738 = CARTESIAN_POINT('',(-0.166680156833,0.632250923418));
#1739 = CARTESIAN_POINT('',(-0.120128504553,0.635659949618));
#1740 = CARTESIAN_POINT('',(-7.361321029958E-02,0.639085446489));
#1741 = CARTESIAN_POINT('',(-2.706125920827E-02,0.642525227629));
#1742 = CARTESIAN_POINT('',(1.932981897823E-02,0.645957195078));
#1743 = CARTESIAN_POINT('',(6.555913610313E-02,0.649373943991));
#1744 = CARTESIAN_POINT('',(0.111660588318,0.652770948829));
#1745 = CARTESIAN_POINT('',(0.157657828879,0.656143016607));
#1746 = CARTESIAN_POINT('',(0.20357659972,0.659485077707));
#1747 = CARTESIAN_POINT('',(0.249442391347,0.662792065736));
#1748 = CARTESIAN_POINT('',(0.295279436119,0.666058431959));
#1749 = CARTESIAN_POINT('',(0.341119015315,0.669280356692));
#1750 = CARTESIAN_POINT('',(0.386969124853,0.672447858802));
#1751 = CARTESIAN_POINT('',(0.432551361828,0.675511464321));
#1752 = CARTESIAN_POINT('',(0.478000348942,0.678508320504));
#1753 = CARTESIAN_POINT('',(0.523361019368,0.681467287202));
#1754 = CARTESIAN_POINT('',(0.568706150446,0.684426233084));
#1755 = CARTESIAN_POINT('',(0.614061391625,0.687435552867));
#1756 = CARTESIAN_POINT('',(0.659278206459,0.690503954898));
#1757 = CARTESIAN_POINT('',(0.704416827232,0.693622783199));
#1758 = CARTESIAN_POINT('',(0.749489229786,0.696787857344));
#1759 = CARTESIAN_POINT('',(0.77951012483,0.698925270507));
#1760 = CARTESIAN_POINT('',(0.794517294327,0.699999999876));
#1761 = ( GEOMETRIC_REPRESENTATION_CONTEXT(2) 
PARAMETRIC_REPRESENTATION_CONTEXT() REPRESENTATION_CONTEXT('2D SPACE',''
  ) );
#1762 = PCURVE('',#328,#1763);
#1763 = DEFINITIONAL_REPRESENTATION('',(#1764),#1834);
#1764 = B_SPLINE_CURVE_WITH_KNOTS('',3,(#1765,#1766,#1767,#1768,#1769,
    #1770,#1771,#1772,#1773,#1774,#1775,#1776,#1777,#1778,#1779,#1780,
    #1781,#1782,#1783,#1784,#1785,#1786,#1787,#1788,#1789,#1790,#1791,
    #1792,#1793,#1794,#1795,#1796,#1797,#1798,#1799,#1800,#1801,#1802,
    #1803,#1804,#1805,#1806,#1807,#1808,#1809,#1810,#1811,#1812,#1813,
    #1814,#1815,#1816,#1817,#1818,#1819,#1820,#1821,#1822,#1823,#1824,
    #1825,#1826,#1827,#1828,#1829,#1830,#1831,#1832,#1833),
  .UNSPECIFIED.,.F.,.F.,(4,1,1,1,1,1,1,1,1,1,1,1,1,1,1,1,1,1,1,1,1,1,1,1
    ,1,1,1,1,1,1,1,1,1,1,1,1,1,1,1,1,1,1,1,1,1,1,1,1,1,1,1,1,1,1,1,1,1,1
    ,1,1,1,1,1,1,1,1,4),(0.741016803466,0.79215471837,0.843292633273,
    0.894430548177,0.94556846308,0.996706377984,1.047844292887,
    1.098982207791,1.150120122694,1.201258037597,1.252395952501,
    1.303533867404,1.354671782308,1.405809697211,1.456947612115,
    1.508085527018,1.559223441922,1.610361356825,1.661499271729,
    1.712637186632,1.763775101535,1.814913016439,1.866050931342,
    1.917188846246,1.968326761149,2.019464676053,2.070602590956,
    2.12174050586,2.172878420763,2.224016335666,2.27515425057,
    2.326292165473,2.377430080377,2.42856799528,2.479705910184,
    2.530843825087,2.581981739991,2.633119654894,2.684257569798,
    2.735395484701,2.786533399604,2.837671314508,2.888809229411,
    2.939947144315,2.991085059218,3.042222974122,3.093360889025,
    3.144498803929,3.195636718832,3.246774633735,3.297912548639,
    3.349050463542,3.400188378446,3.451326293349,3.502464208253,
    3.553602123156,3.60474003806,3.655877952963,3.707015867866,
    3.75815378277,3.809291697673,3.860429612577,3.91156752748,
    3.962705442384,4.013843357287,4.064981272191,4.116119187094),
  .QUASI_UNIFORM_KNOTS.);
#1765 = CARTESIAN_POINT('',(0.389957660323,0.208333333328));
#1766 = CARTESIAN_POINT('',(0.395299638751,0.20918429983));
#1767 = CARTESIAN_POINT('',(0.405933933673,0.210878649688));
#1768 = CARTESIAN_POINT('',(0.42163563146,0.213416706318));
#1769 = CARTESIAN_POINT('',(0.436966722304,0.215967168783));
#1770 = CARTESIAN_POINT('',(0.451876706314,0.218557836595));
#1771 = CARTESIAN_POINT('',(0.466057251268,0.221172525049));
#1772 = CARTESIAN_POINT('',(0.479505604245,0.223844477584));
#1773 = CARTESIAN_POINT('',(0.493779706359,0.226426458845));
#1774 = CARTESIAN_POINT('',(0.508428249973,0.228950485283));
#1775 = CARTESIAN_POINT('',(0.523432690154,0.23143094575));
#1776 = CARTESIAN_POINT('',(0.538677478065,0.233888287141));
#1777 = CARTESIAN_POINT('',(0.554009024206,0.236329378335));
#1778 = CARTESIAN_POINT('',(0.569204128198,0.238751945465));
#1779 = CARTESIAN_POINT('',(0.584196510232,0.241176272413));
#1780 = CARTESIAN_POINT('',(0.598895044305,0.243619687706));
#1781 = CARTESIAN_POINT('',(0.613162561903,0.246089340283));
#1782 = CARTESIAN_POINT('',(0.625742492568,0.248366579133));
#1783 = CARTESIAN_POINT('',(0.636710713906,0.250512236441));
#1784 = CARTESIAN_POINT('',(0.646722103644,0.25241674305));
#1785 = CARTESIAN_POINT('',(0.655881150741,0.254085133622));
#1786 = CARTESIAN_POINT('',(0.663689854532,0.255452641757));
#1787 = CARTESIAN_POINT('',(0.671324495689,0.256751920379));
#1788 = CARTESIAN_POINT('',(0.679111022186,0.258051745978));
#1789 = CARTESIAN_POINT('',(0.686942934312,0.259336904117));
#1790 = CARTESIAN_POINT('',(0.694830147933,0.260614556657));
#1791 = CARTESIAN_POINT('',(0.70275134774,0.261885754409));
#1792 = CARTESIAN_POINT('',(0.710694043215,0.263153199585));
#1793 = CARTESIAN_POINT('',(0.718641777399,0.264418855094));
#1794 = CARTESIAN_POINT('',(0.726586438728,0.265685910439));
#1795 = CARTESIAN_POINT('',(0.734469798444,0.266949588033));
#1796 = CARTESIAN_POINT('',(0.742281609079,0.268212708515));
#1797 = CARTESIAN_POINT('',(0.750008462471,0.269477402674));
#1798 = CARTESIAN_POINT('',(0.757638209257,0.270745976694));
#1799 = CARTESIAN_POINT('',(0.765158040058,0.272020685547));
#1800 = CARTESIAN_POINT('',(0.772556172894,0.273303936909));
#1801 = CARTESIAN_POINT('',(0.779816864274,0.274597868388));
#1802 = CARTESIAN_POINT('',(0.786939894991,0.275906006802));
#1803 = CARTESIAN_POINT('',(0.793827491614,0.277225603343));
#1804 = CARTESIAN_POINT('',(0.800573738039,0.278557399805));
#1805 = CARTESIAN_POINT('',(0.807505289636,0.279861759089));
#1806 = CARTESIAN_POINT('',(0.814517491943,0.281143113575));
#1807 = CARTESIAN_POINT('',(0.821633518999,0.282406506961));
#1808 = CARTESIAN_POINT('',(0.828853704993,0.283655644973));
#1809 = CARTESIAN_POINT('',(0.836161476731,0.284892408402));
#1810 = CARTESIAN_POINT('',(0.843545213345,0.286119043593));
#1811 = CARTESIAN_POINT('',(0.8509918377,0.287337571735));
#1812 = CARTESIAN_POINT('',(0.858489283329,0.288550108198));
#1813 = CARTESIAN_POINT('',(0.866022838354,0.289758314437));
#1814 = CARTESIAN_POINT('',(0.873588191422,0.290965402976));
#1815 = CARTESIAN_POINT('',(0.881137096731,0.292167563577));
#1816 = CARTESIAN_POINT('',(0.888652539092,0.29336607018));
#1817 = CARTESIAN_POINT('',(0.896124391911,0.294563072614));
#1818 = CARTESIAN_POINT('',(0.903541132102,0.295760446517));
#1819 = CARTESIAN_POINT('',(0.910891667497,0.296960123321));
#1820 = CARTESIAN_POINT('',(0.918164636063,0.29816404519));
#1821 = CARTESIAN_POINT('',(0.9253487939,0.299374140348));
#1822 = CARTESIAN_POINT('',(0.932432639659,0.300592593541));
#1823 = CARTESIAN_POINT('',(0.939407043943,0.301820918746));
#1824 = CARTESIAN_POINT('',(0.946209044758,0.303053324783));
#1825 = CARTESIAN_POINT('',(0.952846115068,0.304293386797));
#1826 = CARTESIAN_POINT('',(0.959294682594,0.305548882422));
#1827 = CARTESIAN_POINT('',(0.965734277699,0.306804218946));
#1828 = CARTESIAN_POINT('',(0.972368740627,0.30804184554));
#1829 = CARTESIAN_POINT('',(0.979113526866,0.309264577252));
#1830 = CARTESIAN_POINT('',(0.985974317105,0.310474120541));
#1831 = CARTESIAN_POINT('',(0.992935178557,0.311672584967));
#1832 = CARTESIAN_POINT('',(0.997636228535,0.312465437264));
#1833 = CARTESIAN_POINT('',(0.999999999728,0.312860658213));
#1834 = ( GEOMETRIC_REPRESENTATION_CONTEXT(2) 
PARAMETRIC_REPRESENTATION_CONTEXT() REPRESENTATION_CONTEXT('2D SPACE',''
  ) );
#1835 = ORIENTED_EDGE('',*,*,#1836,.T.);
#1836 = EDGE_CURVE('',#1657,#1837,#1839,.T.);
#1837 = VERTEX_POINT('',#1838);
#1838 = CARTESIAN_POINT('',(-1.3,-1.873709602695E-15,-1.5));
#1839 = SEAM_CURVE('',#1840,(#1844,#1851),.PCURVE_S1.);
#1840 = LINE('',#1841,#1842);
#1841 = CARTESIAN_POINT('',(-1.3,-1.873709602695E-15,-1.5));
#1842 = VECTOR('',#1843,1.);
#1843 = DIRECTION('',(0.707106781187,8.659560562355E-17,-0.707106781187)
  );
#1844 = PCURVE('',#1237,#1845);
#1845 = DEFINITIONAL_REPRESENTATION('',(#1846),#1850);
#1846 = LINE('',#1847,#1848);
#1847 = CARTESIAN_POINT('',(-3.14159265359,0.));
#1848 = VECTOR('',#1849,1.);
#1849 = DIRECTION('',(0.,-1.));
#1850 = ( GEOMETRIC_REPRESENTATION_CONTEXT(2) 
PARAMETRIC_REPRESENTATION_CONTEXT() REPRESENTATION_CONTEXT('2D SPACE',''
  ) );
#1851 = PCURVE('',#1237,#1852);
#1852 = DEFINITIONAL_REPRESENTATION('',(#1853),#1857);
#1853 = LINE('',#1854,#1855);
#1854 = CARTESIAN_POINT('',(3.14159265359,0.));
#1855 = VECTOR('',#1856,1.);
#1856 = DIRECTION('',(0.,-1.));
#1857 = ( GEOMETRIC_REPRESENTATION_CONTEXT(2) 
PARAMETRIC_REPRESENTATION_CONTEXT() REPRESENTATION_CONTEXT('2D SPACE',''
  ) );
#1858 = ORIENTED_EDGE('',*,*,#1859,.F.);
#1859 = EDGE_CURVE('',#1837,#1837,#1860,.T.);
#1860 = SURFACE_CURVE('',#1861,(#1866,#1873),.PCURVE_S1.);
#1861 = CIRCLE('',#1862,1.3);
#1862 = AXIS2_PLACEMENT_3D('',#1863,#1864,#1865);
#1863 = CARTESIAN_POINT('',(0.,-1.714505518806E-15,-1.5));
#1864 = DIRECTION('',(0.,0.,-1.));
#1865 = DIRECTION('',(-1.,0.,0.));
#1866 = PCURVE('',#1237,#1867);
#1867 = DEFINITIONAL_REPRESENTATION('',(#1868),#1872);
#1868 = LINE('',#1869,#1870);
#1869 = CARTESIAN_POINT('',(3.14159265359,0.));
#1870 = VECTOR('',#1871,1.);
#1871 = DIRECTION('',(-1.,0.));
#1872 = ( GEOMETRIC_REPRESENTATION_CONTEXT(2) 
PARAMETRIC_REPRESENTATION_CONTEXT() REPRESENTATION_CONTEXT('2D SPACE',''
  ) );
#1873 = PCURVE('',#1874,#1879);
#1874 = PLANE('',#1875);
#1875 = AXIS2_PLACEMENT_3D('',#1876,#1877,#1878);
#1876 = CARTESIAN_POINT('',(0.,-1.714505518806E-15,-1.5));
#1877 = DIRECTION('',(0.,0.,-1.));
#1878 = DIRECTION('',(-1.,0.,0.));
#1879 = DEFINITIONAL_REPRESENTATION('',(#1880),#1884);
#1880 = CIRCLE('',#1881,1.3);
#1881 = AXIS2_PLACEMENT_2D('',#1882,#1883);
#1882 = CARTESIAN_POINT('',(0.,0.));
#1883 = DIRECTION('',(1.,0.));
#1884 = ( GEOMETRIC_REPRESENTATION_CONTEXT(2) 
PARAMETRIC_REPRESENTATION_CONTEXT() REPRESENTATION_CONTEXT('2D SPACE',''
  ) );
#1885 = ORIENTED_EDGE('',*,*,#1836,.F.);
#1886 = ORIENTED_EDGE('',*,*,#1887,.F.);
#1887 = EDGE_CURVE('',#1888,#1657,#1890,.T.);
#1888 = VERTEX_POINT('',#1889);
#1889 = CARTESIAN_POINT('',(1.240589571761,0.921413542602,
    -1.254663336987));
#1890 = SURFACE_CURVE('',#1891,(#1908,#1959),.PCURVE_S1.);
#1891 = B_SPLINE_CURVE_WITH_KNOTS('',3,(#1892,#1893,#1894,#1895,#1896,
    #1897,#1898,#1899,#1900,#1901,#1902,#1903,#1904,#1905,#1906,#1907),
  .UNSPECIFIED.,.F.,.F.,(4,2,2,2,2,2,2,4),(0.,6.002322308297E-02,
    0.118728224728,0.157914353189,0.277057388185,0.390556042813,
    0.539637745676,0.741016803466),.UNSPECIFIED.);
#1892 = CARTESIAN_POINT('',(1.240589571761,0.921413542602,
    -1.254663336987));
#1893 = CARTESIAN_POINT('',(1.128564087919,1.086956032338,
    -1.245891497673));
#1894 = CARTESIAN_POINT('',(0.986031079568,1.22962715545,-1.236546958397
    ));
#1895 = CARTESIAN_POINT('',(0.658835748837,1.451494656509,
    -1.217982992334));
#1896 = CARTESIAN_POINT('',(0.478009675995,1.530088935152,
    -1.208925485665));
#1897 = CARTESIAN_POINT('',(0.160171349336,1.602558239591,
    -1.194742842791));
#1898 = CARTESIAN_POINT('',(5.350392406926E-02,1.610255456877,
    -1.190449814786));
#1899 = CARTESIAN_POINT('',(-0.236099531519,1.618566456447,
    -1.17887544113));
#1900 = CARTESIAN_POINT('',(-0.453083271534,1.581514603758,
    -1.169338775873));
#1901 = CARTESIAN_POINT('',(-0.850360943245,1.428799746569,
    -1.150287329639));
#1902 = CARTESIAN_POINT('',(-1.028352782612,1.318309985632,
    -1.140962579548));
#1903 = CARTESIAN_POINT('',(-1.38181301246,0.992914753652,
    -1.120410748239));
#1904 = CARTESIAN_POINT('',(-1.49865127306,0.793823700806,
    -1.112123433421));
#1905 = CARTESIAN_POINT('',(-1.660393019648,0.441244407448,
    -1.096474377192));
#1906 = CARTESIAN_POINT('',(-1.713079489153,0.222576569723,
    -1.086920510798));
#1907 = CARTESIAN_POINT('',(-1.722636114139,3.84621223759E-10,
    -1.077363885861));
#1908 = PCURVE('',#1237,#1909);
#1909 = DEFINITIONAL_REPRESENTATION('',(#1910),#1958);
#1910 = B_SPLINE_CURVE_WITH_KNOTS('',3,(#1911,#1912,#1913,#1914,#1915,
    #1916,#1917,#1918,#1919,#1920,#1921,#1922,#1923,#1924,#1925,#1926,
    #1927,#1928,#1929,#1930,#1931,#1932,#1933,#1934,#1935,#1936,#1937,
    #1938,#1939,#1940,#1941,#1942,#1943,#1944,#1945,#1946,#1947,#1948,
    #1949,#1950,#1951,#1952,#1953,#1954,#1955,#1956,#1957),
  .UNSPECIFIED.,.F.,.F.,(4,1,1,1,1,1,1,1,1,1,1,1,1,1,1,1,1,1,1,1,1,1,1,1
    ,1,1,1,1,1,1,1,1,1,1,1,1,1,1,1,1,1,1,1,1,4),(0.,1.684129098787E-02,
    3.368258197575E-02,5.052387296362E-02,6.73651639515E-02,
    8.420645493937E-02,0.101047745927,0.117889036915,0.134730327903,
    0.151571618891,0.168412909879,0.185254200867,0.202095491854,
    0.218936782842,0.23577807383,0.252619364818,0.269460655806,
    0.286301946794,0.303143237782,0.31998452877,0.336825819757,
    0.353667110745,0.370508401733,0.387349692721,0.404190983709,
    0.421032274697,0.437873565685,0.454714856673,0.47155614766,
    0.488397438648,0.505238729636,0.522080020624,0.538921311612,
    0.5557626026,0.572603893588,0.589445184576,0.606286475563,
    0.623127766551,0.639969057539,0.656810348527,0.673651639515,
    0.690492930503,0.707334221491,0.724175512479,0.741016803466),
  .QUASI_UNIFORM_KNOTS.);
#1911 = CARTESIAN_POINT('',(0.638827088273,0.245336663013));
#1912 = CARTESIAN_POINT('',(0.67508338645,0.247797953639));
#1913 = CARTESIAN_POINT('',(0.747234931867,0.252810580892));
#1914 = CARTESIAN_POINT('',(0.854691809241,0.260529902752));
#1915 = CARTESIAN_POINT('',(0.961644800648,0.268376509168));
#1916 = CARTESIAN_POINT('',(1.068522011363,0.276288991606));
#1917 = CARTESIAN_POINT('',(1.174569387996,0.284120475343));
#1918 = CARTESIAN_POINT('',(1.279509244327,0.29176892768));
#1919 = CARTESIAN_POINT('',(1.386113152934,0.299344106912));
#1920 = CARTESIAN_POINT('',(1.485467419563,0.306142937013));
#1921 = CARTESIAN_POINT('',(1.562527775488,0.311167982064));
#1922 = CARTESIAN_POINT('',(1.617232665498,0.314679346483));
#1923 = CARTESIAN_POINT('',(1.674897331132,0.318531523709));
#1924 = CARTESIAN_POINT('',(1.731474206578,0.322399577104));
#1925 = CARTESIAN_POINT('',(1.788102638369,0.326357578976));
#1926 = CARTESIAN_POINT('',(1.844530581178,0.330372663282));
#1927 = CARTESIAN_POINT('',(1.900880704618,0.334440666579));
#1928 = CARTESIAN_POINT('',(1.957169238165,0.338549181194));
#1929 = CARTESIAN_POINT('',(2.013469349547,0.342690230953));
#1930 = CARTESIAN_POINT('',(2.069466796552,0.34682751497));
#1931 = CARTESIAN_POINT('',(2.125256660567,0.350955151239));
#1932 = CARTESIAN_POINT('',(2.18086820282,0.355062789579));
#1933 = CARTESIAN_POINT('',(2.23636252297,0.359142357255));
#1934 = CARTESIAN_POINT('',(2.291734856075,0.363181149069));
#1935 = CARTESIAN_POINT('',(2.347212701569,0.367182441484));
#1936 = CARTESIAN_POINT('',(2.40216587499,0.371090512027));
#1937 = CARTESIAN_POINT('',(2.454217782382,0.374723338324));
#1938 = CARTESIAN_POINT('',(2.504009926424,0.37812547371));
#1939 = CARTESIAN_POINT('',(2.55139995425,0.381300234709));
#1940 = CARTESIAN_POINT('',(2.596405773729,0.38426944843));
#1941 = CARTESIAN_POINT('',(2.638967738768,0.387052910331));
#1942 = CARTESIAN_POINT('',(2.678971472657,0.389667897215));
#1943 = CARTESIAN_POINT('',(2.716411727531,0.392136058173));
#1944 = CARTESIAN_POINT('',(2.750731952139,0.39444791836));
#1945 = CARTESIAN_POINT('',(2.783319566846,0.396696636218));
#1946 = CARTESIAN_POINT('',(2.816251189105,0.398990134082));
#1947 = CARTESIAN_POINT('',(2.848985891286,0.401297156448));
#1948 = CARTESIAN_POINT('',(2.881679659159,0.40362357459));
#1949 = CARTESIAN_POINT('',(2.914301518587,0.405965338907));
#1950 = CARTESIAN_POINT('',(2.946870436741,0.408321064897));
#1951 = CARTESIAN_POINT('',(2.979391913129,0.410688647592));
#1952 = CARTESIAN_POINT('',(3.011875039233,0.413066162913));
#1953 = CARTESIAN_POINT('',(3.044327993528,0.415451626962));
#1954 = CARTESIAN_POINT('',(3.076759323344,0.417843070412));
#1955 = CARTESIAN_POINT('',(3.109177638374,0.420238527985));
#1956 = CARTESIAN_POINT('',(3.130787121296,0.42183689972));
#1957 = CARTESIAN_POINT('',(3.141592653367,0.422636114139));
#1958 = ( GEOMETRIC_REPRESENTATION_CONTEXT(2) 
PARAMETRIC_REPRESENTATION_CONTEXT() REPRESENTATION_CONTEXT('2D SPACE',''
  ) );
#1959 = PCURVE('',#328,#1960);
#1960 = DEFINITIONAL_REPRESENTATION('',(#1961),#2009);
#1961 = B_SPLINE_CURVE_WITH_KNOTS('',3,(#1962,#1963,#1964,#1965,#1966,
    #1967,#1968,#1969,#1970,#1971,#1972,#1973,#1974,#1975,#1976,#1977,
    #1978,#1979,#1980,#1981,#1982,#1983,#1984,#1985,#1986,#1987,#1988,
    #1989,#1990,#1991,#1992,#1993,#1994,#1995,#1996,#1997,#1998,#1999,
    #2000,#2001,#2002,#2003,#2004,#2005,#2006,#2007,#2008),
  .UNSPECIFIED.,.F.,.F.,(4,1,1,1,1,1,1,1,1,1,1,1,1,1,1,1,1,1,1,1,1,1,1,1
    ,1,1,1,1,1,1,1,1,1,1,1,1,1,1,1,1,1,1,1,1,4),(0.,1.684129098787E-02,
    3.368258197575E-02,5.052387296362E-02,6.73651639515E-02,
    8.420645493937E-02,0.101047745927,0.117889036915,0.134730327903,
    0.151571618891,0.168412909879,0.185254200867,0.202095491854,
    0.218936782842,0.23577807383,0.252619364818,0.269460655806,
    0.286301946794,0.303143237782,0.31998452877,0.336825819757,
    0.353667110745,0.370508401733,0.387349692721,0.404190983709,
    0.421032274697,0.437873565685,0.454714856673,0.47155614766,
    0.488397438648,0.505238729636,0.522080020624,0.538921311612,
    0.5557626026,0.572603893588,0.589445184576,0.606286475563,
    0.623127766551,0.639969057539,0.656810348527,0.673651639515,
    0.690492930503,0.707334221491,0.724175512479,0.741016803466),
  .QUASI_UNIFORM_KNOTS.);
#1962 = CARTESIAN_POINT('',(0.,0.142044453094));
#1963 = CARTESIAN_POINT('',(5.413875210062E-03,0.143024213027));
#1964 = CARTESIAN_POINT('',(1.643976698907E-02,0.144952639919));
#1965 = CARTESIAN_POINT('',(3.341899179626E-02,0.147777931424));
#1966 = CARTESIAN_POINT('',(5.067479043447E-02,0.15056127226));
#1967 = CARTESIAN_POINT('',(6.807756689009E-02,0.153329922344));
#1968 = CARTESIAN_POINT('',(8.530353920619E-02,0.156080319083));
#1969 = CARTESIAN_POINT('',(0.102127824584,0.158820053602));
#1970 = CARTESIAN_POINT('',(0.118777437821,0.161638154102));
#1971 = CARTESIAN_POINT('',(0.133768354513,0.164313046729));
#1972 = CARTESIAN_POINT('',(0.144809608441,0.166434253218));
#1973 = CARTESIAN_POINT('',(0.152509535663,0.167954008427));
#1974 = CARTESIAN_POINT('',(0.160989384346,0.169523865973));
#1975 = CARTESIAN_POINT('',(0.169495990626,0.17104782533));
#1976 = CARTESIAN_POINT('',(0.17820205492,0.172556875494));
#1977 = CARTESIAN_POINT('',(0.187032486958,0.174047663583));
#1978 = CARTESIAN_POINT('',(0.195978976006,0.175525868307));
#1979 = CARTESIAN_POINT('',(0.205014321691,0.176994424135));
#1980 = CARTESIAN_POINT('',(0.214122354991,0.178457608032));
#1981 = CARTESIAN_POINT('',(0.223222918107,0.179909621408));
#1982 = CARTESIAN_POINT('',(0.232301987587,0.181355250778));
#1983 = CARTESIAN_POINT('',(0.241336676772,0.182797499067));
#1984 = CARTESIAN_POINT('',(0.250308792494,0.184240171766));
#1985 = CARTESIAN_POINT('',(0.259191912238,0.185685352721));
#1986 = CARTESIAN_POINT('',(0.267988556799,0.187141235116));
#1987 = CARTESIAN_POINT('',(0.276596230851,0.188593641766));
#1988 = CARTESIAN_POINT('',(0.284630337333,0.189980920365));
#1989 = CARTESIAN_POINT('',(0.292143664783,0.191320248146));
#1990 = CARTESIAN_POINT('',(0.299125858999,0.192608106986));
#1991 = CARTESIAN_POINT('',(0.305613887226,0.19384382748));
#1992 = CARTESIAN_POINT('',(0.311615502792,0.195027962987));
#1993 = CARTESIAN_POINT('',(0.317370682602,0.196126606966));
#1994 = CARTESIAN_POINT('',(0.322848971204,0.197146148583));
#1995 = CARTESIAN_POINT('',(0.327966523545,0.19807337846));
#1996 = CARTESIAN_POINT('',(0.332903907401,0.198948212976));
#1997 = CARTESIAN_POINT('',(0.337951102496,0.199827070338));
#1998 = CARTESIAN_POINT('',(0.343025105831,0.200695956797));
#1999 = CARTESIAN_POINT('',(0.348142484461,0.201559595423));
#2000 = CARTESIAN_POINT('',(0.353293255738,0.202417661808));
#2001 = CARTESIAN_POINT('',(0.358474612982,0.203271156985));
#2002 = CARTESIAN_POINT('',(0.363681845181,0.204120704854));
#2003 = CARTESIAN_POINT('',(0.368910751276,0.20496701326));
#2004 = CARTESIAN_POINT('',(0.374156996139,0.205810755097));
#2005 = CARTESIAN_POINT('',(0.379416317235,0.206652604851));
#2006 = CARTESIAN_POINT('',(0.384684496824,0.207493232767));
#2007 = CARTESIAN_POINT('',(0.388199851762,0.208053285963));
#2008 = CARTESIAN_POINT('',(0.389957660323,0.208333333328));
#2009 = ( GEOMETRIC_REPRESENTATION_CONTEXT(2) 
PARAMETRIC_REPRESENTATION_CONTEXT() REPRESENTATION_CONTEXT('2D SPACE',''
  ) );
#2010 = ORIENTED_EDGE('',*,*,#2011,.T.);
#2011 = EDGE_CURVE('',#1888,#2012,#2014,.T.);
#2012 = VERTEX_POINT('',#2013);
#2013 = CARTESIAN_POINT('',(1.528522621549,-0.227341147761,
    -1.254663336987));
#2014 = SURFACE_CURVE('',#2015,(#2020,#2027),.PCURVE_S1.);
#2015 = CIRCLE('',#2016,1.545336663013);
#2016 = AXIS2_PLACEMENT_3D('',#2017,#2018,#2019);
#2017 = CARTESIAN_POINT('',(1.226796442211E-13,-1.581434208401E-14,
    -1.254663336987));
#2018 = DIRECTION('',(1.643254615215E-13,-1.337430953313E-14,-1.));
#2019 = DIRECTION('',(0.989119496181,-0.14711431703,1.645050701225E-13)
  );
#2020 = PCURVE('',#1237,#2021);
#2021 = DEFINITIONAL_REPRESENTATION('',(#2022),#2026);
#2022 = LINE('',#2023,#2024);
#2023 = CARTESIAN_POINT('',(6.135535097815,0.245336663013));
#2024 = VECTOR('',#2025,1.);
#2025 = DIRECTION('',(-1.,6.078918680875E-14));
#2026 = ( GEOMETRIC_REPRESENTATION_CONTEXT(2) 
PARAMETRIC_REPRESENTATION_CONTEXT() REPRESENTATION_CONTEXT('2D SPACE',''
  ) );
#2027 = PCURVE('',#2028,#2163);
#2028 = ( BOUNDED_SURFACE() B_SPLINE_SURFACE(1,2,(
    (#2029,#2030,#2031,#2032,#2033,#2034,#2035,#2036,#2037,#2038,#2039
      ,#2040,#2041,#2042,#2043,#2044,#2045,#2046,#2047,#2048,#2049,#2050
      ,#2051,#2052,#2053,#2054,#2055,#2056,#2057,#2058,#2059,#2060,#2061
      ,#2062,#2063,#2064,#2065,#2066,#2067,#2068,#2069,#2070,#2071,#2072
      ,#2073,#2074,#2075,#2076,#2077,#2078,#2079,#2080,#2081,#2082,#2083
      ,#2084,#2085,#2086,#2087,#2088,#2089,#2090,#2091,#2092,#2093,#2094
      ,#2095)
    ,(#2096,#2097,#2098,#2099,#2100,#2101,#2102,#2103,#2104,#2105,#2106
      ,#2107,#2108,#2109,#2110,#2111,#2112,#2113,#2114,#2115,#2116,#2117
      ,#2118,#2119,#2120,#2121,#2122,#2123,#2124,#2125,#2126,#2127,#2128
      ,#2129,#2130,#2131,#2132,#2133,#2134,#2135,#2136,#2137,#2138,#2139
      ,#2140,#2141,#2142,#2143,#2144,#2145,#2146,#2147,#2148,#2149,#2150
      ,#2151,#2152,#2153,#2154,#2155,#2156,#2157,#2158,#2159,#2160,#2161
,#2162
    )),.UNSPECIFIED.,.F.,.F.,.F.) B_SPLINE_SURFACE_WITH_KNOTS((2,2),(3,2
    ,2,2,2,2,2,2,2,2,2,2,2,2,2,2,2,2,2,2,2,2,2,2,2,2,2,2,2,2,2,2,2,3),(
    -3.26544719307E-04,1.00032654472),(0.,2.777777777778E-02,
    5.555555555556E-02,8.333333333333E-02,0.111111111111,0.138888888889,
    0.166666666667,0.194444444444,0.222222222222,0.25,0.277777777778,
    0.305555555556,0.333333333333,0.361111111111,0.388888888889,
    0.416666666667,0.444444444444,0.472222222222,0.5,0.527777777778,
    0.555555555556,0.583333333333,0.611111111111,0.638888888889,
    0.666666666667,0.694444444444,0.722222222222,0.75,0.777777777778,
    0.805555555556,0.833333333333,0.861111111111,0.880839098981,
0.889647489971),.UNSPECIFIED.) GEOMETRIC_REPRESENTATION_ITEM() 
RATIONAL_B_SPLINE_SURFACE((
    (1.,0.866025403784,1.,0.866025403784,1.,0.866025403784,1.
      ,0.866025403784,1.,0.866025403784,1.,0.866025403784,1.
      ,0.866025403784,1.,0.866025403784,1.,0.866025403784,1.
      ,0.866025403784,1.,0.866025403784,1.,0.866025403784,1.
      ,0.866025403784,1.,0.866025403784,1.,0.866025403784,1.
      ,0.866025403784,1.,0.866025403784,1.,0.866025403784,1.
      ,0.866025403784,1.,0.866025403784,1.,0.866025403784,1.
      ,0.866025403784,1.,0.866025403784,1.,0.866025403784,1.
      ,0.866025403784,1.,0.866025403784,1.,0.866025403784,1.
      ,0.866025403784,1.,0.866025403784,1.,0.866025403784,1.
      ,0.866025403784,1.,0.904850228475,0.94485263172,0.94485263172
      ,0.94485263172)
    ,(1.,0.866025403784,1.,0.866025403784,1.,0.866025403784,1.
      ,0.866025403784,1.,0.866025403784,1.,0.866025403784,1.
      ,0.866025403784,1.,0.866025403784,1.,0.866025403784,1.
      ,0.866025403784,1.,0.866025403784,1.,0.866025403784,1.
      ,0.866025403784,1.,0.866025403784,1.,0.866025403784,1.
      ,0.866025403784,1.,0.866025403784,1.,0.866025403784,1.
      ,0.866025403784,1.,0.866025403784,1.,0.866025403784,1.
      ,0.866025403784,1.,0.866025403784,1.,0.866025403784,1.
      ,0.866025403784,1.,0.866025403784,1.,0.866025403784,1.
      ,0.866025403784,1.,0.866025403784,1.,0.866025403784,1.
      ,0.866025403784,1.,0.904850228475,0.94485263172,0.94485263172
,0.94485263172))) REPRESENTATION_ITEM('') SURFACE() );
#2029 = CARTESIAN_POINT('',(0.,1.545336663013,-1.762471427337));
#2030 = CARTESIAN_POINT('',(-0.892200538379,1.545336663013,
    -1.704138094004));
#2031 = CARTESIAN_POINT('',(-1.338300807569,0.772668331507,
    -1.64580476067));
#2032 = CARTESIAN_POINT('',(-1.784401076758,-1.605242465454E-15,
    -1.587471427337));
#2033 = CARTESIAN_POINT('',(-1.338300807569,-0.772668331507,
    -1.529138094004));
#2034 = CARTESIAN_POINT('',(-0.892200538379,-1.545336663013,
    -1.47080476067));
#2035 = CARTESIAN_POINT('',(-1.892491597964E-16,-1.545336663013,
    -1.412471427337));
#2036 = CARTESIAN_POINT('',(0.892200538379,-1.545336663013,
    -1.354138094004));
#2037 = CARTESIAN_POINT('',(1.338300807569,-0.772668331507,
    -1.29580476067));
#2038 = CARTESIAN_POINT('',(1.784401076758,-2.042294678863E-15,
    -1.237471427337));
#2039 = CARTESIAN_POINT('',(1.338300807569,0.772668331507,
    -1.179138094004));
#2040 = CARTESIAN_POINT('',(0.892200538379,1.545336663013,-1.12080476067
    ));
#2041 = CARTESIAN_POINT('',(0.,1.545336663013,-1.062471427337));
#2042 = CARTESIAN_POINT('',(-0.892200538379,1.545336663013,
    -1.004138094004));
#2043 = CARTESIAN_POINT('',(-1.338300807569,0.772668331507,
    -0.94580476067));
#2044 = CARTESIAN_POINT('',(-1.784401076758,-1.605242465454E-15,
    -0.887471427337));
#2045 = CARTESIAN_POINT('',(-1.338300807569,-0.772668331507,
    -0.829138094004));
#2046 = CARTESIAN_POINT('',(-0.892200538379,-1.545336663013,
    -0.77080476067));
#2047 = CARTESIAN_POINT('',(-1.892491597964E-16,-1.545336663013,
    -0.712471427337));
#2048 = CARTESIAN_POINT('',(0.892200538379,-1.545336663013,
    -0.654138094004));
#2049 = CARTESIAN_POINT('',(1.338300807569,-0.772668331507,
    -0.59580476067));
#2050 = CARTESIAN_POINT('',(1.784401076758,-2.042294678863E-15,
    -0.537471427337));
#2051 = CARTESIAN_POINT('',(1.338300807569,0.772668331507,
    -0.479138094004));
#2052 = CARTESIAN_POINT('',(0.892200538379,1.545336663013,-0.42080476067
    ));
#2053 = CARTESIAN_POINT('',(0.,1.545336663013,-0.362471427337));
#2054 = CARTESIAN_POINT('',(-0.892200538379,1.545336663013,
    -0.304138094004));
#2055 = CARTESIAN_POINT('',(-1.338300807569,0.772668331507,
    -0.24580476067));
#2056 = CARTESIAN_POINT('',(-1.784401076758,-1.605242465454E-15,
    -0.187471427337));
#2057 = CARTESIAN_POINT('',(-1.338300807569,-0.772668331507,
    -0.129138094004));
#2058 = CARTESIAN_POINT('',(-0.892200538379,-1.545336663013,
    -7.08047606704E-02));
#2059 = CARTESIAN_POINT('',(-1.892491597964E-16,-1.545336663013,
    -1.247142733706E-02));
#2060 = CARTESIAN_POINT('',(0.892200538379,-1.545336663013,
    4.586190599627E-02));
#2061 = CARTESIAN_POINT('',(1.338300807569,-0.772668331507,0.10419523933
    ));
#2062 = CARTESIAN_POINT('',(1.784401076758,-2.042294678863E-15,
    0.162528572663));
#2063 = CARTESIAN_POINT('',(1.338300807569,0.772668331507,0.220861905996
    ));
#2064 = CARTESIAN_POINT('',(0.892200538379,1.545336663013,0.27919523933)
  );
#2065 = CARTESIAN_POINT('',(0.,1.545336663013,0.337528572663));
#2066 = CARTESIAN_POINT('',(-0.892200538379,1.545336663013,
    0.395861905996));
#2067 = CARTESIAN_POINT('',(-1.338300807569,0.772668331507,0.45419523933
    ));
#2068 = CARTESIAN_POINT('',(-1.784401076758,-1.605242465454E-15,
    0.512528572663));
#2069 = CARTESIAN_POINT('',(-1.338300807569,-0.772668331507,
    0.570861905996));
#2070 = CARTESIAN_POINT('',(-0.892200538379,-1.545336663013,
    0.62919523933));
#2071 = CARTESIAN_POINT('',(-1.892491597964E-16,-1.545336663013,
    0.687528572663));
#2072 = CARTESIAN_POINT('',(0.892200538379,-1.545336663013,
    0.745861905996));
#2073 = CARTESIAN_POINT('',(1.338300807569,-0.772668331507,0.80419523933
    ));
#2074 = CARTESIAN_POINT('',(1.784401076758,-2.042294678863E-15,
    0.862528572663));
#2075 = CARTESIAN_POINT('',(1.338300807569,0.772668331507,0.920861905996
    ));
#2076 = CARTESIAN_POINT('',(0.892200538379,1.545336663013,0.97919523933)
  );
#2077 = CARTESIAN_POINT('',(0.,1.545336663013,1.037528572663));
#2078 = CARTESIAN_POINT('',(-0.892200538379,1.545336663013,
    1.095861905996));
#2079 = CARTESIAN_POINT('',(-1.338300807569,0.772668331507,1.15419523933
    ));
#2080 = CARTESIAN_POINT('',(-1.784401076758,-1.605242465454E-15,
    1.212528572663));
#2081 = CARTESIAN_POINT('',(-1.338300807569,-0.772668331507,
    1.270861905996));
#2082 = CARTESIAN_POINT('',(-0.892200538379,-1.545336663013,
    1.32919523933));
#2083 = CARTESIAN_POINT('',(-1.892491597964E-16,-1.545336663013,
    1.387528572663));
#2084 = CARTESIAN_POINT('',(0.892200538379,-1.545336663013,
    1.445861905996));
#2085 = CARTESIAN_POINT('',(1.338300807569,-0.772668331507,1.50419523933
    ));
#2086 = CARTESIAN_POINT('',(1.784401076758,-2.042294678863E-15,
    1.562528572663));
#2087 = CARTESIAN_POINT('',(1.338300807569,0.772668331507,1.620861905996
    ));
#2088 = CARTESIAN_POINT('',(0.892200538379,1.545336663013,1.67919523933)
  );
#2089 = CARTESIAN_POINT('',(0.,1.545336663013,1.737528572663));
#2090 = CARTESIAN_POINT('',(-0.892200538379,1.545336663013,
    1.795861905996));
#2091 = CARTESIAN_POINT('',(-1.338300807569,0.772668331507,1.85419523933
    ));
#2092 = CARTESIAN_POINT('',(-1.641530488958,0.247459116978,
    1.893846410384));
#2093 = CARTESIAN_POINT('',(-1.50660749608,-0.343801184999,
    1.938484171342));
#2094 = CARTESIAN_POINT('',(-1.448915922967,-0.596617522771,
    1.95757078212));
#2095 = CARTESIAN_POINT('',(-1.391224349854,-0.849433860543,
    1.976657392897));
#2096 = CARTESIAN_POINT('',(0.,1.545336663013,-1.850028572663));
#2097 = CARTESIAN_POINT('',(-0.892200538379,1.545336663013,
    -1.79169523933));
#2098 = CARTESIAN_POINT('',(-1.338300807569,0.772668331507,
    -1.733361905996));
#2099 = CARTESIAN_POINT('',(-1.784401076758,-1.605242465454E-15,
    -1.675028572663));
#2100 = CARTESIAN_POINT('',(-1.338300807569,-0.772668331507,
    -1.61669523933));
#2101 = CARTESIAN_POINT('',(-0.892200538379,-1.545336663013,
    -1.558361905996));
#2102 = CARTESIAN_POINT('',(-1.892491597964E-16,-1.545336663013,
    -1.500028572663));
#2103 = CARTESIAN_POINT('',(0.892200538379,-1.545336663013,
    -1.44169523933));
#2104 = CARTESIAN_POINT('',(1.338300807569,-0.772668331507,
    -1.383361905996));
#2105 = CARTESIAN_POINT('',(1.784401076758,-2.042294678863E-15,
    -1.325028572663));
#2106 = CARTESIAN_POINT('',(1.338300807569,0.772668331507,-1.26669523933
    ));
#2107 = CARTESIAN_POINT('',(0.892200538379,1.545336663013,
    -1.208361905996));
#2108 = CARTESIAN_POINT('',(0.,1.545336663013,-1.150028572663));
#2109 = CARTESIAN_POINT('',(-0.892200538379,1.545336663013,
    -1.09169523933));
#2110 = CARTESIAN_POINT('',(-1.338300807569,0.772668331507,
    -1.033361905996));
#2111 = CARTESIAN_POINT('',(-1.784401076758,-1.605242465454E-15,
    -0.975028572663));
#2112 = CARTESIAN_POINT('',(-1.338300807569,-0.772668331507,
    -0.91669523933));
#2113 = CARTESIAN_POINT('',(-0.892200538379,-1.545336663013,
    -0.858361905996));
#2114 = CARTESIAN_POINT('',(-1.892491597964E-16,-1.545336663013,
    -0.800028572663));
#2115 = CARTESIAN_POINT('',(0.892200538379,-1.545336663013,
    -0.74169523933));
#2116 = CARTESIAN_POINT('',(1.338300807569,-0.772668331507,
    -0.683361905996));
#2117 = CARTESIAN_POINT('',(1.784401076758,-2.042294678863E-15,
    -0.625028572663));
#2118 = CARTESIAN_POINT('',(1.338300807569,0.772668331507,-0.56669523933
    ));
#2119 = CARTESIAN_POINT('',(0.892200538379,1.545336663013,
    -0.508361905996));
#2120 = CARTESIAN_POINT('',(0.,1.545336663013,-0.450028572663));
#2121 = CARTESIAN_POINT('',(-0.892200538379,1.545336663013,
    -0.39169523933));
#2122 = CARTESIAN_POINT('',(-1.338300807569,0.772668331507,
    -0.333361905996));
#2123 = CARTESIAN_POINT('',(-1.784401076758,-1.605242465454E-15,
    -0.275028572663));
#2124 = CARTESIAN_POINT('',(-1.338300807569,-0.772668331507,
    -0.21669523933));
#2125 = CARTESIAN_POINT('',(-0.892200538379,-1.545336663013,
    -0.158361905996));
#2126 = CARTESIAN_POINT('',(-1.892491597964E-16,-1.545336663013,
    -0.100028572663));
#2127 = CARTESIAN_POINT('',(0.892200538379,-1.545336663013,
    -4.169523932967E-02));
#2128 = CARTESIAN_POINT('',(1.338300807569,-0.772668331507,
    1.663809400367E-02));
#2129 = CARTESIAN_POINT('',(1.784401076758,-2.042294678863E-15,
    7.4971427337E-02));
#2130 = CARTESIAN_POINT('',(1.338300807569,0.772668331507,0.13330476067)
  );
#2131 = CARTESIAN_POINT('',(0.892200538379,1.545336663013,0.191638094004
    ));
#2132 = CARTESIAN_POINT('',(0.,1.545336663013,0.249971427337));
#2133 = CARTESIAN_POINT('',(-0.892200538379,1.545336663013,0.30830476067
    ));
#2134 = CARTESIAN_POINT('',(-1.338300807569,0.772668331507,
    0.366638094004));
#2135 = CARTESIAN_POINT('',(-1.784401076758,-1.605242465454E-15,
    0.424971427337));
#2136 = CARTESIAN_POINT('',(-1.338300807569,-0.772668331507,
    0.48330476067));
#2137 = CARTESIAN_POINT('',(-0.892200538379,-1.545336663013,
    0.541638094004));
#2138 = CARTESIAN_POINT('',(-1.892491597964E-16,-1.545336663013,
    0.599971427337));
#2139 = CARTESIAN_POINT('',(0.892200538379,-1.545336663013,0.65830476067
    ));
#2140 = CARTESIAN_POINT('',(1.338300807569,-0.772668331507,
    0.716638094004));
#2141 = CARTESIAN_POINT('',(1.784401076758,-2.042294678863E-15,
    0.774971427337));
#2142 = CARTESIAN_POINT('',(1.338300807569,0.772668331507,0.83330476067)
  );
#2143 = CARTESIAN_POINT('',(0.892200538379,1.545336663013,0.891638094004
    ));
#2144 = CARTESIAN_POINT('',(0.,1.545336663013,0.949971427337));
#2145 = CARTESIAN_POINT('',(-0.892200538379,1.545336663013,1.00830476067
    ));
#2146 = CARTESIAN_POINT('',(-1.338300807569,0.772668331507,
    1.066638094004));
#2147 = CARTESIAN_POINT('',(-1.784401076758,-1.605242465454E-15,
    1.124971427337));
#2148 = CARTESIAN_POINT('',(-1.338300807569,-0.772668331507,
    1.18330476067));
#2149 = CARTESIAN_POINT('',(-0.892200538379,-1.545336663013,
    1.241638094004));
#2150 = CARTESIAN_POINT('',(-1.892491597964E-16,-1.545336663013,
    1.299971427337));
#2151 = CARTESIAN_POINT('',(0.892200538379,-1.545336663013,1.35830476067
    ));
#2152 = CARTESIAN_POINT('',(1.338300807569,-0.772668331507,
    1.416638094004));
#2153 = CARTESIAN_POINT('',(1.784401076758,-2.042294678863E-15,
    1.474971427337));
#2154 = CARTESIAN_POINT('',(1.338300807569,0.772668331507,1.53330476067)
  );
#2155 = CARTESIAN_POINT('',(0.892200538379,1.545336663013,1.591638094004
    ));
#2156 = CARTESIAN_POINT('',(0.,1.545336663013,1.649971427337));
#2157 = CARTESIAN_POINT('',(-0.892200538379,1.545336663013,1.70830476067
    ));
#2158 = CARTESIAN_POINT('',(-1.338300807569,0.772668331507,
    1.766638094004));
#2159 = CARTESIAN_POINT('',(-1.641530488958,0.247459116978,
    1.806289265058));
#2160 = CARTESIAN_POINT('',(-1.50660749608,-0.343801184999,
    1.850927026017));
#2161 = CARTESIAN_POINT('',(-1.448915922967,-0.596617522771,
    1.870013636794));
#2162 = CARTESIAN_POINT('',(-1.391224349854,-0.849433860543,
    1.889100247571));
#2163 = DEFINITIONAL_REPRESENTATION('',(#2164),#2190);
#2164 = B_SPLINE_CURVE_WITH_KNOTS('',3,(#2165,#2166,#2167,#2168,#2169,
    #2170,#2171,#2172,#2173,#2174,#2175,#2176,#2177,#2178,#2179,#2180,
    #2181,#2182,#2183,#2184,#2185,#2186,#2187,#2188,#2189),
  .UNSPECIFIED.,.F.,.F.,(4,1,1,1,1,1,1,1,1,1,1,1,1,1,1,1,1,1,1,1,1,1,4),
  (5.496708009542,5.532456977617,5.568205945691,5.603954913765,
    5.63970388184,5.675452849914,5.711201817989,5.746950786063,
    5.782699754138,5.818448722212,5.854197690286,5.889946658361,
    5.925695626435,5.96144459451,5.997193562584,6.032942530659,
    6.068691498733,6.104440466807,6.140189434882,6.175938402956,
    6.211687371031,6.247436339105,6.28318530718),.QUASI_UNIFORM_KNOTS.);
#2165 = CARTESIAN_POINT('',(1.000000000001,0.142044453094));
#2166 = CARTESIAN_POINT('',(0.985418009684,0.141722373315));
#2167 = CARTESIAN_POINT('',(0.956483559681,0.141075795505));
#2168 = CARTESIAN_POINT('',(0.913791842497,0.140098311772));
#2169 = CARTESIAN_POINT('',(0.871964069065,0.139111382807));
#2170 = CARTESIAN_POINT('',(0.830690055295,0.138118311215));
#2171 = CARTESIAN_POINT('',(0.788293695052,0.137137636642));
#2172 = CARTESIAN_POINT('',(0.745224131946,0.136164210287));
#2173 = CARTESIAN_POINT('',(0.701430571361,0.135198497692));
#2174 = CARTESIAN_POINT('',(0.656997332389,0.134239486514));
#2175 = CARTESIAN_POINT('',(0.611973595824,0.133286584189));
#2176 = CARTESIAN_POINT('',(0.566418931334,0.132339106892));
#2177 = CARTESIAN_POINT('',(0.520391005532,0.131396414035));
#2178 = CARTESIAN_POINT('',(0.473948781497,0.130457869905));
#2179 = CARTESIAN_POINT('',(0.427151566381,0.129522851707));
#2180 = CARTESIAN_POINT('',(0.38005917062,0.128590745254));
#2181 = CARTESIAN_POINT('',(0.332731768551,0.127660944039));
#2182 = CARTESIAN_POINT('',(0.285229838346,0.12673284745));
#2183 = CARTESIAN_POINT('',(0.237614080363,0.125805859263));
#2184 = CARTESIAN_POINT('',(0.189945340233,0.124879386078));
#2185 = CARTESIAN_POINT('',(0.142284532845,0.12395283585));
#2186 = CARTESIAN_POINT('',(9.469255691792E-02,0.123025616214));
#2187 = CARTESIAN_POINT('',(4.723024579248E-02,0.122097133538));
#2188 = CARTESIAN_POINT('',(1.571553715714E-02,0.121476904045));
#2189 = CARTESIAN_POINT('',(-6.938441794027E-15,0.121166379516));
#2190 = ( GEOMETRIC_REPRESENTATION_CONTEXT(2) 
PARAMETRIC_REPRESENTATION_CONTEXT() REPRESENTATION_CONTEXT('2D SPACE',''
  ) );
#2191 = ORIENTED_EDGE('',*,*,#2192,.T.);
#2192 = EDGE_CURVE('',#2012,#1221,#2193,.T.);
#2193 = SURFACE_CURVE('',#2194,(#2207,#2236),.PCURVE_S1.);
#2194 = B_SPLINE_CURVE_WITH_KNOTS('',3,(#2195,#2196,#2197,#2198,#2199,
    #2200,#2201,#2202,#2203,#2204,#2205,#2206),.UNSPECIFIED.,.F.,.F.,(4,
    2,2,2,2,4),(-0.239293346081,-0.171330197495,-9.913885134031E-02,
    -5.755711375255E-02,-3.492938573744E-02,-9.999687321793E-07),
  .UNSPECIFIED.);
#2195 = CARTESIAN_POINT('',(1.528522621549,-0.227341147761,
    -1.254663336987));
#2196 = CARTESIAN_POINT('',(1.584682967135,-5.929528996967E-02,
    -1.223835995855));
#2197 = CARTESIAN_POINT('',(1.611859441413,0.11714917194,-1.193400799288
    ));
#2198 = CARTESIAN_POINT('',(1.605784371361,0.483096572085,
    -1.133464920769));
#2199 = CARTESIAN_POINT('',(1.568715296355,0.66981637543,-1.104594724634
    ));
#2200 = CARTESIAN_POINT('',(1.459514397104,0.947327440021,
    -1.063348341583));
#2201 = CARTESIAN_POINT('',(1.351076342777,1.206003069021,
    -1.024568075524));
#2202 = CARTESIAN_POINT('',(0.959230432628,1.60320816961,-0.94188631121)
  );
#2203 = CARTESIAN_POINT('',(0.79957569751,1.720203068318,-0.913089435533
    ));
#2204 = CARTESIAN_POINT('',(0.353795637113,1.948211482671,
    -0.842914631807));
#2205 = CARTESIAN_POINT('',(0.114799872743,1.98627829003,-0.81372170997)
  );
#2206 = CARTESIAN_POINT('',(1.998401444325E-15,2.,-0.8));
#2207 = PCURVE('',#1237,#2208);
#2208 = DEFINITIONAL_REPRESENTATION('',(#2209),#2235);
#2209 = B_SPLINE_CURVE_WITH_KNOTS('',3,(#2210,#2211,#2212,#2213,#2214,
    #2215,#2216,#2217,#2218,#2219,#2220,#2221,#2222,#2223,#2224,#2225,
    #2226,#2227,#2228,#2229,#2230,#2231,#2232,#2233,#2234),
  .UNSPECIFIED.,.F.,.F.,(4,1,1,1,1,1,1,1,1,1,1,1,1,1,1,1,1,1,1,1,1,1,4),
  (-0.239293346081,-0.228416421258,-0.217539496435,-0.206662571612,
    -0.195785646788,-0.184908721965,-0.174031797142,-0.163154872318,
    -0.152277947495,-0.141401022672,-0.130524097848,-0.119647173025,
    -0.108770248202,-9.789332337847E-02,-8.701639855517E-02,
    -7.613947373186E-02,-6.526254890856E-02,-5.438562408525E-02,
    -4.350869926195E-02,-3.263177443865E-02,-2.175484961534E-02,
    -1.087792479204E-02,-9.999687321793E-07),.UNSPECIFIED.);
#2210 = CARTESIAN_POINT('',(-0.147650209365,0.245336663013));
#2211 = CARTESIAN_POINT('',(-0.12958061005,0.250270407785));
#2212 = CARTESIAN_POINT('',(-9.365268324551E-02,0.260118427826));
#2213 = CARTESIAN_POINT('',(-4.033472358689E-02,0.274806730135));
#2214 = CARTESIAN_POINT('',(1.246973602779E-02,0.289385529463));
#2215 = CARTESIAN_POINT('',(6.481921657429E-02,0.303830646522));
#2216 = CARTESIAN_POINT('',(0.116767005467,0.318117418174));
#2217 = CARTESIAN_POINT('',(0.168380961167,0.332226193868));
#2218 = CARTESIAN_POINT('',(0.219671466644,0.346122316445));
#2219 = CARTESIAN_POINT('',(0.270459732632,0.359725992648));
#2220 = CARTESIAN_POINT('',(0.320813624715,0.373025589115));
#2221 = CARTESIAN_POINT('',(0.370937676663,0.386046656062));
#2222 = CARTESIAN_POINT('',(0.420272164991,0.398611796869));
#2223 = CARTESIAN_POINT('',(0.471167068248,0.41131941761));
#2224 = CARTESIAN_POINT('',(0.515091553777,0.42186860074));
#2225 = CARTESIAN_POINT('',(0.585694398619,0.439206457208));
#2226 = CARTESIAN_POINT('',(0.691201531816,0.465848169878));
#2227 = CARTESIAN_POINT('',(0.819438748036,0.499485969349));
#2228 = CARTESIAN_POINT('',(0.972442063609,0.541264681683));
#2229 = CARTESIAN_POINT('',(1.121974218211,0.582691340416));
#2230 = CARTESIAN_POINT('',(1.272490521095,0.623850329435));
#2231 = CARTESIAN_POINT('',(1.402497142164,0.658272822122));
#2232 = CARTESIAN_POINT('',(1.504967696973,0.684202228847));
#2233 = CARTESIAN_POINT('',(1.552755617316,0.695754167348));
#2234 = CARTESIAN_POINT('',(1.570796326795,0.7));
#2235 = ( GEOMETRIC_REPRESENTATION_CONTEXT(2) 
PARAMETRIC_REPRESENTATION_CONTEXT() REPRESENTATION_CONTEXT('2D SPACE',''
  ) );
#2236 = PCURVE('',#125,#2237);
#2237 = DEFINITIONAL_REPRESENTATION('',(#2238),#2264);
#2238 = B_SPLINE_CURVE_WITH_KNOTS('',3,(#2239,#2240,#2241,#2242,#2243,
    #2244,#2245,#2246,#2247,#2248,#2249,#2250,#2251,#2252,#2253,#2254,
    #2255,#2256,#2257,#2258,#2259,#2260,#2261,#2262,#2263),
  .UNSPECIFIED.,.F.,.F.,(4,1,1,1,1,1,1,1,1,1,1,1,1,1,1,1,1,1,1,1,1,1,4),
  (-0.239293346081,-0.228416421258,-0.217539496435,-0.206662571612,
    -0.195785646788,-0.184908721965,-0.174031797142,-0.163154872318,
    -0.152277947495,-0.141401022672,-0.130524097848,-0.119647173025,
    -0.108770248202,-9.789332337847E-02,-8.701639855517E-02,
    -7.613947373186E-02,-6.526254890856E-02,-5.438562408525E-02,
    -4.350869926195E-02,-3.263177443865E-02,-2.175484961534E-02,
    -1.087792479204E-02,-9.999687321793E-07),.UNSPECIFIED.);
#2239 = CARTESIAN_POINT('',(1.,0.121166379516));
#2240 = CARTESIAN_POINT('',(0.989148544798,0.121637237914));
#2241 = CARTESIAN_POINT('',(0.967488288498,0.122571611619));
#2242 = CARTESIAN_POINT('',(0.935181893594,0.123954739963));
#2243 = CARTESIAN_POINT('',(0.903116621055,0.125323101419));
#2244 = CARTESIAN_POINT('',(0.871345734162,0.126680122384));
#2245 = CARTESIAN_POINT('',(0.83992343182,0.12802901445));
#2246 = CARTESIAN_POINT('',(0.808892672167,0.12937330025));
#2247 = CARTESIAN_POINT('',(0.778329008128,0.130714976506));
#2248 = CARTESIAN_POINT('',(0.748408437923,0.132051025987));
#2249 = CARTESIAN_POINT('',(0.71915728791,0.133384763891));
#2250 = CARTESIAN_POINT('',(0.690516774368,0.134723314588));
#2251 = CARTESIAN_POINT('',(0.66288665386,0.136052997542));
#2252 = CARTESIAN_POINT('',(0.634914968682,0.13743941953));
#2253 = CARTESIAN_POINT('',(0.611796071964,0.138651984453));
#2254 = CARTESIAN_POINT('',(0.5733116687,0.140609520266));
#2255 = CARTESIAN_POINT('',(0.514739235803,0.143463615158));
#2256 = CARTESIAN_POINT('',(0.440973751536,0.146859625247));
#2257 = CARTESIAN_POINT('',(0.349138742634,0.15084355755));
#2258 = CARTESIAN_POINT('',(0.258007570156,0.154712664557));
#2259 = CARTESIAN_POINT('',(0.16748906191,0.158631328397));
#2260 = CARTESIAN_POINT('',(9.176914708302E-02,0.162072921805));
#2261 = CARTESIAN_POINT('',(3.468817396822E-02,0.164845856495));
#2262 = CARTESIAN_POINT('',(9.301001473535E-03,0.166164240772));
#2263 = CARTESIAN_POINT('',(-2.889577919048E-14,0.166666666667));
#2264 = ( GEOMETRIC_REPRESENTATION_CONTEXT(2) 
PARAMETRIC_REPRESENTATION_CONTEXT() REPRESENTATION_CONTEXT('2D SPACE',''
  ) );
#2265 = ORIENTED_EDGE('',*,*,#1220,.T.);
#2266 = ADVANCED_FACE('',(#2267),#302,.T.);
#2267 = FACE_BOUND('',#2268,.T.);
#2268 = EDGE_LOOP('',(#2269,#2299,#2367,#2368));
#2269 = ORIENTED_EDGE('',*,*,#2270,.T.);
#2270 = EDGE_CURVE('',#2271,#2273,#2275,.T.);
#2271 = VERTEX_POINT('',#2272);
#2272 = CARTESIAN_POINT('',(1.053336062896,-1.204360053557,1.5));
#2273 = VERTEX_POINT('',#2274);
#2274 = CARTESIAN_POINT('',(1.39940088198,0.775678523303,1.5));
#2275 = SURFACE_CURVE('',#2276,(#2281,#2288),.PCURVE_S1.);
#2276 = CIRCLE('',#2277,1.6);
#2277 = AXIS2_PLACEMENT_3D('',#2278,#2279,#2280);
#2278 = CARTESIAN_POINT('',(0.,-1.714505518806E-15,1.5));
#2279 = DIRECTION('',(0.,0.,-1.));
#2280 = DIRECTION('',(-1.,0.,0.));
#2281 = PCURVE('',#302,#2282);
#2282 = DEFINITIONAL_REPRESENTATION('',(#2283),#2287);
#2283 = LINE('',#2284,#2285);
#2284 = CARTESIAN_POINT('',(-6.28318530718,-0.280083015284));
#2285 = VECTOR('',#2286,1.);
#2286 = DIRECTION('',(1.,0.));
#2287 = ( GEOMETRIC_REPRESENTATION_CONTEXT(2) 
PARAMETRIC_REPRESENTATION_CONTEXT() REPRESENTATION_CONTEXT('2D SPACE',''
  ) );
#2288 = PCURVE('',#1593,#2289);
#2289 = DEFINITIONAL_REPRESENTATION('',(#2290),#2298);
#2290 = ( BOUNDED_CURVE() B_SPLINE_CURVE(2,(#2291,#2292,#2293,#2294,
#2295,#2296,#2297),.UNSPECIFIED.,.T.,.F.) B_SPLINE_CURVE_WITH_KNOTS((1,2
    ,2,2,2,1),(-2.094395102393,0.,2.094395102393,4.188790204786,
6.28318530718,8.377580409573),.UNSPECIFIED.) CURVE() 
GEOMETRIC_REPRESENTATION_ITEM() RATIONAL_B_SPLINE_CURVE((1.,0.5,1.,0.5,
1.,0.5,1.)) REPRESENTATION_ITEM('') );
#2291 = CARTESIAN_POINT('',(-1.6,0.));
#2292 = CARTESIAN_POINT('',(-1.6,2.77128129211));
#2293 = CARTESIAN_POINT('',(0.8,1.385640646055));
#2294 = CARTESIAN_POINT('',(3.2,3.918869757272E-16));
#2295 = CARTESIAN_POINT('',(0.8,-1.385640646055));
#2296 = CARTESIAN_POINT('',(-1.6,-2.77128129211));
#2297 = CARTESIAN_POINT('',(-1.6,0.));
#2298 = ( GEOMETRIC_REPRESENTATION_CONTEXT(2) 
PARAMETRIC_REPRESENTATION_CONTEXT() REPRESENTATION_CONTEXT('2D SPACE',''
  ) );
#2299 = ORIENTED_EDGE('',*,*,#2300,.T.);
#2300 = EDGE_CURVE('',#2273,#286,#2301,.T.);
#2301 = SURFACE_CURVE('',#2302,(#2309,#2338),.PCURVE_S1.);
#2302 = B_SPLINE_CURVE_WITH_KNOTS('',3,(#2303,#2304,#2305,#2306,#2307,
    #2308),.UNSPECIFIED.,.F.,.F.,(4,2,4),(-9.339261600787E-02,
    -4.669731193711E-02,-1.000000073595E-06),.UNSPECIFIED.);
#2303 = CARTESIAN_POINT('',(1.39940088198,0.775678523303,1.5));
#2304 = CARTESIAN_POINT('',(1.522864574109,0.693751834719,1.452199270348
    ));
#2305 = CARTESIAN_POINT('',(1.635769991103,0.597215784634,1.404530634196
    ));
#2306 = CARTESIAN_POINT('',(1.836577359954,0.378679785991,1.310570382839
    ));
#2307 = CARTESIAN_POINT('',(1.923672122208,0.257555671839,1.264621984698
    ));
#2308 = CARTESIAN_POINT('',(1.995954235494,0.127148308165,1.219916984286
    ));
#2309 = PCURVE('',#302,#2310);
#2310 = DEFINITIONAL_REPRESENTATION('',(#2311),#2337);
#2311 = B_SPLINE_CURVE_WITH_KNOTS('',3,(#2312,#2313,#2314,#2315,#2316,
    #2317,#2318,#2319,#2320,#2321,#2322,#2323,#2324,#2325,#2326,#2327,
    #2328,#2329,#2330,#2331,#2332,#2333,#2334,#2335,#2336),
  .UNSPECIFIED.,.F.,.F.,(4,1,1,1,1,1,1,1,1,1,1,1,1,1,1,1,1,1,1,1,1,1,4),
  (-9.339261600787E-02,-8.914754255297E-02,-8.490246909807E-02,
    -8.065739564317E-02,-7.641232218827E-02,-7.216724873337E-02,
    -6.792217527847E-02,-6.367710182357E-02,-5.943202836867E-02,
    -5.518695491377E-02,-5.094188145887E-02,-4.669680800397E-02,
    -4.245173454907E-02,-3.820666109417E-02,-3.396158763927E-02,
    -2.971651418437E-02,-2.547144072947E-02,-2.122636727457E-02,
    -1.698129381967E-02,-1.273622036477E-02,-8.491146909873E-03,
    -4.246073454973E-03,-1.000000073595E-06),.UNSPECIFIED.);
#2312 = CARTESIAN_POINT('',(2.635459225061,-0.280083015284));
#2313 = CARTESIAN_POINT('',(2.642931427975,-0.275737427084));
#2314 = CARTESIAN_POINT('',(2.657781253527,-0.267047847987));
#2315 = CARTESIAN_POINT('',(2.679785367773,-0.25402155657));
#2316 = CARTESIAN_POINT('',(2.701532210608,-0.241006719632));
#2317 = CARTESIAN_POINT('',(2.723034308936,-0.228006392652));
#2318 = CARTESIAN_POINT('',(2.744303688468,-0.215023439407));
#2319 = CARTESIAN_POINT('',(2.765351813111,-0.202060522549));
#2320 = CARTESIAN_POINT('',(2.786189674974,-0.189120099718));
#2321 = CARTESIAN_POINT('',(2.806827662319,-0.176204528902));
#2322 = CARTESIAN_POINT('',(2.827276159675,-0.1633157237));
#2323 = CARTESIAN_POINT('',(2.84754343537,-0.150456492693));
#2324 = CARTESIAN_POINT('',(2.867643640945,-0.137625585871));
#2325 = CARTESIAN_POINT('',(2.887567069114,-0.124836222615));
#2326 = CARTESIAN_POINT('',(2.907304031966,-0.112101176028));
#2327 = CARTESIAN_POINT('',(2.926867873572,-9.941854179566E-02));
#2328 = CARTESIAN_POINT('',(2.946265258332,-8.679025282537E-02));
#2329 = CARTESIAN_POINT('',(2.965504166377,-7.421712934028E-02));
#2330 = CARTESIAN_POINT('',(2.984591783617,-6.170021506643E-02));
#2331 = CARTESIAN_POINT('',(3.003535097007,-4.924042783401E-02));
#2332 = CARTESIAN_POINT('',(3.022340765572,-3.683866107529E-02));
#2333 = CARTESIAN_POINT('',(3.041015174819,-2.449576233818E-02));
#2334 = CARTESIAN_POINT('',(3.059564473891,-1.221254819793E-02));
#2335 = CARTESIAN_POINT('',(3.071851151862,-4.064044219941E-03));
#2336 = CARTESIAN_POINT('',(3.077975597128,4.29879227349E-10));
#2337 = ( GEOMETRIC_REPRESENTATION_CONTEXT(2) 
PARAMETRIC_REPRESENTATION_CONTEXT() REPRESENTATION_CONTEXT('2D SPACE',''
  ) );
#2338 = PCURVE('',#328,#2339);
#2339 = DEFINITIONAL_REPRESENTATION('',(#2340),#2366);
#2340 = B_SPLINE_CURVE_WITH_KNOTS('',3,(#2341,#2342,#2343,#2344,#2345,
    #2346,#2347,#2348,#2349,#2350,#2351,#2352,#2353,#2354,#2355,#2356,
    #2357,#2358,#2359,#2360,#2361,#2362,#2363,#2364,#2365),
  .UNSPECIFIED.,.F.,.F.,(4,1,1,1,1,1,1,1,1,1,1,1,1,1,1,1,1,1,1,1,1,1,4),
  (-9.339261600787E-02,-8.914754255297E-02,-8.490246909807E-02,
    -8.065739564317E-02,-7.641232218827E-02,-7.216724873337E-02,
    -6.792217527847E-02,-6.367710182357E-02,-5.943202836867E-02,
    -5.518695491377E-02,-5.094188145887E-02,-4.669680800397E-02,
    -4.245173454907E-02,-3.820666109417E-02,-3.396158763927E-02,
    -2.971651418437E-02,-2.547144072947E-02,-2.122636727457E-02,
    -1.698129381967E-02,-1.273622036477E-02,-8.491146909873E-03,
    -4.246073454973E-03,-1.000000073595E-06),.UNSPECIFIED.);
#2341 = CARTESIAN_POINT('',(0.120228161235,0.805071527306));
#2342 = CARTESIAN_POINT('',(0.133878137441,0.804864920488));
#2343 = CARTESIAN_POINT('',(0.16117313881,0.804455512365));
#2344 = CARTESIAN_POINT('',(0.202090385597,0.803852171469));
#2345 = CARTESIAN_POINT('',(0.242971679415,0.803258940583));
#2346 = CARTESIAN_POINT('',(0.283807357061,0.802675214524));
#2347 = CARTESIAN_POINT('',(0.324588375571,0.802100420616));
#2348 = CARTESIAN_POINT('',(0.365306345348,0.801534021448));
#2349 = CARTESIAN_POINT('',(0.405953543335,0.800975509625));
#2350 = CARTESIAN_POINT('',(0.446522582495,0.800424409732));
#2351 = CARTESIAN_POINT('',(0.48700749848,0.799880260854));
#2352 = CARTESIAN_POINT('',(0.527399532392,0.799342670875));
#2353 = CARTESIAN_POINT('',(0.567702731875,0.798811104278));
#2354 = CARTESIAN_POINT('',(0.607875601484,0.798285665178));
#2355 = CARTESIAN_POINT('',(0.647877876463,0.797766459761));
#2356 = CARTESIAN_POINT('',(0.687715527805,0.797252996686));
#2357 = CARTESIAN_POINT('',(0.727382452703,0.796744969514));
#2358 = CARTESIAN_POINT('',(0.766876062199,0.796242045046));
#2359 = CARTESIAN_POINT('',(0.806193072049,0.79574391818));
#2360 = CARTESIAN_POINT('',(0.845330602139,0.795250295539));
#2361 = CARTESIAN_POINT('',(0.884285855932,0.794760898203));
#2362 = CARTESIAN_POINT('',(0.923056187557,0.794275459849));
#2363 = CARTESIAN_POINT('',(0.96163905363,0.793793724749));
#2364 = CARTESIAN_POINT('',(0.987234386422,0.793474875859));
#2365 = CARTESIAN_POINT('',(1.00000000135,0.793315987448));
#2366 = ( GEOMETRIC_REPRESENTATION_CONTEXT(2) 
PARAMETRIC_REPRESENTATION_CONTEXT() REPRESENTATION_CONTEXT('2D SPACE',''
  ) );
#2367 = ORIENTED_EDGE('',*,*,#285,.F.);
#2368 = ORIENTED_EDGE('',*,*,#2369,.T.);
#2369 = EDGE_CURVE('',#106,#2271,#2370,.T.);
#2370 = SURFACE_CURVE('',#2371,(#2402,#2475),.PCURVE_S1.);
#2371 = B_SPLINE_CURVE_WITH_KNOTS('',3,(#2372,#2373,#2374,#2375,#2376,
    #2377,#2378,#2379,#2380,#2381,#2382,#2383,#2384,#2385,#2386,#2387,
    #2388,#2389,#2390,#2391,#2392,#2393,#2394,#2395,#2396,#2397,#2398,
    #2399,#2400,#2401),.UNSPECIFIED.,.F.,.F.,(4,2,2,2,2,2,2,2,2,2,2,2,2,
    2,4),(-1.906812919503,-1.698948540506,-1.485723476459,
    -1.358820693743,-1.111003163866,-0.875734685497,-0.708224668011,
    -0.585890688897,-0.456696230806,-0.394076892977,-0.279198666663,
    -0.156179145523,-7.304167856528E-02,-3.617497070286E-02,
    -1.000000085627E-06),.UNSPECIFIED.);
#2372 = CARTESIAN_POINT('',(1.305368070619,1.515260439729,1.219916984716
    ));
#2373 = CARTESIAN_POINT('',(1.142821820207,1.643060280261,1.226405332786
    ));
#2374 = CARTESIAN_POINT('',(0.96128299004,1.744618711868,1.233090759307)
  );
#2375 = CARTESIAN_POINT('',(0.568363080075,1.889741066088,1.246556419254
    ));
#2376 = CARTESIAN_POINT('',(0.358885631178,1.930796846972,1.253247328795
    ));
#2377 = CARTESIAN_POINT('',(2.071644910222E-02,1.942071007341,
    1.263272688048));
#2378 = CARTESIAN_POINT('',(-0.106966780846,1.934259630458,
    1.266841154655));
#2379 = CARTESIAN_POINT('',(-0.479992675494,1.872180537829,
    1.278374373535));
#2380 = CARTESIAN_POINT('',(-0.71608352358,1.782586004243,1.28662467707)
  );
#2381 = CARTESIAN_POINT('',(-1.128939491865,1.523413998197,
    1.303073127702));
#2382 = CARTESIAN_POINT('',(-1.304420358317,1.360428469146,
    1.311106672789));
#2383 = CARTESIAN_POINT('',(-1.545328748934,1.033066317715,
    1.324143464625));
#2384 = CARTESIAN_POINT('',(-1.67932980614,0.814669869334,1.331342625161
    ));
#2385 = CARTESIAN_POINT('',(-1.805130723039,0.29565055481,1.349264305882
    ));
#2386 = CARTESIAN_POINT('',(-1.816575814586,6.856814345426E-02,
    1.357242373536));
#2387 = CARTESIAN_POINT('',(-1.753226237156,-0.3904997234,1.373691235295
    ));
#2388 = CARTESIAN_POINT('',(-1.674187206122,-0.617497665508,
    1.38200282169));
#2389 = CARTESIAN_POINT('',(-1.494625790258,-0.921929905278,
    1.393354360501));
#2390 = CARTESIAN_POINT('',(-1.427490395937,-1.01390171937,
    1.396962990266));
#2391 = CARTESIAN_POINT('',(-1.209649360569,-1.256259438897,
    1.408130614621));
#2392 = CARTESIAN_POINT('',(-1.040830579467,-1.38563076869,1.41586195123
    ));
#2393 = CARTESIAN_POINT('',(-0.651283473626,-1.583038259938,
    1.432179278174));
#2394 = CARTESIAN_POINT('',(-0.431581047576,-1.644123574521,
    1.440627604244));
#2395 = CARTESIAN_POINT('',(-5.412330331537E-02,-1.671877754519,
    1.453930985058));
#2396 = CARTESIAN_POINT('',(0.174025902959,-1.669448838381,
    1.461096961235));
#2397 = CARTESIAN_POINT('',(0.553062328713,-1.542497674311,
    1.476153463872));
#2398 = CARTESIAN_POINT('',(0.66467521055,-1.490351158451,1.480926557948
    ));
#2399 = CARTESIAN_POINT('',(0.871952484595,-1.362986890573,
    1.490507918474));
#2400 = CARTESIAN_POINT('',(0.967218166895,-1.288627729032,
    1.495283429755));
#2401 = CARTESIAN_POINT('',(1.053336062896,-1.204360053557,1.5));
#2402 = PCURVE('',#302,#2403);
#2403 = DEFINITIONAL_REPRESENTATION('',(#2404),#2474);
#2404 = B_SPLINE_CURVE_WITH_KNOTS('',3,(#2405,#2406,#2407,#2408,#2409,
    #2410,#2411,#2412,#2413,#2414,#2415,#2416,#2417,#2418,#2419,#2420,
    #2421,#2422,#2423,#2424,#2425,#2426,#2427,#2428,#2429,#2430,#2431,
    #2432,#2433,#2434,#2435,#2436,#2437,#2438,#2439,#2440,#2441,#2442,
    #2443,#2444,#2445,#2446,#2447,#2448,#2449,#2450,#2451,#2452,#2453,
    #2454,#2455,#2456,#2457,#2458,#2459,#2460,#2461,#2462,#2463,#2464,
    #2465,#2466,#2467,#2468,#2469,#2470,#2471,#2472,#2473),
  .UNSPECIFIED.,.F.,.F.,(4,1,1,1,1,1,1,1,1,1,1,1,1,1,1,1,1,1,1,1,1,1,1,1
    ,1,1,1,1,1,1,1,1,1,1,1,1,1,1,1,1,1,1,1,1,1,1,1,1,1,1,1,1,1,1,1,1,1,1
    ,1,1,1,1,1,1,1,1,4),(-1.906812919503,-1.877921829814,-1.849030740124
    ,-1.820139650435,-1.791248560746,-1.762357471056,-1.733466381367,
    -1.704575291677,-1.675684201988,-1.646793112298,-1.617902022609,
    -1.589010932919,-1.56011984323,-1.531228753541,-1.502337663851,
    -1.473446574162,-1.444555484472,-1.415664394783,-1.386773305093,
    -1.357882215404,-1.328991125714,-1.300100036025,-1.271208946336,
    -1.242317856646,-1.213426766957,-1.184535677267,-1.155644587578,
    -1.126753497888,-1.097862408199,-1.06897131851,-1.04008022882,
    -1.011189139131,-0.982298049441,-0.953406959752,-0.924515870062,
    -0.895624780373,-0.866733690683,-0.837842600994,-0.808951511305,
    -0.780060421615,-0.751169331926,-0.722278242236,-0.693387152547,
    -0.664496062857,-0.635604973168,-0.606713883478,-0.577822793789,
    -0.5489317041,-0.52004061441,-0.491149524721,-0.462258435031,
    -0.433367345342,-0.404476255652,-0.375585165963,-0.346694076273,
    -0.317802986584,-0.288911896895,-0.260020807205,-0.231129717516,
    -0.202238627826,-0.173347538137,-0.144456448447,-0.115565358758,
    -8.667426906842E-02,-5.778317937897E-02,-2.889208968953E-02,
    -1.000000085627E-06),.UNSPECIFIED.);
#2405 = CARTESIAN_POINT('',(2.281918053222,1.043268383667E-15));
#2406 = CARTESIAN_POINT('',(2.267562999827,-9.018059404519E-04));
#2407 = CARTESIAN_POINT('',(2.238850151138,-2.712979375074E-03));
#2408 = CARTESIAN_POINT('',(2.19575106705,-5.448729351074E-03));
#2409 = CARTESIAN_POINT('',(2.152600360841,-8.199810018823E-03));
#2410 = CARTESIAN_POINT('',(2.109377011414,-1.096243727933E-02));
#2411 = CARTESIAN_POINT('',(2.066059109927,-1.373287275328E-02));
#2412 = CARTESIAN_POINT('',(2.022628221013,-1.650712354111E-02));
#2413 = CARTESIAN_POINT('',(1.979052250808,-1.928198732523E-02));
#2414 = CARTESIAN_POINT('',(1.935348236839,-2.205097715504E-02));
#2415 = CARTESIAN_POINT('',(1.89164314571,-2.480078858709E-02));
#2416 = CARTESIAN_POINT('',(1.847881062188,-2.752955072982E-02));
#2417 = CARTESIAN_POINT('',(1.804051163209,-3.023250568901E-02));
#2418 = CARTESIAN_POINT('',(1.760130624181,-3.290570102491E-02));
#2419 = CARTESIAN_POINT('',(1.716100968439,-3.554475753529E-02));
#2420 = CARTESIAN_POINT('',(1.671938394024,-3.814619889792E-02));
#2421 = CARTESIAN_POINT('',(1.627634729427,-4.070324589785E-02));
#2422 = CARTESIAN_POINT('',(1.583071638876,-4.322356447049E-02));
#2423 = CARTESIAN_POINT('',(1.538273696854,-4.573948017087E-02));
#2424 = CARTESIAN_POINT('',(1.493262513916,-4.828195563476E-02));
#2425 = CARTESIAN_POINT('',(1.447999610936,-5.090353005463E-02));
#2426 = CARTESIAN_POINT('',(1.402648147456,-5.360406763958E-02));
#2427 = CARTESIAN_POINT('',(1.357314079732,-5.634351384634E-02));
#2428 = CARTESIAN_POINT('',(1.311935188184,-5.912745367604E-02));
#2429 = CARTESIAN_POINT('',(1.266495262767,-6.194911465117E-02));
#2430 = CARTESIAN_POINT('',(1.220966094423,-6.480503659531E-02));
#2431 = CARTESIAN_POINT('',(1.175323520737,-6.769087176865E-02));
#2432 = CARTESIAN_POINT('',(1.129539386385,-7.060271637579E-02));
#2433 = CARTESIAN_POINT('',(1.083595753752,-7.353590177897E-02));
#2434 = CARTESIAN_POINT('',(1.03743418905,-7.648812673601E-02));
#2435 = CARTESIAN_POINT('',(0.991271562477,-7.943926064042E-02));
#2436 = CARTESIAN_POINT('',(0.945066742237,-8.238557381742E-02));
#2437 = CARTESIAN_POINT('',(0.898796479078,-8.532202040463E-02));
#2438 = CARTESIAN_POINT('',(0.852443948324,-8.824334055442E-02));
#2439 = CARTESIAN_POINT('',(0.805951888077,-9.114613839608E-02));
#2440 = CARTESIAN_POINT('',(0.75941968072,-9.401979925564E-02));
#2441 = CARTESIAN_POINT('',(0.712360014601,-9.688078626495E-02));
#2442 = CARTESIAN_POINT('',(0.666473261799,-9.964428781911E-02));
#2443 = CARTESIAN_POINT('',(0.612935194779,-0.102705710315));
#2444 = CARTESIAN_POINT('',(0.551839906911,-0.106142248155));
#2445 = CARTESIAN_POINT('',(0.483904898073,-0.109988825382));
#2446 = CARTESIAN_POINT('',(0.409388129631,-0.114307533419));
#2447 = CARTESIAN_POINT('',(0.32862880713,-0.119143324996));
#2448 = CARTESIAN_POINT('',(0.240780188701,-0.124539084369));
#2449 = CARTESIAN_POINT('',(0.153500980918,-0.130017955743));
#2450 = CARTESIAN_POINT('',(6.576154866788E-02,-0.135599839617));
#2451 = CARTESIAN_POINT('',(-2.234700434816E-02,-0.141237395809));
#2452 = CARTESIAN_POINT('',(-0.111241577214,-0.146914357641));
#2453 = CARTESIAN_POINT('',(-0.200270493608,-0.152544392054));
#2454 = CARTESIAN_POINT('',(-0.289528348503,-0.158087824911));
#2455 = CARTESIAN_POINT('',(-0.379168432415,-0.163506698148));
#2456 = CARTESIAN_POINT('',(-0.469508615877,-0.168779636879));
#2457 = CARTESIAN_POINT('',(-0.560147287672,-0.173816970933));
#2458 = CARTESIAN_POINT('',(-0.650238524055,-0.178987562715));
#2459 = CARTESIAN_POINT('',(-0.741646089556,-0.184489281826));
#2460 = CARTESIAN_POINT('',(-0.832979866777,-0.190137579549));
#2461 = CARTESIAN_POINT('',(-0.924724629004,-0.195927421687));
#2462 = CARTESIAN_POINT('',(-1.0170349423,-0.201818321));
#2463 = CARTESIAN_POINT('',(-1.110079750083,-0.207773832099));
#2464 = CARTESIAN_POINT('',(-1.20323720351,-0.213701701771));
#2465 = CARTESIAN_POINT('',(-1.296511136965,-0.219551984924));
#2466 = CARTESIAN_POINT('',(-1.391458262733,-0.225359290302));
#2467 = CARTESIAN_POINT('',(-1.483049592463,-0.230792393225));
#2468 = CARTESIAN_POINT('',(-1.606432667413,-0.237583766409));
#2469 = CARTESIAN_POINT('',(-1.755535229304,-0.24631997516));
#2470 = CARTESIAN_POINT('',(-1.933321438048,-0.257384622468));
#2471 = CARTESIAN_POINT('',(-2.109812581511,-0.26868554574));
#2472 = CARTESIAN_POINT('',(-2.229739627325,-0.27633579889));
#2473 = CARTESIAN_POINT('',(-2.289401031308,-0.280083015284));
#2474 = ( GEOMETRIC_REPRESENTATION_CONTEXT(2) 
PARAMETRIC_REPRESENTATION_CONTEXT() REPRESENTATION_CONTEXT('2D SPACE',''
  ) );
#2475 = PCURVE('',#125,#2476);
#2476 = DEFINITIONAL_REPRESENTATION('',(#2477),#2547);
#2477 = B_SPLINE_CURVE_WITH_KNOTS('',3,(#2478,#2479,#2480,#2481,#2482,
    #2483,#2484,#2485,#2486,#2487,#2488,#2489,#2490,#2491,#2492,#2493,
    #2494,#2495,#2496,#2497,#2498,#2499,#2500,#2501,#2502,#2503,#2504,
    #2505,#2506,#2507,#2508,#2509,#2510,#2511,#2512,#2513,#2514,#2515,
    #2516,#2517,#2518,#2519,#2520,#2521,#2522,#2523,#2524,#2525,#2526,
    #2527,#2528,#2529,#2530,#2531,#2532,#2533,#2534,#2535,#2536,#2537,
    #2538,#2539,#2540,#2541,#2542,#2543,#2544,#2545,#2546),
  .UNSPECIFIED.,.F.,.F.,(4,1,1,1,1,1,1,1,1,1,1,1,1,1,1,1,1,1,1,1,1,1,1,1
    ,1,1,1,1,1,1,1,1,1,1,1,1,1,1,1,1,1,1,1,1,1,1,1,1,1,1,1,1,1,1,1,1,1,1
    ,1,1,1,1,1,1,1,1,4),(-1.906812919503,-1.877921829814,-1.849030740124
    ,-1.820139650435,-1.791248560746,-1.762357471056,-1.733466381367,
    -1.704575291677,-1.675684201988,-1.646793112298,-1.617902022609,
    -1.589010932919,-1.56011984323,-1.531228753541,-1.502337663851,
    -1.473446574162,-1.444555484472,-1.415664394783,-1.386773305093,
    -1.357882215404,-1.328991125714,-1.300100036025,-1.271208946336,
    -1.242317856646,-1.213426766957,-1.184535677267,-1.155644587578,
    -1.126753497888,-1.097862408199,-1.06897131851,-1.04008022882,
    -1.011189139131,-0.982298049441,-0.953406959752,-0.924515870062,
    -0.895624780373,-0.866733690683,-0.837842600994,-0.808951511305,
    -0.780060421615,-0.751169331926,-0.722278242236,-0.693387152547,
    -0.664496062857,-0.635604973168,-0.606713883478,-0.577822793789,
    -0.5489317041,-0.52004061441,-0.491149524721,-0.462258435031,
    -0.433367345342,-0.404476255652,-0.375585165963,-0.346694076273,
    -0.317802986584,-0.288911896895,-0.260020807205,-0.231129717516,
    -0.202238627826,-0.173347538137,-0.144456448447,-0.115565358758,
    -8.667426906842E-02,-5.778317937897E-02,-2.889208968953E-02,
    -1.000000085627E-06),.UNSPECIFIED.);
#2478 = CARTESIAN_POINT('',(-8.45396926164E-15,0.647903449672));
#2479 = CARTESIAN_POINT('',(2.832660970421E-03,0.64827877866));
#2480 = CARTESIAN_POINT('',(8.521599569739E-03,0.64902799302));
#2481 = CARTESIAN_POINT('',(1.711449230749E-02,0.650149090493));
#2482 = CARTESIAN_POINT('',(2.575566674769E-02,0.651269079864));
#2483 = CARTESIAN_POINT('',(3.443335275304E-02,0.652389544951));
#2484 = CARTESIAN_POINT('',(4.313582761874E-02,0.653512096565));
#2485 = CARTESIAN_POINT('',(5.18504435907E-02,0.654638266764));
#2486 = CARTESIAN_POINT('',(6.056693896521E-02,0.655769962613));
#2487 = CARTESIAN_POINT('',(6.926446370949E-02,0.656907848196));
#2488 = CARTESIAN_POINT('',(7.790151292527E-02,0.658049731276));
#2489 = CARTESIAN_POINT('',(8.647252733843E-02,0.659198197752));
#2490 = CARTESIAN_POINT('',(9.496272256148E-02,0.660354697287));
#2491 = CARTESIAN_POINT('',(0.103359638875,0.661521046114));
#2492 = CARTESIAN_POINT('',(0.111649768847,0.662698976732));
#2493 = CARTESIAN_POINT('',(0.119820837427,0.663890537287));
#2494 = CARTESIAN_POINT('',(0.127855642307,0.665097051698));
#2495 = CARTESIAN_POINT('',(0.135770811535,0.66632436929));
#2496 = CARTESIAN_POINT('',(0.143609765556,0.667569478896));
#2497 = CARTESIAN_POINT('',(0.151641512473,0.668801174364));
#2498 = CARTESIAN_POINT('',(0.159898380139,0.670028570264));
#2499 = CARTESIAN_POINT('',(0.16837482429,0.671246730979));
#2500 = CARTESIAN_POINT('',(0.176980677914,0.672454646702));
#2501 = CARTESIAN_POINT('',(0.185724375176,0.6736551954));
#2502 = CARTESIAN_POINT('',(0.194587357992,0.674850121396));
#2503 = CARTESIAN_POINT('',(0.20355816458,0.676041414548));
#2504 = CARTESIAN_POINT('',(0.212623308331,0.677230944091));
#2505 = CARTESIAN_POINT('',(0.221770350073,0.678420669221));
#2506 = CARTESIAN_POINT('',(0.230984418544,0.679612285453));
#2507 = CARTESIAN_POINT('',(0.24025773047,0.68080855003));
#2508 = CARTESIAN_POINT('',(0.249526893949,0.682005110999));
#2509 = CARTESIAN_POINT('',(0.258780868513,0.68320431231));
#2510 = CARTESIAN_POINT('',(0.268004134936,0.684408053158));
#2511 = CARTESIAN_POINT('',(0.277180163048,0.685618082794));
#2512 = CARTESIAN_POINT('',(0.286298968596,0.68683728872));
#2513 = CARTESIAN_POINT('',(0.295324582735,0.68806437413));
#2514 = CARTESIAN_POINT('',(0.304317775429,0.689313990224));
#2515 = CARTESIAN_POINT('',(0.312976816548,0.690541666682));
#2516 = CARTESIAN_POINT('',(0.3227329889,0.691987408643));
#2517 = CARTESIAN_POINT('',(0.333619066459,0.693657324149));
#2518 = CARTESIAN_POINT('',(0.345498717312,0.695548434057));
#2519 = CARTESIAN_POINT('',(0.359034178896,0.697577754945));
#2520 = CARTESIAN_POINT('',(0.374240463411,0.699744189703));
#2521 = CARTESIAN_POINT('',(0.391191559303,0.70206682931));
#2522 = CARTESIAN_POINT('',(0.408399066007,0.704349745185));
#2523 = CARTESIAN_POINT('',(0.425932391387,0.706629484738));
#2524 = CARTESIAN_POINT('',(0.443641815291,0.708912150531));
#2525 = CARTESIAN_POINT('',(0.461474828535,0.71121743956));
#2526 = CARTESIAN_POINT('',(0.479156485376,0.713537745394));
#2527 = CARTESIAN_POINT('',(0.49657100723,0.715884570906));
#2528 = CARTESIAN_POINT('',(0.513582846419,0.718273530635));
#2529 = CARTESIAN_POINT('',(0.53018680406,0.720718324633));
#2530 = CARTESIAN_POINT('',(0.545862922435,0.723242348315));
#2531 = CARTESIAN_POINT('',(0.562227441296,0.725693161229));
#2532 = CARTESIAN_POINT('',(0.579499034933,0.728135672727));
#2533 = CARTESIAN_POINT('',(0.597242140911,0.730541809845));
#2534 = CARTESIAN_POINT('',(0.61542821798,0.732935257148));
#2535 = CARTESIAN_POINT('',(0.633933929486,0.735329904696));
#2536 = CARTESIAN_POINT('',(0.652640589658,0.737740126179));
#2537 = CARTESIAN_POINT('',(0.671256589491,0.740160720013));
#2538 = CARTESIAN_POINT('',(0.689640157145,0.74260055507));
#2539 = CARTESIAN_POINT('',(0.707857364046,0.745118639458));
#2540 = CARTESIAN_POINT('',(0.725022640692,0.747570280355));
#2541 = CARTESIAN_POINT('',(0.746188862031,0.751001146102));
#2542 = CARTESIAN_POINT('',(0.773694956756,0.755044193712));
#2543 = CARTESIAN_POINT('',(0.808479287656,0.759716676719));
#2544 = CARTESIAN_POINT('',(0.843970692413,0.7642870598));
#2545 = CARTESIAN_POINT('',(0.867998133127,0.767398369213));
#2546 = CARTESIAN_POINT('',(0.879771838765,0.768958938239));
#2547 = ( GEOMETRIC_REPRESENTATION_CONTEXT(2) 
PARAMETRIC_REPRESENTATION_CONTEXT() REPRESENTATION_CONTEXT('2D SPACE',''
  ) );
#2548 = ADVANCED_FACE('',(#2549),#1468,.T.);
#2549 = FACE_BOUND('',#2550,.T.);
#2550 = EDGE_LOOP('',(#2551,#2552,#2575));
#2551 = ORIENTED_EDGE('',*,*,#1451,.F.);
#2552 = ORIENTED_EDGE('',*,*,#2553,.T.);
#2553 = EDGE_CURVE('',#1452,#2554,#2556,.T.);
#2554 = VERTEX_POINT('',#2555);
#2555 = CARTESIAN_POINT('',(1.,0.57735026919,0.25));
#2556 = SURFACE_CURVE('',#2557,(#2561,#2568),.PCURVE_S1.);
#2557 = LINE('',#2558,#2559);
#2558 = CARTESIAN_POINT('',(1.,-0.57735026919,0.25));
#2559 = VECTOR('',#2560,1.);
#2560 = DIRECTION('',(0.,1.,0.));
#2561 = PCURVE('',#1468,#2562);
#2562 = DEFINITIONAL_REPRESENTATION('',(#2563),#2567);
#2563 = LINE('',#2564,#2565);
#2564 = CARTESIAN_POINT('',(2.,-2.309401076759));
#2565 = VECTOR('',#2566,1.);
#2566 = DIRECTION('',(0.,1.));
#2567 = ( GEOMETRIC_REPRESENTATION_CONTEXT(2) 
PARAMETRIC_REPRESENTATION_CONTEXT() REPRESENTATION_CONTEXT('2D SPACE',''
  ) );
#2568 = PCURVE('',#1641,#2569);
#2569 = DEFINITIONAL_REPRESENTATION('',(#2570),#2574);
#2570 = LINE('',#2571,#2572);
#2571 = CARTESIAN_POINT('',(0.,0.));
#2572 = VECTOR('',#2573,1.);
#2573 = DIRECTION('',(0.,1.));
#2574 = ( GEOMETRIC_REPRESENTATION_CONTEXT(2) 
PARAMETRIC_REPRESENTATION_CONTEXT() REPRESENTATION_CONTEXT('2D SPACE',''
  ) );
#2575 = ORIENTED_EDGE('',*,*,#2576,.T.);
#2576 = EDGE_CURVE('',#2554,#1423,#2577,.T.);
#2577 = SURFACE_CURVE('',#2578,(#2582,#2589),.PCURVE_S1.);
#2578 = LINE('',#2579,#2580);
#2579 = CARTESIAN_POINT('',(1.,0.57735026919,0.25));
#2580 = VECTOR('',#2581,1.);
#2581 = DIRECTION('',(-0.866025403784,0.5,0.));
#2582 = PCURVE('',#1468,#2583);
#2583 = DEFINITIONAL_REPRESENTATION('',(#2584),#2588);
#2584 = LINE('',#2585,#2586);
#2585 = CARTESIAN_POINT('',(2.,-1.154700538379));
#2586 = VECTOR('',#2587,1.);
#2587 = DIRECTION('',(-0.866025403784,0.5));
#2588 = ( GEOMETRIC_REPRESENTATION_CONTEXT(2) 
PARAMETRIC_REPRESENTATION_CONTEXT() REPRESENTATION_CONTEXT('2D SPACE',''
  ) );
#2589 = PCURVE('',#2590,#2595);
#2590 = PLANE('',#2591);
#2591 = AXIS2_PLACEMENT_3D('',#2592,#2593,#2594);
#2592 = CARTESIAN_POINT('',(1.,0.57735026919,0.25));
#2593 = DIRECTION('',(0.5,0.866025403784,0.));
#2594 = DIRECTION('',(-0.866025403784,0.5,0.));
#2595 = DEFINITIONAL_REPRESENTATION('',(#2596),#2600);
#2596 = LINE('',#2597,#2598);
#2597 = CARTESIAN_POINT('',(0.,0.));
#2598 = VECTOR('',#2599,1.);
#2599 = DIRECTION('',(1.,0.));
#2600 = ( GEOMETRIC_REPRESENTATION_CONTEXT(2) 
PARAMETRIC_REPRESENTATION_CONTEXT() REPRESENTATION_CONTEXT('2D SPACE',''
  ) );
#2601 = ADVANCED_FACE('',(#2602),#1439,.T.);
#2602 = FACE_BOUND('',#2603,.T.);
#2603 = EDGE_LOOP('',(#2604,#2605,#2628));
#2604 = ORIENTED_EDGE('',*,*,#1422,.F.);
#2605 = ORIENTED_EDGE('',*,*,#2606,.T.);
#2606 = EDGE_CURVE('',#1423,#2607,#2609,.T.);
#2607 = VERTEX_POINT('',#2608);
#2608 = CARTESIAN_POINT('',(1.202605585611E-16,1.154700538379,0.25));
#2609 = SURFACE_CURVE('',#2610,(#2614,#2621),.PCURVE_S1.);
#2610 = LINE('',#2611,#2612);
#2611 = CARTESIAN_POINT('',(1.,0.57735026919,0.25));
#2612 = VECTOR('',#2613,1.);
#2613 = DIRECTION('',(-0.866025403784,0.5,0.));
#2614 = PCURVE('',#1439,#2615);
#2615 = DEFINITIONAL_REPRESENTATION('',(#2616),#2620);
#2616 = LINE('',#2617,#2618);
#2617 = CARTESIAN_POINT('',(2.,-1.154700538379));
#2618 = VECTOR('',#2619,1.);
#2619 = DIRECTION('',(-0.866025403784,0.5));
#2620 = ( GEOMETRIC_REPRESENTATION_CONTEXT(2) 
PARAMETRIC_REPRESENTATION_CONTEXT() REPRESENTATION_CONTEXT('2D SPACE',''
  ) );
#2621 = PCURVE('',#2590,#2622);
#2622 = DEFINITIONAL_REPRESENTATION('',(#2623),#2627);
#2623 = LINE('',#2624,#2625);
#2624 = CARTESIAN_POINT('',(0.,0.));
#2625 = VECTOR('',#2626,1.);
#2626 = DIRECTION('',(1.,0.));
#2627 = ( GEOMETRIC_REPRESENTATION_CONTEXT(2) 
PARAMETRIC_REPRESENTATION_CONTEXT() REPRESENTATION_CONTEXT('2D SPACE',''
  ) );
#2628 = ORIENTED_EDGE('',*,*,#2629,.T.);
#2629 = EDGE_CURVE('',#2607,#1394,#2630,.T.);
#2630 = SURFACE_CURVE('',#2631,(#2635,#2642),.PCURVE_S1.);
#2631 = LINE('',#2632,#2633);
#2632 = CARTESIAN_POINT('',(1.202605585611E-16,1.154700538379,0.25));
#2633 = VECTOR('',#2634,1.);
#2634 = DIRECTION('',(-0.866025403784,-0.5,0.));
#2635 = PCURVE('',#1439,#2636);
#2636 = DEFINITIONAL_REPRESENTATION('',(#2637),#2641);
#2637 = LINE('',#2638,#2639);
#2638 = CARTESIAN_POINT('',(1.,-0.57735026919));
#2639 = VECTOR('',#2640,1.);
#2640 = DIRECTION('',(-0.866025403784,-0.5));
#2641 = ( GEOMETRIC_REPRESENTATION_CONTEXT(2) 
PARAMETRIC_REPRESENTATION_CONTEXT() REPRESENTATION_CONTEXT('2D SPACE',''
  ) );
#2642 = PCURVE('',#2643,#2648);
#2643 = PLANE('',#2644);
#2644 = AXIS2_PLACEMENT_3D('',#2645,#2646,#2647);
#2645 = CARTESIAN_POINT('',(1.202605585611E-16,1.154700538379,0.25));
#2646 = DIRECTION('',(-0.5,0.866025403784,0.));
#2647 = DIRECTION('',(-0.866025403784,-0.5,0.));
#2648 = DEFINITIONAL_REPRESENTATION('',(#2649),#2653);
#2649 = LINE('',#2650,#2651);
#2650 = CARTESIAN_POINT('',(0.,0.));
#2651 = VECTOR('',#2652,1.);
#2652 = DIRECTION('',(1.,0.));
#2653 = ( GEOMETRIC_REPRESENTATION_CONTEXT(2) 
PARAMETRIC_REPRESENTATION_CONTEXT() REPRESENTATION_CONTEXT('2D SPACE',''
  ) );
#2654 = ADVANCED_FACE('',(#2655),#1410,.T.);
#2655 = FACE_BOUND('',#2656,.T.);
#2656 = EDGE_LOOP('',(#2657,#2658,#2681));
#2657 = ORIENTED_EDGE('',*,*,#1393,.F.);
#2658 = ORIENTED_EDGE('',*,*,#2659,.T.);
#2659 = EDGE_CURVE('',#1394,#2660,#2662,.T.);
#2660 = VERTEX_POINT('',#2661);
#2661 = CARTESIAN_POINT('',(-1.,0.57735026919,0.25));
#2662 = SURFACE_CURVE('',#2663,(#2667,#2674),.PCURVE_S1.);
#2663 = LINE('',#2664,#2665);
#2664 = CARTESIAN_POINT('',(1.202605585611E-16,1.154700538379,0.25));
#2665 = VECTOR('',#2666,1.);
#2666 = DIRECTION('',(-0.866025403784,-0.5,0.));
#2667 = PCURVE('',#1410,#2668);
#2668 = DEFINITIONAL_REPRESENTATION('',(#2669),#2673);
#2669 = LINE('',#2670,#2671);
#2670 = CARTESIAN_POINT('',(1.,-0.57735026919));
#2671 = VECTOR('',#2672,1.);
#2672 = DIRECTION('',(-0.866025403784,-0.5));
#2673 = ( GEOMETRIC_REPRESENTATION_CONTEXT(2) 
PARAMETRIC_REPRESENTATION_CONTEXT() REPRESENTATION_CONTEXT('2D SPACE',''
  ) );
#2674 = PCURVE('',#2643,#2675);
#2675 = DEFINITIONAL_REPRESENTATION('',(#2676),#2680);
#2676 = LINE('',#2677,#2678);
#2677 = CARTESIAN_POINT('',(0.,0.));
#2678 = VECTOR('',#2679,1.);
#2679 = DIRECTION('',(1.,0.));
#2680 = ( GEOMETRIC_REPRESENTATION_CONTEXT(2) 
PARAMETRIC_REPRESENTATION_CONTEXT() REPRESENTATION_CONTEXT('2D SPACE',''
  ) );
#2681 = ORIENTED_EDGE('',*,*,#2682,.T.);
#2682 = EDGE_CURVE('',#2660,#1366,#2683,.T.);
#2683 = SURFACE_CURVE('',#2684,(#2688,#2695),.PCURVE_S1.);
#2684 = LINE('',#2685,#2686);
#2685 = CARTESIAN_POINT('',(-1.,0.57735026919,0.25));
#2686 = VECTOR('',#2687,1.);
#2687 = DIRECTION('',(0.,-1.,0.));
#2688 = PCURVE('',#1410,#2689);
#2689 = DEFINITIONAL_REPRESENTATION('',(#2690),#2694);
#2690 = LINE('',#2691,#2692);
#2691 = CARTESIAN_POINT('',(0.,-1.154700538379));
#2692 = VECTOR('',#2693,1.);
#2693 = DIRECTION('',(0.,-1.));
#2694 = ( GEOMETRIC_REPRESENTATION_CONTEXT(2) 
PARAMETRIC_REPRESENTATION_CONTEXT() REPRESENTATION_CONTEXT('2D SPACE',''
  ) );
#2695 = PCURVE('',#2696,#2701);
#2696 = PLANE('',#2697);
#2697 = AXIS2_PLACEMENT_3D('',#2698,#2699,#2700);
#2698 = CARTESIAN_POINT('',(-1.,0.57735026919,0.25));
#2699 = DIRECTION('',(-1.,0.,0.));
#2700 = DIRECTION('',(0.,0.,1.));
#2701 = DEFINITIONAL_REPRESENTATION('',(#2702),#2706);
#2702 = LINE('',#2703,#2704);
#2703 = CARTESIAN_POINT('',(0.,0.));
#2704 = VECTOR('',#2705,1.);
#2705 = DIRECTION('',(0.,-1.));
#2706 = ( GEOMETRIC_REPRESENTATION_CONTEXT(2) 
PARAMETRIC_REPRESENTATION_CONTEXT() REPRESENTATION_CONTEXT('2D SPACE',''
  ) );
#2707 = ADVANCED_FACE('',(#2708),#1553,.T.);
#2708 = FACE_BOUND('',#2709,.T.);
#2709 = EDGE_LOOP('',(#2710,#2711,#2734));
#2710 = ORIENTED_EDGE('',*,*,#1538,.F.);
#2711 = ORIENTED_EDGE('',*,*,#2712,.T.);
#2712 = EDGE_CURVE('',#1366,#2713,#2715,.T.);
#2713 = VERTEX_POINT('',#2714);
#2714 = CARTESIAN_POINT('',(-1.,-0.57735026919,0.25));
#2715 = SURFACE_CURVE('',#2716,(#2720,#2727),.PCURVE_S1.);
#2716 = LINE('',#2717,#2718);
#2717 = CARTESIAN_POINT('',(-1.,0.57735026919,0.25));
#2718 = VECTOR('',#2719,1.);
#2719 = DIRECTION('',(0.,-1.,0.));
#2720 = PCURVE('',#1553,#2721);
#2721 = DEFINITIONAL_REPRESENTATION('',(#2722),#2726);
#2722 = LINE('',#2723,#2724);
#2723 = CARTESIAN_POINT('',(0.,-1.154700538379));
#2724 = VECTOR('',#2725,1.);
#2725 = DIRECTION('',(0.,-1.));
#2726 = ( GEOMETRIC_REPRESENTATION_CONTEXT(2) 
PARAMETRIC_REPRESENTATION_CONTEXT() REPRESENTATION_CONTEXT('2D SPACE',''
  ) );
#2727 = PCURVE('',#2696,#2728);
#2728 = DEFINITIONAL_REPRESENTATION('',(#2729),#2733);
#2729 = LINE('',#2730,#2731);
#2730 = CARTESIAN_POINT('',(0.,0.));
#2731 = VECTOR('',#2732,1.);
#2732 = DIRECTION('',(0.,-1.));
#2733 = ( GEOMETRIC_REPRESENTATION_CONTEXT(2) 
PARAMETRIC_REPRESENTATION_CONTEXT() REPRESENTATION_CONTEXT('2D SPACE',''
  ) );
#2734 = ORIENTED_EDGE('',*,*,#2735,.T.);
#2735 = EDGE_CURVE('',#2713,#1510,#2736,.T.);
#2736 = SURFACE_CURVE('',#2737,(#2741,#2748),.PCURVE_S1.);
#2737 = LINE('',#2738,#2739);
#2738 = CARTESIAN_POINT('',(-1.,-0.57735026919,0.25));
#2739 = VECTOR('',#2740,1.);
#2740 = DIRECTION('',(0.866025403784,-0.5,0.));
#2741 = PCURVE('',#1553,#2742);
#2742 = DEFINITIONAL_REPRESENTATION('',(#2743),#2747);
#2743 = LINE('',#2744,#2745);
#2744 = CARTESIAN_POINT('',(0.,-2.309401076759));
#2745 = VECTOR('',#2746,1.);
#2746 = DIRECTION('',(0.866025403784,-0.5));
#2747 = ( GEOMETRIC_REPRESENTATION_CONTEXT(2) 
PARAMETRIC_REPRESENTATION_CONTEXT() REPRESENTATION_CONTEXT('2D SPACE',''
  ) );
#2748 = PCURVE('',#2749,#2754);
#2749 = PLANE('',#2750);
#2750 = AXIS2_PLACEMENT_3D('',#2751,#2752,#2753);
#2751 = CARTESIAN_POINT('',(-1.,-0.57735026919,0.25));
#2752 = DIRECTION('',(-0.5,-0.866025403784,0.));
#2753 = DIRECTION('',(0.866025403784,-0.5,0.));
#2754 = DEFINITIONAL_REPRESENTATION('',(#2755),#2759);
#2755 = LINE('',#2756,#2757);
#2756 = CARTESIAN_POINT('',(0.,0.));
#2757 = VECTOR('',#2758,1.);
#2758 = DIRECTION('',(1.,0.));
#2759 = ( GEOMETRIC_REPRESENTATION_CONTEXT(2) 
PARAMETRIC_REPRESENTATION_CONTEXT() REPRESENTATION_CONTEXT('2D SPACE',''
  ) );
#2760 = ADVANCED_FACE('',(#2761),#1526,.T.);
#2761 = FACE_BOUND('',#2762,.T.);
#2762 = EDGE_LOOP('',(#2763,#2764,#2787));
#2763 = ORIENTED_EDGE('',*,*,#1509,.F.);
#2764 = ORIENTED_EDGE('',*,*,#2765,.T.);
#2765 = EDGE_CURVE('',#1510,#2766,#2768,.T.);
#2766 = VERTEX_POINT('',#2767);
#2767 = CARTESIAN_POINT('',(9.669925475923E-18,-1.154700538379,0.25));
#2768 = SURFACE_CURVE('',#2769,(#2773,#2780),.PCURVE_S1.);
#2769 = LINE('',#2770,#2771);
#2770 = CARTESIAN_POINT('',(-1.,-0.57735026919,0.25));
#2771 = VECTOR('',#2772,1.);
#2772 = DIRECTION('',(0.866025403784,-0.5,0.));
#2773 = PCURVE('',#1526,#2774);
#2774 = DEFINITIONAL_REPRESENTATION('',(#2775),#2779);
#2775 = LINE('',#2776,#2777);
#2776 = CARTESIAN_POINT('',(0.,-2.309401076759));
#2777 = VECTOR('',#2778,1.);
#2778 = DIRECTION('',(0.866025403784,-0.5));
#2779 = ( GEOMETRIC_REPRESENTATION_CONTEXT(2) 
PARAMETRIC_REPRESENTATION_CONTEXT() REPRESENTATION_CONTEXT('2D SPACE',''
  ) );
#2780 = PCURVE('',#2749,#2781);
#2781 = DEFINITIONAL_REPRESENTATION('',(#2782),#2786);
#2782 = LINE('',#2783,#2784);
#2783 = CARTESIAN_POINT('',(0.,0.));
#2784 = VECTOR('',#2785,1.);
#2785 = DIRECTION('',(1.,0.));
#2786 = ( GEOMETRIC_REPRESENTATION_CONTEXT(2) 
PARAMETRIC_REPRESENTATION_CONTEXT() REPRESENTATION_CONTEXT('2D SPACE',''
  ) );
#2787 = ORIENTED_EDGE('',*,*,#2788,.T.);
#2788 = EDGE_CURVE('',#2766,#1481,#2789,.T.);
#2789 = SURFACE_CURVE('',#2790,(#2794,#2801),.PCURVE_S1.);
#2790 = LINE('',#2791,#2792);
#2791 = CARTESIAN_POINT('',(9.669925475923E-18,-1.154700538379,0.25));
#2792 = VECTOR('',#2793,1.);
#2793 = DIRECTION('',(0.866025403784,0.5,0.));
#2794 = PCURVE('',#1526,#2795);
#2795 = DEFINITIONAL_REPRESENTATION('',(#2796),#2800);
#2796 = LINE('',#2797,#2798);
#2797 = CARTESIAN_POINT('',(1.,-2.886751345948));
#2798 = VECTOR('',#2799,1.);
#2799 = DIRECTION('',(0.866025403784,0.5));
#2800 = ( GEOMETRIC_REPRESENTATION_CONTEXT(2) 
PARAMETRIC_REPRESENTATION_CONTEXT() REPRESENTATION_CONTEXT('2D SPACE',''
  ) );
#2801 = PCURVE('',#2802,#2807);
#2802 = PLANE('',#2803);
#2803 = AXIS2_PLACEMENT_3D('',#2804,#2805,#2806);
#2804 = CARTESIAN_POINT('',(9.669925475923E-18,-1.154700538379,0.25));
#2805 = DIRECTION('',(0.5,-0.866025403784,0.));
#2806 = DIRECTION('',(0.866025403784,0.5,0.));
#2807 = DEFINITIONAL_REPRESENTATION('',(#2808),#2812);
#2808 = LINE('',#2809,#2810);
#2809 = CARTESIAN_POINT('',(0.,0.));
#2810 = VECTOR('',#2811,1.);
#2811 = DIRECTION('',(1.,0.));
#2812 = ( GEOMETRIC_REPRESENTATION_CONTEXT(2) 
PARAMETRIC_REPRESENTATION_CONTEXT() REPRESENTATION_CONTEXT('2D SPACE',''
  ) );
#2813 = ADVANCED_FACE('',(#2814,#2912),#1593,.T.);
#2814 = FACE_BOUND('',#2815,.T.);
#2815 = EDGE_LOOP('',(#2816,#2864,#2890,#2891));
#2816 = ORIENTED_EDGE('',*,*,#2817,.T.);
#2817 = EDGE_CURVE('',#2818,#2820,#2822,.T.);
#2818 = VERTEX_POINT('',#2819);
#2819 = CARTESIAN_POINT('',(1.305695071185,-0.826574729312,
    1.500000000014));
#2820 = VERTEX_POINT('',#2821);
#2821 = CARTESIAN_POINT('',(1.509440074224,0.331143570646,1.5));
#2822 = SURFACE_CURVE('',#2823,(#2828,#2835),.PCURVE_S1.);
#2823 = CIRCLE('',#2824,1.545336663013);
#2824 = AXIS2_PLACEMENT_3D('',#2825,#2826,#2827);
#2825 = CARTESIAN_POINT('',(7.216449660064E-15,-2.914335439641E-15,1.5)
  );
#2826 = DIRECTION('',(0.,0.,1.));
#2827 = DIRECTION('',(0.976771023656,0.214285714286,-0.));
#2828 = PCURVE('',#1593,#2829);
#2829 = DEFINITIONAL_REPRESENTATION('',(#2830),#2834);
#2830 = CIRCLE('',#2831,1.545336663013);
#2831 = AXIS2_PLACEMENT_2D('',#2832,#2833);
#2832 = CARTESIAN_POINT('',(7.216449660064E-15,-1.199829920835E-15));
#2833 = DIRECTION('',(0.976771023656,0.214285714286));
#2834 = ( GEOMETRIC_REPRESENTATION_CONTEXT(2) 
PARAMETRIC_REPRESENTATION_CONTEXT() REPRESENTATION_CONTEXT('2D SPACE',''
  ) );
#2835 = PCURVE('',#2028,#2836);
#2836 = DEFINITIONAL_REPRESENTATION('',(#2837),#2863);
#2837 = B_SPLINE_CURVE_WITH_KNOTS('',3,(#2838,#2839,#2840,#2841,#2842,
    #2843,#2844,#2845,#2846,#2847,#2848,#2849,#2850,#2851,#2852,#2853,
    #2854,#2855,#2856,#2857,#2858,#2859,#2860,#2861,#2862),
  .UNSPECIFIED.,.F.,.F.,(4,1,1,1,1,1,1,1,1,1,1,1,1,1,1,1,1,1,1,1,1,1,4),
  (5.50285522018,5.538324769589,5.573794318998,5.609263868407,
    5.644733417816,5.680202967225,5.715672516634,5.751142066043,
    5.786611615452,5.822081164861,5.857550714271,5.89302026368,
    5.928489813089,5.963959362498,5.999428911907,6.034898461316,
    6.070368010725,6.105837560134,6.141307109543,6.176776658952,
    6.212246208361,6.247715757771,6.28318530718),.QUASI_UNIFORM_KNOTS.);
#2838 = CARTESIAN_POINT('',(1.614422611587E-10,0.776651252516));
#2839 = CARTESIAN_POINT('',(1.397791908516E-02,0.776976074124));
#2840 = CARTESIAN_POINT('',(4.153992318675E-02,0.777630053129));
#2841 = CARTESIAN_POINT('',(8.257341173885E-02,0.778614450655));
#2842 = CARTESIAN_POINT('',(0.124681142631,0.779586996441));
#2843 = CARTESIAN_POINT('',(0.167455658742,0.780552368171));
#2844 = CARTESIAN_POINT('',(0.210938136184,0.781510203719));
#2845 = CARTESIAN_POINT('',(0.255048424816,0.78246146586));
#2846 = CARTESIAN_POINT('',(0.299737855379,0.783406739433));
#2847 = CARTESIAN_POINT('',(0.344948383185,0.784346690075));
#2848 = CARTESIAN_POINT('',(0.390623624958,0.785281943634));
#2849 = CARTESIAN_POINT('',(0.436705992011,0.786213120718));
#2850 = CARTESIAN_POINT('',(0.483137549858,0.787140829586));
#2851 = CARTESIAN_POINT('',(0.529859880177,0.78806567012));
#2852 = CARTESIAN_POINT('',(0.576814210805,0.788988234767));
#2853 = CARTESIAN_POINT('',(0.623941474538,0.789909110241));
#2854 = CARTESIAN_POINT('',(0.671182387474,0.790828878979));
#2855 = CARTESIAN_POINT('',(0.718477522563,0.791748120629));
#2856 = CARTESIAN_POINT('',(0.765767384425,0.792667413509));
#2857 = CARTESIAN_POINT('',(0.81299248499,0.793587336082));
#2858 = CARTESIAN_POINT('',(0.860093415061,0.79450846834));
#2859 = CARTESIAN_POINT('',(0.907010931344,0.795431393524));
#2860 = CARTESIAN_POINT('',(0.953685985053,0.796356698681));
#2861 = CARTESIAN_POINT('',(0.984601973411,0.796975552626));
#2862 = CARTESIAN_POINT('',(1.,0.79728557444));
#2863 = ( GEOMETRIC_REPRESENTATION_CONTEXT(2) 
PARAMETRIC_REPRESENTATION_CONTEXT() REPRESENTATION_CONTEXT('2D SPACE',''
  ) );
#2864 = ORIENTED_EDGE('',*,*,#2865,.T.);
#2865 = EDGE_CURVE('',#2820,#2273,#2866,.T.);
#2866 = SURFACE_CURVE('',#2867,(#2874,#2884),.PCURVE_S1.);
#2867 = B_SPLINE_CURVE_WITH_KNOTS('',3,(#2868,#2869,#2870,#2871,#2872,
    #2873),.UNSPECIFIED.,.F.,.F.,(4,2,4),(-4.600002132229E-02,
    -2.300079188667E-02,-1.000000063686E-06),.UNSPECIFIED.);
#2868 = CARTESIAN_POINT('',(1.509440074224,0.331143570646,1.5));
#2869 = CARTESIAN_POINT('',(1.502631786629,0.407505517143,1.5));
#2870 = CARTESIAN_POINT('',(1.489951247645,0.483227097396,1.500000000002
    ));
#2871 = CARTESIAN_POINT('',(1.453097278356,0.632064593665,1.500000000002
    ));
#2872 = CARTESIAN_POINT('',(1.428982332935,0.704947591401,1.5));
#2873 = CARTESIAN_POINT('',(1.39940088198,0.775678523303,1.5));
#2874 = PCURVE('',#1593,#2875);
#2875 = DEFINITIONAL_REPRESENTATION('',(#2876),#2883);
#2876 = B_SPLINE_CURVE_WITH_KNOTS('',3,(#2877,#2878,#2879,#2880,#2881,
    #2882),.UNSPECIFIED.,.F.,.F.,(4,2,4),(-4.600002132229E-02,
    -2.300079188667E-02,-1.000000063686E-06),.UNSPECIFIED.);
#2877 = CARTESIAN_POINT('',(1.509440074224,0.331143570646));
#2878 = CARTESIAN_POINT('',(1.502631786629,0.407505517143));
#2879 = CARTESIAN_POINT('',(1.489951247645,0.483227097396));
#2880 = CARTESIAN_POINT('',(1.453097278356,0.632064593665));
#2881 = CARTESIAN_POINT('',(1.428982332935,0.704947591401));
#2882 = CARTESIAN_POINT('',(1.39940088198,0.775678523303));
#2883 = ( GEOMETRIC_REPRESENTATION_CONTEXT(2) 
PARAMETRIC_REPRESENTATION_CONTEXT() REPRESENTATION_CONTEXT('2D SPACE',''
  ) );
#2884 = PCURVE('',#328,#2885);
#2885 = DEFINITIONAL_REPRESENTATION('',(#2886),#2889);
#2886 = B_SPLINE_CURVE_WITH_KNOTS('',1,(#2887,#2888),.UNSPECIFIED.,.F.,
  .F.,(2,2),(-4.600002132229E-02,-1.000000063686E-06),
  .PIECEWISE_BEZIER_KNOTS.);
#2887 = CARTESIAN_POINT('',(-3.271338715631E-15,0.79728557444));
#2888 = CARTESIAN_POINT('',(0.120228161235,0.805071527306));
#2889 = ( GEOMETRIC_REPRESENTATION_CONTEXT(2) 
PARAMETRIC_REPRESENTATION_CONTEXT() REPRESENTATION_CONTEXT('2D SPACE',''
  ) );
#2890 = ORIENTED_EDGE('',*,*,#2270,.F.);
#2891 = ORIENTED_EDGE('',*,*,#2892,.T.);
#2892 = EDGE_CURVE('',#2271,#2818,#2893,.T.);
#2893 = SURFACE_CURVE('',#2894,(#2899,#2906),.PCURVE_S1.);
#2894 = CIRCLE('',#2895,1.628608584855);
#2895 = AXIS2_PLACEMENT_3D('',#2896,#2897,#2898);
#2896 = CARTESIAN_POINT('',(-0.161499173994,-0.119675182235,
    1.500000004782));
#2897 = DIRECTION('',(2.465909201697E-09,-1.647216979705E-09,1.));
#2898 = DIRECTION('',(0.900888193026,-0.434051222399,-2.936485028481E-09
    ));
#2899 = PCURVE('',#1593,#2900);
#2900 = DEFINITIONAL_REPRESENTATION('',(#2901),#2905);
#2901 = CIRCLE('',#2902,1.628608584855);
#2902 = AXIS2_PLACEMENT_2D('',#2903,#2904);
#2903 = CARTESIAN_POINT('',(-0.161499173994,-0.119675182235));
#2904 = DIRECTION('',(0.900888193026,-0.434051222399));
#2905 = ( GEOMETRIC_REPRESENTATION_CONTEXT(2) 
PARAMETRIC_REPRESENTATION_CONTEXT() REPRESENTATION_CONTEXT('2D SPACE',''
  ) );
#2906 = PCURVE('',#125,#2907);
#2907 = DEFINITIONAL_REPRESENTATION('',(#2908),#2911);
#2908 = B_SPLINE_CURVE_WITH_KNOTS('',1,(#2909,#2910),.UNSPECIFIED.,.F.,
  .F.,(2,2),(6.003310598631,6.28318530718),.PIECEWISE_BEZIER_KNOTS.);
#2909 = CARTESIAN_POINT('',(0.879771838865,0.768958938238));
#2910 = CARTESIAN_POINT('',(1.000000000053,0.776651252516));
#2911 = ( GEOMETRIC_REPRESENTATION_CONTEXT(2) 
PARAMETRIC_REPRESENTATION_CONTEXT() REPRESENTATION_CONTEXT('2D SPACE',''
  ) );
#2912 = FACE_BOUND('',#2913,.T.);
#2913 = EDGE_LOOP('',(#2914,#2943,#2944,#2973,#3002,#3031));
#2914 = ORIENTED_EDGE('',*,*,#2915,.F.);
#2915 = EDGE_CURVE('',#1572,#2916,#2918,.T.);
#2916 = VERTEX_POINT('',#2917);
#2917 = CARTESIAN_POINT('',(-1.084202172485E-16,1.154700538379,1.5));
#2918 = SURFACE_CURVE('',#2919,(#2924,#2931),.PCURVE_S1.);
#2919 = CIRCLE('',#2920,1.154700538379);
#2920 = AXIS2_PLACEMENT_3D('',#2921,#2922,#2923);
#2921 = CARTESIAN_POINT('',(0.,0.,1.5));
#2922 = DIRECTION('',(0.,0.,1.));
#2923 = DIRECTION('',(1.,0.,-0.));
#2924 = PCURVE('',#1593,#2925);
#2925 = DEFINITIONAL_REPRESENTATION('',(#2926),#2930);
#2926 = CIRCLE('',#2927,1.154700538379);
#2927 = AXIS2_PLACEMENT_2D('',#2928,#2929);
#2928 = CARTESIAN_POINT('',(0.,1.714505518806E-15));
#2929 = DIRECTION('',(1.,0.));
#2930 = ( GEOMETRIC_REPRESENTATION_CONTEXT(2) 
PARAMETRIC_REPRESENTATION_CONTEXT() REPRESENTATION_CONTEXT('2D SPACE',''
  ) );
#2931 = PCURVE('',#2932,#2937);
#2932 = CONICAL_SURFACE('',#2933,1.154700538379,0.959931088597);
#2933 = AXIS2_PLACEMENT_3D('',#2934,#2935,#2936);
#2934 = CARTESIAN_POINT('',(0.,0.,1.5));
#2935 = DIRECTION('',(0.,0.,1.));
#2936 = DIRECTION('',(1.,0.,-0.));
#2937 = DEFINITIONAL_REPRESENTATION('',(#2938),#2942);
#2938 = LINE('',#2939,#2940);
#2939 = CARTESIAN_POINT('',(-1.110223024625E-16,0.));
#2940 = VECTOR('',#2941,1.);
#2941 = DIRECTION('',(1.,0.));
#2942 = ( GEOMETRIC_REPRESENTATION_CONTEXT(2) 
PARAMETRIC_REPRESENTATION_CONTEXT() REPRESENTATION_CONTEXT('2D SPACE',''
  ) );
#2943 = ORIENTED_EDGE('',*,*,#1569,.F.);
#2944 = ORIENTED_EDGE('',*,*,#2945,.F.);
#2945 = EDGE_CURVE('',#2946,#1570,#2948,.T.);
#2946 = VERTEX_POINT('',#2947);
#2947 = CARTESIAN_POINT('',(3.252606517457E-16,-1.154700538379,1.5));
#2948 = SURFACE_CURVE('',#2949,(#2954,#2961),.PCURVE_S1.);
#2949 = CIRCLE('',#2950,1.154700538379);
#2950 = AXIS2_PLACEMENT_3D('',#2951,#2952,#2953);
#2951 = CARTESIAN_POINT('',(0.,0.,1.5));
#2952 = DIRECTION('',(0.,0.,1.));
#2953 = DIRECTION('',(1.,0.,-0.));
#2954 = PCURVE('',#1593,#2955);
#2955 = DEFINITIONAL_REPRESENTATION('',(#2956),#2960);
#2956 = CIRCLE('',#2957,1.154700538379);
#2957 = AXIS2_PLACEMENT_2D('',#2958,#2959);
#2958 = CARTESIAN_POINT('',(0.,1.714505518806E-15));
#2959 = DIRECTION('',(1.,0.));
#2960 = ( GEOMETRIC_REPRESENTATION_CONTEXT(2) 
PARAMETRIC_REPRESENTATION_CONTEXT() REPRESENTATION_CONTEXT('2D SPACE',''
  ) );
#2961 = PCURVE('',#2962,#2967);
#2962 = CONICAL_SURFACE('',#2963,1.154700538379,0.959931088597);
#2963 = AXIS2_PLACEMENT_3D('',#2964,#2965,#2966);
#2964 = CARTESIAN_POINT('',(0.,0.,1.5));
#2965 = DIRECTION('',(0.,0.,1.));
#2966 = DIRECTION('',(1.,0.,-0.));
#2967 = DEFINITIONAL_REPRESENTATION('',(#2968),#2972);
#2968 = LINE('',#2969,#2970);
#2969 = CARTESIAN_POINT('',(0.,0.));
#2970 = VECTOR('',#2971,1.);
#2971 = DIRECTION('',(1.,0.));
#2972 = ( GEOMETRIC_REPRESENTATION_CONTEXT(2) 
PARAMETRIC_REPRESENTATION_CONTEXT() REPRESENTATION_CONTEXT('2D SPACE',''
  ) );
#2973 = ORIENTED_EDGE('',*,*,#2974,.F.);
#2974 = EDGE_CURVE('',#2975,#2946,#2977,.T.);
#2975 = VERTEX_POINT('',#2976);
#2976 = CARTESIAN_POINT('',(-1.,-0.57735026919,1.5));
#2977 = SURFACE_CURVE('',#2978,(#2983,#2990),.PCURVE_S1.);
#2978 = CIRCLE('',#2979,1.154700538379);
#2979 = AXIS2_PLACEMENT_3D('',#2980,#2981,#2982);
#2980 = CARTESIAN_POINT('',(0.,0.,1.5));
#2981 = DIRECTION('',(0.,0.,1.));
#2982 = DIRECTION('',(1.,0.,-0.));
#2983 = PCURVE('',#1593,#2984);
#2984 = DEFINITIONAL_REPRESENTATION('',(#2985),#2989);
#2985 = CIRCLE('',#2986,1.154700538379);
#2986 = AXIS2_PLACEMENT_2D('',#2987,#2988);
#2987 = CARTESIAN_POINT('',(0.,1.714505518806E-15));
#2988 = DIRECTION('',(1.,0.));
#2989 = ( GEOMETRIC_REPRESENTATION_CONTEXT(2) 
PARAMETRIC_REPRESENTATION_CONTEXT() REPRESENTATION_CONTEXT('2D SPACE',''
  ) );
#2990 = PCURVE('',#2991,#2996);
#2991 = CONICAL_SURFACE('',#2992,1.154700538379,0.959931088597);
#2992 = AXIS2_PLACEMENT_3D('',#2993,#2994,#2995);
#2993 = CARTESIAN_POINT('',(0.,0.,1.5));
#2994 = DIRECTION('',(0.,0.,1.));
#2995 = DIRECTION('',(1.,0.,-0.));
#2996 = DEFINITIONAL_REPRESENTATION('',(#2997),#3001);
#2997 = LINE('',#2998,#2999);
#2998 = CARTESIAN_POINT('',(-4.440892098501E-16,0.));
#2999 = VECTOR('',#3000,1.);
#3000 = DIRECTION('',(1.,0.));
#3001 = ( GEOMETRIC_REPRESENTATION_CONTEXT(2) 
PARAMETRIC_REPRESENTATION_CONTEXT() REPRESENTATION_CONTEXT('2D SPACE',''
  ) );
#3002 = ORIENTED_EDGE('',*,*,#3003,.F.);
#3003 = EDGE_CURVE('',#3004,#2975,#3006,.T.);
#3004 = VERTEX_POINT('',#3005);
#3005 = CARTESIAN_POINT('',(-1.,0.57735026919,1.5));
#3006 = SURFACE_CURVE('',#3007,(#3012,#3019),.PCURVE_S1.);
#3007 = CIRCLE('',#3008,1.154700538379);
#3008 = AXIS2_PLACEMENT_3D('',#3009,#3010,#3011);
#3009 = CARTESIAN_POINT('',(0.,0.,1.5));
#3010 = DIRECTION('',(0.,0.,1.));
#3011 = DIRECTION('',(1.,0.,-0.));
#3012 = PCURVE('',#1593,#3013);
#3013 = DEFINITIONAL_REPRESENTATION('',(#3014),#3018);
#3014 = CIRCLE('',#3015,1.154700538379);
#3015 = AXIS2_PLACEMENT_2D('',#3016,#3017);
#3016 = CARTESIAN_POINT('',(0.,1.714505518806E-15));
#3017 = DIRECTION('',(1.,0.));
#3018 = ( GEOMETRIC_REPRESENTATION_CONTEXT(2) 
PARAMETRIC_REPRESENTATION_CONTEXT() REPRESENTATION_CONTEXT('2D SPACE',''
  ) );
#3019 = PCURVE('',#3020,#3025);
#3020 = CONICAL_SURFACE('',#3021,1.154700538379,0.959931088597);
#3021 = AXIS2_PLACEMENT_3D('',#3022,#3023,#3024);
#3022 = CARTESIAN_POINT('',(0.,0.,1.5));
#3023 = DIRECTION('',(0.,0.,1.));
#3024 = DIRECTION('',(-1.,7.147294208007E-12,0.));
#3025 = DEFINITIONAL_REPRESENTATION('',(#3026),#3030);
#3026 = LINE('',#3027,#3028);
#3027 = CARTESIAN_POINT('',(3.141592653597,0.));
#3028 = VECTOR('',#3029,1.);
#3029 = DIRECTION('',(1.,0.));
#3030 = ( GEOMETRIC_REPRESENTATION_CONTEXT(2) 
PARAMETRIC_REPRESENTATION_CONTEXT() REPRESENTATION_CONTEXT('2D SPACE',''
  ) );
#3031 = ORIENTED_EDGE('',*,*,#3032,.F.);
#3032 = EDGE_CURVE('',#2916,#3004,#3033,.T.);
#3033 = SURFACE_CURVE('',#3034,(#3039,#3046),.PCURVE_S1.);
#3034 = CIRCLE('',#3035,1.154700538379);
#3035 = AXIS2_PLACEMENT_3D('',#3036,#3037,#3038);
#3036 = CARTESIAN_POINT('',(0.,0.,1.5));
#3037 = DIRECTION('',(0.,0.,1.));
#3038 = DIRECTION('',(1.,0.,-0.));
#3039 = PCURVE('',#1593,#3040);
#3040 = DEFINITIONAL_REPRESENTATION('',(#3041),#3045);
#3041 = CIRCLE('',#3042,1.154700538379);
#3042 = AXIS2_PLACEMENT_2D('',#3043,#3044);
#3043 = CARTESIAN_POINT('',(0.,1.714505518806E-15));
#3044 = DIRECTION('',(1.,0.));
#3045 = ( GEOMETRIC_REPRESENTATION_CONTEXT(2) 
PARAMETRIC_REPRESENTATION_CONTEXT() REPRESENTATION_CONTEXT('2D SPACE',''
  ) );
#3046 = PCURVE('',#3047,#3052);
#3047 = CONICAL_SURFACE('',#3048,1.154700538379,0.959931088597);
#3048 = AXIS2_PLACEMENT_3D('',#3049,#3050,#3051);
#3049 = CARTESIAN_POINT('',(0.,0.,1.5));
#3050 = DIRECTION('',(0.,0.,1.));
#3051 = DIRECTION('',(1.,0.,-0.));
#3052 = DEFINITIONAL_REPRESENTATION('',(#3053),#3057);
#3053 = LINE('',#3054,#3055);
#3054 = CARTESIAN_POINT('',(0.,0.));
#3055 = VECTOR('',#3056,1.);
#3056 = DIRECTION('',(1.,0.));
#3057 = ( GEOMETRIC_REPRESENTATION_CONTEXT(2) 
PARAMETRIC_REPRESENTATION_CONTEXT() REPRESENTATION_CONTEXT('2D SPACE',''
  ) );
#3058 = ADVANCED_FACE('',(#3059),#1874,.T.);
#3059 = FACE_BOUND('',#3060,.T.);
#3060 = EDGE_LOOP('',(#3061));
#3061 = ORIENTED_EDGE('',*,*,#1859,.T.);
#3062 = ADVANCED_FACE('',(#3063),#328,.T.);
#3063 = FACE_BOUND('',#3064,.T.);
#3064 = EDGE_LOOP('',(#3065,#3132,#3133,#3134,#3135,#3136,#3137,#3138,
    #3139));
#3065 = ORIENTED_EDGE('',*,*,#3066,.F.);
#3066 = EDGE_CURVE('',#1888,#2820,#3067,.T.);
#3067 = SURFACE_CURVE('',#3068,(#3118,#3125),.PCURVE_S1.);
#3068 = ( BOUNDED_CURVE() B_SPLINE_CURVE(2,(#3069,#3070,#3071,#3072,
    #3073,#3074,#3075,#3076,#3077,#3078,#3079,#3080,#3081,#3082,#3083,
    #3084,#3085,#3086,#3087,#3088,#3089,#3090,#3091,#3092,#3093,#3094,
    #3095,#3096,#3097,#3098,#3099,#3100,#3101,#3102,#3103,#3104,#3105,
    #3106,#3107,#3108,#3109,#3110,#3111,#3112,#3113,#3114,#3115,#3116,
#3117),.UNSPECIFIED.,.F.,.F.) B_SPLINE_CURVE_WITH_KNOTS((3,2,2,2,2,2,2,2
    ,2,2,2,2,2,2,2,2,2,2,2,2,2,2,2,2,3),(0.142044453094,0.166666666667,
    0.194444444444,0.222222222222,0.25,0.277777777778,0.305555555556,
    0.333333333333,0.361111111111,0.388888888889,0.416666666667,
    0.444444444444,0.472222222222,0.5,0.527777777778,0.555555555556,
    0.583333333333,0.611111111111,0.638888888889,0.666666666667,
    0.694444444444,0.722222222222,0.75,0.777777777778,0.79728557444),
.UNSPECIFIED.) CURVE() GEOMETRIC_REPRESENTATION_ITEM() 
RATIONAL_B_SPLINE_CURVE((0.973018780873,0.881244959631,1.,0.866025403784
    ,1.,0.866025403784,1.,0.866025403784,1.,0.866025403784,1.,
    0.866025403784,1.,0.866025403784,1.,0.866025403784,1.,0.866025403784
    ,1.,0.866025403784,1.,0.866025403784,1.,0.866025403784,1.,
    0.866025403784,1.,0.866025403784,1.,0.866025403784,1.,0.866025403784
    ,1.,0.866025403784,1.,0.866025403784,1.,0.866025403784,1.,
    0.866025403784,1.,0.866025403784,1.,0.866025403784,1.,0.866025403784
,1.,0.90591222949,0.943976505854)) REPRESENTATION_ITEM('') );
#3069 = CARTESIAN_POINT('',(1.240589571761,0.921413542602,
    -1.254663336987));
#3070 = CARTESIAN_POINT('',(0.777187955485,1.545336663013,
    -1.200813647963));
#3071 = CARTESIAN_POINT('',(0.,1.545336663013,-1.15));
#3072 = CARTESIAN_POINT('',(-0.892200538379,1.545336663013,
    -1.091666666667));
#3073 = CARTESIAN_POINT('',(-1.338300807569,0.772668331507,
    -1.033333333333));
#3074 = CARTESIAN_POINT('',(-1.784401076758,-1.605242465454E-15,-0.975)
  );
#3075 = CARTESIAN_POINT('',(-1.338300807569,-0.772668331507,
    -0.916666666667));
#3076 = CARTESIAN_POINT('',(-0.892200538379,-1.545336663013,
    -0.858333333333));
#3077 = CARTESIAN_POINT('',(-1.892491597964E-16,-1.545336663013,-0.8));
#3078 = CARTESIAN_POINT('',(0.892200538379,-1.545336663013,
    -0.741666666667));
#3079 = CARTESIAN_POINT('',(1.338300807569,-0.772668331507,
    -0.683333333333));
#3080 = CARTESIAN_POINT('',(1.784401076758,-2.042294678863E-15,-0.625));
#3081 = CARTESIAN_POINT('',(1.338300807569,0.772668331507,
    -0.566666666667));
#3082 = CARTESIAN_POINT('',(0.892200538379,1.545336663013,
    -0.508333333333));
#3083 = CARTESIAN_POINT('',(0.,1.545336663013,-0.45));
#3084 = CARTESIAN_POINT('',(-0.892200538379,1.545336663013,
    -0.391666666667));
#3085 = CARTESIAN_POINT('',(-1.338300807569,0.772668331507,
    -0.333333333333));
#3086 = CARTESIAN_POINT('',(-1.784401076758,-1.605242465454E-15,-0.275)
  );
#3087 = CARTESIAN_POINT('',(-1.338300807569,-0.772668331507,
    -0.216666666667));
#3088 = CARTESIAN_POINT('',(-0.892200538379,-1.545336663013,
    -0.158333333333));
#3089 = CARTESIAN_POINT('',(-1.892491597964E-16,-1.545336663013,-0.1));
#3090 = CARTESIAN_POINT('',(0.892200538379,-1.545336663013,
    -4.166666666667E-02));
#3091 = CARTESIAN_POINT('',(1.338300807569,-0.772668331507,
    1.666666666667E-02));
#3092 = CARTESIAN_POINT('',(1.784401076758,-2.042294678863E-15,7.5E-02)
  );
#3093 = CARTESIAN_POINT('',(1.338300807569,0.772668331507,0.133333333333
    ));
#3094 = CARTESIAN_POINT('',(0.892200538379,1.545336663013,0.191666666667
    ));
#3095 = CARTESIAN_POINT('',(0.,1.545336663013,0.25));
#3096 = CARTESIAN_POINT('',(-0.892200538379,1.545336663013,
    0.308333333333));
#3097 = CARTESIAN_POINT('',(-1.338300807569,0.772668331507,
    0.366666666667));
#3098 = CARTESIAN_POINT('',(-1.784401076758,-1.605242465454E-15,0.425));
#3099 = CARTESIAN_POINT('',(-1.338300807569,-0.772668331507,
    0.483333333333));
#3100 = CARTESIAN_POINT('',(-0.892200538379,-1.545336663013,
    0.541666666667));
#3101 = CARTESIAN_POINT('',(-1.892491597964E-16,-1.545336663013,0.6));
#3102 = CARTESIAN_POINT('',(0.892200538379,-1.545336663013,
    0.658333333333));
#3103 = CARTESIAN_POINT('',(1.338300807569,-0.772668331507,
    0.716666666667));
#3104 = CARTESIAN_POINT('',(1.784401076758,-2.042294678863E-15,0.775));
#3105 = CARTESIAN_POINT('',(1.338300807569,0.772668331507,0.833333333333
    ));
#3106 = CARTESIAN_POINT('',(0.892200538379,1.545336663013,0.891666666667
    ));
#3107 = CARTESIAN_POINT('',(0.,1.545336663013,0.95));
#3108 = CARTESIAN_POINT('',(-0.892200538379,1.545336663013,
    1.008333333333));
#3109 = CARTESIAN_POINT('',(-1.338300807569,0.772668331507,
    1.066666666667));
#3110 = CARTESIAN_POINT('',(-1.784401076758,-1.605242465454E-15,1.125));
#3111 = CARTESIAN_POINT('',(-1.338300807569,-0.772668331507,
    1.183333333333));
#3112 = CARTESIAN_POINT('',(-0.892200538379,-1.545336663013,
    1.241666666667));
#3113 = CARTESIAN_POINT('',(-1.892491597964E-16,-1.545336663013,1.3));
#3114 = CARTESIAN_POINT('',(0.892200538379,-1.545336663013,
    1.358333333333));
#3115 = CARTESIAN_POINT('',(1.338300807569,-0.772668331507,
    1.416666666667));
#3116 = CARTESIAN_POINT('',(1.637794524215,-0.253929997728,
    1.455829312401));
#3117 = CARTESIAN_POINT('',(1.509440074224,0.331143570646,1.5));
#3118 = PCURVE('',#328,#3119);
#3119 = DEFINITIONAL_REPRESENTATION('',(#3120),#3124);
#3120 = LINE('',#3121,#3122);
#3121 = CARTESIAN_POINT('',(-9.950000763042E-16,1.665334536938E-16));
#3122 = VECTOR('',#3123,1.);
#3123 = DIRECTION('',(-3.780958261743E-15,1.));
#3124 = ( GEOMETRIC_REPRESENTATION_CONTEXT(2) 
PARAMETRIC_REPRESENTATION_CONTEXT() REPRESENTATION_CONTEXT('2D SPACE',''
  ) );
#3125 = PCURVE('',#2028,#3126);
#3126 = DEFINITIONAL_REPRESENTATION('',(#3127),#3131);
#3127 = LINE('',#3128,#3129);
#3128 = CARTESIAN_POINT('',(1.,1.665334536938E-16));
#3129 = VECTOR('',#3130,1.);
#3130 = DIRECTION('',(-1.423273525278E-14,1.));
#3131 = ( GEOMETRIC_REPRESENTATION_CONTEXT(2) 
PARAMETRIC_REPRESENTATION_CONTEXT() REPRESENTATION_CONTEXT('2D SPACE',''
  ) );
#3132 = ORIENTED_EDGE('',*,*,#1887,.T.);
#3133 = ORIENTED_EDGE('',*,*,#1656,.T.);
#3134 = ORIENTED_EDGE('',*,*,#1103,.F.);
#3135 = ORIENTED_EDGE('',*,*,#958,.F.);
#3136 = ORIENTED_EDGE('',*,*,#642,.F.);
#3137 = ORIENTED_EDGE('',*,*,#314,.F.);
#3138 = ORIENTED_EDGE('',*,*,#2300,.F.);
#3139 = ORIENTED_EDGE('',*,*,#2865,.F.);
#3140 = ADVANCED_FACE('',(#3141),#2028,.T.);
#3141 = FACE_BOUND('',#3142,.T.);
#3142 = EDGE_LOOP('',(#3143,#3208,#3209,#3210));
#3143 = ORIENTED_EDGE('',*,*,#3144,.F.);
#3144 = EDGE_CURVE('',#2012,#2818,#3145,.T.);
#3145 = SURFACE_CURVE('',#3146,(#3196,#3202),.PCURVE_S1.);
#3146 = ( BOUNDED_CURVE() B_SPLINE_CURVE(2,(#3147,#3148,#3149,#3150,
    #3151,#3152,#3153,#3154,#3155,#3156,#3157,#3158,#3159,#3160,#3161,
    #3162,#3163,#3164,#3165,#3166,#3167,#3168,#3169,#3170,#3171,#3172,
    #3173,#3174,#3175,#3176,#3177,#3178,#3179,#3180,#3181,#3182,#3183,
    #3184,#3185,#3186,#3187,#3188,#3189,#3190,#3191,#3192,#3193,#3194,
#3195),.UNSPECIFIED.,.F.,.F.) B_SPLINE_CURVE_WITH_KNOTS((3,2,2,2,2,2,2,2
    ,2,2,2,2,2,2,2,2,2,2,2,2,2,2,2,2,3),(0.137557828269,0.157677847623,
    0.189213417147,0.220748986672,0.252284556196,0.283820125721,
    0.315355695245,0.34689126477,0.378426834294,0.409962403819,
    0.441497973343,0.473033542868,0.504569112392,0.536104681917,
    0.567640251441,0.599175820966,0.63071139049,0.662246960015,
    0.693782529539,0.725318099064,0.756853668588,0.788389238113,
0.819924807637,0.851460377162,0.881717024521),.UNSPECIFIED.) CURVE() 
GEOMETRIC_REPRESENTATION_ITEM() RATIONAL_B_SPLINE_CURVE((0.938116290835,
    0.914522822663,1.,0.866025403784,1.,0.866025403784,1.,0.866025403784
    ,1.,0.866025403784,1.,0.866025403784,1.,0.866025403784,1.,
    0.866025403784,1.,0.866025403784,1.,0.866025403784,1.,0.866025403784
    ,1.,0.866025403784,1.,0.866025403784,1.,0.866025403784,1.,
    0.866025403784,1.,0.866025403784,1.,0.866025403784,1.,0.866025403784
    ,1.,0.866025403784,1.,0.866025403784,1.,0.866025403784,1.,
    0.866025403784,1.,0.866025403784,1.,0.871458731399,0.98957404099)) 
REPRESENTATION_ITEM('') );
#3147 = CARTESIAN_POINT('',(1.528522621549,-0.227341147761,
    -1.254663336987));
#3148 = CARTESIAN_POINT('',(1.60782408828,0.305840315492,-1.214410293404
    ));
#3149 = CARTESIAN_POINT('',(1.338300807569,0.772668331507,
    -1.179166666667));
#3150 = CARTESIAN_POINT('',(0.892200538379,1.545336663013,
    -1.120833333333));
#3151 = CARTESIAN_POINT('',(0.,1.545336663013,-1.0625));
#3152 = CARTESIAN_POINT('',(-0.892200538379,1.545336663013,
    -1.004166666667));
#3153 = CARTESIAN_POINT('',(-1.338300807569,0.772668331507,
    -0.945833333333));
#3154 = CARTESIAN_POINT('',(-1.784401076758,-1.605242465454E-15,-0.8875)
  );
#3155 = CARTESIAN_POINT('',(-1.338300807569,-0.772668331507,
    -0.829166666667));
#3156 = CARTESIAN_POINT('',(-0.892200538379,-1.545336663013,
    -0.770833333333));
#3157 = CARTESIAN_POINT('',(-1.892491597964E-16,-1.545336663013,-0.7125)
  );
#3158 = CARTESIAN_POINT('',(0.892200538379,-1.545336663013,
    -0.654166666667));
#3159 = CARTESIAN_POINT('',(1.338300807569,-0.772668331507,
    -0.595833333333));
#3160 = CARTESIAN_POINT('',(1.784401076758,-2.042294678863E-15,-0.5375)
  );
#3161 = CARTESIAN_POINT('',(1.338300807569,0.772668331507,
    -0.479166666667));
#3162 = CARTESIAN_POINT('',(0.892200538379,1.545336663013,
    -0.420833333333));
#3163 = CARTESIAN_POINT('',(0.,1.545336663013,-0.3625));
#3164 = CARTESIAN_POINT('',(-0.892200538379,1.545336663013,
    -0.304166666667));
#3165 = CARTESIAN_POINT('',(-1.338300807569,0.772668331507,
    -0.245833333333));
#3166 = CARTESIAN_POINT('',(-1.784401076758,-1.605242465454E-15,-0.1875)
  );
#3167 = CARTESIAN_POINT('',(-1.338300807569,-0.772668331507,
    -0.129166666667));
#3168 = CARTESIAN_POINT('',(-0.892200538379,-1.545336663013,
    -7.083333333334E-02));
#3169 = CARTESIAN_POINT('',(-1.892491597964E-16,-1.545336663013,
    -1.25E-02));
#3170 = CARTESIAN_POINT('',(0.892200538379,-1.545336663013,
    4.583333333333E-02));
#3171 = CARTESIAN_POINT('',(1.338300807569,-0.772668331507,
    0.104166666667));
#3172 = CARTESIAN_POINT('',(1.784401076758,-2.042294678863E-15,0.1625));
#3173 = CARTESIAN_POINT('',(1.338300807569,0.772668331507,0.220833333333
    ));
#3174 = CARTESIAN_POINT('',(0.892200538379,1.545336663013,0.279166666667
    ));
#3175 = CARTESIAN_POINT('',(0.,1.545336663013,0.3375));
#3176 = CARTESIAN_POINT('',(-0.892200538379,1.545336663013,
    0.395833333333));
#3177 = CARTESIAN_POINT('',(-1.338300807569,0.772668331507,
    0.454166666667));
#3178 = CARTESIAN_POINT('',(-1.784401076758,-1.605242465454E-15,0.5125)
  );
#3179 = CARTESIAN_POINT('',(-1.338300807569,-0.772668331507,
    0.570833333333));
#3180 = CARTESIAN_POINT('',(-0.892200538379,-1.545336663013,
    0.629166666667));
#3181 = CARTESIAN_POINT('',(-1.892491597964E-16,-1.545336663013,0.6875)
  );
#3182 = CARTESIAN_POINT('',(0.892200538379,-1.545336663013,
    0.745833333333));
#3183 = CARTESIAN_POINT('',(1.338300807569,-0.772668331507,
    0.804166666667));
#3184 = CARTESIAN_POINT('',(1.784401076758,-2.042294678863E-15,0.8625));
#3185 = CARTESIAN_POINT('',(1.338300807569,0.772668331507,0.920833333333
    ));
#3186 = CARTESIAN_POINT('',(0.892200538379,1.545336663013,0.979166666667
    ));
#3187 = CARTESIAN_POINT('',(0.,1.545336663013,1.0375));
#3188 = CARTESIAN_POINT('',(-0.892200538379,1.545336663013,
    1.095833333333));
#3189 = CARTESIAN_POINT('',(-1.338300807569,0.772668331507,
    1.154166666667));
#3190 = CARTESIAN_POINT('',(-1.784401076758,-1.605242465454E-15,1.2125)
  );
#3191 = CARTESIAN_POINT('',(-1.338300807569,-0.772668331507,
    1.270833333333));
#3192 = CARTESIAN_POINT('',(-0.892200538379,-1.545336663013,
    1.329166666667));
#3193 = CARTESIAN_POINT('',(-1.892491597964E-16,-1.545336663013,1.3875)
  );
#3194 = CARTESIAN_POINT('',(0.850680371428,-1.545336663013,
    1.443118686082));
#3195 = CARTESIAN_POINT('',(1.305695071185,-0.826574729312,
    1.500000000014));
#3196 = PCURVE('',#2028,#3197);
#3197 = DEFINITIONAL_REPRESENTATION('',(#3198),#3201);
#3198 = B_SPLINE_CURVE_WITH_KNOTS('',1,(#3199,#3200),.UNSPECIFIED.,.F.,
  .F.,(2,2),(0.137557828269,0.881717024521),.PIECEWISE_BEZIER_KNOTS.);
#3199 = CARTESIAN_POINT('',(4.452550804914E-14,0.121166379516));
#3200 = CARTESIAN_POINT('',(7.230784361816E-14,0.776651252516));
#3201 = ( GEOMETRIC_REPRESENTATION_CONTEXT(2) 
PARAMETRIC_REPRESENTATION_CONTEXT() REPRESENTATION_CONTEXT('2D SPACE',''
  ) );
#3202 = PCURVE('',#125,#3203);
#3203 = DEFINITIONAL_REPRESENTATION('',(#3204),#3207);
#3204 = B_SPLINE_CURVE_WITH_KNOTS('',1,(#3205,#3206),.UNSPECIFIED.,.F.,
  .F.,(2,2),(0.137557828269,0.881717024521),.PIECEWISE_BEZIER_KNOTS.);
#3205 = CARTESIAN_POINT('',(1.,0.121166379516));
#3206 = CARTESIAN_POINT('',(1.,0.776651252516));
#3207 = ( GEOMETRIC_REPRESENTATION_CONTEXT(2) 
PARAMETRIC_REPRESENTATION_CONTEXT() REPRESENTATION_CONTEXT('2D SPACE',''
  ) );
#3208 = ORIENTED_EDGE('',*,*,#2011,.F.);
#3209 = ORIENTED_EDGE('',*,*,#3066,.T.);
#3210 = ORIENTED_EDGE('',*,*,#2817,.F.);
#3211 = ADVANCED_FACE('',(#3212),#125,.T.);
#3212 = FACE_BOUND('',#3213,.T.);
#3213 = EDGE_LOOP('',(#3214,#3215,#3216,#3217,#3218,#3219,#3220,#3221));
#3214 = ORIENTED_EDGE('',*,*,#2369,.F.);
#3215 = ORIENTED_EDGE('',*,*,#105,.F.);
#3216 = ORIENTED_EDGE('',*,*,#498,.F.);
#3217 = ORIENTED_EDGE('',*,*,#816,.F.);
#3218 = ORIENTED_EDGE('',*,*,#1249,.F.);
#3219 = ORIENTED_EDGE('',*,*,#2192,.F.);
#3220 = ORIENTED_EDGE('',*,*,#3144,.T.);
#3221 = ORIENTED_EDGE('',*,*,#2892,.F.);
#3222 = ADVANCED_FACE('',(#3223),#3047,.F.);
#3223 = FACE_BOUND('',#3224,.F.);
#3224 = EDGE_LOOP('',(#3225,#3268));
#3225 = ORIENTED_EDGE('',*,*,#3226,.T.);
#3226 = EDGE_CURVE('',#2916,#3004,#3227,.T.);
#3227 = SURFACE_CURVE('',#3228,(#3232,#3261),.PCURVE_S1.);
#3228 = ( BOUNDED_CURVE() B_SPLINE_CURVE(2,(#3229,#3230,#3231),
.UNSPECIFIED.,.F.,.F.) B_SPLINE_CURVE_WITH_KNOTS((3,3),(-0.368558810686,
-0.156778617402),.PIECEWISE_BEZIER_KNOTS.) CURVE() 
GEOMETRIC_REPRESENTATION_ITEM() RATIONAL_B_SPLINE_CURVE((1.662805796577,
1.92004274854,1.662805796585)) REPRESENTATION_ITEM('') );
#3229 = CARTESIAN_POINT('',(1.650449471348E-11,1.154700538389,
    1.500000000007));
#3230 = CARTESIAN_POINT('',(-0.499999999994,0.866025403788,
    1.297867494661));
#3231 = CARTESIAN_POINT('',(-0.999999999999,0.57735026919,1.5));
#3232 = PCURVE('',#3047,#3233);
#3233 = DEFINITIONAL_REPRESENTATION('',(#3234),#3260);
#3234 = B_SPLINE_CURVE_WITH_KNOTS('',3,(#3235,#3236,#3237,#3238,#3239,
    #3240,#3241,#3242,#3243,#3244,#3245,#3246,#3247,#3248,#3249,#3250,
    #3251,#3252,#3253,#3254,#3255,#3256,#3257,#3258,#3259),
  .UNSPECIFIED.,.F.,.F.,(4,1,1,1,1,1,1,1,1,1,1,1,1,1,1,1,1,1,1,1,1,1,4),
  (-0.368558810686,-0.358932438264,-0.349306065842,-0.33967969342,
    -0.330053320998,-0.320426948576,-0.310800576154,-0.301174203732,
    -0.29154783131,-0.281921458888,-0.272295086466,-0.262668714044,
    -0.253042341622,-0.2434159692,-0.233789596778,-0.224163224356,
    -0.214536851934,-0.204910479512,-0.19528410709,-0.185657734668,
    -0.176031362246,-0.166404989824,-0.156778617402),
  .QUASI_UNIFORM_KNOTS.);
#3235 = CARTESIAN_POINT('',(1.570796326781,6.672070029664E-12));
#3236 = CARTESIAN_POINT('',(1.585947588333,-7.070699183014E-03));
#3237 = CARTESIAN_POINT('',(1.616435615883,-2.037826757645E-02));
#3238 = CARTESIAN_POINT('',(1.662682402913,-3.79838623277E-02));
#3239 = CARTESIAN_POINT('',(1.709403327348,-5.338856601599E-02));
#3240 = CARTESIAN_POINT('',(1.756553723222,-6.671527411747E-02));
#3241 = CARTESIAN_POINT('',(1.804086499169,-7.80694785736E-02));
#3242 = CARTESIAN_POINT('',(1.851951987562,-8.753823783909E-02));
#3243 = CARTESIAN_POINT('',(1.900098321359,-9.519276252702E-02));
#3244 = CARTESIAN_POINT('',(1.948471715882,-0.101089557847));
#3245 = CARTESIAN_POINT('',(1.997016817506,-0.105271546667));
#3246 = CARTESIAN_POINT('',(2.045677069688,-0.107768843161));
#3247 = CARTESIAN_POINT('',(2.094395102385,-0.108599303127));
#3248 = CARTESIAN_POINT('',(2.143113135082,-0.107768843161));
#3249 = CARTESIAN_POINT('',(2.191773387265,-0.105271546668));
#3250 = CARTESIAN_POINT('',(2.240318488888,-0.101089557848));
#3251 = CARTESIAN_POINT('',(2.288691883411,-9.519276252922E-02));
#3252 = CARTESIAN_POINT('',(2.336838217209,-8.753823784187E-02));
#3253 = CARTESIAN_POINT('',(2.384703705602,-7.806947857698E-02));
#3254 = CARTESIAN_POINT('',(2.432236481549,-6.671527412148E-02));
#3255 = CARTESIAN_POINT('',(2.479386877423,-5.338856602067E-02));
#3256 = CARTESIAN_POINT('',(2.526107801858,-3.798386233306E-02));
#3257 = CARTESIAN_POINT('',(2.572354588889,-2.037826758256E-02));
#3258 = CARTESIAN_POINT('',(2.602842616439,-7.070699189651E-03));
#3259 = CARTESIAN_POINT('',(2.617993877991,-2.389005674097E-13));
#3260 = ( GEOMETRIC_REPRESENTATION_CONTEXT(2) 
PARAMETRIC_REPRESENTATION_CONTEXT() REPRESENTATION_CONTEXT('2D SPACE',''
  ) );
#3261 = PCURVE('',#2643,#3262);
#3262 = DEFINITIONAL_REPRESENTATION('',(#3263),#3267);
#3263 = ( BOUNDED_CURVE() B_SPLINE_CURVE(2,(#3264,#3265,#3266),
.UNSPECIFIED.,.F.,.F.) B_SPLINE_CURVE_WITH_KNOTS((3,3),(-0.368558810686,
-0.156778617402),.PIECEWISE_BEZIER_KNOTS.) CURVE() 
GEOMETRIC_REPRESENTATION_ITEM() RATIONAL_B_SPLINE_CURVE((1.662805796577,
1.92004274854,1.662805796585)) REPRESENTATION_ITEM('') );
#3264 = CARTESIAN_POINT('',(-1.905819946302E-11,1.250000000007));
#3265 = CARTESIAN_POINT('',(0.577350269182,1.047867494661));
#3266 = CARTESIAN_POINT('',(1.154700538379,1.25));
#3267 = ( GEOMETRIC_REPRESENTATION_CONTEXT(2) 
PARAMETRIC_REPRESENTATION_CONTEXT() REPRESENTATION_CONTEXT('2D SPACE',''
  ) );
#3268 = ORIENTED_EDGE('',*,*,#3032,.F.);
#3269 = ADVANCED_FACE('',(#3270),#3020,.F.);
#3270 = FACE_BOUND('',#3271,.F.);
#3271 = EDGE_LOOP('',(#3272,#3315));
#3272 = ORIENTED_EDGE('',*,*,#3273,.T.);
#3273 = EDGE_CURVE('',#3004,#2975,#3274,.T.);
#3274 = SURFACE_CURVE('',#3275,(#3279,#3308),.PCURVE_S1.);
#3275 = ( BOUNDED_CURVE() B_SPLINE_CURVE(2,(#3276,#3277,#3278),
.UNSPECIFIED.,.F.,.F.) B_SPLINE_CURVE_WITH_KNOTS((3,3),(-0.368558810686,
-0.156778617402),.PIECEWISE_BEZIER_KNOTS.) CURVE() 
GEOMETRIC_REPRESENTATION_ITEM() RATIONAL_B_SPLINE_CURVE((1.662805796577,
1.92004274854,1.662805796585)) REPRESENTATION_ITEM('') );
#3276 = CARTESIAN_POINT('',(-1.,0.577350269209,1.500000000007));
#3277 = CARTESIAN_POINT('',(-1.,7.402967128201E-12,1.297867494661));
#3278 = CARTESIAN_POINT('',(-1.,-0.577350269189,1.5));
#3279 = PCURVE('',#3020,#3280);
#3280 = DEFINITIONAL_REPRESENTATION('',(#3281),#3307);
#3281 = B_SPLINE_CURVE_WITH_KNOTS('',3,(#3282,#3283,#3284,#3285,#3286,
    #3287,#3288,#3289,#3290,#3291,#3292,#3293,#3294,#3295,#3296,#3297,
    #3298,#3299,#3300,#3301,#3302,#3303,#3304,#3305,#3306),
  .UNSPECIFIED.,.F.,.F.,(4,1,1,1,1,1,1,1,1,1,1,1,1,1,1,1,1,1,1,1,1,1,4),
  (-0.368558810686,-0.358932438264,-0.349306065842,-0.33967969342,
    -0.330053320998,-0.320426948576,-0.310800576154,-0.301174203732,
    -0.29154783131,-0.281921458888,-0.272295086466,-0.262668714044,
    -0.253042341622,-0.2434159692,-0.233789596778,-0.224163224356,
    -0.214536851934,-0.204910479512,-0.19528410709,-0.185657734668,
    -0.176031362246,-0.166404989824,-0.156778617402),
  .QUASI_UNIFORM_KNOTS.);
#3282 = CARTESIAN_POINT('',(5.759586531574,6.672278683341E-12));
#3283 = CARTESIAN_POINT('',(5.774737793126,-7.070699183014E-03));
#3284 = CARTESIAN_POINT('',(5.805225820676,-2.037826757645E-02));
#3285 = CARTESIAN_POINT('',(5.851472607706,-3.79838623277E-02));
#3286 = CARTESIAN_POINT('',(5.898193532142,-5.338856601599E-02));
#3287 = CARTESIAN_POINT('',(5.945343928016,-6.671527411747E-02));
#3288 = CARTESIAN_POINT('',(5.992876703962,-7.80694785736E-02));
#3289 = CARTESIAN_POINT('',(6.040742192356,-8.753823783909E-02));
#3290 = CARTESIAN_POINT('',(6.088888526153,-9.519276252702E-02));
#3291 = CARTESIAN_POINT('',(6.137261920676,-0.101089557847));
#3292 = CARTESIAN_POINT('',(6.185807022299,-0.105271546667));
#3293 = CARTESIAN_POINT('',(6.234467274482,-0.107768843161));
#3294 = CARTESIAN_POINT('',(6.283185307179,-0.108599303127));
#3295 = CARTESIAN_POINT('',(6.331903339876,-0.107768843161));
#3296 = CARTESIAN_POINT('',(6.380563592058,-0.105271546668));
#3297 = CARTESIAN_POINT('',(6.429108693682,-0.101089557848));
#3298 = CARTESIAN_POINT('',(6.477482088205,-9.519276252922E-02));
#3299 = CARTESIAN_POINT('',(6.525628422002,-8.753823784187E-02));
#3300 = CARTESIAN_POINT('',(6.573493910396,-7.806947857698E-02));
#3301 = CARTESIAN_POINT('',(6.621026686343,-6.671527412148E-02));
#3302 = CARTESIAN_POINT('',(6.668177082216,-5.338856602067E-02));
#3303 = CARTESIAN_POINT('',(6.714898006652,-3.798386233306E-02));
#3304 = CARTESIAN_POINT('',(6.761144793682,-2.037826758256E-02));
#3305 = CARTESIAN_POINT('',(6.791632821233,-7.070699189651E-03));
#3306 = CARTESIAN_POINT('',(6.806784082785,-2.385875868946E-13));
#3307 = ( GEOMETRIC_REPRESENTATION_CONTEXT(2) 
PARAMETRIC_REPRESENTATION_CONTEXT() REPRESENTATION_CONTEXT('2D SPACE',''
  ) );
#3308 = PCURVE('',#2696,#3309);
#3309 = DEFINITIONAL_REPRESENTATION('',(#3310),#3314);
#3310 = ( BOUNDED_CURVE() B_SPLINE_CURVE(2,(#3311,#3312,#3313),
.UNSPECIFIED.,.F.,.F.) B_SPLINE_CURVE_WITH_KNOTS((3,3),(-0.368558810686,
-0.156778617402),.PIECEWISE_BEZIER_KNOTS.) CURVE() 
GEOMETRIC_REPRESENTATION_ITEM() RATIONAL_B_SPLINE_CURVE((1.662805796577,
1.92004274854,1.662805796585)) REPRESENTATION_ITEM('') );
#3311 = CARTESIAN_POINT('',(1.250000000007,1.905808844072E-11));
#3312 = CARTESIAN_POINT('',(1.047867494661,-0.577350269182));
#3313 = CARTESIAN_POINT('',(1.25,-1.154700538379));
#3314 = ( GEOMETRIC_REPRESENTATION_CONTEXT(2) 
PARAMETRIC_REPRESENTATION_CONTEXT() REPRESENTATION_CONTEXT('2D SPACE',''
  ) );
#3315 = ORIENTED_EDGE('',*,*,#3003,.F.);
#3316 = ADVANCED_FACE('',(#3317),#2991,.F.);
#3317 = FACE_BOUND('',#3318,.F.);
#3318 = EDGE_LOOP('',(#3319,#3362));
#3319 = ORIENTED_EDGE('',*,*,#3320,.T.);
#3320 = EDGE_CURVE('',#2975,#2946,#3321,.T.);
#3321 = SURFACE_CURVE('',#3322,(#3326,#3355),.PCURVE_S1.);
#3322 = ( BOUNDED_CURVE() B_SPLINE_CURVE(2,(#3323,#3324,#3325),
.UNSPECIFIED.,.F.,.F.) B_SPLINE_CURVE_WITH_KNOTS((3,3),(-0.368558810686,
-0.156778617402),.PIECEWISE_BEZIER_KNOTS.) CURVE() 
GEOMETRIC_REPRESENTATION_ITEM() RATIONAL_B_SPLINE_CURVE((1.662805796577,
1.92004274854,1.662805796585)) REPRESENTATION_ITEM('') );
#3323 = CARTESIAN_POINT('',(-1.000000000016,-0.57735026918,
    1.500000000007));
#3324 = CARTESIAN_POINT('',(-0.500000000006,-0.866025403781,
    1.297867494661));
#3325 = CARTESIAN_POINT('',(-5.919655414085E-13,-1.154700538379,1.5));
#3326 = PCURVE('',#2991,#3327);
#3327 = DEFINITIONAL_REPRESENTATION('',(#3328),#3354);
#3328 = B_SPLINE_CURVE_WITH_KNOTS('',3,(#3329,#3330,#3331,#3332,#3333,
    #3334,#3335,#3336,#3337,#3338,#3339,#3340,#3341,#3342,#3343,#3344,
    #3345,#3346,#3347,#3348,#3349,#3350,#3351,#3352,#3353),
  .UNSPECIFIED.,.F.,.F.,(4,1,1,1,1,1,1,1,1,1,1,1,1,1,1,1,1,1,1,1,1,1,4),
  (-0.368558810686,-0.358932438264,-0.349306065842,-0.33967969342,
    -0.330053320998,-0.320426948576,-0.310800576154,-0.301174203732,
    -0.29154783131,-0.281921458888,-0.272295086466,-0.262668714044,
    -0.253042341622,-0.2434159692,-0.233789596778,-0.224163224356,
    -0.214536851934,-0.204910479512,-0.19528410709,-0.185657734668,
    -0.176031362246,-0.166404989824,-0.156778617402),
  .QUASI_UNIFORM_KNOTS.);
#3329 = CARTESIAN_POINT('',(3.665191429174,6.67040080025E-12));
#3330 = CARTESIAN_POINT('',(3.680342690726,-7.070699183016E-03));
#3331 = CARTESIAN_POINT('',(3.710830718276,-2.037826757646E-02));
#3332 = CARTESIAN_POINT('',(3.757077505306,-3.79838623277E-02));
#3333 = CARTESIAN_POINT('',(3.803798429741,-5.3388566016E-02));
#3334 = CARTESIAN_POINT('',(3.850948825615,-6.671527411747E-02));
#3335 = CARTESIAN_POINT('',(3.898481601562,-7.80694785736E-02));
#3336 = CARTESIAN_POINT('',(3.946347089955,-8.753823783909E-02));
#3337 = CARTESIAN_POINT('',(3.994493423752,-9.519276252702E-02));
#3338 = CARTESIAN_POINT('',(4.042866818276,-0.101089557847));
#3339 = CARTESIAN_POINT('',(4.091411919899,-0.105271546667));
#3340 = CARTESIAN_POINT('',(4.140072172081,-0.107768843161));
#3341 = CARTESIAN_POINT('',(4.188790204778,-0.108599303127));
#3342 = CARTESIAN_POINT('',(4.237508237476,-0.107768843161));
#3343 = CARTESIAN_POINT('',(4.286168489658,-0.105271546668));
#3344 = CARTESIAN_POINT('',(4.334713591281,-0.101089557848));
#3345 = CARTESIAN_POINT('',(4.383086985805,-9.519276252922E-02));
#3346 = CARTESIAN_POINT('',(4.431233319602,-8.753823784187E-02));
#3347 = CARTESIAN_POINT('',(4.479098807995,-7.806947857698E-02));
#3348 = CARTESIAN_POINT('',(4.526631583942,-6.671527412148E-02));
#3349 = CARTESIAN_POINT('',(4.573781979816,-5.338856602067E-02));
#3350 = CARTESIAN_POINT('',(4.620502904252,-3.798386233306E-02));
#3351 = CARTESIAN_POINT('',(4.666749691282,-2.037826758256E-02));
#3352 = CARTESIAN_POINT('',(4.697237718832,-7.070699189651E-03));
#3353 = CARTESIAN_POINT('',(4.712388980384,-2.38691913733E-13));
#3354 = ( GEOMETRIC_REPRESENTATION_CONTEXT(2) 
PARAMETRIC_REPRESENTATION_CONTEXT() REPRESENTATION_CONTEXT('2D SPACE',''
  ) );
#3355 = PCURVE('',#2749,#3356);
#3356 = DEFINITIONAL_REPRESENTATION('',(#3357),#3361);
#3357 = ( BOUNDED_CURVE() B_SPLINE_CURVE(2,(#3358,#3359,#3360),
.UNSPECIFIED.,.F.,.F.) B_SPLINE_CURVE_WITH_KNOTS((3,3),(-0.368558810686,
-0.156778617402),.PIECEWISE_BEZIER_KNOTS.) CURVE() 
GEOMETRIC_REPRESENTATION_ITEM() RATIONAL_B_SPLINE_CURVE((1.662805796577,
1.92004274854,1.662805796585)) REPRESENTATION_ITEM('') );
#3358 = CARTESIAN_POINT('',(-1.905375857092E-11,1.250000000007));
#3359 = CARTESIAN_POINT('',(0.577350269182,1.047867494661));
#3360 = CARTESIAN_POINT('',(1.154700538379,1.25));
#3361 = ( GEOMETRIC_REPRESENTATION_CONTEXT(2) 
PARAMETRIC_REPRESENTATION_CONTEXT() REPRESENTATION_CONTEXT('2D SPACE',''
  ) );
#3362 = ORIENTED_EDGE('',*,*,#2974,.F.);
#3363 = ADVANCED_FACE('',(#3364),#2962,.F.);
#3364 = FACE_BOUND('',#3365,.F.);
#3365 = EDGE_LOOP('',(#3366,#3409));
#3366 = ORIENTED_EDGE('',*,*,#3367,.T.);
#3367 = EDGE_CURVE('',#2946,#1570,#3368,.T.);
#3368 = SURFACE_CURVE('',#3369,(#3373,#3402),.PCURVE_S1.);
#3369 = ( BOUNDED_CURVE() B_SPLINE_CURVE(2,(#3370,#3371,#3372),
.UNSPECIFIED.,.F.,.F.) B_SPLINE_CURVE_WITH_KNOTS((3,3),(-0.368558810686,
-0.156778617402),.PIECEWISE_BEZIER_KNOTS.) CURVE() 
GEOMETRIC_REPRESENTATION_ITEM() RATIONAL_B_SPLINE_CURVE((1.662805796577,
1.92004274854,1.662805796585)) REPRESENTATION_ITEM('') );
#3370 = CARTESIAN_POINT('',(-1.650416087323E-11,-1.154700538389,
    1.500000000007));
#3371 = CARTESIAN_POINT('',(0.499999999994,-0.866025403788,
    1.297867494661));
#3372 = CARTESIAN_POINT('',(0.999999999999,-0.57735026919,1.5));
#3373 = PCURVE('',#2962,#3374);
#3374 = DEFINITIONAL_REPRESENTATION('',(#3375),#3401);
#3375 = B_SPLINE_CURVE_WITH_KNOTS('',3,(#3376,#3377,#3378,#3379,#3380,
    #3381,#3382,#3383,#3384,#3385,#3386,#3387,#3388,#3389,#3390,#3391,
    #3392,#3393,#3394,#3395,#3396,#3397,#3398,#3399,#3400),
  .UNSPECIFIED.,.F.,.F.,(4,1,1,1,1,1,1,1,1,1,1,1,1,1,1,1,1,1,1,1,1,1,4),
  (-0.368558810686,-0.358932438264,-0.349306065842,-0.33967969342,
    -0.330053320998,-0.320426948576,-0.310800576154,-0.301174203732,
    -0.29154783131,-0.281921458888,-0.272295086466,-0.262668714044,
    -0.253042341622,-0.2434159692,-0.233789596778,-0.224163224356,
    -0.214536851934,-0.204910479512,-0.19528410709,-0.185657734668,
    -0.176031362246,-0.166404989824,-0.156778617402),
  .QUASI_UNIFORM_KNOTS.);
#3376 = CARTESIAN_POINT('',(4.71238898037,6.672070029664E-12));
#3377 = CARTESIAN_POINT('',(4.727540241922,-7.070699183014E-03));
#3378 = CARTESIAN_POINT('',(4.758028269472,-2.037826757645E-02));
#3379 = CARTESIAN_POINT('',(4.804275056503,-3.79838623277E-02));
#3380 = CARTESIAN_POINT('',(4.850995980938,-5.3388566016E-02));
#3381 = CARTESIAN_POINT('',(4.898146376812,-6.671527411747E-02));
#3382 = CARTESIAN_POINT('',(4.945679152758,-7.80694785736E-02));
#3383 = CARTESIAN_POINT('',(4.993544641152,-8.753823783909E-02));
#3384 = CARTESIAN_POINT('',(5.041690974949,-9.519276252702E-02));
#3385 = CARTESIAN_POINT('',(5.090064369472,-0.101089557847));
#3386 = CARTESIAN_POINT('',(5.138609471095,-0.105271546667));
#3387 = CARTESIAN_POINT('',(5.187269723278,-0.107768843161));
#3388 = CARTESIAN_POINT('',(5.235987755975,-0.108599303127));
#3389 = CARTESIAN_POINT('',(5.284705788672,-0.107768843161));
#3390 = CARTESIAN_POINT('',(5.333366040855,-0.105271546668));
#3391 = CARTESIAN_POINT('',(5.381911142478,-0.101089557848));
#3392 = CARTESIAN_POINT('',(5.430284537001,-9.519276252922E-02));
#3393 = CARTESIAN_POINT('',(5.478430870798,-8.753823784187E-02));
#3394 = CARTESIAN_POINT('',(5.526296359192,-7.806947857698E-02));
#3395 = CARTESIAN_POINT('',(5.573829135139,-6.671527412148E-02));
#3396 = CARTESIAN_POINT('',(5.620979531013,-5.338856602067E-02));
#3397 = CARTESIAN_POINT('',(5.667700455448,-3.798386233306E-02));
#3398 = CARTESIAN_POINT('',(5.713947242479,-2.037826758256E-02));
#3399 = CARTESIAN_POINT('',(5.744435270029,-7.070699189651E-03));
#3400 = CARTESIAN_POINT('',(5.759586531581,-2.38691913733E-13));
#3401 = ( GEOMETRIC_REPRESENTATION_CONTEXT(2) 
PARAMETRIC_REPRESENTATION_CONTEXT() REPRESENTATION_CONTEXT('2D SPACE',''
  ) );
#3402 = PCURVE('',#2802,#3403);
#3403 = DEFINITIONAL_REPRESENTATION('',(#3404),#3408);
#3404 = ( BOUNDED_CURVE() B_SPLINE_CURVE(2,(#3405,#3406,#3407),
.UNSPECIFIED.,.F.,.F.) B_SPLINE_CURVE_WITH_KNOTS((3,3),(-0.368558810686,
-0.156778617402),.PIECEWISE_BEZIER_KNOTS.) CURVE() 
GEOMETRIC_REPRESENTATION_ITEM() RATIONAL_B_SPLINE_CURVE((1.662805796577,
1.92004274854,1.662805796585)) REPRESENTATION_ITEM('') );
#3405 = CARTESIAN_POINT('',(-1.905808844072E-11,1.250000000007));
#3406 = CARTESIAN_POINT('',(0.577350269182,1.047867494661));
#3407 = CARTESIAN_POINT('',(1.154700538379,1.25));
#3408 = ( GEOMETRIC_REPRESENTATION_CONTEXT(2) 
PARAMETRIC_REPRESENTATION_CONTEXT() REPRESENTATION_CONTEXT('2D SPACE',''
  ) );
#3409 = ORIENTED_EDGE('',*,*,#2945,.F.);
#3410 = ADVANCED_FACE('',(#3411),#2932,.F.);
#3411 = FACE_BOUND('',#3412,.F.);
#3412 = EDGE_LOOP('',(#3413,#3456));
#3413 = ORIENTED_EDGE('',*,*,#3414,.T.);
#3414 = EDGE_CURVE('',#1572,#2916,#3415,.T.);
#3415 = SURFACE_CURVE('',#3416,(#3420,#3449),.PCURVE_S1.);
#3416 = ( BOUNDED_CURVE() B_SPLINE_CURVE(2,(#3417,#3418,#3419),
.UNSPECIFIED.,.F.,.F.) B_SPLINE_CURVE_WITH_KNOTS((3,3),(-0.368558810686,
-0.156778617402),.PIECEWISE_BEZIER_KNOTS.) CURVE() 
GEOMETRIC_REPRESENTATION_ITEM() RATIONAL_B_SPLINE_CURVE((1.662805796577,
1.92004274854,1.662805796585)) REPRESENTATION_ITEM('') );
#3417 = CARTESIAN_POINT('',(1.000000000016,0.57735026918,1.500000000007)
  );
#3418 = CARTESIAN_POINT('',(0.500000000006,0.866025403781,1.297867494661
    ));
#3419 = CARTESIAN_POINT('',(5.928335260733E-13,1.154700538379,1.5));
#3420 = PCURVE('',#2932,#3421);
#3421 = DEFINITIONAL_REPRESENTATION('',(#3422),#3448);
#3422 = B_SPLINE_CURVE_WITH_KNOTS('',3,(#3423,#3424,#3425,#3426,#3427,
    #3428,#3429,#3430,#3431,#3432,#3433,#3434,#3435,#3436,#3437,#3438,
    #3439,#3440,#3441,#3442,#3443,#3444,#3445,#3446,#3447),
  .UNSPECIFIED.,.F.,.F.,(4,1,1,1,1,1,1,1,1,1,1,1,1,1,1,1,1,1,1,1,1,1,4),
  (-0.368558810686,-0.358932438264,-0.349306065842,-0.33967969342,
    -0.330053320998,-0.320426948576,-0.310800576154,-0.301174203732,
    -0.29154783131,-0.281921458888,-0.272295086466,-0.262668714044,
    -0.253042341622,-0.2434159692,-0.233789596778,-0.224163224356,
    -0.214536851934,-0.204910479512,-0.19528410709,-0.185657734668,
    -0.176031362246,-0.166404989824,-0.156778617402),
  .QUASI_UNIFORM_KNOTS.);
#3423 = CARTESIAN_POINT('',(0.523598775584,6.670922434442E-12));
#3424 = CARTESIAN_POINT('',(0.538750037136,-7.070699183015E-03));
#3425 = CARTESIAN_POINT('',(0.569238064686,-2.037826757646E-02));
#3426 = CARTESIAN_POINT('',(0.615484851716,-3.79838623277E-02));
#3427 = CARTESIAN_POINT('',(0.662205776152,-5.3388566016E-02));
#3428 = CARTESIAN_POINT('',(0.709356172025,-6.671527411747E-02));
#3429 = CARTESIAN_POINT('',(0.756888947972,-7.80694785736E-02));
#3430 = CARTESIAN_POINT('',(0.804754436366,-8.753823783909E-02));
#3431 = CARTESIAN_POINT('',(0.852900770163,-9.519276252702E-02));
#3432 = CARTESIAN_POINT('',(0.901274164686,-0.101089557847));
#3433 = CARTESIAN_POINT('',(0.949819266309,-0.105271546667));
#3434 = CARTESIAN_POINT('',(0.998479518492,-0.107768843161));
#3435 = CARTESIAN_POINT('',(1.047197551189,-0.108599303127));
#3436 = CARTESIAN_POINT('',(1.095915583886,-0.107768843161));
#3437 = CARTESIAN_POINT('',(1.144575836068,-0.105271546668));
#3438 = CARTESIAN_POINT('',(1.193120937692,-0.101089557848));
#3439 = CARTESIAN_POINT('',(1.241494332215,-9.519276252922E-02));
#3440 = CARTESIAN_POINT('',(1.289640666012,-8.753823784187E-02));
#3441 = CARTESIAN_POINT('',(1.337506154406,-7.806947857698E-02));
#3442 = CARTESIAN_POINT('',(1.385038930352,-6.671527412148E-02));
#3443 = CARTESIAN_POINT('',(1.432189326226,-5.338856602067E-02));
#3444 = CARTESIAN_POINT('',(1.478910250662,-3.798386233306E-02));
#3445 = CARTESIAN_POINT('',(1.525157037692,-2.037826758256E-02));
#3446 = CARTESIAN_POINT('',(1.555645065242,-7.070699189651E-03));
#3447 = CARTESIAN_POINT('',(1.570796326794,-2.38691913733E-13));
#3448 = ( GEOMETRIC_REPRESENTATION_CONTEXT(2) 
PARAMETRIC_REPRESENTATION_CONTEXT() REPRESENTATION_CONTEXT('2D SPACE',''
  ) );
#3449 = PCURVE('',#2590,#3450);
#3450 = DEFINITIONAL_REPRESENTATION('',(#3451),#3455);
#3451 = ( BOUNDED_CURVE() B_SPLINE_CURVE(2,(#3452,#3453,#3454),
.UNSPECIFIED.,.F.,.F.) B_SPLINE_CURVE_WITH_KNOTS((3,3),(-0.368558810686,
-0.156778617402),.PIECEWISE_BEZIER_KNOTS.) CURVE() 
GEOMETRIC_REPRESENTATION_ITEM() RATIONAL_B_SPLINE_CURVE((1.662805796577,
1.92004274854,1.662805796585)) REPRESENTATION_ITEM('') );
#3452 = CARTESIAN_POINT('',(-1.90527593702E-11,1.250000000007));
#3453 = CARTESIAN_POINT('',(0.577350269182,1.047867494661));
#3454 = CARTESIAN_POINT('',(1.154700538379,1.25));
#3455 = ( GEOMETRIC_REPRESENTATION_CONTEXT(2) 
PARAMETRIC_REPRESENTATION_CONTEXT() REPRESENTATION_CONTEXT('2D SPACE',''
  ) );
#3456 = ORIENTED_EDGE('',*,*,#2915,.F.);
#3457 = ADVANCED_FACE('',(#3458),#1497,.T.);
#3458 = FACE_BOUND('',#3459,.T.);
#3459 = EDGE_LOOP('',(#3460,#3461,#3484));
#3460 = ORIENTED_EDGE('',*,*,#1480,.F.);
#3461 = ORIENTED_EDGE('',*,*,#3462,.T.);
#3462 = EDGE_CURVE('',#1481,#3463,#3465,.T.);
#3463 = VERTEX_POINT('',#3464);
#3464 = CARTESIAN_POINT('',(1.,-0.57735026919,0.25));
#3465 = SURFACE_CURVE('',#3466,(#3470,#3477),.PCURVE_S1.);
#3466 = LINE('',#3467,#3468);
#3467 = CARTESIAN_POINT('',(9.669925475923E-18,-1.154700538379,0.25));
#3468 = VECTOR('',#3469,1.);
#3469 = DIRECTION('',(0.866025403784,0.5,0.));
#3470 = PCURVE('',#1497,#3471);
#3471 = DEFINITIONAL_REPRESENTATION('',(#3472),#3476);
#3472 = LINE('',#3473,#3474);
#3473 = CARTESIAN_POINT('',(1.,-2.886751345948));
#3474 = VECTOR('',#3475,1.);
#3475 = DIRECTION('',(0.866025403784,0.5));
#3476 = ( GEOMETRIC_REPRESENTATION_CONTEXT(2) 
PARAMETRIC_REPRESENTATION_CONTEXT() REPRESENTATION_CONTEXT('2D SPACE',''
  ) );
#3477 = PCURVE('',#2802,#3478);
#3478 = DEFINITIONAL_REPRESENTATION('',(#3479),#3483);
#3479 = LINE('',#3480,#3481);
#3480 = CARTESIAN_POINT('',(0.,0.));
#3481 = VECTOR('',#3482,1.);
#3482 = DIRECTION('',(1.,0.));
#3483 = ( GEOMETRIC_REPRESENTATION_CONTEXT(2) 
PARAMETRIC_REPRESENTATION_CONTEXT() REPRESENTATION_CONTEXT('2D SPACE',''
  ) );
#3484 = ORIENTED_EDGE('',*,*,#3485,.T.);
#3485 = EDGE_CURVE('',#3463,#1452,#3486,.T.);
#3486 = SURFACE_CURVE('',#3487,(#3491,#3498),.PCURVE_S1.);
#3487 = LINE('',#3488,#3489);
#3488 = CARTESIAN_POINT('',(1.,-0.57735026919,0.25));
#3489 = VECTOR('',#3490,1.);
#3490 = DIRECTION('',(0.,1.,0.));
#3491 = PCURVE('',#1497,#3492);
#3492 = DEFINITIONAL_REPRESENTATION('',(#3493),#3497);
#3493 = LINE('',#3494,#3495);
#3494 = CARTESIAN_POINT('',(2.,-2.309401076759));
#3495 = VECTOR('',#3496,1.);
#3496 = DIRECTION('',(0.,1.));
#3497 = ( GEOMETRIC_REPRESENTATION_CONTEXT(2) 
PARAMETRIC_REPRESENTATION_CONTEXT() REPRESENTATION_CONTEXT('2D SPACE',''
  ) );
#3498 = PCURVE('',#1641,#3499);
#3499 = DEFINITIONAL_REPRESENTATION('',(#3500),#3504);
#3500 = LINE('',#3501,#3502);
#3501 = CARTESIAN_POINT('',(0.,0.));
#3502 = VECTOR('',#3503,1.);
#3503 = DIRECTION('',(0.,1.));
#3504 = ( GEOMETRIC_REPRESENTATION_CONTEXT(2) 
PARAMETRIC_REPRESENTATION_CONTEXT() REPRESENTATION_CONTEXT('2D SPACE',''
  ) );
#3505 = ADVANCED_FACE('',(#3506),#2643,.F.);
#3506 = FACE_BOUND('',#3507,.T.);
#3507 = EDGE_LOOP('',(#3508,#3529,#3530,#3551,#3552));
#3508 = ORIENTED_EDGE('',*,*,#3509,.T.);
#3509 = EDGE_CURVE('',#2607,#2916,#3510,.T.);
#3510 = SURFACE_CURVE('',#3511,(#3515,#3522),.PCURVE_S1.);
#3511 = LINE('',#3512,#3513);
#3512 = CARTESIAN_POINT('',(1.202605585611E-16,1.154700538379,0.25));
#3513 = VECTOR('',#3514,1.);
#3514 = DIRECTION('',(0.,0.,1.));
#3515 = PCURVE('',#2643,#3516);
#3516 = DEFINITIONAL_REPRESENTATION('',(#3517),#3521);
#3517 = LINE('',#3518,#3519);
#3518 = CARTESIAN_POINT('',(0.,0.));
#3519 = VECTOR('',#3520,1.);
#3520 = DIRECTION('',(0.,1.));
#3521 = ( GEOMETRIC_REPRESENTATION_CONTEXT(2) 
PARAMETRIC_REPRESENTATION_CONTEXT() REPRESENTATION_CONTEXT('2D SPACE',''
  ) );
#3522 = PCURVE('',#2590,#3523);
#3523 = DEFINITIONAL_REPRESENTATION('',(#3524),#3528);
#3524 = LINE('',#3525,#3526);
#3525 = CARTESIAN_POINT('',(1.154700538379,0.));
#3526 = VECTOR('',#3527,1.);
#3527 = DIRECTION('',(0.,1.));
#3528 = ( GEOMETRIC_REPRESENTATION_CONTEXT(2) 
PARAMETRIC_REPRESENTATION_CONTEXT() REPRESENTATION_CONTEXT('2D SPACE',''
  ) );
#3529 = ORIENTED_EDGE('',*,*,#3226,.T.);
#3530 = ORIENTED_EDGE('',*,*,#3531,.F.);
#3531 = EDGE_CURVE('',#2660,#3004,#3532,.T.);
#3532 = SURFACE_CURVE('',#3533,(#3537,#3544),.PCURVE_S1.);
#3533 = LINE('',#3534,#3535);
#3534 = CARTESIAN_POINT('',(-1.,0.57735026919,0.25));
#3535 = VECTOR('',#3536,1.);
#3536 = DIRECTION('',(0.,0.,1.));
#3537 = PCURVE('',#2643,#3538);
#3538 = DEFINITIONAL_REPRESENTATION('',(#3539),#3543);
#3539 = LINE('',#3540,#3541);
#3540 = CARTESIAN_POINT('',(1.154700538379,0.));
#3541 = VECTOR('',#3542,1.);
#3542 = DIRECTION('',(0.,1.));
#3543 = ( GEOMETRIC_REPRESENTATION_CONTEXT(2) 
PARAMETRIC_REPRESENTATION_CONTEXT() REPRESENTATION_CONTEXT('2D SPACE',''
  ) );
#3544 = PCURVE('',#2696,#3545);
#3545 = DEFINITIONAL_REPRESENTATION('',(#3546),#3550);
#3546 = LINE('',#3547,#3548);
#3547 = CARTESIAN_POINT('',(0.,0.));
#3548 = VECTOR('',#3549,1.);
#3549 = DIRECTION('',(1.,0.));
#3550 = ( GEOMETRIC_REPRESENTATION_CONTEXT(2) 
PARAMETRIC_REPRESENTATION_CONTEXT() REPRESENTATION_CONTEXT('2D SPACE',''
  ) );
#3551 = ORIENTED_EDGE('',*,*,#2659,.F.);
#3552 = ORIENTED_EDGE('',*,*,#2629,.F.);
#3553 = ADVANCED_FACE('',(#3554),#2696,.F.);
#3554 = FACE_BOUND('',#3555,.T.);
#3555 = EDGE_LOOP('',(#3556,#3557,#3558,#3579,#3580));
#3556 = ORIENTED_EDGE('',*,*,#3531,.T.);
#3557 = ORIENTED_EDGE('',*,*,#3273,.T.);
#3558 = ORIENTED_EDGE('',*,*,#3559,.F.);
#3559 = EDGE_CURVE('',#2713,#2975,#3560,.T.);
#3560 = SURFACE_CURVE('',#3561,(#3565,#3572),.PCURVE_S1.);
#3561 = LINE('',#3562,#3563);
#3562 = CARTESIAN_POINT('',(-1.,-0.57735026919,0.25));
#3563 = VECTOR('',#3564,1.);
#3564 = DIRECTION('',(0.,0.,1.));
#3565 = PCURVE('',#2696,#3566);
#3566 = DEFINITIONAL_REPRESENTATION('',(#3567),#3571);
#3567 = LINE('',#3568,#3569);
#3568 = CARTESIAN_POINT('',(0.,-1.154700538379));
#3569 = VECTOR('',#3570,1.);
#3570 = DIRECTION('',(1.,0.));
#3571 = ( GEOMETRIC_REPRESENTATION_CONTEXT(2) 
PARAMETRIC_REPRESENTATION_CONTEXT() REPRESENTATION_CONTEXT('2D SPACE',''
  ) );
#3572 = PCURVE('',#2749,#3573);
#3573 = DEFINITIONAL_REPRESENTATION('',(#3574),#3578);
#3574 = LINE('',#3575,#3576);
#3575 = CARTESIAN_POINT('',(0.,0.));
#3576 = VECTOR('',#3577,1.);
#3577 = DIRECTION('',(0.,1.));
#3578 = ( GEOMETRIC_REPRESENTATION_CONTEXT(2) 
PARAMETRIC_REPRESENTATION_CONTEXT() REPRESENTATION_CONTEXT('2D SPACE',''
  ) );
#3579 = ORIENTED_EDGE('',*,*,#2712,.F.);
#3580 = ORIENTED_EDGE('',*,*,#2682,.F.);
#3581 = ADVANCED_FACE('',(#3582),#2749,.F.);
#3582 = FACE_BOUND('',#3583,.T.);
#3583 = EDGE_LOOP('',(#3584,#3585,#3586,#3607,#3608));
#3584 = ORIENTED_EDGE('',*,*,#3559,.T.);
#3585 = ORIENTED_EDGE('',*,*,#3320,.T.);
#3586 = ORIENTED_EDGE('',*,*,#3587,.F.);
#3587 = EDGE_CURVE('',#2766,#2946,#3588,.T.);
#3588 = SURFACE_CURVE('',#3589,(#3593,#3600),.PCURVE_S1.);
#3589 = LINE('',#3590,#3591);
#3590 = CARTESIAN_POINT('',(9.669925475923E-18,-1.154700538379,0.25));
#3591 = VECTOR('',#3592,1.);
#3592 = DIRECTION('',(0.,0.,1.));
#3593 = PCURVE('',#2749,#3594);
#3594 = DEFINITIONAL_REPRESENTATION('',(#3595),#3599);
#3595 = LINE('',#3596,#3597);
#3596 = CARTESIAN_POINT('',(1.154700538379,0.));
#3597 = VECTOR('',#3598,1.);
#3598 = DIRECTION('',(0.,1.));
#3599 = ( GEOMETRIC_REPRESENTATION_CONTEXT(2) 
PARAMETRIC_REPRESENTATION_CONTEXT() REPRESENTATION_CONTEXT('2D SPACE',''
  ) );
#3600 = PCURVE('',#2802,#3601);
#3601 = DEFINITIONAL_REPRESENTATION('',(#3602),#3606);
#3602 = LINE('',#3603,#3604);
#3603 = CARTESIAN_POINT('',(0.,0.));
#3604 = VECTOR('',#3605,1.);
#3605 = DIRECTION('',(0.,1.));
#3606 = ( GEOMETRIC_REPRESENTATION_CONTEXT(2) 
PARAMETRIC_REPRESENTATION_CONTEXT() REPRESENTATION_CONTEXT('2D SPACE',''
  ) );
#3607 = ORIENTED_EDGE('',*,*,#2765,.F.);
#3608 = ORIENTED_EDGE('',*,*,#2735,.F.);
#3609 = ADVANCED_FACE('',(#3610),#2802,.F.);
#3610 = FACE_BOUND('',#3611,.T.);
#3611 = EDGE_LOOP('',(#3612,#3613,#3614,#3635,#3636));
#3612 = ORIENTED_EDGE('',*,*,#3587,.T.);
#3613 = ORIENTED_EDGE('',*,*,#3367,.T.);
#3614 = ORIENTED_EDGE('',*,*,#3615,.F.);
#3615 = EDGE_CURVE('',#3463,#1570,#3616,.T.);
#3616 = SURFACE_CURVE('',#3617,(#3621,#3628),.PCURVE_S1.);
#3617 = LINE('',#3618,#3619);
#3618 = CARTESIAN_POINT('',(1.,-0.57735026919,0.25));
#3619 = VECTOR('',#3620,1.);
#3620 = DIRECTION('',(0.,0.,1.));
#3621 = PCURVE('',#2802,#3622);
#3622 = DEFINITIONAL_REPRESENTATION('',(#3623),#3627);
#3623 = LINE('',#3624,#3625);
#3624 = CARTESIAN_POINT('',(1.154700538379,0.));
#3625 = VECTOR('',#3626,1.);
#3626 = DIRECTION('',(0.,1.));
#3627 = ( GEOMETRIC_REPRESENTATION_CONTEXT(2) 
PARAMETRIC_REPRESENTATION_CONTEXT() REPRESENTATION_CONTEXT('2D SPACE',''
  ) );
#3628 = PCURVE('',#1641,#3629);
#3629 = DEFINITIONAL_REPRESENTATION('',(#3630),#3634);
#3630 = LINE('',#3631,#3632);
#3631 = CARTESIAN_POINT('',(0.,0.));
#3632 = VECTOR('',#3633,1.);
#3633 = DIRECTION('',(-1.,0.));
#3634 = ( GEOMETRIC_REPRESENTATION_CONTEXT(2) 
PARAMETRIC_REPRESENTATION_CONTEXT() REPRESENTATION_CONTEXT('2D SPACE',''
  ) );
#3635 = ORIENTED_EDGE('',*,*,#3462,.F.);
#3636 = ORIENTED_EDGE('',*,*,#2788,.F.);
#3637 = ADVANCED_FACE('',(#3638),#1641,.F.);
#3638 = FACE_BOUND('',#3639,.T.);
#3639 = EDGE_LOOP('',(#3640,#3641,#3642,#3663,#3664));
#3640 = ORIENTED_EDGE('',*,*,#3615,.T.);
#3641 = ORIENTED_EDGE('',*,*,#1605,.F.);
#3642 = ORIENTED_EDGE('',*,*,#3643,.F.);
#3643 = EDGE_CURVE('',#2554,#1572,#3644,.T.);
#3644 = SURFACE_CURVE('',#3645,(#3649,#3656),.PCURVE_S1.);
#3645 = LINE('',#3646,#3647);
#3646 = CARTESIAN_POINT('',(1.,0.57735026919,0.25));
#3647 = VECTOR('',#3648,1.);
#3648 = DIRECTION('',(0.,0.,1.));
#3649 = PCURVE('',#1641,#3650);
#3650 = DEFINITIONAL_REPRESENTATION('',(#3651),#3655);
#3651 = LINE('',#3652,#3653);
#3652 = CARTESIAN_POINT('',(0.,1.154700538379));
#3653 = VECTOR('',#3654,1.);
#3654 = DIRECTION('',(-1.,0.));
#3655 = ( GEOMETRIC_REPRESENTATION_CONTEXT(2) 
PARAMETRIC_REPRESENTATION_CONTEXT() REPRESENTATION_CONTEXT('2D SPACE',''
  ) );
#3656 = PCURVE('',#2590,#3657);
#3657 = DEFINITIONAL_REPRESENTATION('',(#3658),#3662);
#3658 = LINE('',#3659,#3660);
#3659 = CARTESIAN_POINT('',(0.,0.));
#3660 = VECTOR('',#3661,1.);
#3661 = DIRECTION('',(0.,1.));
#3662 = ( GEOMETRIC_REPRESENTATION_CONTEXT(2) 
PARAMETRIC_REPRESENTATION_CONTEXT() REPRESENTATION_CONTEXT('2D SPACE',''
  ) );
#3663 = ORIENTED_EDGE('',*,*,#2553,.F.);
#3664 = ORIENTED_EDGE('',*,*,#3485,.F.);
#3665 = ADVANCED_FACE('',(#3666),#2590,.F.);
#3666 = FACE_BOUND('',#3667,.T.);
#3667 = EDGE_LOOP('',(#3668,#3669,#3670,#3671,#3672));
#3668 = ORIENTED_EDGE('',*,*,#3643,.T.);
#3669 = ORIENTED_EDGE('',*,*,#3414,.T.);
#3670 = ORIENTED_EDGE('',*,*,#3509,.F.);
#3671 = ORIENTED_EDGE('',*,*,#2606,.F.);
#3672 = ORIENTED_EDGE('',*,*,#2576,.F.);
#3673 = ( GEOMETRIC_REPRESENTATION_CONTEXT(3) 
GLOBAL_UNCERTAINTY_ASSIGNED_CONTEXT((#3677)) 
GLOBAL_UNIT_ASSIGNED_CONTEXT((#3674,#3675,#3676)) REPRESENTATION_CONTEXT
('Context #1','3D Context with UNIT and UNCERTAINTY') );
#3674 = ( LENGTH_UNIT() NAMED_UNIT(*) SI_UNIT(.MILLI.,.METRE.) );
#3675 = ( NAMED_UNIT(*) PLANE_ANGLE_UNIT() SI_UNIT($,.RADIAN.) );
#3676 = ( NAMED_UNIT(*) SI_UNIT($,.STERADIAN.) SOLID_ANGLE_UNIT() );
#3677 = UNCERTAINTY_MEASURE_WITH_UNIT(LENGTH_MEASURE(5.E-04),#3674,
  'distance_accuracy_value','confusion accuracy');
#3678 = CONTEXT_DEPENDENT_SHAPE_REPRESENTATION(#3679,#3681);
#3679 = ( REPRESENTATION_RELATIONSHIP('','',#63,#32) 
REPRESENTATION_RELATIONSHIP_WITH_TRANSFORMATION(#3680) 
SHAPE_REPRESENTATION_RELATIONSHIP() );
#3680 = ITEM_DEFINED_TRANSFORMATION('','',#11,#33);
#3681 = PRODUCT_DEFINITION_SHAPE('Placement','Placement of an item',
  #3682);
#3682 = NEXT_ASSEMBLY_USAGE_OCCURRENCE('13','=>[0:1:1:3]','',#27,#58,$);
#3683 = PRODUCT_RELATED_PRODUCT_CATEGORY('part',$,(#60));
#3684 = CONTEXT_DEPENDENT_SHAPE_REPRESENTATION(#3685,#3687);
#3685 = ( REPRESENTATION_RELATIONSHIP('','',#63,#32) 
REPRESENTATION_RELATIONSHIP_WITH_TRANSFORMATION(#3686) 
SHAPE_REPRESENTATION_RELATIONSHIP() );
#3686 = ITEM_DEFINED_TRANSFORMATION('','',#11,#37);
#3687 = PRODUCT_DEFINITION_SHAPE('Placement','Placement of an item',
  #3688);
#3688 = NEXT_ASSEMBLY_USAGE_OCCURRENCE('14','=>[0:1:1:3]','',#27,#58,$);
#3689 = SHAPE_DEFINITION_REPRESENTATION(#3690,#3696);
#3690 = PRODUCT_DEFINITION_SHAPE('','',#3691);
#3691 = PRODUCT_DEFINITION('design','',#3692,#3695);
#3692 = PRODUCT_DEFINITION_FORMATION('','',#3693);
#3693 = PRODUCT('SOLID','SOLID','',(#3694));
#3694 = PRODUCT_CONTEXT('',#2,'mechanical');
#3695 = PRODUCT_DEFINITION_CONTEXT('part definition',#2,'design');
#3696 = ADVANCED_BREP_SHAPE_REPRESENTATION('',(#11,#3697),#7084);
#3697 = MANIFOLD_SOLID_BREP('',#3698);
#3698 = CLOSED_SHELL('',(#3699,#4823,#5040,#5689,#6078,#6357,#6414,#6589
    ,#6648,#6683,#6733,#6799,#6853,#6907,#6961,#7015,#7065));
#3699 = ADVANCED_FACE('',(#3700),#3714,.T.);
#3700 = FACE_BOUND('',#3701,.T.);
#3701 = EDGE_LOOP('',(#3702,#3794,#4351,#4352));
#3702 = ORIENTED_EDGE('',*,*,#3703,.T.);
#3703 = EDGE_CURVE('',#3704,#3706,#3708,.T.);
#3704 = VERTEX_POINT('',#3705);
#3705 = CARTESIAN_POINT('',(2.1515450623,8.,7.705248460945));
#3706 = VERTEX_POINT('',#3707);
#3707 = CARTESIAN_POINT('',(1.666,8.,7.324605037956));
#3708 = SEAM_CURVE('',#3709,(#3713,#3788),.PCURVE_S1.);
#3709 = LINE('',#3710,#3711);
#3710 = CARTESIAN_POINT('',(2.1515450623,8.,7.705248460945));
#3711 = VECTOR('',#3712,1.);
#3712 = DIRECTION('',(-0.786992107337,1.799496742124E-15,-0.616963064526
    ));
#3713 = PCURVE('',#3714,#3783);
#3714 = B_SPLINE_SURFACE_WITH_KNOTS('',3,3,(
    (#3715,#3716,#3717,#3718,#3719,#3720,#3721,#3722,#3723,#3724,#3725
      ,#3726,#3727,#3728,#3729,#3730,#3731)
    ,(#3732,#3733,#3734,#3735,#3736,#3737,#3738,#3739,#3740,#3741,#3742
      ,#3743,#3744,#3745,#3746,#3747,#3748)
    ,(#3749,#3750,#3751,#3752,#3753,#3754,#3755,#3756,#3757,#3758,#3759
      ,#3760,#3761,#3762,#3763,#3764,#3765)
    ,(#3766,#3767,#3768,#3769,#3770,#3771,#3772,#3773,#3774,#3775,#3776
      ,#3777,#3778,#3779,#3780,#3781,#3782
    )),.UNSPECIFIED.,.F.,.T.,.F.,(4,4),(1,3,1,1,1,1,1,1,1,1,1,1,1,1,1,3,
    1),(-2.937043914339E-03,1.003256248513),(-7.194818444639E-02,0.,
    7.194818444639E-02,0.143896368893,0.215844553339,0.287792737786,
    0.359740922232,0.395715014455,0.431689106678,0.575585475571,
    0.611559567794,0.647533660017,0.719481844464,0.863378213357,
    0.935326397803,1.007274582249,1.079222766696),.UNSPECIFIED.);
#3715 = CARTESIAN_POINT('',(2.152971129471,8.,7.706366427394));
#3716 = CARTESIAN_POINT('',(2.152971129471,7.68644723984,7.706366427394)
  );
#3717 = CARTESIAN_POINT('',(1.995372886083,7.010252962993,7.750849051695
    ));
#3718 = CARTESIAN_POINT('',(1.402451629951,6.252223747484,7.891898996523
    ));
#3719 = CARTESIAN_POINT('',(0.482698285581,5.81367080217,8.006037764237)
  );
#3720 = CARTESIAN_POINT('',(-0.485127038748,5.811666693205,
    8.007225885031));
#3721 = CARTESIAN_POINT('',(-1.260982167687,6.191199344244,
    7.907551300411));
#3722 = CARTESIAN_POINT('',(-1.691027525868,6.63036191692,7.822196148108
    ));
#3723 = CARTESIAN_POINT('',(-2.22454384078,7.475373653184,7.691330783468
    ));
#3724 = CARTESIAN_POINT('',(-2.224484869218,8.522889139249,
    7.694108476236));
#3725 = CARTESIAN_POINT('',(-1.694369719877,9.372153369785,
    7.824471536007));
#3726 = CARTESIAN_POINT('',(-1.260875001459,9.80981084675,7.908775799578
    ));
#3727 = CARTESIAN_POINT('',(-0.196808895608,10.350840294713,
    8.056366954655));
#3728 = CARTESIAN_POINT('',(1.200622665021,10.004217093275,
    7.943087033885));
#3729 = CARTESIAN_POINT('',(2.000934605214,8.98674427569,7.748592650953)
  );
#3730 = CARTESIAN_POINT('',(2.152971129471,8.31355276016,7.706366427394)
  );
#3731 = CARTESIAN_POINT('',(2.152971129471,8.,7.706366427394));
#3732 = CARTESIAN_POINT('',(1.990120401185,8.,7.578699474388));
#3733 = CARTESIAN_POINT('',(1.990120401185,7.70597720222,7.578699474388)
  );
#3734 = CARTESIAN_POINT('',(1.838406006767,7.072248719941,7.617757839825
    ));
#3735 = CARTESIAN_POINT('',(1.278488142616,6.375716292007,7.7403057562)
  );
#3736 = CARTESIAN_POINT('',(0.435728122303,5.983265062484,7.837673040649
    ));
#3737 = CARTESIAN_POINT('',(-0.438116050728,5.98149235805,7.838702591155
    ));
#3738 = CARTESIAN_POINT('',(-1.149637455227,6.321450163583,
    7.753524968824));
#3739 = CARTESIAN_POINT('',(-1.551371292396,6.72321431457,7.679719314005
    ));
#3740 = CARTESIAN_POINT('',(-2.057425728352,7.504438940171,
    7.565651589969));
#3741 = CARTESIAN_POINT('',(-2.056317758757,8.493868399432,
    7.568190671174));
#3742 = CARTESIAN_POINT('',(-1.554064906529,9.278906106017,
    7.681731252689));
#3743 = CARTESIAN_POINT('',(-1.148705199438,9.679623051811,
    7.754689245648));
#3744 = CARTESIAN_POINT('',(-0.175981112273,10.162028145918,
    7.880453202113));
#3745 = CARTESIAN_POINT('',(1.086590431883,9.858748112704,7.784579383047
    ));
#3746 = CARTESIAN_POINT('',(1.84425082358,8.925622759279,7.615914682877)
  );
#3747 = CARTESIAN_POINT('',(1.990120401185,8.29402279778,7.578699474388)
  );
#3748 = CARTESIAN_POINT('',(1.990120401185,8.,7.578699474388));
#3749 = CARTESIAN_POINT('',(1.827269672899,8.,7.451032521382));
#3750 = CARTESIAN_POINT('',(1.827269672899,7.725507164599,7.451032521382
    ));
#3751 = CARTESIAN_POINT('',(1.68143912745,7.134244476888,7.484666627956)
  );
#3752 = CARTESIAN_POINT('',(1.154524655282,6.499208836529,7.588712515877
    ));
#3753 = CARTESIAN_POINT('',(0.388757959025,6.152859322797,7.669308317062
    ));
#3754 = CARTESIAN_POINT('',(-0.391105062708,6.151318022895,
    7.670179297279));
#3755 = CARTESIAN_POINT('',(-1.038292742767,6.451700982922,
    7.599498637238));
#3756 = CARTESIAN_POINT('',(-1.411715058923,6.81606671222,7.537242479902
    ));
#3757 = CARTESIAN_POINT('',(-1.890307615923,7.533504227158,7.43997239647
    ));
#3758 = CARTESIAN_POINT('',(-1.888150648296,8.464847659615,
    7.442272866111));
#3759 = CARTESIAN_POINT('',(-1.413760093181,9.18565884225,7.538990969372
    ));
#3760 = CARTESIAN_POINT('',(-1.036535397417,9.549435256872,
    7.600602691717));
#3761 = CARTESIAN_POINT('',(-0.155153328938,9.973215997123,7.70453944957
    ));
#3762 = CARTESIAN_POINT('',(0.972558198744,9.713279132133,7.626071732209
    ));
#3763 = CARTESIAN_POINT('',(1.687567041946,8.864501242868,7.4832367148)
  );
#3764 = CARTESIAN_POINT('',(1.827269672899,8.274492835401,7.451032521382
    ));
#3765 = CARTESIAN_POINT('',(1.827269672899,8.,7.451032521382));
#3766 = CARTESIAN_POINT('',(1.664418944613,8.,7.323365568375));
#3767 = CARTESIAN_POINT('',(1.664418944613,7.745037126979,7.323365568375
    ));
#3768 = CARTESIAN_POINT('',(1.524472248134,7.196240233835,7.351575416087
    ));
#3769 = CARTESIAN_POINT('',(1.030561167947,6.622701381051,7.437119275554
    ));
#3770 = CARTESIAN_POINT('',(0.341787795747,6.32245358311,7.500943593475)
  );
#3771 = CARTESIAN_POINT('',(-0.344094074687,6.321143687739,
    7.501656003403));
#3772 = CARTESIAN_POINT('',(-0.926948030307,6.581951802261,
    7.445472305652));
#3773 = CARTESIAN_POINT('',(-1.27205882545,6.90891910987,7.394765645798)
  );
#3774 = CARTESIAN_POINT('',(-1.723189503494,7.562569514145,
    7.314293202971));
#3775 = CARTESIAN_POINT('',(-1.719983537835,8.435826919799,
    7.316355061049));
#3776 = CARTESIAN_POINT('',(-1.273455279833,9.092411578482,
    7.396250686055));
#3777 = CARTESIAN_POINT('',(-0.924365595396,9.419247461934,
    7.446516137787));
#3778 = CARTESIAN_POINT('',(-0.134325545603,9.784403848328,
    7.528625697028));
#3779 = CARTESIAN_POINT('',(0.858525965606,9.567810151561,7.467564081371
    ));
#3780 = CARTESIAN_POINT('',(1.530883260312,8.803379726457,7.350558746723
    ));
#3781 = CARTESIAN_POINT('',(1.664418944613,8.254962873021,7.323365568375
    ));
#3782 = CARTESIAN_POINT('',(1.664418944613,8.,7.323365568375));
#3783 = DEFINITIONAL_REPRESENTATION('',(#3784),#3787);
#3784 = B_SPLINE_CURVE_WITH_KNOTS('',1,(#3785,#3786),.UNSPECIFIED.,.F.,
  .F.,(2,2),(0.,0.616963064526),.PIECEWISE_BEZIER_KNOTS.);
#3785 = CARTESIAN_POINT('',(9.620884586345E-16,0.));
#3786 = CARTESIAN_POINT('',(1.,0.));
#3787 = ( GEOMETRIC_REPRESENTATION_CONTEXT(2) 
PARAMETRIC_REPRESENTATION_CONTEXT() REPRESENTATION_CONTEXT('2D SPACE',''
  ) );
#3788 = PCURVE('',#3714,#3789);
#3789 = DEFINITIONAL_REPRESENTATION('',(#3790),#3793);
#3790 = B_SPLINE_CURVE_WITH_KNOTS('',1,(#3791,#3792),.UNSPECIFIED.,.F.,
  .F.,(2,2),(0.,0.616963064526),.PIECEWISE_BEZIER_KNOTS.);
#3791 = CARTESIAN_POINT('',(9.620884586345E-16,1.007274582249));
#3792 = CARTESIAN_POINT('',(1.,1.007274582249));
#3793 = ( GEOMETRIC_REPRESENTATION_CONTEXT(2) 
PARAMETRIC_REPRESENTATION_CONTEXT() REPRESENTATION_CONTEXT('2D SPACE',''
  ) );
#3794 = ORIENTED_EDGE('',*,*,#3795,.T.);
#3795 = EDGE_CURVE('',#3706,#3706,#3796,.T.);
#3796 = SURFACE_CURVE('',#3797,(#4024,#4031),.PCURVE_S1.);
#3797 = B_SPLINE_CURVE_WITH_KNOTS('',3,(#3798,#3799,#3800,#3801,#3802,
    #3803,#3804,#3805,#3806,#3807,#3808,#3809,#3810,#3811,#3812,#3813,
    #3814,#3815,#3816,#3817,#3818,#3819,#3820,#3821,#3822,#3823,#3824,
    #3825,#3826,#3827,#3828,#3829,#3830,#3831,#3832,#3833,#3834,#3835,
    #3836,#3837,#3838,#3839,#3840,#3841,#3842,#3843,#3844,#3845,#3846,
    #3847,#3848,#3849,#3850,#3851,#3852,#3853,#3854,#3855,#3856,#3857,
    #3858,#3859,#3860,#3861,#3862,#3863,#3864,#3865,#3866,#3867,#3868,
    #3869,#3870,#3871,#3872,#3873,#3874,#3875,#3876,#3877,#3878,#3879,
    #3880,#3881,#3882,#3883,#3884,#3885,#3886,#3887,#3888,#3889,#3890,
    #3891,#3892,#3893,#3894,#3895,#3896,#3897,#3898,#3899,#3900,#3901,
    #3902,#3903,#3904,#3905,#3906,#3907,#3908,#3909,#3910,#3911,#3912,
    #3913,#3914,#3915,#3916,#3917,#3918,#3919,#3920,#3921,#3922,#3923,
    #3924,#3925,#3926,#3927,#3928,#3929,#3930,#3931,#3932,#3933,#3934,
    #3935,#3936,#3937,#3938,#3939,#3940,#3941,#3942,#3943,#3944,#3945,
    #3946,#3947,#3948,#3949,#3950,#3951,#3952,#3953,#3954,#3955,#3956,
    #3957,#3958,#3959,#3960,#3961,#3962,#3963,#3964,#3965,#3966,#3967,
    #3968,#3969,#3970,#3971,#3972,#3973,#3974,#3975,#3976,#3977,#3978,
    #3979,#3980,#3981,#3982,#3983,#3984,#3985,#3986,#3987,#3988,#3989,
    #3990,#3991,#3992,#3993,#3994,#3995,#3996,#3997,#3998,#3999,#4000,
    #4001,#4002,#4003,#4004,#4005,#4006,#4007,#4008,#4009,#4010,#4011,
    #4012,#4013,#4014,#4015,#4016,#4017,#4018,#4019,#4020,#4021,#4022,
    #4023),.UNSPECIFIED.,.T.,.F.,(1,3,3,3,3,3,3,3,3,3,3,3,3,3,3,3,3,3,3,
    3,3,3,3,3,3,3,3,3,3,3,3,3,3,3,3,3,3,3,3,3,3,3,3,3,3,3,3,3,3,3,3,3,3,
    3,3,3,3,3,3,3,3,3,3,3,3,3,3,3,3,3,3,3,3,3,3,3,3,1),(
    -3.42869723664E-03,0.,1.136577580396E-02,2.266165908272E-02,
    3.391442616688E-02,4.515290745612E-02,5.639873340491E-02,
    6.769264605914E-02,7.194818444639E-02,8.715067892203E-02,
    0.103093837019,0.11939896206,0.136084656659,0.143896368893,
    0.158450087632,0.173031394072,0.187630104078,0.202292778502,
    0.215844553339,0.22973978953,0.244253026594,0.258338963695,
    0.273065850741,0.286821813033,0.287792737786,0.300583221106,
    0.313317996388,0.326021458293,0.338720784012,0.351454850101,
    0.359740922232,0.370183789135,0.380596287061,0.390857744071,
    0.395715014455,0.406094314405,0.416406156243,0.426675065585,
    0.431689106678,0.44967615279,0.467482337166,0.485283359768,
    0.503079892594,0.521206288338,0.538997651556,0.557291563563,
    0.575585475571,0.586040440581,0.596521399988,0.60709431707,
    0.611559567794,0.622394611653,0.633353560516,0.644395135748,
    0.647533660017,0.662918452627,0.678295869578,0.69366949643,
    0.709062314651,0.719481844464,0.745618019301,0.776230575519,
    0.804257493534,0.829410176427,0.851962876773,0.863378213357,
    0.883012235131,0.901715458009,0.919187215785,0.935326397803,
    0.946753264491,0.958142252727,0.969515999442,0.98091296112,
    0.992339114955,1.003845885013,1.007274582249,1.018640358053),
  .UNSPECIFIED.);
#3798 = CARTESIAN_POINT('',(1.666,8.,7.324605037956));
#3799 = CARTESIAN_POINT('',(1.666,7.95969313294,7.324605037956));
#3800 = CARTESIAN_POINT('',(1.664533111975,7.918838605234,7.324957684166
    ));
#3801 = CARTESIAN_POINT('',(1.661504865902,7.877698812011,7.325635737484
    ));
#3802 = CARTESIAN_POINT('',(1.658495241679,7.836812003194,7.326309621192
    ));
#3803 = CARTESIAN_POINT('',(1.653943250233,7.795643985639,7.327304922206
    ));
#3804 = CARTESIAN_POINT('',(1.647806675405,7.754461488785,7.328594900851
    ));
#3805 = CARTESIAN_POINT('',(1.641693523779,7.713436184822,7.32987995567)
  );
#3806 = CARTESIAN_POINT('',(1.634007826845,7.672397093833,7.331457442854
    ));
#3807 = CARTESIAN_POINT('',(1.624759575337,7.631608465964,7.333300927755
    ));
#3808 = CARTESIAN_POINT('',(1.61552306482,7.590871620734,7.335142072285)
  );
#3809 = CARTESIAN_POINT('',(1.604728043002,7.55038518435,7.337248539575)
  );
#3810 = CARTESIAN_POINT('',(1.592435864036,7.510404229051,7.339593995526
    ));
#3811 = CARTESIAN_POINT('',(1.58013565179,7.470397145087,7.341940984298)
  );
#3812 = CARTESIAN_POINT('',(1.566336518328,7.430896758678,7.344527274206
    ));
#3813 = CARTESIAN_POINT('',(1.551149418025,7.392141889122,7.34732647949)
  );
#3814 = CARTESIAN_POINT('',(1.535897378284,7.353221305282,7.350137654064
    ));
#3815 = CARTESIAN_POINT('',(1.5192457664,7.315053142505,7.353163568742)
  );
#3816 = CARTESIAN_POINT('',(1.501353250283,7.277854295958,7.356377497841
    ));
#3817 = CARTESIAN_POINT('',(1.494611362727,7.263837796603,7.357588504078
    ));
#3818 = CARTESIAN_POINT('',(1.487693739184,7.249958626183,7.358826204171
    ));
#3819 = CARTESIAN_POINT('',(1.48061041299,7.236227255694,7.360089168376)
  );
#3820 = CARTESIAN_POINT('',(1.455305923279,7.187173278263,7.364600984412
    ));
#3821 = CARTESIAN_POINT('',(1.427894555875,7.140011182996,7.369435222474
    ));
#3822 = CARTESIAN_POINT('',(1.39859466636,7.094743705225,7.374489579566)
  );
#3823 = CARTESIAN_POINT('',(1.367867289908,7.047270801623,7.379790184301
    ));
#3824 = CARTESIAN_POINT('',(1.335062894561,7.001880699366,7.385332878889
    ));
#3825 = CARTESIAN_POINT('',(1.30037601144,6.958569143499,7.39099966745)
  );
#3826 = CARTESIAN_POINT('',(1.264901611503,6.914274259773,7.396795112463
    ));
#3827 = CARTESIAN_POINT('',(1.227457863133,6.872152389295,7.402720350171
    ));
#3828 = CARTESIAN_POINT('',(1.18819779473,6.832206353588,7.408649164059)
  );
#3829 = CARTESIAN_POINT('',(1.148021377212,6.791327957957,7.414716359351
    ));
#3830 = CARTESIAN_POINT('',(1.105942264253,6.752727165468,7.42078729971)
  );
#3831 = CARTESIAN_POINT('',(1.062075180417,6.716429857334,7.426726722872
    ));
#3832 = CARTESIAN_POINT('',(1.041538005088,6.699436610555,7.429507372146
    ));
#3833 = CARTESIAN_POINT('',(1.0206083031,6.682948660225,7.432259195284)
  );
#3834 = CARTESIAN_POINT('',(0.999294892239,6.666971223737,7.434968312508
    ));
#3835 = CARTESIAN_POINT('',(0.959586646752,6.637204239257,7.440015570898
    ));
#3836 = CARTESIAN_POINT('',(0.918524575494,6.609199100738,7.444914596766
    ));
#3837 = CARTESIAN_POINT('',(0.876355177576,6.583116941051,7.449608091411
    ));
#3838 = CARTESIAN_POINT('',(0.834105844299,6.556985340611,7.454310482939
    ));
#3839 = CARTESIAN_POINT('',(0.790745527012,6.53278431423,7.458806563306)
  );
#3840 = CARTESIAN_POINT('',(0.746546773928,6.510629692005,7.463038707353
    ));
#3841 = CARTESIAN_POINT('',(0.702295267279,6.488448627059,7.467275902689
    ));
#3842 = CARTESIAN_POINT('',(0.657203915698,6.468319031497,7.471248531285
    ));
#3843 = CARTESIAN_POINT('',(0.611562342696,6.450307288203,7.474898761399
    ));
#3844 = CARTESIAN_POINT('',(0.565720790608,6.432216626245,7.478564985038
    ));
#3845 = CARTESIAN_POINT('',(0.519324798565,6.416262498081,7.481905978821
    ));
#3846 = CARTESIAN_POINT('',(0.472674938888,6.402459890285,7.484863147498
    ));
#3847 = CARTESIAN_POINT('',(0.429559448753,6.389703020182,7.487596269908
    ));
#3848 = CARTESIAN_POINT('',(0.386227543036,6.37878340504,7.490001524078)
  );
#3849 = CARTESIAN_POINT('',(0.342915093795,6.369673272486,7.492032649398
    ));
#3850 = CARTESIAN_POINT('',(0.298504917308,6.360332249255,7.494115252332
    ));
#3851 = CARTESIAN_POINT('',(0.254155700414,6.352894554288,7.49580452197)
  );
#3852 = CARTESIAN_POINT('',(0.209840782217,6.347268065862,7.497094419349
    ));
#3853 = CARTESIAN_POINT('',(0.163554925365,6.341391335216,7.498441685865
    ));
#3854 = CARTESIAN_POINT('',(0.117305719878,6.33749002237,7.499353265375)
  );
#3855 = CARTESIAN_POINT('',(7.104386996957E-02,6.335515464614,
    7.499822276787));
#3856 = CARTESIAN_POINT('',(2.614406538848E-02,6.333599041955,
    7.500277479526));
#3857 = CARTESIAN_POINT('',(-1.876851181108E-02,6.333497826897,
    7.500315790787));
#3858 = CARTESIAN_POINT('',(-6.374388719721E-02,6.335219919375,
    7.499930919541));
#3859 = CARTESIAN_POINT('',(-0.110765769259,6.337020371928,
    7.499528535566));
#3860 = CARTESIAN_POINT('',(-0.157857300366,6.340813417487,
    7.498663580882));
#3861 = CARTESIAN_POINT('',(-0.205066997316,6.346668960368,
    7.497328866009));
#3862 = CARTESIAN_POINT('',(-0.249164219566,6.352138454825,
    7.496082147173));
#3863 = CARTESIAN_POINT('',(-0.29336515433,6.359408091003,7.494425567664
    ));
#3864 = CARTESIAN_POINT('',(-0.337690594314,6.368583111982,
    7.492353268293));
#3865 = CARTESIAN_POINT('',(-0.340819177102,6.369230704261,
    7.492207001044));
#3866 = CARTESIAN_POINT('',(-0.343948369743,6.369887807829,
    7.492058662748));
#3867 = CARTESIAN_POINT('',(-0.347078174529,6.370554468304,
    7.491908251346));
#3868 = CARTESIAN_POINT('',(-0.388308677508,6.379336724249,
    7.489926805786));
#3869 = CARTESIAN_POINT('',(-0.429642604593,6.389781206766,
    7.487585590555));
#3870 = CARTESIAN_POINT('',(-0.47080424551,6.401907586399,7.484937777566
    ));
#3871 = CARTESIAN_POINT('',(-0.511786609835,6.41398115045,7.482301496936
    ));
#3872 = CARTESIAN_POINT('',(-0.552597594686,6.427721982127,
    7.479361283462));
#3873 = CARTESIAN_POINT('',(-0.59296893652,6.443097999127,7.476169617318
    ));
#3874 = CARTESIAN_POINT('',(-0.633241009774,6.458436208234,7.47298579912
    ));
#3875 = CARTESIAN_POINT('',(-0.673075018862,6.475401442677,7.46955176332
    ));
#3876 = CARTESIAN_POINT('',(-0.712217310128,6.493911522136,
    7.465919603915));
#3877 = CARTESIAN_POINT('',(-0.751346856852,6.512415574802,
    7.462288627124));
#3878 = CARTESIAN_POINT('',(-0.789784588164,6.532463228863,
    7.458459655723));
#3879 = CARTESIAN_POINT('',(-0.82729823276,6.55392474813,7.454484732841)
  );
#3880 = CARTESIAN_POINT('',(-0.864914499959,6.575444977687,
    7.450498936132));
#3881 = CARTESIAN_POINT('',(-0.901601117386,6.598386485769,
    7.446366388318));
#3882 = CARTESIAN_POINT('',(-0.937153081966,6.62257482927,7.442139560808
    ));
#3883 = CARTESIAN_POINT('',(-0.960286788112,6.638314213501,7.43938915906
    ));
#3884 = CARTESIAN_POINT('',(-0.982940689335,6.654580637448,
    7.436598838151));
#3885 = CARTESIAN_POINT('',(-1.005066322338,6.67131731113,7.433783054729
    ));
#3886 = CARTESIAN_POINT('',(-1.032951071219,6.692410399979,
    7.430234346602));
#3887 = CARTESIAN_POINT('',(-1.060023944338,6.714263992883,
    7.426645195477));
#3888 = CARTESIAN_POINT('',(-1.086415410021,6.736964942344,
    7.423018357176));
#3889 = CARTESIAN_POINT('',(-1.112730126493,6.75959987501,7.41940206611)
  );
#3890 = CARTESIAN_POINT('',(-1.138367815328,6.783077621787,
    7.415748306746));
#3891 = CARTESIAN_POINT('',(-1.163423512104,6.807522859135,
    7.412059810933));
#3892 = CARTESIAN_POINT('',(-1.188115757626,6.831613500392,
    7.408424819457));
#3893 = CARTESIAN_POINT('',(-1.212243140519,6.856644171653,
    7.404756091979));
#3894 = CARTESIAN_POINT('',(-1.23585753893,6.882765851099,7.401056243182
    ));
#3895 = CARTESIAN_POINT('',(-1.247035436761,6.895130572781,
    7.399304916253));
#3896 = CARTESIAN_POINT('',(-1.258097790211,6.907740172382,
    7.397546616247));
#3897 = CARTESIAN_POINT('',(-1.269046595752,6.920612795235,
    7.395781620476));
#3898 = CARTESIAN_POINT('',(-1.292442644933,6.948119769967,
    7.392010074099));
#3899 = CARTESIAN_POINT('',(-1.315298331698,6.976810011931,
    7.388207953755));
#3900 = CARTESIAN_POINT('',(-1.337381764049,7.006538366524,
    7.384450289738));
#3901 = CARTESIAN_POINT('',(-1.359321669704,7.036073507831,7.38071704788
    ));
#3902 = CARTESIAN_POINT('',(-1.380498879697,7.066632999123,
    7.377027686358));
#3903 = CARTESIAN_POINT('',(-1.400720636131,7.098036752679,
    7.373455782022));
#3904 = CARTESIAN_POINT('',(-1.420858200962,7.129309759318,
    7.369898749013));
#3905 = CARTESIAN_POINT('',(-1.440047891401,7.161419604544,
    7.366458197178));
#3906 = CARTESIAN_POINT('',(-1.458139872017,7.1941562722,7.363206788196)
  );
#3907 = CARTESIAN_POINT('',(-1.466973715149,7.210140734757,
    7.361619209836));
#3908 = CARTESIAN_POINT('',(-1.475546500856,7.226274189016,
    7.360076725302));
#3909 = CARTESIAN_POINT('',(-1.483844669288,7.242529870276,
    7.358587793146));
#3910 = CARTESIAN_POINT('',(-1.513612981006,7.300844447871,
    7.353246494411));
#3911 = CARTESIAN_POINT('',(-1.539944677984,7.360925743859,
    7.348594359837));
#3912 = CARTESIAN_POINT('',(-1.562653176455,7.422357333539,7.34462648846
    ));
#3913 = CARTESIAN_POINT('',(-1.585133338464,7.483171221798,
    7.340698514468));
#3914 = CARTESIAN_POINT('',(-1.604062726593,7.545307965175,
    7.337441112172));
#3915 = CARTESIAN_POINT('',(-1.619309139943,7.608344654962,
    7.334849526963));
#3916 = CARTESIAN_POINT('',(-1.634551133562,7.671363071259,
    7.332258693021));
#3917 = CARTESIAN_POINT('',(-1.646112184069,7.735280513465,7.3303332902)
  );
#3918 = CARTESIAN_POINT('',(-1.653910665549,7.799661510481,
    7.329068568027));
#3919 = CARTESIAN_POINT('',(-1.661707180096,7.864026269316,
    7.327804164842));
#3920 = CARTESIAN_POINT('',(-1.665742968122,7.928853940953,
    7.327200109073));
#3921 = CARTESIAN_POINT('',(-1.665988097699,7.993702514399,
    7.327251653842));
#3922 = CARTESIAN_POINT('',(-1.66623777081,8.059753071392,7.327304154004
    ));
#3923 = CARTESIAN_POINT('',(-1.662554784601,8.125824874882,
    7.328036783358));
#3924 = CARTESIAN_POINT('',(-1.654963092893,8.191450153204,
    7.329444526148));
#3925 = CARTESIAN_POINT('',(-1.647511719409,8.255862470984,
    7.330826249445));
#3926 = CARTESIAN_POINT('',(-1.636295002233,8.319844213431,
    7.332858360395));
#3927 = CARTESIAN_POINT('',(-1.621387882953,8.382958657055,
    7.335536116254));
#3928 = CARTESIAN_POINT('',(-1.606059685497,8.447855880723,
    7.338289510104));
#3929 = CARTESIAN_POINT('',(-1.586829501485,8.511835614293,
    7.341725538795));
#3930 = CARTESIAN_POINT('',(-1.563834804571,8.574435987741,
    7.345839046221));
#3931 = CARTESIAN_POINT('',(-1.540840107657,8.637036361189,
    7.349952553648));
#3932 = CARTESIAN_POINT('',(-1.514081058066,8.698256928362,
    7.354743539811));
#3933 = CARTESIAN_POINT('',(-1.483749936355,8.757655677974,
    7.360206848603));
#3934 = CARTESIAN_POINT('',(-1.466415709752,8.791602044861,
    7.363329127876));
#3935 = CARTESIAN_POINT('',(-1.447892826543,8.824990316396,
    7.366670995715));
#3936 = CARTESIAN_POINT('',(-1.428313743744,8.857598886096,7.37015943824
    ));
#3937 = CARTESIAN_POINT('',(-1.408685981063,8.890288531163,
    7.373656554153));
#3938 = CARTESIAN_POINT('',(-1.387997093988,8.922194145312,
    7.377300974521));
#3939 = CARTESIAN_POINT('',(-1.36642364301,8.953122462133,7.381019139499
    ));
#3940 = CARTESIAN_POINT('',(-1.34466091123,8.984322137329,7.384769926854
    ));
#3941 = CARTESIAN_POINT('',(-1.321998433402,9.014526900391,
    7.388595758535));
#3942 = CARTESIAN_POINT('',(-1.298655718859,9.043575260283,
    7.392421121464));
#3943 = CARTESIAN_POINT('',(-1.288797410862,9.055843228436,
    7.394036683609));
#3944 = CARTESIAN_POINT('',(-1.278818202532,9.067905420125,
    7.395652162145));
#3945 = CARTESIAN_POINT('',(-1.26873635781,9.079751848515,7.39726186887)
  );
#3946 = CARTESIAN_POINT('',(-1.244272506509,9.108497506733,
    7.401167862965));
#3947 = CARTESIAN_POINT('',(-1.219215422086,9.135967645087,
    7.405039872484));
#3948 = CARTESIAN_POINT('',(-1.19355544684,9.162317252439,7.408880540364
    ));
#3949 = CARTESIAN_POINT('',(-1.167602034908,9.188968182821,
    7.412765128507));
#3950 = CARTESIAN_POINT('',(-1.141031421032,9.21447323701,7.416617654092
    ));
#3951 = CARTESIAN_POINT('',(-1.113788650693,9.238963615926,
    7.420440851766));
#3952 = CARTESIAN_POINT('',(-1.086340480073,9.263638643123,
    7.424292874918));
#3953 = CARTESIAN_POINT('',(-1.058209529835,9.287284051307,7.42811512625
    ));
#3954 = CARTESIAN_POINT('',(-1.0293010082,9.309998257448,7.43191040273)
  );
#3955 = CARTESIAN_POINT('',(-1.021083874789,9.316454681079,
    7.432989195121));
#3956 = CARTESIAN_POINT('',(-1.01280370259,9.32283562605,7.434065808057)
  );
#3957 = CARTESIAN_POINT('',(-1.004457828415,9.329142757922,
    7.435140305772));
#3958 = CARTESIAN_POINT('',(-0.963547026937,9.360059809206,
    7.440407406831));
#3959 = CARTESIAN_POINT('',(-0.921061645626,9.389193809704,
    7.445623681656));
#3960 = CARTESIAN_POINT('',(-0.877231811352,9.416340477834,
    7.450673454956));
#3961 = CARTESIAN_POINT('',(-0.833422989639,9.443474131519,
    7.455720807333));
#3962 = CARTESIAN_POINT('',(-0.78827148779,9.46862198022,7.460601817794)
  );
#3963 = CARTESIAN_POINT('',(-0.742038589895,9.491621510674,
    7.465200977337));
#3964 = CARTESIAN_POINT('',(-0.695817087104,9.514615372394,
    7.469799003318));
#3965 = CARTESIAN_POINT('',(-0.648515269574,9.535461695309,
    7.474115317301));
#3966 = CARTESIAN_POINT('',(-0.60041794891,9.55404449313,7.478034495674)
  );
#3967 = CARTESIAN_POINT('',(-0.552260586887,9.572650488427,
    7.481958566478));
#3968 = CARTESIAN_POINT('',(-0.503306323641,9.588987122937,7.48548450954
    ));
#3969 = CARTESIAN_POINT('',(-0.453856267392,9.60298798765,7.488496468448
    ));
#3970 = CARTESIAN_POINT('',(-0.420383102965,9.612465292272,
    7.490535289097));
#3971 = CARTESIAN_POINT('',(-0.386683074778,9.620873386488,
    7.492338599561));
#3972 = CARTESIAN_POINT('',(-0.352851415301,9.628205109536,
    7.493870465473));
#3973 = CARTESIAN_POINT('',(-0.267988644811,9.646595881374,
    7.497712972383));
#3974 = CARTESIAN_POINT('',(-0.182131002628,9.658253866132,
    7.499847553721));
#3975 = CARTESIAN_POINT('',(-9.612589096566E-02,9.663224522753,
    7.500472520472));
#3976 = CARTESIAN_POINT('',(4.609443575294E-03,9.669046511096,
    7.501204526205));
#3977 = CARTESIAN_POINT('',(0.10554888471,9.665693976595,7.499865526583)
  );
#3978 = CARTESIAN_POINT('',(0.205384610469,9.65329161426,7.496774175684)
  );
#3979 = CARTESIAN_POINT('',(0.296787879141,9.641936796653,7.493943930553
    ));
#3980 = CARTESIAN_POINT('',(0.387268895346,9.622996557025,7.489644851599
    ));
#3981 = CARTESIAN_POINT('',(0.475826595323,9.596604224967,7.484121477029
    ));
#3982 = CARTESIAN_POINT('',(0.555302467199,9.572918496887,7.479164539239
    ));
#3983 = CARTESIAN_POINT('',(0.633230397783,9.543230465447,7.473221539411
    ));
#3984 = CARTESIAN_POINT('',(0.708863968065,9.507669683578,7.46646923333)
  );
#3985 = CARTESIAN_POINT('',(0.776679447393,9.475784748637,7.46041489963)
  );
#3986 = CARTESIAN_POINT('',(0.842650598137,9.43917813249,7.453709925025)
  );
#3987 = CARTESIAN_POINT('',(0.906212155402,9.397975511017,7.446481723277
    ));
#3988 = CARTESIAN_POINT('',(0.938384647334,9.37712027927,7.44282307688)
  );
#3989 = CARTESIAN_POINT('',(0.969939324896,9.355088108084,7.439030379314
    ));
#3990 = CARTESIAN_POINT('',(1.000799646422,9.331899421023,7.435120153501
    ));
#3991 = CARTESIAN_POINT('',(1.053878433925,9.292015604778,7.428394687439
    ));
#3992 = CARTESIAN_POINT('',(1.10483251085,9.248766892887,7.421321538459)
  );
#3993 = CARTESIAN_POINT('',(1.153335695809,9.202236571051,7.414155044534
    ));
#3994 = CARTESIAN_POINT('',(1.199539468475,9.1579121331,7.407328295807)
  );
#3995 = CARTESIAN_POINT('',(1.243519483233,9.11060887685,7.400416842838)
  );
#3996 = CARTESIAN_POINT('',(1.2849495124,9.060405936698,7.393640538805)
  );
#3997 = CARTESIAN_POINT('',(1.323651688969,9.013508478668,7.3873104029)
  );
#3998 = CARTESIAN_POINT('',(1.360128481879,8.964079895855,7.381098204772
    ));
#3999 = CARTESIAN_POINT('',(1.39407394003,8.912202745956,7.375183167196)
  );
#4000 = CARTESIAN_POINT('',(1.425430368778,8.864282280507,7.369719271159
    ));
#4001 = CARTESIAN_POINT('',(1.454626548563,8.814272087756,7.364508935271
    ));
#4002 = CARTESIAN_POINT('',(1.48138939547,8.762260755247,7.359693422381)
  );
#4003 = CARTESIAN_POINT('',(1.50033803137,8.725435681821,7.356283942038)
  );
#4004 = CARTESIAN_POINT('',(1.5180838524,8.687563802109,7.353072383538)
  );
#4005 = CARTESIAN_POINT('',(1.534453353425,8.648851990952,7.350081879545
    ));
#4006 = CARTESIAN_POINT('',(1.550768591863,8.610268503991,7.347101288652
    ));
#4007 = CARTESIAN_POINT('',(1.565716286717,8.570851126281,7.344340289166
    ));
#4008 = CARTESIAN_POINT('',(1.579168591228,8.53083195126,7.34182178447)
  );
#4009 = CARTESIAN_POINT('',(1.592602892947,8.490866332631,7.339306650209
    ));
#4010 = CARTESIAN_POINT('',(1.604545572514,8.450301067429,7.337033362126
    ));
#4011 = CARTESIAN_POINT('',(1.614917450706,8.409386892079,7.335024731776
    ));
#4012 = CARTESIAN_POINT('',(1.625310498947,8.368389206772,7.333012001608
    ));
#4013 = CARTESIAN_POINT('',(1.634126193602,8.327041763195,7.33126501066)
  );
#4014 = CARTESIAN_POINT('',(1.641336047391,8.285608087306,7.329806710454
    ));
#4015 = CARTESIAN_POINT('',(1.648564368486,8.244068283279,7.32834467496)
  );
#4016 = CARTESIAN_POINT('',(1.654178608433,8.2024423981,7.327172811005)
  );
#4017 = CARTESIAN_POINT('',(1.658202491175,8.160998441797,7.326314246925
    ));
#4018 = CARTESIAN_POINT('',(1.662254764068,8.119262081305,7.325449625322
    ));
#4019 = CARTESIAN_POINT('',(1.664694256232,8.077710813215,7.32490274011)
  );
#4020 = CARTESIAN_POINT('',(1.665597661245,8.036611894973,7.324697212626
    ));
#4021 = CARTESIAN_POINT('',(1.665866850797,8.024365561146,7.324635971156
    ));
#4022 = CARTESIAN_POINT('',(1.666,8.012159314603,7.324605037956));
#4023 = CARTESIAN_POINT('',(1.666,8.,7.324605037956));
#4024 = PCURVE('',#3714,#4025);
#4025 = DEFINITIONAL_REPRESENTATION('',(#4026),#4030);
#4026 = LINE('',#4027,#4028);
#4027 = CARTESIAN_POINT('',(1.,0.));
#4028 = VECTOR('',#4029,1.);
#4029 = DIRECTION('',(0.,1.));
#4030 = ( GEOMETRIC_REPRESENTATION_CONTEXT(2) 
PARAMETRIC_REPRESENTATION_CONTEXT() REPRESENTATION_CONTEXT('2D SPACE',''
  ) );
#4031 = PCURVE('',#4032,#4037);
#4032 = CYLINDRICAL_SURFACE('',#4033,1.666);
#4033 = AXIS2_PLACEMENT_3D('',#4034,#4035,#4036);
#4034 = CARTESIAN_POINT('',(0.,8.,8.8));
#4035 = DIRECTION('',(0.,0.,1.));
#4036 = DIRECTION('',(-1.,0.,0.));
#4037 = DEFINITIONAL_REPRESENTATION('',(#4038),#4350);
#4038 = B_SPLINE_CURVE_WITH_KNOTS('',3,(#4039,#4040,#4041,#4042,#4043,
    #4044,#4045,#4046,#4047,#4048,#4049,#4050,#4051,#4052,#4053,#4054,
    #4055,#4056,#4057,#4058,#4059,#4060,#4061,#4062,#4063,#4064,#4065,
    #4066,#4067,#4068,#4069,#4070,#4071,#4072,#4073,#4074,#4075,#4076,
    #4077,#4078,#4079,#4080,#4081,#4082,#4083,#4084,#4085,#4086,#4087,
    #4088,#4089,#4090,#4091,#4092,#4093,#4094,#4095,#4096,#4097,#4098,
    #4099,#4100,#4101,#4102,#4103,#4104,#4105,#4106,#4107,#4108,#4109,
    #4110,#4111,#4112,#4113,#4114,#4115,#4116,#4117,#4118,#4119,#4120,
    #4121,#4122,#4123,#4124,#4125,#4126,#4127,#4128,#4129,#4130,#4131,
    #4132,#4133,#4134,#4135,#4136,#4137,#4138,#4139,#4140,#4141,#4142,
    #4143,#4144,#4145,#4146,#4147,#4148,#4149,#4150,#4151,#4152,#4153,
    #4154,#4155,#4156,#4157,#4158,#4159,#4160,#4161,#4162,#4163,#4164,
    #4165,#4166,#4167,#4168,#4169,#4170,#4171,#4172,#4173,#4174,#4175,
    #4176,#4177,#4178,#4179,#4180,#4181,#4182,#4183,#4184,#4185,#4186,
    #4187,#4188,#4189,#4190,#4191,#4192,#4193,#4194,#4195,#4196,#4197,
    #4198,#4199,#4200,#4201,#4202,#4203,#4204,#4205,#4206,#4207,#4208,
    #4209,#4210,#4211,#4212,#4213,#4214,#4215,#4216,#4217,#4218,#4219,
    #4220,#4221,#4222,#4223,#4224,#4225,#4226,#4227,#4228,#4229,#4230,
    #4231,#4232,#4233,#4234,#4235,#4236,#4237,#4238,#4239,#4240,#4241,
    #4242,#4243,#4244,#4245,#4246,#4247,#4248,#4249,#4250,#4251,#4252,
    #4253,#4254,#4255,#4256,#4257,#4258,#4259,#4260,#4261,#4262,#4263,
    #4264,#4265,#4266,#4267,#4268,#4269,#4270,#4271,#4272,#4273,#4274,
    #4275,#4276,#4277,#4278,#4279,#4280,#4281,#4282,#4283,#4284,#4285,
    #4286,#4287,#4288,#4289,#4290,#4291,#4292,#4293,#4294,#4295,#4296,
    #4297,#4298,#4299,#4300,#4301,#4302,#4303,#4304,#4305,#4306,#4307,
    #4308,#4309,#4310,#4311,#4312,#4313,#4314,#4315,#4316,#4317,#4318,
    #4319,#4320,#4321,#4322,#4323,#4324,#4325,#4326,#4327,#4328,#4329,
    #4330,#4331,#4332,#4333,#4334,#4335,#4336,#4337,#4338,#4339,#4340,
    #4341,#4342,#4343,#4344,#4345,#4346,#4347,#4348,#4349),
  .UNSPECIFIED.,.F.,.F.,(4,1,1,1,1,1,1,1,1,1,1,1,1,1,1,1,1,1,1,1,1,1,1,1
    ,1,1,1,1,1,1,1,1,1,1,1,1,1,1,1,1,1,1,1,1,1,1,1,1,1,1,1,1,1,1,1,1,1,1
    ,1,1,1,1,1,1,1,1,1,1,1,1,1,1,1,1,1,1,1,1,1,1,1,1,1,1,1,1,1,1,1,1,1,1
    ,1,1,1,1,1,1,1,1,1,1,1,1,1,1,1,1,1,1,1,1,1,1,1,1,1,1,1,1,1,1,1,1,1,1
    ,1,1,1,1,1,1,1,1,1,1,1,1,1,1,1,1,1,1,1,1,1,1,1,1,1,1,1,1,1,1,1,1,1,1
    ,1,1,1,1,1,1,1,1,1,1,1,1,1,1,1,1,1,1,1,1,1,1,1,1,1,1,1,1,1,1,1,1,1,1
    ,1,1,1,1,1,1,1,1,1,1,1,1,1,1,1,1,1,1,1,1,1,1,1,1,1,1,1,1,1,1,1,1,1,1
    ,1,1,1,1,1,1,1,1,1,1,1,1,1,1,1,1,1,1,1,1,1,1,1,1,1,1,1,1,1,1,1,1,1,1
    ,1,1,1,1,1,1,1,1,1,1,1,1,1,1,1,1,1,1,1,1,1,1,1,1,1,1,1,1,1,1,1,1,1,1
    ,1,1,1,1,1,1,1,1,1,1,1,1,4),(0.,3.27037202029E-03,6.540744040581E-03
    ,9.811116060871E-03,1.308148808116E-02,1.635186010145E-02,
    1.962223212174E-02,2.289260414203E-02,2.616297616232E-02,
    2.943334818261E-02,3.27037202029E-02,3.597409222319E-02,
    3.924446424348E-02,4.251483626377E-02,4.578520828406E-02,
    4.905558030435E-02,5.232595232465E-02,5.559632434494E-02,
    5.886669636523E-02,6.213706838552E-02,6.540744040581E-02,
    6.86778124261E-02,7.194818444639E-02,7.521855646668E-02,
    7.848892848697E-02,8.175930050726E-02,8.502967252755E-02,
    8.830004454784E-02,9.157041656813E-02,9.484078858842E-02,
    9.811116060871E-02,0.101381532629,0.104651904649,0.10792227667,
    0.11119264869,0.11446302071,0.11773339273,0.121003764751,
    0.124274136771,0.127544508791,0.130814880812,0.134085252832,
    0.137355624852,0.140625996872,0.143896368893,0.147166740913,
    0.150437112933,0.153707484954,0.156977856974,0.160248228994,
    0.163518601015,0.166788973035,0.170059345055,0.173329717075,
    0.176600089096,0.179870461116,0.183140833136,0.186411205157,
    0.189681577177,0.192951949197,0.196222321217,0.199492693238,
    0.202763065258,0.206033437278,0.209303809299,0.212574181319,
    0.215844553339,0.219114925359,0.22238529738,0.2256556694,
    0.22892604142,0.232196413441,0.235466785461,0.238737157481,
    0.242007529501,0.245277901522,0.248548273542,0.251818645562,
    0.255089017583,0.258359389603,0.261629761623,0.264900133644,
    0.268170505664,0.271440877684,0.274711249704,0.277981621725,
    0.281251993745,0.284522365765,0.287792737786,0.291063109806,
    0.294333481826,0.297603853846,0.300874225867,0.304144597887,
    0.307414969907,0.310685341928,0.313955713948,0.317226085968,
    0.320496457988,0.323766830009,0.327037202029,0.330307574049,
    0.33357794607,0.33684831809,0.34011869011,0.34338906213,
    0.346659434151,0.349929806171,0.353200178191,0.356470550212,
    0.359740922232,0.363011294252,0.366281666273,0.369552038293,
    0.372822410313,0.376092782333,0.379363154354,0.382633526374,
    0.385903898394,0.389174270415,0.392444642435,0.395715014455,
    0.398985386475,0.402255758496,0.405526130516,0.408796502536,
    0.412066874557,0.415337246577,0.418607618597,0.421877990617,
    0.425148362638,0.428418734658,0.431689106678,0.434959478699,
    0.438229850719,0.441500222739,0.444770594759,0.44804096678,
    0.4513113388,0.45458171082,0.457852082841,0.461122454861,
    0.464392826881,0.467663198902,0.470933570922,0.474203942942,
    0.477474314962,0.480744686983,0.484015059003,0.487285431023,
    0.490555803044,0.493826175064,0.497096547084,0.500366919104,
    0.503637291125,0.506907663145,0.510178035165,0.513448407186,
    0.516718779206,0.519989151226,0.523259523246,0.526529895267,
    0.529800267287,0.533070639307,0.536341011328,0.539611383348,
    0.542881755368,0.546152127388,0.549422499409,0.552692871429,
    0.555963243449,0.55923361547,0.56250398749,0.56577435951,
    0.569044731531,0.572315103551,0.575585475571,0.578855847591,
    0.582126219612,0.585396591632,0.588666963652,0.591937335673,
    0.595207707693,0.598478079713,0.601748451733,0.605018823754,
    0.608289195774,0.611559567794,0.614829939815,0.618100311835,
    0.621370683855,0.624641055875,0.627911427896,0.631181799916,
    0.634452171936,0.637722543957,0.640992915977,0.644263287997,
    0.647533660017,0.650804032038,0.654074404058,0.657344776078,
    0.660615148099,0.663885520119,0.667155892139,0.67042626416,
    0.67369663618,0.6769670082,0.68023738022,0.683507752241,
    0.686778124261,0.690048496281,0.693318868302,0.696589240322,
    0.699859612342,0.703129984362,0.706400356383,0.709670728403,
    0.712941100423,0.716211472444,0.719481844464,0.722752216484,
    0.726022588504,0.729292960525,0.732563332545,0.735833704565,
    0.739104076586,0.742374448606,0.745644820626,0.748915192646,
    0.752185564667,0.755455936687,0.758726308707,0.761996680728,
    0.765267052748,0.768537424768,0.771807796789,0.775078168809,
    0.778348540829,0.781618912849,0.78488928487,0.78815965689,
    0.79143002891,0.794700400931,0.797970772951,0.801241144971,
    0.804511516991,0.807781889012,0.811052261032,0.814322633052,
    0.817593005073,0.820863377093,0.824133749113,0.827404121133,
    0.830674493154,0.833944865174,0.837215237194,0.840485609215,
    0.843755981235,0.847026353255,0.850296725275,0.853567097296,
    0.856837469316,0.860107841336,0.863378213357,0.866648585377,
    0.869918957397,0.873189329418,0.876459701438,0.879730073458,
    0.883000445478,0.886270817499,0.889541189519,0.892811561539,
    0.89608193356,0.89935230558,0.9026226776,0.90589304962,
    0.909163421641,0.912433793661,0.915704165681,0.918974537702,
    0.922244909722,0.925515281742,0.928785653762,0.932056025783,
    0.935326397803,0.938596769823,0.941867141844,0.945137513864,
    0.948407885884,0.951678257904,0.954948629925,0.958219001945,
    0.961489373965,0.964759745986,0.968030118006,0.971300490026,
    0.974570862047,0.977841234067,0.981111606087,0.984381978107,
    0.987652350128,0.990922722148,0.994193094168,0.997463466189,
    1.000733838209,1.004004210229,1.007274582249),
  .QUASI_UNIFORM_KNOTS.);
#4039 = CARTESIAN_POINT('',(9.424777960769,-1.475394962044));
#4040 = CARTESIAN_POINT('',(9.417816443992,-1.475394962044));
#4041 = CARTESIAN_POINT('',(9.40383908362,-1.475336568429));
#4042 = CARTESIAN_POINT('',(9.382722873136,-1.475077690644));
#4043 = CARTESIAN_POINT('',(9.361469502031,-1.474651418978));
#4044 = CARTESIAN_POINT('',(9.340091283863,-1.474061646915));
#4045 = CARTESIAN_POINT('',(9.318601041252,-1.473312267938));
#4046 = CARTESIAN_POINT('',(9.297011821559,-1.47240717553));
#4047 = CARTESIAN_POINT('',(9.275336265797,-1.471350263173));
#4048 = CARTESIAN_POINT('',(9.253586903012,-1.47014542435));
#4049 = CARTESIAN_POINT('',(9.231776727309,-1.468796552545));
#4050 = CARTESIAN_POINT('',(9.209918533316,-1.467307541239));
#4051 = CARTESIAN_POINT('',(9.188024917737,-1.465682283917));
#4052 = CARTESIAN_POINT('',(9.166108702594,-1.46392467406));
#4053 = CARTESIAN_POINT('',(9.144182673216,-1.462038605151));
#4054 = CARTESIAN_POINT('',(9.122259570701,-1.460027970674));
#4055 = CARTESIAN_POINT('',(9.100352202053,-1.457896664111));
#4056 = CARTESIAN_POINT('',(9.078473231281,-1.455648578945));
#4057 = CARTESIAN_POINT('',(9.056635419707,-1.453287608659));
#4058 = CARTESIAN_POINT('',(9.034851682595,-1.450817646736));
#4059 = CARTESIAN_POINT('',(9.013134691556,-1.448242586659));
#4060 = CARTESIAN_POINT('',(8.991497016938,-1.44556632191));
#4061 = CARTESIAN_POINT('',(8.969951701937,-1.442792745972));
#4062 = CARTESIAN_POINT('',(8.948511228657,-1.439925752328));
#4063 = CARTESIAN_POINT('',(8.927189242157,-1.436969234462));
#4064 = CARTESIAN_POINT('',(8.905980739832,-1.433929303009));
#4065 = CARTESIAN_POINT('',(8.884879823457,-1.430812068609));
#4066 = CARTESIAN_POINT('',(8.863881155235,-1.427623641897));
#4067 = CARTESIAN_POINT('',(8.842979743504,-1.424370133512));
#4068 = CARTESIAN_POINT('',(8.822170292254,-1.421057654091));
#4069 = CARTESIAN_POINT('',(8.801446930625,-1.417692314271));
#4070 = CARTESIAN_POINT('',(8.780804154419,-1.41428022469));
#4071 = CARTESIAN_POINT('',(8.76023658776,-1.410827495984));
#4072 = CARTESIAN_POINT('',(8.739739209035,-1.407340238792));
#4073 = CARTESIAN_POINT('',(8.719306538659,-1.403824563751));
#4074 = CARTESIAN_POINT('',(8.698932887342,-1.400286581497));
#4075 = CARTESIAN_POINT('',(8.678612784651,-1.396732402669));
#4076 = CARTESIAN_POINT('',(8.658340846403,-1.393168137904));
#4077 = CARTESIAN_POINT('',(8.638111923995,-1.389599897839));
#4078 = CARTESIAN_POINT('',(8.617920516594,-1.386033793111));
#4079 = CARTESIAN_POINT('',(8.59776107488,-1.382475934358));
#4080 = CARTESIAN_POINT('',(8.577628153042,-1.378932432218));
#4081 = CARTESIAN_POINT('',(8.557516325531,-1.375409397327));
#4082 = CARTESIAN_POINT('',(8.537420363484,-1.371912940323));
#4083 = CARTESIAN_POINT('',(8.517334587084,-1.368449171843));
#4084 = CARTESIAN_POINT('',(8.497254283833,-1.365024202525));
#4085 = CARTESIAN_POINT('',(8.477171317733,-1.361644143006));
#4086 = CARTESIAN_POINT('',(8.457086854424,-1.358312894193));
#4087 = CARTESIAN_POINT('',(8.437005570052,-1.355034356992));
#4088 = CARTESIAN_POINT('',(8.416931227184,-1.35181243231));
#4089 = CARTESIAN_POINT('',(8.396867828208,-1.348651021054));
#4090 = CARTESIAN_POINT('',(8.376819335307,-1.345554024129));
#4091 = CARTESIAN_POINT('',(8.356789597168,-1.342525342444));
#4092 = CARTESIAN_POINT('',(8.336782573578,-1.339568876903));
#4093 = CARTESIAN_POINT('',(8.316802237756,-1.336688528415));
#4094 = CARTESIAN_POINT('',(8.296852655321,-1.333888197886));
#4095 = CARTESIAN_POINT('',(8.27693761801,-1.331171786221));
#4096 = CARTESIAN_POINT('',(8.257061015406,-1.328543194329));
#4097 = CARTESIAN_POINT('',(8.237226824876,-1.326006323115));
#4098 = CARTESIAN_POINT('',(8.217439154457,-1.323565073486));
#4099 = CARTESIAN_POINT('',(8.197701923054,-1.321223346349));
#4100 = CARTESIAN_POINT('',(8.178018863271,-1.31898504261));
#4101 = CARTESIAN_POINT('',(8.158393933262,-1.316854063176));
#4102 = CARTESIAN_POINT('',(8.138831193073,-1.314834308953));
#4103 = CARTESIAN_POINT('',(8.119334798123,-1.312929680849));
#4104 = CARTESIAN_POINT('',(8.099908309591,-1.31114407977));
#4105 = CARTESIAN_POINT('',(8.080555979209,-1.309481406622));
#4106 = CARTESIAN_POINT('',(8.061280500218,-1.307945562312));
#4107 = CARTESIAN_POINT('',(8.042091095572,-1.306540447746));
#4108 = CARTESIAN_POINT('',(8.022983677477,-1.305266535323));
#4109 = CARTESIAN_POINT('',(8.003947900883,-1.304124297438));
#4110 = CARTESIAN_POINT('',(7.984975275847,-1.30311420649));
#4111 = CARTESIAN_POINT('',(7.966057062615,-1.302236734874));
#4112 = CARTESIAN_POINT('',(7.947184239384,-1.301492354989));
#4113 = CARTESIAN_POINT('',(7.928347848453,-1.300881539232));
#4114 = CARTESIAN_POINT('',(7.909538975058,-1.300404759999));
#4115 = CARTESIAN_POINT('',(7.890748841003,-1.300062489688));
#4116 = CARTESIAN_POINT('',(7.871968509807,-1.299855200697));
#4117 = CARTESIAN_POINT('',(7.853189096343,-1.299783365421));
#4118 = CARTESIAN_POINT('',(7.83440170044,-1.299847456259));
#4119 = CARTESIAN_POINT('',(7.815597439455,-1.300047945607));
#4120 = CARTESIAN_POINT('',(7.796767313186,-1.300385305863));
#4121 = CARTESIAN_POINT('',(7.777902523288,-1.300860009423));
#4122 = CARTESIAN_POINT('',(7.758994267013,-1.301472528685));
#4123 = CARTESIAN_POINT('',(7.740033619273,-1.302223336047));
#4124 = CARTESIAN_POINT('',(7.721011526876,-1.303112903905));
#4125 = CARTESIAN_POINT('',(7.701919051006,-1.304141704656));
#4126 = CARTESIAN_POINT('',(7.682747574659,-1.305310210697));
#4127 = CARTESIAN_POINT('',(7.663488234288,-1.306618894427));
#4128 = CARTESIAN_POINT('',(7.644131811604,-1.308068228241));
#4129 = CARTESIAN_POINT('',(7.624669765497,-1.309658684537));
#4130 = CARTESIAN_POINT('',(7.605111006292,-1.311384930406));
#4131 = CARTESIAN_POINT('',(7.585463838268,-1.31324163294));
#4132 = CARTESIAN_POINT('',(7.565736434506,-1.31522345923));
#4133 = CARTESIAN_POINT('',(7.545936863359,-1.317325076368));
#4134 = CARTESIAN_POINT('',(7.526073646601,-1.319541151444));
#4135 = CARTESIAN_POINT('',(7.506155122024,-1.32186635155));
#4136 = CARTESIAN_POINT('',(7.486189457373,-1.324295343778));
#4137 = CARTESIAN_POINT('',(7.466184860822,-1.326822795218));
#4138 = CARTESIAN_POINT('',(7.446149727646,-1.329443372962));
#4139 = CARTESIAN_POINT('',(7.426092367825,-1.332151744102));
#4140 = CARTESIAN_POINT('',(7.406020995887,-1.334942575728));
#4141 = CARTESIAN_POINT('',(7.385943915742,-1.337810534932));
#4142 = CARTESIAN_POINT('',(7.365869391498,-1.340750288806));
#4143 = CARTESIAN_POINT('',(7.345805721074,-1.343756504441));
#4144 = CARTESIAN_POINT('',(7.325761202964,-1.346823848927));
#4145 = CARTESIAN_POINT('',(7.305744172688,-1.349946989357));
#4146 = CARTESIAN_POINT('',(7.285762787485,-1.353120592822));
#4147 = CARTESIAN_POINT('',(7.265825314534,-1.356339326413));
#4148 = CARTESIAN_POINT('',(7.245940287788,-1.359597857222));
#4149 = CARTESIAN_POINT('',(7.22611545102,-1.362890852339));
#4150 = CARTESIAN_POINT('',(7.206360815983,-1.366212978856));
#4151 = CARTESIAN_POINT('',(7.186678107946,-1.369558903865));
#4152 = CARTESIAN_POINT('',(7.167035731324,-1.372928119516));
#4153 = CARTESIAN_POINT('',(7.147410590586,-1.37632011796));
#4154 = CARTESIAN_POINT('',(7.127777365583,-1.379734391349));
#4155 = CARTESIAN_POINT('',(7.108111320739,-1.383170431831));
#4156 = CARTESIAN_POINT('',(7.088387633083,-1.38662773156));
#4157 = CARTESIAN_POINT('',(7.068581272562,-1.390105782685));
#4158 = CARTESIAN_POINT('',(7.048667441362,-1.393604077357));
#4159 = CARTESIAN_POINT('',(7.028621395221,-1.397122107728));
#4160 = CARTESIAN_POINT('',(7.008418415658,-1.400659365947));
#4161 = CARTESIAN_POINT('',(6.988032082244,-1.404215344166));
#4162 = CARTESIAN_POINT('',(6.967443749108,-1.407789534535));
#4163 = CARTESIAN_POINT('',(6.946680210266,-1.411367854704));
#4164 = CARTESIAN_POINT('',(6.925759987369,-1.414936222319));
#4165 = CARTESIAN_POINT('',(6.904703189291,-1.41848055503));
#4166 = CARTESIAN_POINT('',(6.883530099811,-1.421986770485));
#4167 = CARTESIAN_POINT('',(6.862260975673,-1.425440786332));
#4168 = CARTESIAN_POINT('',(6.840915677761,-1.42882852022));
#4169 = CARTESIAN_POINT('',(6.819514344876,-1.432135889796));
#4170 = CARTESIAN_POINT('',(6.798077483346,-1.435348812709));
#4171 = CARTESIAN_POINT('',(6.776623941061,-1.438453206608));
#4172 = CARTESIAN_POINT('',(6.755178241731,-1.441434989141));
#4173 = CARTESIAN_POINT('',(6.733744138336,-1.444280077955));
#4174 = CARTESIAN_POINT('',(6.712305257373,-1.446988649796));
#4175 = CARTESIAN_POINT('',(6.690866017215,-1.449560881407));
#4176 = CARTESIAN_POINT('',(6.66942528213,-1.451996949532));
#4177 = CARTESIAN_POINT('',(6.647983402142,-1.454297030915));
#4178 = CARTESIAN_POINT('',(6.626540290133,-1.4564613023));
#4179 = CARTESIAN_POINT('',(6.605096006379,-1.458489940432));
#4180 = CARTESIAN_POINT('',(6.58365055806,-1.460383122054));
#4181 = CARTESIAN_POINT('',(6.562203985105,-1.46214102391));
#4182 = CARTESIAN_POINT('',(6.540756327538,-1.463763822744));
#4183 = CARTESIAN_POINT('',(6.51930759808,-1.465251695301));
#4184 = CARTESIAN_POINT('',(6.49785781528,-1.466604818324));
#4185 = CARTESIAN_POINT('',(6.476407003356,-1.467823368557));
#4186 = CARTESIAN_POINT('',(6.454955187493,-1.468907522745));
#4187 = CARTESIAN_POINT('',(6.433502409184,-1.469857457631));
#4188 = CARTESIAN_POINT('',(6.412048700619,-1.47067334996));
#4189 = CARTESIAN_POINT('',(6.390594062028,-1.471355376475));
#4190 = CARTESIAN_POINT('',(6.369138531248,-1.471903713921));
#4191 = CARTESIAN_POINT('',(6.347682120124,-1.472318539041));
#4192 = CARTESIAN_POINT('',(6.326224868243,-1.47260002858));
#4193 = CARTESIAN_POINT('',(6.30476681572,-1.472748359282));
#4194 = CARTESIAN_POINT('',(6.283307970856,-1.47276370789));
#4195 = CARTESIAN_POINT('',(6.261848361403,-1.472646251149));
#4196 = CARTESIAN_POINT('',(6.240388003156,-1.472396165802));
#4197 = CARTESIAN_POINT('',(6.218926924691,-1.472013628595));
#4198 = CARTESIAN_POINT('',(6.197465167312,-1.47149881627));
#4199 = CARTESIAN_POINT('',(6.176002763145,-1.470851905571));
#4200 = CARTESIAN_POINT('',(6.154539712832,-1.470073073244));
#4201 = CARTESIAN_POINT('',(6.133076054741,-1.469162496031));
#4202 = CARTESIAN_POINT('',(6.111611799121,-1.468120350677));
#4203 = CARTESIAN_POINT('',(6.09014698545,-1.466946813927));
#4204 = CARTESIAN_POINT('',(6.068681654001,-1.465642062523));
#4205 = CARTESIAN_POINT('',(6.047215813561,-1.46420627321));
#4206 = CARTESIAN_POINT('',(6.025749494526,-1.462639622731));
#4207 = CARTESIAN_POINT('',(6.004282709372,-1.460942287832));
#4208 = CARTESIAN_POINT('',(5.982815486425,-1.459114445256));
#4209 = CARTESIAN_POINT('',(5.961347866745,-1.457156271747));
#4210 = CARTESIAN_POINT('',(5.939879884845,-1.455067944049));
#4211 = CARTESIAN_POINT('',(5.91841153878,-1.452849638907));
#4212 = CARTESIAN_POINT('',(5.896942881059,-1.450501533063));
#4213 = CARTESIAN_POINT('',(5.875473868103,-1.448023803262));
#4214 = CARTESIAN_POINT('',(5.854004723962,-1.445416626249));
#4215 = CARTESIAN_POINT('',(5.832534798942,-1.442680178767));
#4216 = CARTESIAN_POINT('',(5.811066688593,-1.43981463756));
#4217 = CARTESIAN_POINT('',(5.789590788956,-1.436820179372));
#4218 = CARTESIAN_POINT('',(5.768116002642,-1.433710212711));
#4219 = CARTESIAN_POINT('',(5.74666348014,-1.430498146082));
#4220 = CARTESIAN_POINT('',(5.72525118574,-1.427197387992));
#4221 = CARTESIAN_POINT('',(5.703897796109,-1.423821346949));
#4222 = CARTESIAN_POINT('',(5.682621720445,-1.420383431458));
#4223 = CARTESIAN_POINT('',(5.661441777539,-1.416897050027));
#4224 = CARTESIAN_POINT('',(5.640376501339,-1.413375611162));
#4225 = CARTESIAN_POINT('',(5.619444112516,-1.40983252337));
#4226 = CARTESIAN_POINT('',(5.598663666875,-1.406281195157));
#4227 = CARTESIAN_POINT('',(5.578053044875,-1.402735035031));
#4228 = CARTESIAN_POINT('',(5.557633114673,-1.399207451498));
#4229 = CARTESIAN_POINT('',(5.537385506041,-1.395698008507));
#4230 = CARTESIAN_POINT('',(5.517289195518,-1.392206270007));
#4231 = CARTESIAN_POINT('',(5.497324495386,-1.388731799946));
#4232 = CARTESIAN_POINT('',(5.477470882458,-1.385274162275));
#4233 = CARTESIAN_POINT('',(5.457707916401,-1.381832920942));
#4234 = CARTESIAN_POINT('',(5.438015481043,-1.378407639895));
#4235 = CARTESIAN_POINT('',(5.418373318476,-1.374997883084));
#4236 = CARTESIAN_POINT('',(5.398761032098,-1.371603214458));
#4237 = CARTESIAN_POINT('',(5.379158406548,-1.368223197966));
#4238 = CARTESIAN_POINT('',(5.359544959078,-1.364857397556));
#4239 = CARTESIAN_POINT('',(5.339901289132,-1.361505377179));
#4240 = CARTESIAN_POINT('',(5.320231339766,-1.358173803493));
#4241 = CARTESIAN_POINT('',(5.300537844074,-1.354869343162));
#4242 = CARTESIAN_POINT('',(5.280823819801,-1.351598662846));
#4243 = CARTESIAN_POINT('',(5.261092091308,-1.348368429207));
#4244 = CARTESIAN_POINT('',(5.241345598612,-1.345185308904));
#4245 = CARTESIAN_POINT('',(5.221587317291,-1.3420559686));
#4246 = CARTESIAN_POINT('',(5.201820198609,-1.338987074956));
#4247 = CARTESIAN_POINT('',(5.182047185058,-1.335985294633));
#4248 = CARTESIAN_POINT('',(5.162271164207,-1.333057294291));
#4249 = CARTESIAN_POINT('',(5.142495111309,-1.330209740592));
#4250 = CARTESIAN_POINT('',(5.122721925251,-1.327449300198));
#4251 = CARTESIAN_POINT('',(5.102954559773,-1.324782639769));
#4252 = CARTESIAN_POINT('',(5.083195955031,-1.322216425966));
#4253 = CARTESIAN_POINT('',(5.063449088163,-1.319757325451));
#4254 = CARTESIAN_POINT('',(5.043716866257,-1.317412004884));
#4255 = CARTESIAN_POINT('',(5.024002161897,-1.315187130927));
#4256 = CARTESIAN_POINT('',(5.004307939315,-1.313089370241));
#4257 = CARTESIAN_POINT('',(4.984637156026,-1.311125389488));
#4258 = CARTESIAN_POINT('',(4.964992893138,-1.309301855327));
#4259 = CARTESIAN_POINT('',(4.945377560899,-1.307625434421));
#4260 = CARTESIAN_POINT('',(4.925795755079,-1.30610279343));
#4261 = CARTESIAN_POINT('',(4.906244355479,-1.304740599016));
#4262 = CARTESIAN_POINT('',(4.886715548933,-1.303536520065));
#4263 = CARTESIAN_POINT('',(4.867209347247,-1.302488225464));
#4264 = CARTESIAN_POINT('',(4.847723736396,-1.301593384099));
#4265 = CARTESIAN_POINT('',(4.828257308963,-1.300849664856));
#4266 = CARTESIAN_POINT('',(4.808808553346,-1.300254736623));
#4267 = CARTESIAN_POINT('',(4.789376031873,-1.299806268285));
#4268 = CARTESIAN_POINT('',(4.769958345817,-1.29950192873));
#4269 = CARTESIAN_POINT('',(4.750554063263,-1.299339386843));
#4270 = CARTESIAN_POINT('',(4.731161533898,-1.299316311511));
#4271 = CARTESIAN_POINT('',(4.711779200205,-1.299430371621));
#4272 = CARTESIAN_POINT('',(4.692405516425,-1.299679236059));
#4273 = CARTESIAN_POINT('',(4.673038963776,-1.300060573712));
#4274 = CARTESIAN_POINT('',(4.653678039743,-1.300572053466));
#4275 = CARTESIAN_POINT('',(4.634321254491,-1.301211344208));
#4276 = CARTESIAN_POINT('',(4.614967124439,-1.301976114824));
#4277 = CARTESIAN_POINT('',(4.595614169872,-1.302864034201));
#4278 = CARTESIAN_POINT('',(4.576260899116,-1.303872771225));
#4279 = CARTESIAN_POINT('',(4.556905671452,-1.304999994783));
#4280 = CARTESIAN_POINT('',(4.537547041014,-1.306243373761));
#4281 = CARTESIAN_POINT('',(4.518183521807,-1.307600577046));
#4282 = CARTESIAN_POINT('',(4.498813629944,-1.309069273524));
#4283 = CARTESIAN_POINT('',(4.479435865278,-1.310647132082));
#4284 = CARTESIAN_POINT('',(4.460048710827,-1.312331821606));
#4285 = CARTESIAN_POINT('',(4.440650621834,-1.314121010983));
#4286 = CARTESIAN_POINT('',(4.421240038803,-1.316012369099));
#4287 = CARTESIAN_POINT('',(4.401815314172,-1.318003564841));
#4288 = CARTESIAN_POINT('',(4.382375038035,-1.320092267096));
#4289 = CARTESIAN_POINT('',(4.362917801057,-1.322276144749));
#4290 = CARTESIAN_POINT('',(4.343442150753,-1.324552866688));
#4291 = CARTESIAN_POINT('',(4.323946596876,-1.326920101798));
#4292 = CARTESIAN_POINT('',(4.304429599685,-1.329375518967));
#4293 = CARTESIAN_POINT('',(4.284889578277,-1.331916787081));
#4294 = CARTESIAN_POINT('',(4.26532485649,-1.334541575026));
#4295 = CARTESIAN_POINT('',(4.24573385274,-1.337247551689));
#4296 = CARTESIAN_POINT('',(4.226115270847,-1.340032385957));
#4297 = CARTESIAN_POINT('',(4.206467698411,-1.342893746715));
#4298 = CARTESIAN_POINT('',(4.186789674361,-1.345829302851));
#4299 = CARTESIAN_POINT('',(4.167079659031,-1.348836723251));
#4300 = CARTESIAN_POINT('',(4.147336050068,-1.351913676801));
#4301 = CARTESIAN_POINT('',(4.127557113625,-1.355057832388));
#4302 = CARTESIAN_POINT('',(4.107741410111,-1.358266858898));
#4303 = CARTESIAN_POINT('',(4.087887928414,-1.361538425219));
#4304 = CARTESIAN_POINT('',(4.067993598071,-1.364870200235));
#4305 = CARTESIAN_POINT('',(4.048062514879,-1.368259852835));
#4306 = CARTESIAN_POINT('',(4.028097642901,-1.371700330794));
#4307 = CARTESIAN_POINT('',(4.008094594658,-1.375184581886));
#4308 = CARTESIAN_POINT('',(3.988050830275,-1.378705553888));
#4309 = CARTESIAN_POINT('',(3.967963184842,-1.382256194574));
#4310 = CARTESIAN_POINT('',(3.947828553628,-1.385829451722));
#4311 = CARTESIAN_POINT('',(3.927643619733,-1.389418273105));
#4312 = CARTESIAN_POINT('',(3.907405661689,-1.3930156065));
#4313 = CARTESIAN_POINT('',(3.887111891758,-1.396614399681));
#4314 = CARTESIAN_POINT('',(3.866759354539,-1.400207600426));
#4315 = CARTESIAN_POINT('',(3.846344968876,-1.403788156508));
#4316 = CARTESIAN_POINT('',(3.825865451637,-1.407349015703));
#4317 = CARTESIAN_POINT('',(3.805317580069,-1.410883125788));
#4318 = CARTESIAN_POINT('',(3.784698802248,-1.414383434537));
#4319 = CARTESIAN_POINT('',(3.764006267023,-1.417842889726));
#4320 = CARTESIAN_POINT('',(3.743236956932,-1.421254439131));
#4321 = CARTESIAN_POINT('',(3.722387665496,-1.424611030526));
#4322 = CARTESIAN_POINT('',(3.701454941596,-1.427905611689));
#4323 = CARTESIAN_POINT('',(3.680436156106,-1.431131130393));
#4324 = CARTESIAN_POINT('',(3.65932874384,-1.434280534414));
#4325 = CARTESIAN_POINT('',(3.638129082039,-1.437346771529));
#4326 = CARTESIAN_POINT('',(3.616836271656,-1.440322789512));
#4327 = CARTESIAN_POINT('',(3.595438112411,-1.443201536139));
#4328 = CARTESIAN_POINT('',(3.573938239084,-1.44597975764));
#4329 = CARTESIAN_POINT('',(3.552351178165,-1.448654200243));
#4330 = CARTESIAN_POINT('',(3.53068810578,-1.451221610179));
#4331 = CARTESIAN_POINT('',(3.508961306341,-1.453678733677));
#4332 = CARTESIAN_POINT('',(3.487182972087,-1.456022316966));
#4333 = CARTESIAN_POINT('',(3.465365142438,-1.458249106275));
#4334 = CARTESIAN_POINT('',(3.443519790113,-1.460355847835));
#4335 = CARTESIAN_POINT('',(3.421659072338,-1.462339287874));
#4336 = CARTESIAN_POINT('',(3.399795075919,-1.464196172623));
#4337 = CARTESIAN_POINT('',(3.377939869397,-1.46592324831));
#4338 = CARTESIAN_POINT('',(3.356105559177,-1.467517261164));
#4339 = CARTESIAN_POINT('',(3.334304126226,-1.468974957417));
#4340 = CARTESIAN_POINT('',(3.312547692188,-1.470293083296));
#4341 = CARTESIAN_POINT('',(3.290848512105,-1.471468385031));
#4342 = CARTESIAN_POINT('',(3.26921843648,-1.472497608852));
#4343 = CARTESIAN_POINT('',(3.247669493736,-1.473377500989));
#4344 = CARTESIAN_POINT('',(3.226214027261,-1.47410480767));
#4345 = CARTESIAN_POINT('',(3.204864100221,-1.474676275125));
#4346 = CARTESIAN_POINT('',(3.18363143765,-1.475088649583));
#4347 = CARTESIAN_POINT('',(3.162528354025,-1.475338677275));
#4348 = CARTESIAN_POINT('',(3.148554117531,-1.475394962044));
#4349 = CARTESIAN_POINT('',(3.14159265359,-1.475394962044));
#4350 = ( GEOMETRIC_REPRESENTATION_CONTEXT(2) 
PARAMETRIC_REPRESENTATION_CONTEXT() REPRESENTATION_CONTEXT('2D SPACE',''
  ) );
#4351 = ORIENTED_EDGE('',*,*,#3703,.F.);
#4352 = ORIENTED_EDGE('',*,*,#4353,.T.);
#4353 = EDGE_CURVE('',#3704,#3704,#4354,.T.);
#4354 = SURFACE_CURVE('',#4355,(#4540,#4547),.PCURVE_S1.);
#4355 = B_SPLINE_CURVE_WITH_KNOTS('',3,(#4356,#4357,#4358,#4359,#4360,
    #4361,#4362,#4363,#4364,#4365,#4366,#4367,#4368,#4369,#4370,#4371,
    #4372,#4373,#4374,#4375,#4376,#4377,#4378,#4379,#4380,#4381,#4382,
    #4383,#4384,#4385,#4386,#4387,#4388,#4389,#4390,#4391,#4392,#4393,
    #4394,#4395,#4396,#4397,#4398,#4399,#4400,#4401,#4402,#4403,#4404,
    #4405,#4406,#4407,#4408,#4409,#4410,#4411,#4412,#4413,#4414,#4415,
    #4416,#4417,#4418,#4419,#4420,#4421,#4422,#4423,#4424,#4425,#4426,
    #4427,#4428,#4429,#4430,#4431,#4432,#4433,#4434,#4435,#4436,#4437,
    #4438,#4439,#4440,#4441,#4442,#4443,#4444,#4445,#4446,#4447,#4448,
    #4449,#4450,#4451,#4452,#4453,#4454,#4455,#4456,#4457,#4458,#4459,
    #4460,#4461,#4462,#4463,#4464,#4465,#4466,#4467,#4468,#4469,#4470,
    #4471,#4472,#4473,#4474,#4475,#4476,#4477,#4478,#4479,#4480,#4481,
    #4482,#4483,#4484,#4485,#4486,#4487,#4488,#4489,#4490,#4491,#4492,
    #4493,#4494,#4495,#4496,#4497,#4498,#4499,#4500,#4501,#4502,#4503,
    #4504,#4505,#4506,#4507,#4508,#4509,#4510,#4511,#4512,#4513,#4514,
    #4515,#4516,#4517,#4518,#4519,#4520,#4521,#4522,#4523,#4524,#4525,
    #4526,#4527,#4528,#4529,#4530,#4531,#4532,#4533,#4534,#4535,#4536,
    #4537,#4538,#4539),.UNSPECIFIED.,.T.,.F.,(1,3,3,3,3,3,3,3,3,3,3,3,3,
    3,3,3,3,3,3,3,3,3,3,3,3,3,3,3,3,3,3,3,3,3,3,3,3,3,3,3,3,3,3,3,3,3,3,
    3,3,3,3,3,3,3,3,3,3,3,3,3,3,3,3,1),(-1.019204305623,-1.007274582249,
    -0.988718988813,-0.969453617158,-0.948751379025,-0.935326397803,
    -0.911209417339,-0.883558651427,-0.863378213357,-0.843894288771,
    -0.825284908364,-0.807228806877,-0.789532332398,-0.772019710415,
    -0.754684222308,-0.737083033386,-0.719481844464,-0.703258330373,
    -0.686514027777,-0.669277493818,-0.650868898493,-0.647533660017,
    -0.63115124038,-0.614003703186,-0.611559567794,-0.593866278871,
    -0.575585475571,-0.557057403686,-0.538541335028,-0.520041150047,
    -0.501558110826,-0.483101682872,-0.464660848951,-0.446250127224,
    -0.431689106678,-0.413619907238,-0.396639458109,-0.395715014455,
    -0.379603900407,-0.3642802537,-0.359740922232,-0.342684478665,
    -0.326882759839,-0.311469011141,-0.29637214095,-0.287792737786,
    -0.265652856484,-0.243528066742,-0.221337080585,-0.215844553339,
    -0.19989312394,-0.183563991921,-0.166863631913,-0.149254342948,
    -0.143896368893,-0.120498811843,-9.771039663574E-02,
    -7.580820431107E-02,-7.194818444639E-02,-5.024754206316E-02,
    -3.02435187692E-02,-1.192972337379E-02,0.,1.855559343691E-02),
  .UNSPECIFIED.);
#4356 = CARTESIAN_POINT('',(2.1515450623,8.,7.705248460945));
#4357 = CARTESIAN_POINT('',(2.1515450623,8.080821832695,7.705248460945)
  );
#4358 = CARTESIAN_POINT('',(2.146494732599,8.163175599299,7.706663670558
    ));
#4359 = CARTESIAN_POINT('',(2.136640335021,8.245960923747,7.709394793287
    ));
#4360 = CARTESIAN_POINT('',(2.126408992519,8.331912906282,7.7122303854)
  );
#4361 = CARTESIAN_POINT('',(2.110998845951,8.418330093527,7.716484135479
    ));
#4362 = CARTESIAN_POINT('',(2.090670320549,8.503980944792,7.721987931276
    ));
#4363 = CARTESIAN_POINT('',(2.068825635623,8.596019881339,7.727902215894
    ));
#4364 = CARTESIAN_POINT('',(2.041301292642,8.68717390803,7.735259780842)
  );
#4365 = CARTESIAN_POINT('',(2.008406632981,8.775914866055,7.743791241801
    ));
#4366 = CARTESIAN_POINT('',(1.987075113877,8.833461576097,7.749323721064
    ));
#4367 = CARTESIAN_POINT('',(1.963484959861,8.889993528208,7.755348611596
    ));
#4368 = CARTESIAN_POINT('',(1.937718743923,8.94509398962,7.761781114503)
  );
#4369 = CARTESIAN_POINT('',(1.891431653003,9.044077871198,7.773336627645
    ));
#4370 = CARTESIAN_POINT('',(1.838152345213,9.138442124617,7.786202937255
    ));
#4371 = CARTESIAN_POINT('',(1.778365964218,9.22763088281,7.799834260887)
  );
#4372 = CARTESIAN_POINT('',(1.709819272477,9.32988818979,7.815462939584)
  );
#4373 = CARTESIAN_POINT('',(1.632716959296,9.425342184893,7.832095830291
    ));
#4374 = CARTESIAN_POINT('',(1.547808775352,9.513155100352,7.848839913958
    ));
#4375 = CARTESIAN_POINT('',(1.485839991081,9.577243853185,7.861060296734
    ));
#4376 = CARTESIAN_POINT('',(1.419713715394,9.637262538868,7.873338134216
    ));
#4377 = CARTESIAN_POINT('',(1.349735632672,9.692885475281,7.885316336197
    ));
#4378 = CARTESIAN_POINT('',(1.282172793764,9.746588625557,7.896881119045
    ));
#4379 = CARTESIAN_POINT('',(1.211015237738,9.796194222513,7.908163793074
    ));
#4380 = CARTESIAN_POINT('',(1.136859032499,9.841459411957,7.918809982581
    ));
#4381 = CARTESIAN_POINT('',(1.066031359832,9.884692854266,7.928978313378
    ));
#4382 = CARTESIAN_POINT('',(0.992468338765,9.923966786487,7.938565535227
    ));
#4383 = CARTESIAN_POINT('',(0.916706927164,9.95906961039,7.947304474455)
  );
#4384 = CARTESIAN_POINT('',(0.84319799206,9.993128785762,7.955783594669)
  );
#4385 = CARTESIAN_POINT('',(0.767619636286,10.023261189775,
    7.963463804731));
#4386 = CARTESIAN_POINT('',(0.690476837483,10.049273541837,
    7.970146908113));
#4387 = CARTESIAN_POINT('',(0.614870507332,10.074767800647,
    7.976696902779));
#4388 = CARTESIAN_POINT('',(0.537761652148,10.096304492909,
    7.982288901695));
#4389 = CARTESIAN_POINT('',(0.459636815443,10.113701658365,
    7.986784960038));
#4390 = CARTESIAN_POINT('',(0.38232363454,10.130918080912,7.991234307859
    ));
#4391 = CARTESIAN_POINT('',(0.304015710708,10.144080542725,
    7.994610216646));
#4392 = CARTESIAN_POINT('',(0.22519222777,10.153012696101,7.996829900689
    ));
#4393 = CARTESIAN_POINT('',(0.14716601603,10.161854503957,7.999027133425
    ));
#4394 = CARTESIAN_POINT('',(6.863487353006E-02,10.166551146689,
    8.000091380696));
#4395 = CARTESIAN_POINT('',(-9.932523201568E-03,10.166931573735,
    7.999993834059));
#4396 = CARTESIAN_POINT('',(-8.970412146546E-02,10.167317831582,
    7.999894792326));
#4397 = CARTESIAN_POINT('',(-0.169512827428,10.163254550621,
    7.998597923328));
#4398 = CARTESIAN_POINT('',(-0.248867964329,10.154562694056,
    7.996128109049));
#4399 = CARTESIAN_POINT('',(-0.328223101231,10.145870837492,
    7.993658294771));
#4400 = CARTESIAN_POINT('',(-0.407124406043,10.132550405323,
    7.99001564563));
#4401 = CARTESIAN_POINT('',(-0.485085104823,10.114422360753,
    7.985279734679));
#4402 = CARTESIAN_POINT('',(-0.55694368783,10.097713228898,7.98091451149
    ));
#4403 = CARTESIAN_POINT('',(-0.628072977112,10.076919630919,
    7.97561565914));
#4404 = CARTESIAN_POINT('',(-0.697953960817,10.052471606476,
    7.969495609421));
#4405 = CARTESIAN_POINT('',(-0.770078183125,10.027238779798,
    7.963179100937));
#4406 = CARTESIAN_POINT('',(-0.840872420563,9.998113140549,
    7.955987903866));
#4407 = CARTESIAN_POINT('',(-0.909776327694,9.965567485944,
    7.948100844451));
#4408 = CARTESIAN_POINT('',(-0.980705799275,9.932065088482,
    7.939981929576));
#4409 = CARTESIAN_POINT('',(-1.049631961279,9.89493864414,7.931125971467
    ));
#4410 = CARTESIAN_POINT('',(-1.115957891149,9.854703884275,
    7.921782500497));
#4411 = CARTESIAN_POINT('',(-1.186793895966,9.811733214294,
    7.911803685938));
#4412 = CARTESIAN_POINT('',(-1.254663783094,9.765217133865,
    7.901269209111));
#4413 = CARTESIAN_POINT('',(-1.318860267613,9.71578389758,7.890539119383
    ));
#4414 = CARTESIAN_POINT('',(-1.330491279182,9.706827666606,
    7.888595059693));
#4415 = CARTESIAN_POINT('',(-1.342001763263,9.697775678282,
    7.886644706324));
#4416 = CARTESIAN_POINT('',(-1.353387584266,9.688631669018,
    7.884690358331));
#4417 = CARTESIAN_POINT('',(-1.409313809308,9.643717040569,
    7.875090760228));
#4418 = CARTESIAN_POINT('',(-1.46221098342,9.596582228086,7.865403019596
    ));
#4419 = CARTESIAN_POINT('',(-1.512527635115,9.546721706586,
    7.855715126773));
#4420 = CARTESIAN_POINT('',(-1.565194254302,9.494532520503,
    7.845574774726));
#4421 = CARTESIAN_POINT('',(-1.615033824177,9.439357079314,
    7.835434008554));
#4422 = CARTESIAN_POINT('',(-1.662556600862,9.380615669079,
    7.825337407993));
#4423 = CARTESIAN_POINT('',(-1.669330290817,9.372242923879,7.82389828245
    ));
#4424 = CARTESIAN_POINT('',(-1.6760569034,9.363797730982,7.822459968492)
  );
#4425 = CARTESIAN_POINT('',(-1.682737907513,9.355278411645,7.82102251209
    ));
#4426 = CARTESIAN_POINT('',(-1.731102223352,9.293606386873,
    7.810616651794));
#4427 = CARTESIAN_POINT('',(-1.777080845562,9.228049820645,
    7.800250034786));
#4428 = CARTESIAN_POINT('',(-1.819715975906,9.15973281778,7.790290993733
    ));
#4429 = CARTESIAN_POINT('',(-1.863766826763,9.08914731517,7.780001257814
    ));
#4430 = CARTESIAN_POINT('',(-1.904248758366,9.015615008935,
    7.770148256341));
#4431 = CARTESIAN_POINT('',(-1.940121391388,8.940375742742,
    7.761180901556));
#4432 = CARTESIAN_POINT('',(-1.976479242431,8.864118780193,
    7.752092253134));
#4433 = CARTESIAN_POINT('',(-2.008101995943,8.786108368251,
    7.743920285312));
#4434 = CARTESIAN_POINT('',(-2.035025252656,8.706800891765,
    7.736838645148));
#4435 = CARTESIAN_POINT('',(-2.061931067404,8.62754479384,7.729761592754
    ));
#4436 = CARTESIAN_POINT('',(-2.084143651309,8.546993311407,
    7.723773422351));
#4437 = CARTESIAN_POINT('',(-2.101688432671,8.465601942897,7.71899642));
#4438 = CARTESIAN_POINT('',(-2.119218163556,8.384280394512,
    7.714223515516));
#4439 = CARTESIAN_POINT('',(-2.132088213488,8.302120400394,
    7.710659679189));
#4440 = CARTESIAN_POINT('',(-2.140311643556,8.219576287756,
    7.708376357474));
#4441 = CARTESIAN_POINT('',(-2.148527452243,8.137108676061,
    7.706095151915));
#4442 = CARTESIAN_POINT('',(-2.152105305368,8.054257657509,
    7.705092080388));
#4443 = CARTESIAN_POINT('',(-2.151044655549,7.971476297287,7.70538817256
    ));
#4444 = CARTESIAN_POINT('',(-2.149985532819,7.888814122919,
    7.705683838429));
#4445 = CARTESIAN_POINT('',(-2.144301247999,7.806221406442,
    7.707274933816));
#4446 = CARTESIAN_POINT('',(-2.133977351194,7.724149258934,
    7.710132337683));
#4447 = CARTESIAN_POINT('',(-2.123662177161,7.642146455058,
    7.712987327299));
#4448 = CARTESIAN_POINT('',(-2.10871516288,7.560663340854,7.717106511837
    ));
#4449 = CARTESIAN_POINT('',(-2.089108536091,7.480149884922,
    7.722410603201));
#4450 = CARTESIAN_POINT('',(-2.069533925129,7.399767900098,
    7.727706033469));
#4451 = CARTESIAN_POINT('',(-2.045314779925,7.320352409405,
    7.734182537209));
#4452 = CARTESIAN_POINT('',(-2.01641158222,7.242351180765,7.741710685055
    ));
#4453 = CARTESIAN_POINT('',(-1.993552073404,7.180660090667,
    7.747664689307));
#4454 = CARTESIAN_POINT('',(-1.967762319268,7.119853651402,
    7.754275545225));
#4455 = CARTESIAN_POINT('',(-1.93901845231,7.060153384519,7.761456528359
    ));
#4456 = CARTESIAN_POINT('',(-1.903349340856,6.986069564258,
    7.770367621919));
#4457 = CARTESIAN_POINT('',(-1.863132653342,6.913689145417,
    7.780150789272));
#4458 = CARTESIAN_POINT('',(-1.819479032998,6.84412282421,7.790346336876
    ));
#4459 = CARTESIAN_POINT('',(-1.778455739078,6.778748185878,
    7.799927557008));
#4460 = CARTESIAN_POINT('',(-1.734397041128,6.715858738043,
    7.809871753778));
#4461 = CARTESIAN_POINT('',(-1.688238607667,6.656376258146,
    7.819836980627));
#4462 = CARTESIAN_POINT('',(-1.685725666426,6.653137933843,
    7.820379504011));
#4463 = CARTESIAN_POINT('',(-1.68320650567,6.64990970743,7.820922102315)
  );
#4464 = CARTESIAN_POINT('',(-1.680681277738,6.646691727642,
    7.821464724887));
#4465 = CARTESIAN_POINT('',(-1.636671851079,6.590609089056,
    7.830921498271));
#4466 = CARTESIAN_POINT('',(-1.590818313994,6.537638676635,
    7.840390240387));
#4467 = CARTESIAN_POINT('',(-1.542527699095,6.487400863699,
    7.849879508472));
#4468 = CARTESIAN_POINT('',(-1.496597397826,6.439618538127,
    7.858904966997));
#4469 = CARTESIAN_POINT('',(-1.448462325217,6.394308216157,
    7.867949196029));
#4470 = CARTESIAN_POINT('',(-1.397607228809,6.351143260019,
    7.876972390074));
#4471 = CARTESIAN_POINT('',(-1.382542398365,6.338356483643,
    7.879645335323));
#4472 = CARTESIAN_POINT('',(-1.367238849874,6.325757968498,
    7.882316094845));
#4473 = CARTESIAN_POINT('',(-1.351683121594,6.313339223643,
    7.884982735479));
#4474 = CARTESIAN_POINT('',(-1.293232796158,6.266676048176,
    7.895002582192));
#4475 = CARTESIAN_POINT('',(-1.231226571622,6.222550986519,
    7.904958836428));
#4476 = CARTESIAN_POINT('',(-1.166405164553,6.181377173068,
    7.914511923808));
#4477 = CARTESIAN_POINT('',(-1.106352220671,6.14323223268,7.923362256534
    ));
#4478 = CARTESIAN_POINT('',(-1.043883238526,6.107620305371,
    7.931866291796));
#4479 = CARTESIAN_POINT('',(-0.979601162409,6.074869893807,
    7.939797325033));
#4480 = CARTESIAN_POINT('',(-0.916897365562,6.04292358346,7.947533632368
    ));
#4481 = CARTESIAN_POINT('',(-0.852468568205,6.013699999679,
    7.954724410965));
#4482 = CARTESIAN_POINT('',(-0.786885832092,5.987504037764,
    7.961206610009));
#4483 = CARTESIAN_POINT('',(-0.722651357191,5.961846616957,
    7.967555546886));
#4484 = CARTESIAN_POINT('',(-0.657310095402,5.93909361286,7.973224598773
    ));
#4485 = CARTESIAN_POINT('',(-0.59140715289,5.919531500436,7.97810990019)
  );
#4486 = CARTESIAN_POINT('',(-0.553955157453,5.908414543934,
    7.980886169039));
#4487 = CARTESIAN_POINT('',(-0.516321907263,5.898328097816,
    7.983410243203));
#4488 = CARTESIAN_POINT('',(-0.478608325768,5.889324739244,
    7.985670546078));
#4489 = CARTESIAN_POINT('',(-0.38128521345,5.866090804869,7.991503450351
    ));
#4490 = CARTESIAN_POINT('',(-0.283395221982,5.85006960564,7.99558045852)
  );
#4491 = CARTESIAN_POINT('',(-0.185341373416,5.841159748295,
    7.997852747788));
#4492 = CARTESIAN_POINT('',(-8.735436285724E-02,5.832255964318,
    8.000123488159));
#4493 = CARTESIAN_POINT('',(1.079597220076E-02,5.830453830693,
    8.000591943291));
#4494 = CARTESIAN_POINT('',(0.10870524528,5.835652161361,7.999261414009)
  );
#4495 = CARTESIAN_POINT('',(0.206907458671,5.840866045209,7.997926903841
    ));
#4496 = CARTESIAN_POINT('',(0.304866853724,5.853122346189,7.994782650611
    ));
#4497 = CARTESIAN_POINT('',(0.402177882352,5.872318967285,7.989884414117
    ));
#4498 = CARTESIAN_POINT('',(0.426263494065,5.877070354343,7.988672043598
    ));
#4499 = CARTESIAN_POINT('',(0.450309410062,5.882246919353,7.987352469576
    ));
#4500 = CARTESIAN_POINT('',(0.474309538191,5.887847114215,7.985927025836
    ));
#4501 = CARTESIAN_POINT('',(0.544010849126,5.904111232524,7.981787243881
    ));
#4502 = CARTESIAN_POINT('',(0.613333232103,5.923948419206,7.976749840608
    ));
#4503 = CARTESIAN_POINT('',(0.681754182767,5.947146519842,7.9708977684)
  );
#4504 = CARTESIAN_POINT('',(0.751795224754,5.970893911904,7.964907129111
    ));
#4505 = CARTESIAN_POINT('',(0.820891402538,5.998163263669,7.958062830006
    ));
#4506 = CARTESIAN_POINT('',(0.888490459523,6.028726990698,7.950508455648
    ));
#4507 = CARTESIAN_POINT('',(0.95762631968,6.059985556305,7.942782339451)
  );
#4508 = CARTESIAN_POINT('',(1.025196006514,6.094689989099,7.934313744896
    ));
#4509 = CARTESIAN_POINT('',(1.090620739304,6.132596827318,7.92531049253)
  );
#4510 = CARTESIAN_POINT('',(1.159606259659,6.172566772138,7.915817231757
    ));
#4511 = CARTESIAN_POINT('',(1.2262067607,6.216097194796,7.905729811249)
  );
#4512 = CARTESIAN_POINT('',(1.289760544424,6.262902679025,7.895347854151
    ));
#4513 = CARTESIAN_POINT('',(1.309098038683,6.277144172285,7.892188938599
    ));
#4514 = CARTESIAN_POINT('',(1.328153592345,6.291688871022,7.889003109292
    ));
#4515 = CARTESIAN_POINT('',(1.346908891566,6.306528735253,7.885799670155
    ));
#4516 = CARTESIAN_POINT('',(1.42881077818,6.371332440237,7.87181067932)
  );
#4517 = CARTESIAN_POINT('',(1.505001450281,6.441764810244,7.857487434087
    ));
#4518 = CARTESIAN_POINT('',(1.575278889445,6.517464168947,7.84337277072)
  );
#4519 = CARTESIAN_POINT('',(1.643726696193,6.5911927387,7.829625574437)
  );
#4520 = CARTESIAN_POINT('',(1.706565870231,6.669917621068,7.816076692115
    ));
#4521 = CARTESIAN_POINT('',(1.763623932572,6.753304658787,7.803180801728
    ));
#4522 = CARTESIAN_POINT('',(1.818463053402,6.833448842616,7.790786422001
    ));
#4523 = CARTESIAN_POINT('',(1.867962534827,6.917899617854,7.778995452746
    ));
#4524 = CARTESIAN_POINT('',(1.911973281265,7.006360316094,7.768163114387
    ));
#4525 = CARTESIAN_POINT('',(1.919729689983,7.021950538634,7.766254034208
    ));
#4526 = CARTESIAN_POINT('',(1.927315616129,7.037665310085,7.764374598614
    ));
#4527 = CARTESIAN_POINT('',(1.934730237583,7.053503006481,7.762526580166
    ));
#4528 = CARTESIAN_POINT('',(1.976414491607,7.142540938333,7.752137206827
    ));
#4529 = CARTESIAN_POINT('',(2.012665859567,7.235464005256,7.742748802077
    ));
#4530 = CARTESIAN_POINT('',(2.042977181744,7.330427344264,7.734742674121
    ));
#4531 = CARTESIAN_POINT('',(2.07091867694,7.417966174314,7.727362488443)
  );
#4532 = CARTESIAN_POINT('',(2.093813078749,7.507238718981,7.721157544678
    ));
#4533 = CARTESIAN_POINT('',(2.111256164888,7.596799876597,7.716384995982
    ));
#4534 = CARTESIAN_POINT('',(2.12722540797,7.678793618148,7.712015700914)
  );
#4535 = CARTESIAN_POINT('',(2.138625824675,7.761029260788,7.708847207091
    ));
#4536 = CARTESIAN_POINT('',(2.145137032157,7.842397932507,7.707034910604
    ));
#4537 = CARTESIAN_POINT('',(2.149378474326,7.895402005335,7.705854369089
    ));
#4538 = CARTESIAN_POINT('',(2.1515450623,7.948038196143,7.705248460945)
  );
#4539 = CARTESIAN_POINT('',(2.1515450623,8.,7.705248460945));
#4540 = PCURVE('',#3714,#4541);
#4541 = DEFINITIONAL_REPRESENTATION('',(#4542),#4546);
#4542 = LINE('',#4543,#4544);
#4543 = CARTESIAN_POINT('',(9.620884586345E-16,0.));
#4544 = VECTOR('',#4545,1.);
#4545 = DIRECTION('',(0.,-1.));
#4546 = ( GEOMETRIC_REPRESENTATION_CONTEXT(2) 
PARAMETRIC_REPRESENTATION_CONTEXT() REPRESENTATION_CONTEXT('2D SPACE',''
  ) );
#4547 = PCURVE('',#4548,#4553);
#4548 = CYLINDRICAL_SURFACE('',#4549,8.);
#4549 = AXIS2_PLACEMENT_3D('',#4550,#4551,#4552);
#4550 = CARTESIAN_POINT('',(0.,0.,0.));
#4551 = DIRECTION('',(0.,1.,0.));
#4552 = DIRECTION('',(1.,0.,0.));
#4553 = DEFINITIONAL_REPRESENTATION('',(#4554),#4822);
#4554 = B_SPLINE_CURVE_WITH_KNOTS('',3,(#4555,#4556,#4557,#4558,#4559,
    #4560,#4561,#4562,#4563,#4564,#4565,#4566,#4567,#4568,#4569,#4570,
    #4571,#4572,#4573,#4574,#4575,#4576,#4577,#4578,#4579,#4580,#4581,
    #4582,#4583,#4584,#4585,#4586,#4587,#4588,#4589,#4590,#4591,#4592,
    #4593,#4594,#4595,#4596,#4597,#4598,#4599,#4600,#4601,#4602,#4603,
    #4604,#4605,#4606,#4607,#4608,#4609,#4610,#4611,#4612,#4613,#4614,
    #4615,#4616,#4617,#4618,#4619,#4620,#4621,#4622,#4623,#4624,#4625,
    #4626,#4627,#4628,#4629,#4630,#4631,#4632,#4633,#4634,#4635,#4636,
    #4637,#4638,#4639,#4640,#4641,#4642,#4643,#4644,#4645,#4646,#4647,
    #4648,#4649,#4650,#4651,#4652,#4653,#4654,#4655,#4656,#4657,#4658,
    #4659,#4660,#4661,#4662,#4663,#4664,#4665,#4666,#4667,#4668,#4669,
    #4670,#4671,#4672,#4673,#4674,#4675,#4676,#4677,#4678,#4679,#4680,
    #4681,#4682,#4683,#4684,#4685,#4686,#4687,#4688,#4689,#4690,#4691,
    #4692,#4693,#4694,#4695,#4696,#4697,#4698,#4699,#4700,#4701,#4702,
    #4703,#4704,#4705,#4706,#4707,#4708,#4709,#4710,#4711,#4712,#4713,
    #4714,#4715,#4716,#4717,#4718,#4719,#4720,#4721,#4722,#4723,#4724,
    #4725,#4726,#4727,#4728,#4729,#4730,#4731,#4732,#4733,#4734,#4735,
    #4736,#4737,#4738,#4739,#4740,#4741,#4742,#4743,#4744,#4745,#4746,
    #4747,#4748,#4749,#4750,#4751,#4752,#4753,#4754,#4755,#4756,#4757,
    #4758,#4759,#4760,#4761,#4762,#4763,#4764,#4765,#4766,#4767,#4768,
    #4769,#4770,#4771,#4772,#4773,#4774,#4775,#4776,#4777,#4778,#4779,
    #4780,#4781,#4782,#4783,#4784,#4785,#4786,#4787,#4788,#4789,#4790,
    #4791,#4792,#4793,#4794,#4795,#4796,#4797,#4798,#4799,#4800,#4801,
    #4802,#4803,#4804,#4805,#4806,#4807,#4808,#4809,#4810,#4811,#4812,
    #4813,#4814,#4815,#4816,#4817,#4818,#4819,#4820,#4821),
  .UNSPECIFIED.,.T.,.F.,(4,1,1,1,1,1,1,1,1,1,1,1,1,1,1,1,1,1,1,1,1,1,1,1
    ,1,1,1,1,1,1,1,1,1,1,1,1,1,1,1,1,1,1,1,1,1,1,1,1,1,1,1,1,1,1,1,1,1,1
    ,1,1,1,1,1,1,1,1,1,1,1,1,1,1,1,1,1,1,1,1,1,1,1,1,1,1,1,1,1,1,1,1,1,1
    ,1,1,1,1,1,1,1,1,1,1,1,1,1,1,1,1,1,1,1,1,1,1,1,1,1,1,1,1,1,1,1,1,1,1
    ,1,1,1,1,1,1,1,1,1,1,1,1,1,1,1,1,1,1,1,1,1,1,1,1,1,1,1,1,1,1,1,1,1,1
    ,1,1,1,1,1,1,1,1,1,1,1,1,1,1,1,1,1,1,1,1,1,1,1,1,1,1,1,1,1,1,1,1,1,1
    ,1,1,1,1,1,1,1,1,1,1,1,1,1,1,1,1,1,1,1,1,1,1,1,1,1,1,1,1,1,1,1,1,1,1
    ,1,1,1,1,1,1,1,1,1,1,1,1,1,1,1,1,1,1,1,1,1,1,1,1,1,1,1,1,1,1,1,1,1,1
    ,1,1,4),(-1.007274582249,-1.003459148226,-0.999643714202,
    -0.995828280178,-0.992012846155,-0.988197412131,-0.984381978107,
    -0.980566544084,-0.97675111006,-0.972935676036,-0.969120242013,
    -0.965304807989,-0.961489373965,-0.957673939942,-0.953858505918,
    -0.950043071894,-0.946227637871,-0.942412203847,-0.938596769823,
    -0.9347813358,-0.930965901776,-0.927150467752,-0.923335033729,
    -0.919519599705,-0.915704165681,-0.911888731658,-0.908073297634,
    -0.90425786361,-0.900442429587,-0.896626995563,-0.892811561539,
    -0.888996127516,-0.885180693492,-0.881365259468,-0.877549825445,
    -0.873734391421,-0.869918957397,-0.866103523374,-0.86228808935,
    -0.858472655326,-0.854657221303,-0.850841787279,-0.847026353255,
    -0.843210919232,-0.839395485208,-0.835580051184,-0.831764617161,
    -0.827949183137,-0.824133749113,-0.820318315089,-0.816502881066,
    -0.812687447042,-0.808872013018,-0.805056578995,-0.801241144971,
    -0.797425710947,-0.793610276924,-0.7897948429,-0.785979408876,
    -0.782163974853,-0.778348540829,-0.774533106805,-0.770717672782,
    -0.766902238758,-0.763086804734,-0.759271370711,-0.755455936687,
    -0.751640502663,-0.74782506864,-0.744009634616,-0.740194200592,
    -0.736378766569,-0.732563332545,-0.728747898521,-0.724932464498,
    -0.721117030474,-0.71730159645,-0.713486162427,-0.709670728403,
    -0.705855294379,-0.702039860356,-0.698224426332,-0.694408992308,
    -0.690593558285,-0.686778124261,-0.682962690237,-0.679147256214,
    -0.67533182219,-0.671516388166,-0.667700954143,-0.663885520119,
    -0.660070086095,-0.656254652072,-0.652439218048,-0.648623784024,
    -0.644808350001,-0.640992915977,-0.637177481953,-0.63336204793,
    -0.629546613906,-0.625731179882,-0.621915745859,-0.618100311835,
    -0.614284877811,-0.610469443788,-0.606654009764,-0.60283857574,
    -0.599023141717,-0.595207707693,-0.591392273669,-0.587576839645,
    -0.583761405622,-0.579945971598,-0.576130537574,-0.572315103551,
    -0.568499669527,-0.564684235503,-0.56086880148,-0.557053367456,
    -0.553237933432,-0.549422499409,-0.545607065385,-0.541791631361,
    -0.537976197338,-0.534160763314,-0.53034532929,-0.526529895267,
    -0.522714461243,-0.518899027219,-0.515083593196,-0.511268159172,
    -0.507452725148,-0.503637291125,-0.499821857101,-0.496006423077,
    -0.492190989054,-0.48837555503,-0.484560121006,-0.480744686983,
    -0.476929252959,-0.473113818935,-0.469298384912,-0.465482950888,
    -0.461667516864,-0.457852082841,-0.454036648817,-0.450221214793,
    -0.44640578077,-0.442590346746,-0.438774912722,-0.434959478699,
    -0.431144044675,-0.427328610651,-0.423513176628,-0.419697742604,
    -0.41588230858,-0.412066874557,-0.408251440533,-0.404436006509,
    -0.400620572486,-0.396805138462,-0.392989704438,-0.389174270415,
    -0.385358836391,-0.381543402367,-0.377727968344,-0.37391253432,
    -0.370097100296,-0.366281666273,-0.362466232249,-0.358650798225,
    -0.354835364202,-0.351019930178,-0.347204496154,-0.34338906213,
    -0.339573628107,-0.335758194083,-0.331942760059,-0.328127326036,
    -0.324311892012,-0.320496457988,-0.316681023965,-0.312865589941,
    -0.309050155917,-0.305234721894,-0.30141928787,-0.297603853846,
    -0.293788419823,-0.289972985799,-0.286157551775,-0.282342117752,
    -0.278526683728,-0.274711249704,-0.270895815681,-0.267080381657,
    -0.263264947633,-0.25944951361,-0.255634079586,-0.251818645562,
    -0.248003211539,-0.244187777515,-0.240372343491,-0.236556909468,
    -0.232741475444,-0.22892604142,-0.225110607397,-0.221295173373,
    -0.217479739349,-0.213664305326,-0.209848871302,-0.206033437278,
    -0.202218003255,-0.198402569231,-0.194587135207,-0.190771701184,
    -0.18695626716,-0.183140833136,-0.179325399113,-0.175509965089,
    -0.171694531065,-0.167879097042,-0.164063663018,-0.160248228994,
    -0.156432794971,-0.152617360947,-0.148801926923,-0.1449864929,
    -0.141171058876,-0.137355624852,-0.133540190829,-0.129724756805,
    -0.125909322781,-0.122093888758,-0.118278454734,-0.11446302071,
    -0.110647586686,-0.106832152663,-0.103016718639,-9.920128461547E-02,
    -9.53858505918E-02,-9.157041656813E-02,-8.775498254446E-02,
    -8.393954852079E-02,-8.012411449711E-02,-7.630868047344E-02,
    -7.249324644977E-02,-6.86778124261E-02,-6.486237840242E-02,
    -6.104694437875E-02,-5.723151035508E-02,-5.341607633141E-02,
    -4.960064230774E-02,-4.578520828406E-02,-4.196977426039E-02,
    -3.815434023672E-02,-3.433890621305E-02,-3.052347218938E-02,
    -2.67080381657E-02,-2.289260414203E-02,-1.907717011836E-02,
    -1.526173609469E-02,-1.144630207102E-02,-7.630868047344E-03,
    -3.815434023672E-03,0.),.UNSPECIFIED.);
#4555 = CARTESIAN_POINT('',(-1.298500759625,8.));
#4556 = CARTESIAN_POINT('',(-1.298500759634,8.016618728545));
#4557 = CARTESIAN_POINT('',(-1.298556198272,8.049985726927));
#4558 = CARTESIAN_POINT('',(-1.298803951508,8.10036744999));
#4559 = CARTESIAN_POINT('',(-1.299214579337,8.151023000156));
#4560 = CARTESIAN_POINT('',(-1.299786361475,8.201894979039));
#4561 = CARTESIAN_POINT('',(-1.300517577294,8.252925988252));
#4562 = CARTESIAN_POINT('',(-1.301406508393,8.304058629408));
#4563 = CARTESIAN_POINT('',(-1.302451432543,8.355235504121));
#4564 = CARTESIAN_POINT('',(-1.303650627912,8.406399214006));
#4565 = CARTESIAN_POINT('',(-1.305002374495,8.457492360672));
#4566 = CARTESIAN_POINT('',(-1.306504952434,8.508457545743));
#4567 = CARTESIAN_POINT('',(-1.308156647511,8.559237370797));
#4568 = CARTESIAN_POINT('',(-1.309955734066,8.609774437576));
#4569 = CARTESIAN_POINT('',(-1.311900487416,8.66001134722));
#4570 = CARTESIAN_POINT('',(-1.313989186742,8.709890703107));
#4571 = CARTESIAN_POINT('',(-1.316220114701,8.759355100262));
#4572 = CARTESIAN_POINT('',(-1.318591556514,8.808347164887));
#4573 = CARTESIAN_POINT('',(-1.321101795324,8.856809406837));
#4574 = CARTESIAN_POINT('',(-1.323749071549,8.904684770164));
#4575 = CARTESIAN_POINT('',(-1.326531797872,8.951914578486));
#4576 = CARTESIAN_POINT('',(-1.329447738675,8.998446331799));
#4577 = CARTESIAN_POINT('',(-1.332494926635,9.044269895512));
#4578 = CARTESIAN_POINT('',(-1.335671660211,9.089371240105));
#4579 = CARTESIAN_POINT('',(-1.338976176306,9.133737379702));
#4580 = CARTESIAN_POINT('',(-1.342406739474,9.177355048783));
#4581 = CARTESIAN_POINT('',(-1.345961613586,9.220211056757));
#4582 = CARTESIAN_POINT('',(-1.349639086992,9.262292192959));
#4583 = CARTESIAN_POINT('',(-1.353437409598,9.303585252101));
#4584 = CARTESIAN_POINT('',(-1.357354803856,9.344077027453));
#4585 = CARTESIAN_POINT('',(-1.3613895128,9.383754312674));
#4586 = CARTESIAN_POINT('',(-1.365539787942,9.422603901314));
#4587 = CARTESIAN_POINT('',(-1.369803893878,9.460612586968));
#4588 = CARTESIAN_POINT('',(-1.374180103714,9.49776716316));
#4589 = CARTESIAN_POINT('',(-1.378666714507,9.534054423657));
#4590 = CARTESIAN_POINT('',(-1.383261958398,9.569461161316));
#4591 = CARTESIAN_POINT('',(-1.387964063515,9.603974172401));
#4592 = CARTESIAN_POINT('',(-1.392771284991,9.637580240452));
#4593 = CARTESIAN_POINT('',(-1.397681860881,9.670266196498));
#4594 = CARTESIAN_POINT('',(-1.402694155971,9.702018694338));
#4595 = CARTESIAN_POINT('',(-1.407806116722,9.732825102015));
#4596 = CARTESIAN_POINT('',(-1.413014064315,9.762674709155));
#4597 = CARTESIAN_POINT('',(-1.418314553193,9.791556511608));
#4598 = CARTESIAN_POINT('',(-1.423704092702,9.819459583942));
#4599 = CARTESIAN_POINT('',(-1.429179229296,9.846372979632));
#4600 = CARTESIAN_POINT('',(-1.434736501016,9.872285757806));
#4601 = CARTESIAN_POINT('',(-1.440372395984,9.897186976076));
#4602 = CARTESIAN_POINT('',(-1.446083425289,9.92106569246));
#4603 = CARTESIAN_POINT('',(-1.451866109581,9.943910964869));
#4604 = CARTESIAN_POINT('',(-1.457716992847,9.965711851241));
#4605 = CARTESIAN_POINT('',(-1.463632603845,9.986457409507));
#4606 = CARTESIAN_POINT('',(-1.469609436596,10.006136697601));
#4607 = CARTESIAN_POINT('',(-1.475644005885,10.024738773454));
#4608 = CARTESIAN_POINT('',(-1.481732834302,10.042252695001));
#4609 = CARTESIAN_POINT('',(-1.487872466511,10.058667520174));
#4610 = CARTESIAN_POINT('',(-1.494059415166,10.073972306904));
#4611 = CARTESIAN_POINT('',(-1.50029018532,10.088156113126));
#4612 = CARTESIAN_POINT('',(-1.506561294512,10.101207996772));
#4613 = CARTESIAN_POINT('',(-1.512869269917,10.113117015774));
#4614 = CARTESIAN_POINT('',(-1.519210647407,10.123872228066));
#4615 = CARTESIAN_POINT('',(-1.525581932611,10.133462691579));
#4616 = CARTESIAN_POINT('',(-1.531979641344,10.141877464248));
#4617 = CARTESIAN_POINT('',(-1.53840029241,10.149105604004));
#4618 = CARTESIAN_POINT('',(-1.544840416324,10.15513616878));
#4619 = CARTESIAN_POINT('',(-1.551296532308,10.159958216509));
#4620 = CARTESIAN_POINT('',(-1.557765155567,10.163560805124));
#4621 = CARTESIAN_POINT('',(-1.564242804863,10.165932992558));
#4622 = CARTESIAN_POINT('',(-1.570726001221,10.167063836737));
#4623 = CARTESIAN_POINT('',(-1.577211267616,10.166942395627));
#4624 = CARTESIAN_POINT('',(-1.583695120899,10.165557727034));
#4625 = CARTESIAN_POINT('',(-1.59017408477,10.162898889361));
#4626 = CARTESIAN_POINT('',(-1.596644677455,10.158954938786));
#4627 = CARTESIAN_POINT('',(-1.603103418724,10.153714939791));
#4628 = CARTESIAN_POINT('',(-1.609546821183,10.147167925867));
#4629 = CARTESIAN_POINT('',(-1.615971414329,10.139303046169));
#4630 = CARTESIAN_POINT('',(-1.62237372103,10.130109018176));
#4631 = CARTESIAN_POINT('',(-1.628750259239,10.119576170415));
#4632 = CARTESIAN_POINT('',(-1.635097538606,10.107688818895));
#4633 = CARTESIAN_POINT('',(-1.641414669108,10.094462022748));
#4634 = CARTESIAN_POINT('',(-1.64769616963,10.079933363978));
#4635 = CARTESIAN_POINT('',(-1.653937318689,10.06413532831));
#4636 = CARTESIAN_POINT('',(-1.660133179005,10.047101767011));
#4637 = CARTESIAN_POINT('',(-1.666278866491,10.02886616545));
#4638 = CARTESIAN_POINT('',(-1.672369517685,10.009462107042));
#4639 = CARTESIAN_POINT('',(-1.678400251858,9.98892314893));
#4640 = CARTESIAN_POINT('',(-1.684366178168,9.967282855291));
#4641 = CARTESIAN_POINT('',(-1.69026238653,9.944574788436));
#4642 = CARTESIAN_POINT('',(-1.696084014869,9.920832511111));
#4643 = CARTESIAN_POINT('',(-1.701826194322,9.89608958618));
#4644 = CARTESIAN_POINT('',(-1.707484038177,9.870379575613));
#4645 = CARTESIAN_POINT('',(-1.713052638502,9.843736044825));
#4646 = CARTESIAN_POINT('',(-1.71852710095,9.816192546352));
#4647 = CARTESIAN_POINT('',(-1.723902572475,9.787782680801));
#4648 = CARTESIAN_POINT('',(-1.729174194331,9.758539869373));
#4649 = CARTESIAN_POINT('',(-1.734337000974,9.728498202818));
#4650 = CARTESIAN_POINT('',(-1.739386354273,9.6976892731));
#4651 = CARTESIAN_POINT('',(-1.744316358294,9.666153997781));
#4652 = CARTESIAN_POINT('',(-1.749127891199,9.633872295588));
#4653 = CARTESIAN_POINT('',(-1.753825866668,9.600801413081));
#4654 = CARTESIAN_POINT('',(-1.758414217503,9.566904219746));
#4655 = CARTESIAN_POINT('',(-1.762897111678,9.532142089041));
#4656 = CARTESIAN_POINT('',(-1.767278672563,9.496476755605));
#4657 = CARTESIAN_POINT('',(-1.771563045808,9.45987000538));
#4658 = CARTESIAN_POINT('',(-1.775754418059,9.422283057918));
#4659 = CARTESIAN_POINT('',(-1.779856735703,9.383679347029));
#4660 = CARTESIAN_POINT('',(-1.783874802969,9.344014015881));
#4661 = CARTESIAN_POINT('',(-1.787810007916,9.303275627105));
#4662 = CARTESIAN_POINT('',(-1.791653606521,9.261542655704));
#4663 = CARTESIAN_POINT('',(-1.795398336528,9.218879830387));
#4664 = CARTESIAN_POINT('',(-1.79903652867,9.175355564495));
#4665 = CARTESIAN_POINT('',(-1.802560608923,9.131037279134));
#4666 = CARTESIAN_POINT('',(-1.805962991853,9.085992679717));
#4667 = CARTESIAN_POINT('',(-1.809236122504,9.040289326667));
#4668 = CARTESIAN_POINT('',(-1.812372380491,8.99399507606));
#4669 = CARTESIAN_POINT('',(-1.815364325147,8.947176746352));
#4670 = CARTESIAN_POINT('',(-1.818203813119,8.899905010822));
#4671 = CARTESIAN_POINT('',(-1.820889920879,8.852208628045));
#4672 = CARTESIAN_POINT('',(-1.823422846889,8.804110246079));
#4673 = CARTESIAN_POINT('',(-1.825802488753,8.755634116137));
#4674 = CARTESIAN_POINT('',(-1.828028816094,8.706804059866));
#4675 = CARTESIAN_POINT('',(-1.83010177602,8.657644014016));
#4676 = CARTESIAN_POINT('',(-1.832021338196,8.608177884495));
#4677 = CARTESIAN_POINT('',(-1.833787463355,8.558429585475));
#4678 = CARTESIAN_POINT('',(-1.835400111244,8.508423028913));
#4679 = CARTESIAN_POINT('',(-1.836859236813,8.458182127361));
#4680 = CARTESIAN_POINT('',(-1.838164797842,8.407730793211));
#4681 = CARTESIAN_POINT('',(-1.839316757282,8.357092938897));
#4682 = CARTESIAN_POINT('',(-1.840315074741,8.306292476843));
#4683 = CARTESIAN_POINT('',(-1.841159709596,8.255353319475));
#4684 = CARTESIAN_POINT('',(-1.841850619345,8.204299379218));
#4685 = CARTESIAN_POINT('',(-1.84238776377,8.153154568498));
#4686 = CARTESIAN_POINT('',(-1.842771102753,8.10194279974));
#4687 = CARTESIAN_POINT('',(-1.843000595609,8.050687985371));
#4688 = CARTESIAN_POINT('',(-1.843076201646,7.999414037816));
#4689 = CARTESIAN_POINT('',(-1.84299788003,7.9481448695));
#4690 = CARTESIAN_POINT('',(-1.842765589929,7.896904392849));
#4691 = CARTESIAN_POINT('',(-1.84237929108,7.845716520289));
#4692 = CARTESIAN_POINT('',(-1.841838942893,7.794605164245));
#4693 = CARTESIAN_POINT('',(-1.841144504659,7.743594237144));
#4694 = CARTESIAN_POINT('',(-1.84029593503,7.69270765141));
#4695 = CARTESIAN_POINT('',(-1.839293192482,7.641969319469));
#4696 = CARTESIAN_POINT('',(-1.838136238893,7.591403153748));
#4697 = CARTESIAN_POINT('',(-1.836825033688,7.541033066669));
#4698 = CARTESIAN_POINT('',(-1.83535953578,7.490882970667));
#4699 = CARTESIAN_POINT('',(-1.833739700278,7.440976778137));
#4700 = CARTESIAN_POINT('',(-1.831965487743,7.391338401617));
#4701 = CARTESIAN_POINT('',(-1.830036862934,7.341991753116));
#4702 = CARTESIAN_POINT('',(-1.827953785551,7.292960746611));
#4703 = CARTESIAN_POINT('',(-1.825716210769,7.244269288738));
#4704 = CARTESIAN_POINT('',(-1.823324095588,7.195941313528));
#4705 = CARTESIAN_POINT('',(-1.820777388466,7.148000652782));
#4706 = CARTESIAN_POINT('',(-1.818076122928,7.100471519812));
#4707 = CARTESIAN_POINT('',(-1.815219989578,7.053376704128));
#4708 = CARTESIAN_POINT('',(-1.812209957815,7.006744422136));
#4709 = CARTESIAN_POINT('',(-1.809055011996,6.960640115689));
#4710 = CARTESIAN_POINT('',(-1.805763343843,6.915125803089));
#4711 = CARTESIAN_POINT('',(-1.802343349124,6.870264424122));
#4712 = CARTESIAN_POINT('',(-1.798803350435,6.826118656197));
#4713 = CARTESIAN_POINT('',(-1.795151708446,6.782751304752));
#4714 = CARTESIAN_POINT('',(-1.791396760302,6.740224925478));
#4715 = CARTESIAN_POINT('',(-1.787546963967,6.698602945025));
#4716 = CARTESIAN_POINT('',(-1.783610277644,6.657945555958));
#4717 = CARTESIAN_POINT('',(-1.779596487182,6.618325016225));
#4718 = CARTESIAN_POINT('',(-1.775503246765,6.579734665979));
#4719 = CARTESIAN_POINT('',(-1.771323830404,6.542138512431));
#4720 = CARTESIAN_POINT('',(-1.767052591535,6.505507839796));
#4721 = CARTESIAN_POINT('',(-1.762683579838,6.469811988239));
#4722 = CARTESIAN_POINT('',(-1.758210929453,6.435020797114));
#4723 = CARTESIAN_POINT('',(-1.753628795612,6.401104053076));
#4724 = CARTESIAN_POINT('',(-1.748931245299,6.368031254378));
#4725 = CARTESIAN_POINT('',(-1.744112599809,6.33577310559));
#4726 = CARTESIAN_POINT('',(-1.739166184491,6.304295774407));
#4727 = CARTESIAN_POINT('',(-1.734089476737,6.273583722464));
#4728 = CARTESIAN_POINT('',(-1.728890238749,6.2436706309));
#4729 = CARTESIAN_POINT('',(-1.72357457976,6.214582656099));
#4730 = CARTESIAN_POINT('',(-1.718149029288,6.186347970694));
#4731 = CARTESIAN_POINT('',(-1.712619972891,6.15899420707));
#4732 = CARTESIAN_POINT('',(-1.706993888444,6.132549142366));
#4733 = CARTESIAN_POINT('',(-1.701277233586,6.107040514939));
#4734 = CARTESIAN_POINT('',(-1.695476452693,6.082496073533));
#4735 = CARTESIAN_POINT('',(-1.689597962734,6.058943564117));
#4736 = CARTESIAN_POINT('',(-1.683648222489,6.036410733379));
#4737 = CARTESIAN_POINT('',(-1.677633691468,6.014925327902));
#4738 = CARTESIAN_POINT('',(-1.671560814869,5.994515093971));
#4739 = CARTESIAN_POINT('',(-1.665436017696,5.975207779167));
#4740 = CARTESIAN_POINT('',(-1.659265753524,5.95703112619));
#4741 = CARTESIAN_POINT('',(-1.653056479705,5.940012895959));
#4742 = CARTESIAN_POINT('',(-1.646814630609,5.924180781407));
#4743 = CARTESIAN_POINT('',(-1.640546681262,5.909562729187));
#4744 = CARTESIAN_POINT('',(-1.63425892939,5.896185739062));
#4745 = CARTESIAN_POINT('',(-1.627958402289,5.884080344627));
#4746 = CARTESIAN_POINT('',(-1.62164857254,5.873261461823));
#4747 = CARTESIAN_POINT('',(-1.615330232612,5.863722688914));
#4748 = CARTESIAN_POINT('',(-1.609004822011,5.855461793321));
#4749 = CARTESIAN_POINT('',(-1.602673605343,5.848475425344));
#4750 = CARTESIAN_POINT('',(-1.596337892037,5.842760534613));
#4751 = CARTESIAN_POINT('',(-1.589998976031,5.838313990553));
#4752 = CARTESIAN_POINT('',(-1.583658163157,5.835132684083));
#4753 = CARTESIAN_POINT('',(-1.577316752216,5.833213500357));
#4754 = CARTESIAN_POINT('',(-1.570976044491,5.832553326081));
#4755 = CARTESIAN_POINT('',(-1.564637341474,5.833149047531));
#4756 = CARTESIAN_POINT('',(-1.558301943801,5.834997551146));
#4757 = CARTESIAN_POINT('',(-1.55197115439,5.838095723143));
#4758 = CARTESIAN_POINT('',(-1.54564627457,5.842440450462));
#4759 = CARTESIAN_POINT('',(-1.539328600507,5.848028617374));
#4760 = CARTESIAN_POINT('',(-1.533019430779,5.854857118109));
#4761 = CARTESIAN_POINT('',(-1.526720074793,5.862922809719));
#4762 = CARTESIAN_POINT('',(-1.52043180884,5.872222688017));
#4763 = CARTESIAN_POINT('',(-1.514156040102,5.88275323095));
#4764 = CARTESIAN_POINT('',(-1.5078936721,5.894512849167));
#4765 = CARTESIAN_POINT('',(-1.501647881153,5.907490071047));
#4766 = CARTESIAN_POINT('',(-1.495424232914,5.921666185071));
#4767 = CARTESIAN_POINT('',(-1.489227790597,5.937024117899));
#4768 = CARTESIAN_POINT('',(-1.483063759756,5.953546357245));
#4769 = CARTESIAN_POINT('',(-1.476937310107,5.971215508436));
#4770 = CARTESIAN_POINT('',(-1.470853596341,5.990014145286));
#4771 = CARTESIAN_POINT('',(-1.464817787694,6.009924850053));
#4772 = CARTESIAN_POINT('',(-1.458835061591,6.030930202731));
#4773 = CARTESIAN_POINT('',(-1.452910607148,6.05301278392));
#4774 = CARTESIAN_POINT('',(-1.447049571103,6.076155174066));
#4775 = CARTESIAN_POINT('',(-1.441257116722,6.100339953629));
#4776 = CARTESIAN_POINT('',(-1.435538418664,6.125549703161));
#4777 = CARTESIAN_POINT('',(-1.429898674163,6.151767002832));
#4778 = CARTESIAN_POINT('',(-1.424343041749,6.178974434247));
#4779 = CARTESIAN_POINT('',(-1.418876670548,6.207154573655));
#4780 = CARTESIAN_POINT('',(-1.413504722257,6.236290017296));
#4781 = CARTESIAN_POINT('',(-1.408232418383,6.266363286802));
#4782 = CARTESIAN_POINT('',(-1.403064822069,6.297357182241));
#4783 = CARTESIAN_POINT('',(-1.398007502423,6.329253464546));
#4784 = CARTESIAN_POINT('',(-1.393062086344,6.362040691666));
#4785 = CARTESIAN_POINT('',(-1.388229199976,6.395709947975));
#4786 = CARTESIAN_POINT('',(-1.383509748262,6.430251690951));
#4787 = CARTESIAN_POINT('',(-1.378904581782,6.465656546048));
#4788 = CARTESIAN_POINT('',(-1.374414582062,6.501915093711));
#4789 = CARTESIAN_POINT('',(-1.370040652281,6.539017926445));
#4790 = CARTESIAN_POINT('',(-1.365783638687,6.576955633525));
#4791 = CARTESIAN_POINT('',(-1.36164437641,6.615718805087));
#4792 = CARTESIAN_POINT('',(-1.357623718615,6.655298031046));
#4793 = CARTESIAN_POINT('',(-1.353722529013,6.695683901347));
#4794 = CARTESIAN_POINT('',(-1.349941681121,6.736867006036));
#4795 = CARTESIAN_POINT('',(-1.346282067838,6.778837934721));
#4796 = CARTESIAN_POINT('',(-1.342744536802,6.821587278663));
#4797 = CARTESIAN_POINT('',(-1.339329933072,6.865105622947));
#4798 = CARTESIAN_POINT('',(-1.336039113948,6.909383575714));
#4799 = CARTESIAN_POINT('',(-1.332872942081,6.954411659053));
#4800 = CARTESIAN_POINT('',(-1.329832295954,7.000180716209));
#4801 = CARTESIAN_POINT('',(-1.32691803422,7.046680391844));
#4802 = CARTESIAN_POINT('',(-1.324131060102,7.09390480381));
#4803 = CARTESIAN_POINT('',(-1.321473993722,7.141799414735));
#4804 = CARTESIAN_POINT('',(-1.31894913911,7.190302593891));
#4805 = CARTESIAN_POINT('',(-1.316558885118,7.239354571562));
#4806 = CARTESIAN_POINT('',(-1.31430560338,7.288895079376));
#4807 = CARTESIAN_POINT('',(-1.312191678901,7.338863982574));
#4808 = CARTESIAN_POINT('',(-1.310219488088,7.389201110596));
#4809 = CARTESIAN_POINT('',(-1.308391396551,7.439846302476));
#4810 = CARTESIAN_POINT('',(-1.306709776999,7.490739394675));
#4811 = CARTESIAN_POINT('',(-1.305177003381,7.541820224345));
#4812 = CARTESIAN_POINT('',(-1.303795453012,7.593028628453));
#4813 = CARTESIAN_POINT('',(-1.302567503515,7.644304444016));
#4814 = CARTESIAN_POINT('',(-1.301495524712,7.695587508035));
#4815 = CARTESIAN_POINT('',(-1.300581890663,7.746817657518));
#4816 = CARTESIAN_POINT('',(-1.299828975255,7.79793472947));
#4817 = CARTESIAN_POINT('',(-1.299239153922,7.848878560896));
#4818 = CARTESIAN_POINT('',(-1.298814800936,7.899588988804));
#4819 = CARTESIAN_POINT('',(-1.298558289709,7.950005850198));
#4820 = CARTESIAN_POINT('',(-1.298500759631,7.983381271455));
#4821 = CARTESIAN_POINT('',(-1.298500759625,8.));
#4822 = ( GEOMETRIC_REPRESENTATION_CONTEXT(2) 
PARAMETRIC_REPRESENTATION_CONTEXT() REPRESENTATION_CONTEXT('2D SPACE',''
  ) );
#4823 = ADVANCED_FACE('',(#4824),#4032,.F.);
#4824 = FACE_BOUND('',#4825,.F.);
#4825 = EDGE_LOOP('',(#4826,#4849,#4850,#4851));
#4826 = ORIENTED_EDGE('',*,*,#4827,.T.);
#4827 = EDGE_CURVE('',#4828,#3706,#4830,.T.);
#4828 = VERTEX_POINT('',#4829);
#4829 = CARTESIAN_POINT('',(1.666,8.,3.636542863765));
#4830 = SEAM_CURVE('',#4831,(#4835,#4842),.PCURVE_S1.);
#4831 = LINE('',#4832,#4833);
#4832 = CARTESIAN_POINT('',(1.666,8.,8.8));
#4833 = VECTOR('',#4834,1.);
#4834 = DIRECTION('',(0.,0.,1.));
#4835 = PCURVE('',#4032,#4836);
#4836 = DEFINITIONAL_REPRESENTATION('',(#4837),#4841);
#4837 = LINE('',#4838,#4839);
#4838 = CARTESIAN_POINT('',(9.424777960769,0.));
#4839 = VECTOR('',#4840,1.);
#4840 = DIRECTION('',(0.,1.));
#4841 = ( GEOMETRIC_REPRESENTATION_CONTEXT(2) 
PARAMETRIC_REPRESENTATION_CONTEXT() REPRESENTATION_CONTEXT('2D SPACE',''
  ) );
#4842 = PCURVE('',#4032,#4843);
#4843 = DEFINITIONAL_REPRESENTATION('',(#4844),#4848);
#4844 = LINE('',#4845,#4846);
#4845 = CARTESIAN_POINT('',(3.14159265359,0.));
#4846 = VECTOR('',#4847,1.);
#4847 = DIRECTION('',(0.,1.));
#4848 = ( GEOMETRIC_REPRESENTATION_CONTEXT(2) 
PARAMETRIC_REPRESENTATION_CONTEXT() REPRESENTATION_CONTEXT('2D SPACE',''
  ) );
#4849 = ORIENTED_EDGE('',*,*,#3795,.T.);
#4850 = ORIENTED_EDGE('',*,*,#4827,.F.);
#4851 = ORIENTED_EDGE('',*,*,#4852,.T.);
#4852 = EDGE_CURVE('',#4828,#4828,#4853,.T.);
#4853 = SURFACE_CURVE('',#4854,(#4889,#4962),.PCURVE_S1.);
#4854 = B_SPLINE_CURVE_WITH_KNOTS('',3,(#4855,#4856,#4857,#4858,#4859,
    #4860,#4861,#4862,#4863,#4864,#4865,#4866,#4867,#4868,#4869,#4870,
    #4871,#4872,#4873,#4874,#4875,#4876,#4877,#4878,#4879,#4880,#4881,
    #4882,#4883,#4884,#4885,#4886,#4887,#4888),.UNSPECIFIED.,.T.,.F.,(1,
    3,2,2,2,2,2,2,2,2,2,2,2,2,2,2,2,3,1),(-1.081363928392,
    -1.017718156114,-0.954072383836,-0.890426611559,-0.826857614322,
    -0.763288617086,-0.699719619849,-0.636150622612,-0.572504850335,
    -0.508859078057,-0.445213305779,-0.381567533502,-0.317998536265,
    -0.254429539029,-0.190860541792,-0.127291544555,-6.364577227761E-02,
    0.,6.364577227761E-02),.UNSPECIFIED.);
#4855 = CARTESIAN_POINT('',(1.666,8.,3.636542863765));
#4856 = CARTESIAN_POINT('',(1.666,8.212152574259,3.636542863765));
#4857 = CARTESIAN_POINT('',(1.623069693617,8.436366263039,3.657074980685
    ));
#4858 = CARTESIAN_POINT('',(1.45232491701,8.845886437848,3.728177079261)
  );
#4859 = CARTESIAN_POINT('',(1.324614595994,9.03146519892,3.777422500144)
  );
#4860 = CARTESIAN_POINT('',(1.031642010011,9.324437784902,3.867710254811
    ));
#4861 = CARTESIAN_POINT('',(0.845997344623,9.452281596269,3.915019219138
    ));
#4862 = CARTESIAN_POINT('',(0.436216177089,9.6231293494,3.981557791487)
  );
#4863 = CARTESIAN_POINT('',(0.211896657455,9.666,4.));
#4864 = CARTESIAN_POINT('',(-0.211896657455,9.666,4.));
#4865 = CARTESIAN_POINT('',(-0.436216177089,9.6231293494,3.981557791487)
  );
#4866 = CARTESIAN_POINT('',(-0.845997344623,9.452281596269,
    3.915019219138));
#4867 = CARTESIAN_POINT('',(-1.031642010011,9.324437784902,
    3.867710254811));
#4868 = CARTESIAN_POINT('',(-1.324614595994,9.03146519892,3.777422500144
    ));
#4869 = CARTESIAN_POINT('',(-1.45232491701,8.845886437848,3.728177079261
    ));
#4870 = CARTESIAN_POINT('',(-1.623069693617,8.436366263039,
    3.657074980685));
#4871 = CARTESIAN_POINT('',(-1.666,8.212152574259,3.636542863765));
#4872 = CARTESIAN_POINT('',(-1.666,7.787847425741,3.636542863765));
#4873 = CARTESIAN_POINT('',(-1.623069693617,7.563633736961,
    3.657074980685));
#4874 = CARTESIAN_POINT('',(-1.45232491701,7.154113562152,3.728177079261
    ));
#4875 = CARTESIAN_POINT('',(-1.324614595994,6.96853480108,3.777422500144
    ));
#4876 = CARTESIAN_POINT('',(-1.031642010011,6.675562215098,
    3.867710254811));
#4877 = CARTESIAN_POINT('',(-0.845997344623,6.547718403731,
    3.915019219138));
#4878 = CARTESIAN_POINT('',(-0.436216177089,6.3768706506,3.981557791487)
  );
#4879 = CARTESIAN_POINT('',(-0.211896657455,6.334,4.));
#4880 = CARTESIAN_POINT('',(0.211896657455,6.334,4.));
#4881 = CARTESIAN_POINT('',(0.436216177089,6.3768706506,3.981557791487)
  );
#4882 = CARTESIAN_POINT('',(0.845997344623,6.547718403731,3.915019219138
    ));
#4883 = CARTESIAN_POINT('',(1.031642010011,6.675562215098,3.867710254811
    ));
#4884 = CARTESIAN_POINT('',(1.324614595994,6.96853480108,3.777422500144)
  );
#4885 = CARTESIAN_POINT('',(1.45232491701,7.154113562152,3.728177079261)
  );
#4886 = CARTESIAN_POINT('',(1.623069693617,7.563633736961,3.657074980685
    ));
#4887 = CARTESIAN_POINT('',(1.666,7.787847425741,3.636542863765));
#4888 = CARTESIAN_POINT('',(1.666,8.,3.636542863765));
#4889 = PCURVE('',#4032,#4890);
#4890 = DEFINITIONAL_REPRESENTATION('',(#4891),#4961);
#4891 = B_SPLINE_CURVE_WITH_KNOTS('',3,(#4892,#4893,#4894,#4895,#4896,
    #4897,#4898,#4899,#4900,#4901,#4902,#4903,#4904,#4905,#4906,#4907,
    #4908,#4909,#4910,#4911,#4912,#4913,#4914,#4915,#4916,#4917,#4918,
    #4919,#4920,#4921,#4922,#4923,#4924,#4925,#4926,#4927,#4928,#4929,
    #4930,#4931,#4932,#4933,#4934,#4935,#4936,#4937,#4938,#4939,#4940,
    #4941,#4942,#4943,#4944,#4945,#4946,#4947,#4948,#4949,#4950,#4951,
    #4952,#4953,#4954,#4955,#4956,#4957,#4958,#4959,#4960),
  .UNSPECIFIED.,.F.,.F.,(4,1,1,1,1,1,1,1,1,1,1,1,1,1,1,1,1,1,1,1,1,1,1,1
    ,1,1,1,1,1,1,1,1,1,1,1,1,1,1,1,1,1,1,1,1,1,1,1,1,1,1,1,1,1,1,1,1,1,1
    ,1,1,1,1,1,1,1,1,4),(-1.017718156114,-1.002298184052,-0.986878211989
    ,-0.971458239927,-0.956038267865,-0.940618295802,-0.92519832374,
    -0.909778351678,-0.894358379615,-0.878938407553,-0.863518435491,
    -0.848098463428,-0.832678491366,-0.817258519304,-0.801838547241,
    -0.786418575179,-0.770998603117,-0.755578631054,-0.740158658992,
    -0.72473868693,-0.709318714867,-0.693898742805,-0.678478770743,
    -0.66305879868,-0.647638826618,-0.632218854556,-0.616798882493,
    -0.601378910431,-0.585958938369,-0.570538966306,-0.555118994244,
    -0.539699022182,-0.524279050119,-0.508859078057,-0.493439105995,
    -0.478019133932,-0.46259916187,-0.447179189808,-0.431759217745,
    -0.416339245683,-0.400919273621,-0.385499301558,-0.370079329496,
    -0.354659357434,-0.339239385371,-0.323819413309,-0.308399441247,
    -0.292979469184,-0.277559497122,-0.26213952506,-0.246719552997,
    -0.231299580935,-0.215879608873,-0.20045963681,-0.185039664748,
    -0.169619692686,-0.154199720623,-0.138779748561,-0.123359776499,
    -0.107939804436,-9.2519832374E-02,-7.709986031167E-02,
    -6.167988824934E-02,-4.6259916187E-02,-3.083994412467E-02,
    -1.541997206233E-02,0.),.UNSPECIFIED.);
#4892 = CARTESIAN_POINT('',(3.14159265359,-5.163457136235));
#4893 = CARTESIAN_POINT('',(3.172442471747,-5.163457136235));
#4894 = CARTESIAN_POINT('',(3.235003913046,-5.161047011542));
#4895 = CARTESIAN_POINT('',(3.330659485687,-5.150669270796));
#4896 = CARTESIAN_POINT('',(3.427349643362,-5.134007238916));
#4897 = CARTESIAN_POINT('',(3.52431943532,-5.111502630765));
#4898 = CARTESIAN_POINT('',(3.621018189178,-5.08373290984));
#4899 = CARTESIAN_POINT('',(3.717023897941,-5.052529097338));
#4900 = CARTESIAN_POINT('',(3.811747742829,-5.019305159953));
#4901 = CARTESIAN_POINT('',(3.904175195266,-4.985691817233));
#4902 = CARTESIAN_POINT('',(3.99456749811,-4.952849251906));
#4903 = CARTESIAN_POINT('',(4.088610954226,-4.919872667256));
#4904 = CARTESIAN_POINT('',(4.184117873488,-4.888660012246));
#4905 = CARTESIAN_POINT('',(4.28072783771,-4.860435993577));
#4906 = CARTESIAN_POINT('',(4.377776669395,-4.836744285331));
#4907 = CARTESIAN_POINT('',(4.474864339989,-4.818588458996));
#4908 = CARTESIAN_POINT('',(4.571233974273,-4.806143765326));
#4909 = CARTESIAN_POINT('',(4.666255504315,-4.799740141244));
#4910 = CARTESIAN_POINT('',(4.758522456454,-4.799740141244));
#4911 = CARTESIAN_POINT('',(4.853543986497,-4.806143765326));
#4912 = CARTESIAN_POINT('',(4.949913620776,-4.818588458996));
#4913 = CARTESIAN_POINT('',(5.04700129139,-4.836744285331));
#4914 = CARTESIAN_POINT('',(5.144050123,-4.860435993577));
#4915 = CARTESIAN_POINT('',(5.240660087501,-4.888660012246));
#4916 = CARTESIAN_POINT('',(5.336167005722,-4.919872667256));
#4917 = CARTESIAN_POINT('',(5.430210465727,-4.952849251906));
#4918 = CARTESIAN_POINT('',(5.520602754053,-4.985691817233));
#4919 = CARTESIAN_POINT('',(5.613030260672,-5.019305159953));
#4920 = CARTESIAN_POINT('',(5.707753903353,-5.052529097338));
#4921 = CARTESIAN_POINT('',(5.803760366762,-5.08373290984));
#4922 = CARTESIAN_POINT('',(5.900456304243,-5.111502630765));
#4923 = CARTESIAN_POINT('',(5.997436607061,-5.134007238916));
#4924 = CARTESIAN_POINT('',(6.094087537676,-5.150669270796));
#4925 = CARTESIAN_POINT('',(6.189889507698,-5.161047011542));
#4926 = CARTESIAN_POINT('',(6.28318530718,-5.164662198581));
#4927 = CARTESIAN_POINT('',(6.376481106661,-5.161047011542));
#4928 = CARTESIAN_POINT('',(6.472283076683,-5.150669270796));
#4929 = CARTESIAN_POINT('',(6.568934007299,-5.134007238916));
#4930 = CARTESIAN_POINT('',(6.665914310116,-5.111502630765));
#4931 = CARTESIAN_POINT('',(6.762610247597,-5.08373290984));
#4932 = CARTESIAN_POINT('',(6.858616711006,-5.052529097338));
#4933 = CARTESIAN_POINT('',(6.953340353687,-5.019305159953));
#4934 = CARTESIAN_POINT('',(7.045767860306,-4.985691817233));
#4935 = CARTESIAN_POINT('',(7.136160148632,-4.952849251906));
#4936 = CARTESIAN_POINT('',(7.230203608637,-4.919872667256));
#4937 = CARTESIAN_POINT('',(7.325710526858,-4.888660012246));
#4938 = CARTESIAN_POINT('',(7.422320491359,-4.860435993577));
#4939 = CARTESIAN_POINT('',(7.519369322969,-4.836744285331));
#4940 = CARTESIAN_POINT('',(7.616456993583,-4.818588458996));
#4941 = CARTESIAN_POINT('',(7.712826627862,-4.806143765326));
#4942 = CARTESIAN_POINT('',(7.807848157905,-4.799740141244));
#4943 = CARTESIAN_POINT('',(7.900115110044,-4.799740141244));
#4944 = CARTESIAN_POINT('',(7.995136640086,-4.806143765326));
#4945 = CARTESIAN_POINT('',(8.09150627437,-4.818588458996));
#4946 = CARTESIAN_POINT('',(8.188593944964,-4.836744285331));
#4947 = CARTESIAN_POINT('',(8.285642776649,-4.860435993577));
#4948 = CARTESIAN_POINT('',(8.382252740871,-4.888660012246));
#4949 = CARTESIAN_POINT('',(8.477759660134,-4.919872667256));
#4950 = CARTESIAN_POINT('',(8.571803116249,-4.952849251906));
#4951 = CARTESIAN_POINT('',(8.662195419093,-4.985691817233));
#4952 = CARTESIAN_POINT('',(8.754622871531,-5.019305159953));
#4953 = CARTESIAN_POINT('',(8.849346716418,-5.052529097338));
#4954 = CARTESIAN_POINT('',(8.945352425181,-5.08373290984));
#4955 = CARTESIAN_POINT('',(9.042051179039,-5.111502630765));
#4956 = CARTESIAN_POINT('',(9.139020970997,-5.134007238916));
#4957 = CARTESIAN_POINT('',(9.235711128673,-5.150669270796));
#4958 = CARTESIAN_POINT('',(9.331366701313,-5.161047011542));
#4959 = CARTESIAN_POINT('',(9.393928142612,-5.163457136235));
#4960 = CARTESIAN_POINT('',(9.424777960769,-5.163457136235));
#4961 = ( GEOMETRIC_REPRESENTATION_CONTEXT(2) 
PARAMETRIC_REPRESENTATION_CONTEXT() REPRESENTATION_CONTEXT('2D SPACE',''
  ) );
#4962 = PCURVE('',#4963,#4968);
#4963 = CYLINDRICAL_SURFACE('',#4964,4.);
#4964 = AXIS2_PLACEMENT_3D('',#4965,#4966,#4967);
#4965 = CARTESIAN_POINT('',(0.,0.,0.));
#4966 = DIRECTION('',(0.,1.,0.));
#4967 = DIRECTION('',(1.,0.,0.));
#4968 = DEFINITIONAL_REPRESENTATION('',(#4969),#5039);
#4969 = B_SPLINE_CURVE_WITH_KNOTS('',3,(#4970,#4971,#4972,#4973,#4974,
    #4975,#4976,#4977,#4978,#4979,#4980,#4981,#4982,#4983,#4984,#4985,
    #4986,#4987,#4988,#4989,#4990,#4991,#4992,#4993,#4994,#4995,#4996,
    #4997,#4998,#4999,#5000,#5001,#5002,#5003,#5004,#5005,#5006,#5007,
    #5008,#5009,#5010,#5011,#5012,#5013,#5014,#5015,#5016,#5017,#5018,
    #5019,#5020,#5021,#5022,#5023,#5024,#5025,#5026,#5027,#5028,#5029,
    #5030,#5031,#5032,#5033,#5034,#5035,#5036,#5037,#5038),
  .UNSPECIFIED.,.T.,.F.,(4,1,1,1,1,1,1,1,1,1,1,1,1,1,1,1,1,1,1,1,1,1,1,1
    ,1,1,1,1,1,1,1,1,1,1,1,1,1,1,1,1,1,1,1,1,1,1,1,1,1,1,1,1,1,1,1,1,1,1
    ,1,1,1,1,1,1,1,1,4),(-1.017718156114,-1.002298184052,-0.986878211989
    ,-0.971458239927,-0.956038267865,-0.940618295802,-0.92519832374,
    -0.909778351678,-0.894358379615,-0.878938407553,-0.863518435491,
    -0.848098463428,-0.832678491366,-0.817258519304,-0.801838547241,
    -0.786418575179,-0.770998603117,-0.755578631054,-0.740158658992,
    -0.72473868693,-0.709318714867,-0.693898742805,-0.678478770743,
    -0.66305879868,-0.647638826618,-0.632218854556,-0.616798882493,
    -0.601378910431,-0.585958938369,-0.570538966306,-0.555118994244,
    -0.539699022182,-0.524279050119,-0.508859078057,-0.493439105995,
    -0.478019133932,-0.46259916187,-0.447179189808,-0.431759217745,
    -0.416339245683,-0.400919273621,-0.385499301558,-0.370079329496,
    -0.354659357434,-0.339239385371,-0.323819413309,-0.308399441247,
    -0.292979469184,-0.277559497122,-0.26213952506,-0.246719552997,
    -0.231299580935,-0.215879608873,-0.20045963681,-0.185039664748,
    -0.169619692686,-0.154199720623,-0.138779748561,-0.123359776499,
    -0.107939804436,-9.2519832374E-02,-7.709986031167E-02,
    -6.167988824934E-02,-4.6259916187E-02,-3.083994412467E-02,
    -1.541997206233E-02,0.),.UNSPECIFIED.);
#4970 = CARTESIAN_POINT('',(-1.141204227488,8.));
#4971 = CARTESIAN_POINT('',(-1.141204362378,8.051399906874));
#4972 = CARTESIAN_POINT('',(-1.142600700349,8.155615604685));
#4973 = CARTESIAN_POINT('',(-1.148825938056,8.313498227178));
#4974 = CARTESIAN_POINT('',(-1.159125098663,8.470249260301));
#4975 = CARTESIAN_POINT('',(-1.173439043396,8.623185349487));
#4976 = CARTESIAN_POINT('',(-1.191730772597,8.76959598659));
#4977 = CARTESIAN_POINT('',(-1.213401122886,8.907753634093));
#4978 = CARTESIAN_POINT('',(-1.237875542715,9.036058240532));
#4979 = CARTESIAN_POINT('',(-1.264486499275,9.15249150998));
#4980 = CARTESIAN_POINT('',(-1.292961011996,9.256578029806));
#4981 = CARTESIAN_POINT('',(-1.324780570333,9.35391015878));
#4982 = CARTESIAN_POINT('',(-1.359045296358,9.44076060956));
#4983 = CARTESIAN_POINT('',(-1.395404851691,9.515590764098));
#4984 = CARTESIAN_POINT('',(-1.433409917665,9.576019452058));
#4985 = CARTESIAN_POINT('',(-1.472531677414,9.621278819318));
#4986 = CARTESIAN_POINT('',(-1.512102474798,9.651505267031));
#4987 = CARTESIAN_POINT('',(-1.551562350081,9.666629348207));
#4988 = CARTESIAN_POINT('',(-1.590030303509,9.666629348208));
#4989 = CARTESIAN_POINT('',(-1.629490178791,9.651505267029));
#4990 = CARTESIAN_POINT('',(-1.669060976176,9.621278819325));
#4991 = CARTESIAN_POINT('',(-1.708182735925,9.576019452032));
#4992 = CARTESIAN_POINT('',(-1.746187801899,9.515590764195));
#4993 = CARTESIAN_POINT('',(-1.782547357232,9.440760609198));
#4994 = CARTESIAN_POINT('',(-1.816812083257,9.35391016013));
#4995 = CARTESIAN_POINT('',(-1.848631641592,9.256578024765));
#4996 = CARTESIAN_POINT('',(-1.877106154321,9.152491528791));
#4997 = CARTESIAN_POINT('',(-1.903717110852,9.036058170327));
#4998 = CARTESIAN_POINT('',(-1.92819153079,8.9077538961));
#4999 = CARTESIAN_POINT('',(-1.94986188067,8.769595008768));
#5000 = CARTESIAN_POINT('',(-1.968153611398,8.623188998769));
#5001 = CARTESIAN_POINT('',(-1.982467550432,8.470235640993));
#5002 = CARTESIAN_POINT('',(-1.992766732308,8.313549055129));
#5003 = CARTESIAN_POINT('',(-1.998991890638,8.15542591219));
#5004 = CARTESIAN_POINT('',(-2.001086693833,8.));
#5005 = CARTESIAN_POINT('',(-1.998991890638,7.84457408781));
#5006 = CARTESIAN_POINT('',(-1.992766732308,7.686450944871));
#5007 = CARTESIAN_POINT('',(-1.982467550432,7.529764359007));
#5008 = CARTESIAN_POINT('',(-1.968153611398,7.376811001231));
#5009 = CARTESIAN_POINT('',(-1.94986188067,7.230404991232));
#5010 = CARTESIAN_POINT('',(-1.92819153079,7.0922461039));
#5011 = CARTESIAN_POINT('',(-1.903717110852,6.963941829673));
#5012 = CARTESIAN_POINT('',(-1.877106154321,6.847508471209));
#5013 = CARTESIAN_POINT('',(-1.848631641592,6.743421975235));
#5014 = CARTESIAN_POINT('',(-1.816812083257,6.64608983987));
#5015 = CARTESIAN_POINT('',(-1.782547357232,6.559239390802));
#5016 = CARTESIAN_POINT('',(-1.746187801899,6.484409235805));
#5017 = CARTESIAN_POINT('',(-1.708182735925,6.423980547968));
#5018 = CARTESIAN_POINT('',(-1.669060976176,6.378721180675));
#5019 = CARTESIAN_POINT('',(-1.629490178791,6.348494732971));
#5020 = CARTESIAN_POINT('',(-1.590030303509,6.333370651792));
#5021 = CARTESIAN_POINT('',(-1.551562350081,6.333370651793));
#5022 = CARTESIAN_POINT('',(-1.512102474798,6.348494732969));
#5023 = CARTESIAN_POINT('',(-1.472531677414,6.378721180682));
#5024 = CARTESIAN_POINT('',(-1.433409917665,6.423980547942));
#5025 = CARTESIAN_POINT('',(-1.395404851691,6.484409235902));
#5026 = CARTESIAN_POINT('',(-1.359045296358,6.55923939044));
#5027 = CARTESIAN_POINT('',(-1.324780570333,6.64608984122));
#5028 = CARTESIAN_POINT('',(-1.292961011996,6.743421970194));
#5029 = CARTESIAN_POINT('',(-1.264486499275,6.84750849002));
#5030 = CARTESIAN_POINT('',(-1.237875542715,6.963941759468));
#5031 = CARTESIAN_POINT('',(-1.213401122886,7.092246365907));
#5032 = CARTESIAN_POINT('',(-1.191730772597,7.23040401341));
#5033 = CARTESIAN_POINT('',(-1.173439043396,7.376814650513));
#5034 = CARTESIAN_POINT('',(-1.159125098663,7.529750739699));
#5035 = CARTESIAN_POINT('',(-1.148825938056,7.686501772822));
#5036 = CARTESIAN_POINT('',(-1.142600700349,7.844384395315));
#5037 = CARTESIAN_POINT('',(-1.141204362378,7.948600093126));
#5038 = CARTESIAN_POINT('',(-1.141204227488,8.));
#5039 = ( GEOMETRIC_REPRESENTATION_CONTEXT(2) 
PARAMETRIC_REPRESENTATION_CONTEXT() REPRESENTATION_CONTEXT('2D SPACE',''
  ) );
#5040 = ADVANCED_FACE('',(#5041,#5147,#5686),#4548,.T.);
#5041 = FACE_BOUND('',#5042,.T.);
#5042 = EDGE_LOOP('',(#5043,#5072,#5095,#5124,#5146));
#5043 = ORIENTED_EDGE('',*,*,#5044,.F.);
#5044 = EDGE_CURVE('',#5045,#5045,#5047,.T.);
#5045 = VERTEX_POINT('',#5046);
#5046 = CARTESIAN_POINT('',(-8.,12.5,9.797174393179E-16));
#5047 = SURFACE_CURVE('',#5048,(#5053,#5060),.PCURVE_S1.);
#5048 = CIRCLE('',#5049,8.);
#5049 = AXIS2_PLACEMENT_3D('',#5050,#5051,#5052);
#5050 = CARTESIAN_POINT('',(0.,12.5,0.));
#5051 = DIRECTION('',(-0.,1.,0.));
#5052 = DIRECTION('',(1.,0.,0.));
#5053 = PCURVE('',#4548,#5054);
#5054 = DEFINITIONAL_REPRESENTATION('',(#5055),#5059);
#5055 = LINE('',#5056,#5057);
#5056 = CARTESIAN_POINT('',(-6.28318530718,12.5));
#5057 = VECTOR('',#5058,1.);
#5058 = DIRECTION('',(1.,0.));
#5059 = ( GEOMETRIC_REPRESENTATION_CONTEXT(2) 
PARAMETRIC_REPRESENTATION_CONTEXT() REPRESENTATION_CONTEXT('2D SPACE',''
  ) );
#5060 = PCURVE('',#5061,#5066);
#5061 = CONICAL_SURFACE('',#5062,7.75,0.785398163397);
#5062 = AXIS2_PLACEMENT_3D('',#5063,#5064,#5065);
#5063 = CARTESIAN_POINT('',(0.,12.75,0.));
#5064 = DIRECTION('',(0.,-1.,0.));
#5065 = DIRECTION('',(1.,0.,0.));
#5066 = DEFINITIONAL_REPRESENTATION('',(#5067),#5071);
#5067 = LINE('',#5068,#5069);
#5068 = CARTESIAN_POINT('',(6.28318530718,0.25));
#5069 = VECTOR('',#5070,1.);
#5070 = DIRECTION('',(-1.,0.));
#5071 = ( GEOMETRIC_REPRESENTATION_CONTEXT(2) 
PARAMETRIC_REPRESENTATION_CONTEXT() REPRESENTATION_CONTEXT('2D SPACE',''
  ) );
#5072 = ORIENTED_EDGE('',*,*,#5073,.T.);
#5073 = EDGE_CURVE('',#5045,#5074,#5076,.T.);
#5074 = VERTEX_POINT('',#5075);
#5075 = CARTESIAN_POINT('',(-8.,3.3,9.797174393179E-16));
#5076 = SEAM_CURVE('',#5077,(#5081,#5088),.PCURVE_S1.);
#5077 = LINE('',#5078,#5079);
#5078 = CARTESIAN_POINT('',(-8.,0.,9.797174393179E-16));
#5079 = VECTOR('',#5080,1.);
#5080 = DIRECTION('',(0.,-1.,0.));
#5081 = PCURVE('',#4548,#5082);
#5082 = DEFINITIONAL_REPRESENTATION('',(#5083),#5087);
#5083 = LINE('',#5084,#5085);
#5084 = CARTESIAN_POINT('',(-3.14159265359,0.));
#5085 = VECTOR('',#5086,1.);
#5086 = DIRECTION('',(0.,-1.));
#5087 = ( GEOMETRIC_REPRESENTATION_CONTEXT(2) 
PARAMETRIC_REPRESENTATION_CONTEXT() REPRESENTATION_CONTEXT('2D SPACE',''
  ) );
#5088 = PCURVE('',#4548,#5089);
#5089 = DEFINITIONAL_REPRESENTATION('',(#5090),#5094);
#5090 = LINE('',#5091,#5092);
#5091 = CARTESIAN_POINT('',(3.14159265359,0.));
#5092 = VECTOR('',#5093,1.);
#5093 = DIRECTION('',(0.,-1.));
#5094 = ( GEOMETRIC_REPRESENTATION_CONTEXT(2) 
PARAMETRIC_REPRESENTATION_CONTEXT() REPRESENTATION_CONTEXT('2D SPACE',''
  ) );
#5095 = ORIENTED_EDGE('',*,*,#5096,.F.);
#5096 = EDGE_CURVE('',#5097,#5074,#5099,.T.);
#5097 = VERTEX_POINT('',#5098);
#5098 = CARTESIAN_POINT('',(-9.797174393179E-16,3.3,8.));
#5099 = SURFACE_CURVE('',#5100,(#5105,#5112),.PCURVE_S1.);
#5100 = CIRCLE('',#5101,8.);
#5101 = AXIS2_PLACEMENT_3D('',#5102,#5103,#5104);
#5102 = CARTESIAN_POINT('',(0.,3.3,0.));
#5103 = DIRECTION('',(0.,-1.,0.));
#5104 = DIRECTION('',(1.,0.,0.));
#5105 = PCURVE('',#4548,#5106);
#5106 = DEFINITIONAL_REPRESENTATION('',(#5107),#5111);
#5107 = LINE('',#5108,#5109);
#5108 = CARTESIAN_POINT('',(0.,3.3));
#5109 = VECTOR('',#5110,1.);
#5110 = DIRECTION('',(-1.,0.));
#5111 = ( GEOMETRIC_REPRESENTATION_CONTEXT(2) 
PARAMETRIC_REPRESENTATION_CONTEXT() REPRESENTATION_CONTEXT('2D SPACE',''
  ) );
#5112 = PCURVE('',#5113,#5118);
#5113 = TOROIDAL_SURFACE('',#5114,8.3,0.3);
#5114 = AXIS2_PLACEMENT_3D('',#5115,#5116,#5117);
#5115 = CARTESIAN_POINT('',(0.,3.3,0.));
#5116 = DIRECTION('',(0.,-1.,0.));
#5117 = DIRECTION('',(0.,0.,-1.));
#5118 = DEFINITIONAL_REPRESENTATION('',(#5119),#5123);
#5119 = LINE('',#5120,#5121);
#5120 = CARTESIAN_POINT('',(-4.712388980385,3.14159265359));
#5121 = VECTOR('',#5122,1.);
#5122 = DIRECTION('',(1.,3.675307631913E-15));
#5123 = ( GEOMETRIC_REPRESENTATION_CONTEXT(2) 
PARAMETRIC_REPRESENTATION_CONTEXT() REPRESENTATION_CONTEXT('2D SPACE',''
  ) );
#5124 = ORIENTED_EDGE('',*,*,#5125,.F.);
#5125 = EDGE_CURVE('',#5074,#5097,#5126,.T.);
#5126 = SURFACE_CURVE('',#5127,(#5132,#5139),.PCURVE_S1.);
#5127 = CIRCLE('',#5128,8.);
#5128 = AXIS2_PLACEMENT_3D('',#5129,#5130,#5131);
#5129 = CARTESIAN_POINT('',(0.,3.3,0.));
#5130 = DIRECTION('',(0.,-1.,0.));
#5131 = DIRECTION('',(1.,0.,0.));
#5132 = PCURVE('',#4548,#5133);
#5133 = DEFINITIONAL_REPRESENTATION('',(#5134),#5138);
#5134 = LINE('',#5135,#5136);
#5135 = CARTESIAN_POINT('',(6.28318530718,3.3));
#5136 = VECTOR('',#5137,1.);
#5137 = DIRECTION('',(-1.,0.));
#5138 = ( GEOMETRIC_REPRESENTATION_CONTEXT(2) 
PARAMETRIC_REPRESENTATION_CONTEXT() REPRESENTATION_CONTEXT('2D SPACE',''
  ) );
#5139 = PCURVE('',#5113,#5140);
#5140 = DEFINITIONAL_REPRESENTATION('',(#5141),#5145);
#5141 = LINE('',#5142,#5143);
#5142 = CARTESIAN_POINT('',(-4.712388980385,3.14159265359));
#5143 = VECTOR('',#5144,1.);
#5144 = DIRECTION('',(1.,-6.596706005998E-16));
#5145 = ( GEOMETRIC_REPRESENTATION_CONTEXT(2) 
PARAMETRIC_REPRESENTATION_CONTEXT() REPRESENTATION_CONTEXT('2D SPACE',''
  ) );
#5146 = ORIENTED_EDGE('',*,*,#5073,.F.);
#5147 = FACE_BOUND('',#5148,.T.);
#5148 = EDGE_LOOP('',(#5149));
#5149 = ORIENTED_EDGE('',*,*,#5150,.F.);
#5150 = EDGE_CURVE('',#5151,#5151,#5153,.T.);
#5151 = VERTEX_POINT('',#5152);
#5152 = CARTESIAN_POINT('',(7.705248460945,8.,-2.1515450623));
#5153 = SURFACE_CURVE('',#5154,(#5339,#5610),.PCURVE_S1.);
#5154 = B_SPLINE_CURVE_WITH_KNOTS('',3,(#5155,#5156,#5157,#5158,#5159,
    #5160,#5161,#5162,#5163,#5164,#5165,#5166,#5167,#5168,#5169,#5170,
    #5171,#5172,#5173,#5174,#5175,#5176,#5177,#5178,#5179,#5180,#5181,
    #5182,#5183,#5184,#5185,#5186,#5187,#5188,#5189,#5190,#5191,#5192,
    #5193,#5194,#5195,#5196,#5197,#5198,#5199,#5200,#5201,#5202,#5203,
    #5204,#5205,#5206,#5207,#5208,#5209,#5210,#5211,#5212,#5213,#5214,
    #5215,#5216,#5217,#5218,#5219,#5220,#5221,#5222,#5223,#5224,#5225,
    #5226,#5227,#5228,#5229,#5230,#5231,#5232,#5233,#5234,#5235,#5236,
    #5237,#5238,#5239,#5240,#5241,#5242,#5243,#5244,#5245,#5246,#5247,
    #5248,#5249,#5250,#5251,#5252,#5253,#5254,#5255,#5256,#5257,#5258,
    #5259,#5260,#5261,#5262,#5263,#5264,#5265,#5266,#5267,#5268,#5269,
    #5270,#5271,#5272,#5273,#5274,#5275,#5276,#5277,#5278,#5279,#5280,
    #5281,#5282,#5283,#5284,#5285,#5286,#5287,#5288,#5289,#5290,#5291,
    #5292,#5293,#5294,#5295,#5296,#5297,#5298,#5299,#5300,#5301,#5302,
    #5303,#5304,#5305,#5306,#5307,#5308,#5309,#5310,#5311,#5312,#5313,
    #5314,#5315,#5316,#5317,#5318,#5319,#5320,#5321,#5322,#5323,#5324,
    #5325,#5326,#5327,#5328,#5329,#5330,#5331,#5332,#5333,#5334,#5335,
    #5336,#5337,#5338),.UNSPECIFIED.,.T.,.F.,(1,3,3,3,3,3,3,3,3,3,3,3,3,
    3,3,3,3,3,3,3,3,3,3,3,3,3,3,3,3,3,3,3,3,3,3,3,3,3,3,3,3,3,3,3,3,3,3,
    3,3,3,3,3,3,3,3,3,3,3,3,3,3,3,3,1),(-1.019204305623,-1.007274582249,
    -0.988718988813,-0.969453617158,-0.948751379025,-0.935326397803,
    -0.911209417339,-0.883558651427,-0.863378213357,-0.843894288771,
    -0.825284908364,-0.807228806877,-0.789532332398,-0.772019710415,
    -0.754684222308,-0.737083033386,-0.719481844464,-0.703258330373,
    -0.686514027777,-0.669277493818,-0.650868898493,-0.647533660017,
    -0.63115124038,-0.614003703187,-0.611559567794,-0.593866278871,
    -0.575585475571,-0.557057403686,-0.538541335028,-0.520041150047,
    -0.501558110826,-0.483101682872,-0.464660848951,-0.446250127224,
    -0.431689106678,-0.413619907238,-0.39663945811,-0.395715014455,
    -0.379603900407,-0.3642802537,-0.359740922232,-0.342684478665,
    -0.326882759839,-0.311469011141,-0.29637214095,-0.287792737786,
    -0.265652856484,-0.243528066742,-0.221337080585,-0.215844553339,
    -0.19989312394,-0.183563991921,-0.166863631913,-0.149254342948,
    -0.143896368893,-0.120498811843,-9.771039663542E-02,
    -7.580820431071E-02,-7.194818444639E-02,-5.024754206313E-02,
    -3.024351876918E-02,-1.192972337377E-02,0.,1.855559343691E-02),
  .UNSPECIFIED.);
#5155 = CARTESIAN_POINT('',(7.705248460945,8.,-2.1515450623));
#5156 = CARTESIAN_POINT('',(7.705248460945,8.080821832695,-2.1515450623)
  );
#5157 = CARTESIAN_POINT('',(7.706663670558,8.163175599298,
    -2.146494732599));
#5158 = CARTESIAN_POINT('',(7.709394793287,8.245960923747,
    -2.136640335021));
#5159 = CARTESIAN_POINT('',(7.7122303854,8.331912906282,-2.126408992519)
  );
#5160 = CARTESIAN_POINT('',(7.716484135479,8.418330093527,
    -2.110998845951));
#5161 = CARTESIAN_POINT('',(7.721987931276,8.503980944792,
    -2.090670320549));
#5162 = CARTESIAN_POINT('',(7.727902215894,8.596019881339,
    -2.068825635623));
#5163 = CARTESIAN_POINT('',(7.735259780842,8.68717390803,-2.041301292642
    ));
#5164 = CARTESIAN_POINT('',(7.743791241801,8.775914866056,
    -2.008406632981));
#5165 = CARTESIAN_POINT('',(7.749323721064,8.833461576097,
    -1.987075113877));
#5166 = CARTESIAN_POINT('',(7.755348611596,8.889993528208,
    -1.963484959861));
#5167 = CARTESIAN_POINT('',(7.761781114503,8.94509398962,-1.937718743923
    ));
#5168 = CARTESIAN_POINT('',(7.773336627645,9.044077871198,
    -1.891431653003));
#5169 = CARTESIAN_POINT('',(7.786202937255,9.138442124617,
    -1.838152345213));
#5170 = CARTESIAN_POINT('',(7.799834260887,9.227630882809,
    -1.778365964219));
#5171 = CARTESIAN_POINT('',(7.815462939584,9.329888189789,
    -1.709819272478));
#5172 = CARTESIAN_POINT('',(7.832095830291,9.425342184892,
    -1.632716959297));
#5173 = CARTESIAN_POINT('',(7.848839913958,9.513155100351,
    -1.547808775353));
#5174 = CARTESIAN_POINT('',(7.861060296733,9.577243853184,
    -1.485839991082));
#5175 = CARTESIAN_POINT('',(7.873338134216,9.637262538868,
    -1.419713715394));
#5176 = CARTESIAN_POINT('',(7.885316336197,9.692885475281,
    -1.349735632672));
#5177 = CARTESIAN_POINT('',(7.896881119045,9.746588625556,
    -1.282172793764));
#5178 = CARTESIAN_POINT('',(7.908163793074,9.796194222513,
    -1.211015237738));
#5179 = CARTESIAN_POINT('',(7.918809982581,9.841459411957,
    -1.136859032499));
#5180 = CARTESIAN_POINT('',(7.928978313378,9.884692854266,
    -1.066031359832));
#5181 = CARTESIAN_POINT('',(7.938565535227,9.923966786487,
    -0.992468338765));
#5182 = CARTESIAN_POINT('',(7.947304474455,9.95906961039,-0.916706927164
    ));
#5183 = CARTESIAN_POINT('',(7.955783594669,9.993128785762,-0.84319799206
    ));
#5184 = CARTESIAN_POINT('',(7.963463804731,10.023261189775,
    -0.767619636286));
#5185 = CARTESIAN_POINT('',(7.970146908113,10.049273541837,
    -0.690476837484));
#5186 = CARTESIAN_POINT('',(7.976696902779,10.074767800647,
    -0.614870507332));
#5187 = CARTESIAN_POINT('',(7.982288901695,10.096304492909,
    -0.537761652148));
#5188 = CARTESIAN_POINT('',(7.986784960038,10.113701658365,
    -0.459636815443));
#5189 = CARTESIAN_POINT('',(7.991234307859,10.130918080912,
    -0.38232363454));
#5190 = CARTESIAN_POINT('',(7.994610216646,10.144080542724,
    -0.304015710708));
#5191 = CARTESIAN_POINT('',(7.996829900689,10.153012696101,
    -0.22519222777));
#5192 = CARTESIAN_POINT('',(7.999027133425,10.161854503957,
    -0.14716601603));
#5193 = CARTESIAN_POINT('',(8.000091380696,10.166551146689,
    -6.863487353032E-02));
#5194 = CARTESIAN_POINT('',(7.999993834059,10.166931573735,
    9.93252320132E-03));
#5195 = CARTESIAN_POINT('',(7.999894792326,10.167317831582,
    8.970412146526E-02));
#5196 = CARTESIAN_POINT('',(7.998597923328,10.163254550621,
    0.169512827428));
#5197 = CARTESIAN_POINT('',(7.996128109049,10.154562694056,
    0.248867964329));
#5198 = CARTESIAN_POINT('',(7.993658294771,10.145870837492,
    0.328223101231));
#5199 = CARTESIAN_POINT('',(7.99001564563,10.132550405323,0.407124406043
    ));
#5200 = CARTESIAN_POINT('',(7.985279734679,10.114422360753,
    0.485085104823));
#5201 = CARTESIAN_POINT('',(7.98091451149,10.097713228898,0.55694368783)
  );
#5202 = CARTESIAN_POINT('',(7.97561565914,10.076919630919,0.628072977113
    ));
#5203 = CARTESIAN_POINT('',(7.969495609421,10.052471606476,
    0.697953960817));
#5204 = CARTESIAN_POINT('',(7.963179100937,10.027238779798,
    0.770078183125));
#5205 = CARTESIAN_POINT('',(7.955987903866,9.998113140548,0.840872420563
    ));
#5206 = CARTESIAN_POINT('',(7.948100844451,9.965567485944,0.909776327694
    ));
#5207 = CARTESIAN_POINT('',(7.939981929576,9.932065088482,0.980705799275
    ));
#5208 = CARTESIAN_POINT('',(7.931125971467,9.89493864414,1.049631961279)
  );
#5209 = CARTESIAN_POINT('',(7.921782500497,9.854703884275,1.115957891149
    ));
#5210 = CARTESIAN_POINT('',(7.911803685938,9.811733214294,1.186793895966
    ));
#5211 = CARTESIAN_POINT('',(7.901269209111,9.765217133865,1.254663783094
    ));
#5212 = CARTESIAN_POINT('',(7.890539119383,9.71578389758,1.318860267613)
  );
#5213 = CARTESIAN_POINT('',(7.888595059693,9.706827666606,1.330491279182
    ));
#5214 = CARTESIAN_POINT('',(7.886644706324,9.697775678282,1.342001763263
    ));
#5215 = CARTESIAN_POINT('',(7.884690358331,9.688631669018,1.353387584266
    ));
#5216 = CARTESIAN_POINT('',(7.875090760228,9.643717040569,1.409313809308
    ));
#5217 = CARTESIAN_POINT('',(7.865403019596,9.596582228086,1.46221098342)
  );
#5218 = CARTESIAN_POINT('',(7.855715126773,9.546721706586,1.512527635114
    ));
#5219 = CARTESIAN_POINT('',(7.845574774726,9.494532520504,1.565194254302
    ));
#5220 = CARTESIAN_POINT('',(7.835434008555,9.439357079315,1.615033824176
    ));
#5221 = CARTESIAN_POINT('',(7.825337407993,9.38061566908,1.662556600862)
  );
#5222 = CARTESIAN_POINT('',(7.82389828245,9.372242923879,1.669330290816)
  );
#5223 = CARTESIAN_POINT('',(7.822459968492,9.363797730982,1.6760569034)
  );
#5224 = CARTESIAN_POINT('',(7.82102251209,9.355278411645,1.682737907513)
  );
#5225 = CARTESIAN_POINT('',(7.810616651794,9.293606386873,1.731102223352
    ));
#5226 = CARTESIAN_POINT('',(7.800250034786,9.228049820645,1.777080845562
    ));
#5227 = CARTESIAN_POINT('',(7.790290993733,9.15973281778,1.819715975906)
  );
#5228 = CARTESIAN_POINT('',(7.780001257814,9.08914731517,1.863766826763)
  );
#5229 = CARTESIAN_POINT('',(7.770148256341,9.015615008935,1.904248758366
    ));
#5230 = CARTESIAN_POINT('',(7.761180901556,8.940375742742,1.940121391388
    ));
#5231 = CARTESIAN_POINT('',(7.752092253134,8.864118780193,1.976479242431
    ));
#5232 = CARTESIAN_POINT('',(7.743920285312,8.786108368251,2.008101995943
    ));
#5233 = CARTESIAN_POINT('',(7.736838645148,8.706800891765,2.035025252656
    ));
#5234 = CARTESIAN_POINT('',(7.729761592754,8.62754479384,2.061931067404)
  );
#5235 = CARTESIAN_POINT('',(7.723773422351,8.546993311407,2.084143651309
    ));
#5236 = CARTESIAN_POINT('',(7.71899642,8.465601942897,2.101688432671));
#5237 = CARTESIAN_POINT('',(7.714223515516,8.384280394512,2.119218163556
    ));
#5238 = CARTESIAN_POINT('',(7.710659679189,8.302120400394,2.132088213488
    ));
#5239 = CARTESIAN_POINT('',(7.708376357474,8.219576287756,2.140311643556
    ));
#5240 = CARTESIAN_POINT('',(7.706095151915,8.137108676061,2.148527452243
    ));
#5241 = CARTESIAN_POINT('',(7.705092080388,8.054257657509,2.152105305368
    ));
#5242 = CARTESIAN_POINT('',(7.70538817256,7.971476297287,2.151044655549)
  );
#5243 = CARTESIAN_POINT('',(7.705683838429,7.888814122919,2.149985532819
    ));
#5244 = CARTESIAN_POINT('',(7.707274933816,7.806221406442,2.144301247999
    ));
#5245 = CARTESIAN_POINT('',(7.710132337683,7.724149258934,2.133977351194
    ));
#5246 = CARTESIAN_POINT('',(7.712987327299,7.642146455058,2.123662177161
    ));
#5247 = CARTESIAN_POINT('',(7.717106511837,7.560663340854,2.10871516288)
  );
#5248 = CARTESIAN_POINT('',(7.722410603201,7.480149884922,2.089108536091
    ));
#5249 = CARTESIAN_POINT('',(7.727706033469,7.399767900098,2.069533925129
    ));
#5250 = CARTESIAN_POINT('',(7.734182537209,7.320352409405,2.045314779925
    ));
#5251 = CARTESIAN_POINT('',(7.741710685055,7.242351180765,2.01641158222)
  );
#5252 = CARTESIAN_POINT('',(7.747664689307,7.180660090667,1.993552073404
    ));
#5253 = CARTESIAN_POINT('',(7.754275545225,7.119853651402,1.967762319268
    ));
#5254 = CARTESIAN_POINT('',(7.761456528359,7.060153384519,1.93901845231)
  );
#5255 = CARTESIAN_POINT('',(7.770367621919,6.986069564258,1.903349340856
    ));
#5256 = CARTESIAN_POINT('',(7.780150789272,6.913689145417,1.863132653342
    ));
#5257 = CARTESIAN_POINT('',(7.790346336876,6.84412282421,1.819479032998)
  );
#5258 = CARTESIAN_POINT('',(7.799927557007,6.778748185878,1.778455739078
    ));
#5259 = CARTESIAN_POINT('',(7.809871753777,6.715858738043,1.734397041128
    ));
#5260 = CARTESIAN_POINT('',(7.819836980627,6.656376258147,1.688238607667
    ));
#5261 = CARTESIAN_POINT('',(7.820379504011,6.653137933844,1.685725666426
    ));
#5262 = CARTESIAN_POINT('',(7.820922102315,6.64990970743,1.68320650567)
  );
#5263 = CARTESIAN_POINT('',(7.821464724887,6.646691727642,1.680681277738
    ));
#5264 = CARTESIAN_POINT('',(7.830921498271,6.590609089056,1.63667185108)
  );
#5265 = CARTESIAN_POINT('',(7.840390240387,6.537638676636,1.590818313995
    ));
#5266 = CARTESIAN_POINT('',(7.849879508472,6.4874008637,1.542527699095)
  );
#5267 = CARTESIAN_POINT('',(7.858904966997,6.439618538128,1.496597397827
    ));
#5268 = CARTESIAN_POINT('',(7.867949196029,6.394308216158,1.448462325217
    ));
#5269 = CARTESIAN_POINT('',(7.876972390073,6.35114326002,1.397607228809)
  );
#5270 = CARTESIAN_POINT('',(7.879645335323,6.338356483644,1.382542398365
    ));
#5271 = CARTESIAN_POINT('',(7.882316094845,6.325757968498,1.367238849875
    ));
#5272 = CARTESIAN_POINT('',(7.884982735479,6.313339223643,1.351683121594
    ));
#5273 = CARTESIAN_POINT('',(7.895002582192,6.266676048176,1.293232796158
    ));
#5274 = CARTESIAN_POINT('',(7.904958836428,6.222550986519,1.231226571622
    ));
#5275 = CARTESIAN_POINT('',(7.914511923808,6.181377173068,1.166405164553
    ));
#5276 = CARTESIAN_POINT('',(7.923362256534,6.14323223268,1.106352220671)
  );
#5277 = CARTESIAN_POINT('',(7.931866291796,6.107620305371,1.043883238526
    ));
#5278 = CARTESIAN_POINT('',(7.939797325033,6.074869893807,0.979601162409
    ));
#5279 = CARTESIAN_POINT('',(7.947533632368,6.04292358346,0.916897365562)
  );
#5280 = CARTESIAN_POINT('',(7.954724410965,6.013699999679,0.852468568205
    ));
#5281 = CARTESIAN_POINT('',(7.961206610009,5.987504037764,0.786885832092
    ));
#5282 = CARTESIAN_POINT('',(7.967555546886,5.961846616957,0.722651357191
    ));
#5283 = CARTESIAN_POINT('',(7.973224598773,5.93909361286,0.657310095402)
  );
#5284 = CARTESIAN_POINT('',(7.97810990019,5.919531500436,0.591407152891)
  );
#5285 = CARTESIAN_POINT('',(7.980886169039,5.908414543934,0.553955157453
    ));
#5286 = CARTESIAN_POINT('',(7.983410243203,5.898328097816,0.516321907263
    ));
#5287 = CARTESIAN_POINT('',(7.985670546078,5.889324739244,0.478608325768
    ));
#5288 = CARTESIAN_POINT('',(7.991503450351,5.866090804869,0.38128521345)
  );
#5289 = CARTESIAN_POINT('',(7.99558045852,5.85006960564,0.283395221982)
  );
#5290 = CARTESIAN_POINT('',(7.997852747788,5.841159748295,0.185341373416
    ));
#5291 = CARTESIAN_POINT('',(8.000123488159,5.832255964318,
    8.735436285745E-02));
#5292 = CARTESIAN_POINT('',(8.000591943291,5.830453830693,
    -1.079597220055E-02));
#5293 = CARTESIAN_POINT('',(7.999261414009,5.835652161361,-0.10870524528
    ));
#5294 = CARTESIAN_POINT('',(7.997926903841,5.840866045209,
    -0.206907458671));
#5295 = CARTESIAN_POINT('',(7.994782650611,5.853122346189,
    -0.304866853724));
#5296 = CARTESIAN_POINT('',(7.989884414117,5.872318967285,
    -0.402177882351));
#5297 = CARTESIAN_POINT('',(7.988672043598,5.877070354343,
    -0.426263494065));
#5298 = CARTESIAN_POINT('',(7.987352469576,5.882246919353,
    -0.450309410062));
#5299 = CARTESIAN_POINT('',(7.985927025836,5.887847114215,
    -0.474309538191));
#5300 = CARTESIAN_POINT('',(7.981787243881,5.904111232524,
    -0.544010849126));
#5301 = CARTESIAN_POINT('',(7.976749840608,5.923948419206,
    -0.613333232104));
#5302 = CARTESIAN_POINT('',(7.9708977684,5.947146519842,-0.681754182767)
  );
#5303 = CARTESIAN_POINT('',(7.964907129111,5.970893911904,
    -0.751795224754));
#5304 = CARTESIAN_POINT('',(7.958062830005,5.998163263669,
    -0.820891402539));
#5305 = CARTESIAN_POINT('',(7.950508455648,6.028726990698,
    -0.888490459523));
#5306 = CARTESIAN_POINT('',(7.94278233945,6.059985556305,-0.95762631968)
  );
#5307 = CARTESIAN_POINT('',(7.934313744896,6.094689989099,
    -1.025196006515));
#5308 = CARTESIAN_POINT('',(7.925310492529,6.132596827318,
    -1.090620739305));
#5309 = CARTESIAN_POINT('',(7.915817231757,6.172566772139,-1.15960625966
    ));
#5310 = CARTESIAN_POINT('',(7.905729811249,6.216097194796,-1.2262067607)
  );
#5311 = CARTESIAN_POINT('',(7.895347854151,6.262902679025,
    -1.289760544424));
#5312 = CARTESIAN_POINT('',(7.892188938599,6.277144172285,
    -1.309098038684));
#5313 = CARTESIAN_POINT('',(7.889003109292,6.291688871022,
    -1.328153592345));
#5314 = CARTESIAN_POINT('',(7.885799670155,6.306528735253,
    -1.346908891566));
#5315 = CARTESIAN_POINT('',(7.87181067932,6.371332440237,-1.42881077818)
  );
#5316 = CARTESIAN_POINT('',(7.857487434086,6.441764810244,
    -1.505001450282));
#5317 = CARTESIAN_POINT('',(7.84337277072,6.517464168948,-1.575278889446
    ));
#5318 = CARTESIAN_POINT('',(7.829625574437,6.591192738701,
    -1.643726696194));
#5319 = CARTESIAN_POINT('',(7.816076692115,6.669917621071,
    -1.706565870233));
#5320 = CARTESIAN_POINT('',(7.803180801728,6.753304658791,
    -1.763623932574));
#5321 = CARTESIAN_POINT('',(7.790786422,6.83344884262,-1.818463053404));
#5322 = CARTESIAN_POINT('',(7.778995452745,6.917899617858,-1.86796253483
    ));
#5323 = CARTESIAN_POINT('',(7.768163114387,7.006360316098,
    -1.911973281267));
#5324 = CARTESIAN_POINT('',(7.766254034208,7.021950538637,
    -1.919729689985));
#5325 = CARTESIAN_POINT('',(7.764374598614,7.037665310086,-1.92731561613
    ));
#5326 = CARTESIAN_POINT('',(7.762526580166,7.053503006481,
    -1.934730237583));
#5327 = CARTESIAN_POINT('',(7.752137206827,7.142540938333,
    -1.976414491607));
#5328 = CARTESIAN_POINT('',(7.742748802077,7.235464005256,
    -2.012665859568));
#5329 = CARTESIAN_POINT('',(7.734742674121,7.330427344264,
    -2.042977181744));
#5330 = CARTESIAN_POINT('',(7.727362488443,7.417966174315,-2.07091867694
    ));
#5331 = CARTESIAN_POINT('',(7.721157544678,7.507238718982,
    -2.093813078749));
#5332 = CARTESIAN_POINT('',(7.716384995982,7.596799876597,
    -2.111256164888));
#5333 = CARTESIAN_POINT('',(7.712015700914,7.678793618148,-2.12722540797
    ));
#5334 = CARTESIAN_POINT('',(7.708847207091,7.761029260788,
    -2.138625824675));
#5335 = CARTESIAN_POINT('',(7.707034910604,7.842397932507,
    -2.145137032157));
#5336 = CARTESIAN_POINT('',(7.705854369089,7.895402005335,
    -2.149378474326));
#5337 = CARTESIAN_POINT('',(7.705248460945,7.948038196143,-2.1515450623)
  );
#5338 = CARTESIAN_POINT('',(7.705248460945,8.,-2.1515450623));
#5339 = PCURVE('',#4548,#5340);
#5340 = DEFINITIONAL_REPRESENTATION('',(#5341),#5609);
#5341 = B_SPLINE_CURVE_WITH_KNOTS('',3,(#5342,#5343,#5344,#5345,#5346,
    #5347,#5348,#5349,#5350,#5351,#5352,#5353,#5354,#5355,#5356,#5357,
    #5358,#5359,#5360,#5361,#5362,#5363,#5364,#5365,#5366,#5367,#5368,
    #5369,#5370,#5371,#5372,#5373,#5374,#5375,#5376,#5377,#5378,#5379,
    #5380,#5381,#5382,#5383,#5384,#5385,#5386,#5387,#5388,#5389,#5390,
    #5391,#5392,#5393,#5394,#5395,#5396,#5397,#5398,#5399,#5400,#5401,
    #5402,#5403,#5404,#5405,#5406,#5407,#5408,#5409,#5410,#5411,#5412,
    #5413,#5414,#5415,#5416,#5417,#5418,#5419,#5420,#5421,#5422,#5423,
    #5424,#5425,#5426,#5427,#5428,#5429,#5430,#5431,#5432,#5433,#5434,
    #5435,#5436,#5437,#5438,#5439,#5440,#5441,#5442,#5443,#5444,#5445,
    #5446,#5447,#5448,#5449,#5450,#5451,#5452,#5453,#5454,#5455,#5456,
    #5457,#5458,#5459,#5460,#5461,#5462,#5463,#5464,#5465,#5466,#5467,
    #5468,#5469,#5470,#5471,#5472,#5473,#5474,#5475,#5476,#5477,#5478,
    #5479,#5480,#5481,#5482,#5483,#5484,#5485,#5486,#5487,#5488,#5489,
    #5490,#5491,#5492,#5493,#5494,#5495,#5496,#5497,#5498,#5499,#5500,
    #5501,#5502,#5503,#5504,#5505,#5506,#5507,#5508,#5509,#5510,#5511,
    #5512,#5513,#5514,#5515,#5516,#5517,#5518,#5519,#5520,#5521,#5522,
    #5523,#5524,#5525,#5526,#5527,#5528,#5529,#5530,#5531,#5532,#5533,
    #5534,#5535,#5536,#5537,#5538,#5539,#5540,#5541,#5542,#5543,#5544,
    #5545,#5546,#5547,#5548,#5549,#5550,#5551,#5552,#5553,#5554,#5555,
    #5556,#5557,#5558,#5559,#5560,#5561,#5562,#5563,#5564,#5565,#5566,
    #5567,#5568,#5569,#5570,#5571,#5572,#5573,#5574,#5575,#5576,#5577,
    #5578,#5579,#5580,#5581,#5582,#5583,#5584,#5585,#5586,#5587,#5588,
    #5589,#5590,#5591,#5592,#5593,#5594,#5595,#5596,#5597,#5598,#5599,
    #5600,#5601,#5602,#5603,#5604,#5605,#5606,#5607,#5608),
  .UNSPECIFIED.,.T.,.F.,(4,1,1,1,1,1,1,1,1,1,1,1,1,1,1,1,1,1,1,1,1,1,1,1
    ,1,1,1,1,1,1,1,1,1,1,1,1,1,1,1,1,1,1,1,1,1,1,1,1,1,1,1,1,1,1,1,1,1,1
    ,1,1,1,1,1,1,1,1,1,1,1,1,1,1,1,1,1,1,1,1,1,1,1,1,1,1,1,1,1,1,1,1,1,1
    ,1,1,1,1,1,1,1,1,1,1,1,1,1,1,1,1,1,1,1,1,1,1,1,1,1,1,1,1,1,1,1,1,1,1
    ,1,1,1,1,1,1,1,1,1,1,1,1,1,1,1,1,1,1,1,1,1,1,1,1,1,1,1,1,1,1,1,1,1,1
    ,1,1,1,1,1,1,1,1,1,1,1,1,1,1,1,1,1,1,1,1,1,1,1,1,1,1,1,1,1,1,1,1,1,1
    ,1,1,1,1,1,1,1,1,1,1,1,1,1,1,1,1,1,1,1,1,1,1,1,1,1,1,1,1,1,1,1,1,1,1
    ,1,1,1,1,1,1,1,1,1,1,1,1,1,1,1,1,1,1,1,1,1,1,1,1,1,1,1,1,1,1,1,1,1,1
    ,1,1,4),(-1.007274582249,-1.003459148226,-0.999643714202,
    -0.995828280178,-0.992012846155,-0.988197412131,-0.984381978107,
    -0.980566544084,-0.97675111006,-0.972935676036,-0.969120242013,
    -0.965304807989,-0.961489373965,-0.957673939942,-0.953858505918,
    -0.950043071894,-0.946227637871,-0.942412203847,-0.938596769823,
    -0.9347813358,-0.930965901776,-0.927150467752,-0.923335033729,
    -0.919519599705,-0.915704165681,-0.911888731658,-0.908073297634,
    -0.90425786361,-0.900442429587,-0.896626995563,-0.892811561539,
    -0.888996127516,-0.885180693492,-0.881365259468,-0.877549825445,
    -0.873734391421,-0.869918957397,-0.866103523374,-0.86228808935,
    -0.858472655326,-0.854657221303,-0.850841787279,-0.847026353255,
    -0.843210919232,-0.839395485208,-0.835580051184,-0.831764617161,
    -0.827949183137,-0.824133749113,-0.820318315089,-0.816502881066,
    -0.812687447042,-0.808872013018,-0.805056578995,-0.801241144971,
    -0.797425710947,-0.793610276924,-0.7897948429,-0.785979408876,
    -0.782163974853,-0.778348540829,-0.774533106805,-0.770717672782,
    -0.766902238758,-0.763086804734,-0.759271370711,-0.755455936687,
    -0.751640502663,-0.74782506864,-0.744009634616,-0.740194200592,
    -0.736378766569,-0.732563332545,-0.728747898521,-0.724932464498,
    -0.721117030474,-0.71730159645,-0.713486162427,-0.709670728403,
    -0.705855294379,-0.702039860356,-0.698224426332,-0.694408992308,
    -0.690593558285,-0.686778124261,-0.682962690237,-0.679147256214,
    -0.67533182219,-0.671516388166,-0.667700954143,-0.663885520119,
    -0.660070086095,-0.656254652072,-0.652439218048,-0.648623784024,
    -0.644808350001,-0.640992915977,-0.637177481953,-0.63336204793,
    -0.629546613906,-0.625731179882,-0.621915745859,-0.618100311835,
    -0.614284877811,-0.610469443788,-0.606654009764,-0.60283857574,
    -0.599023141717,-0.595207707693,-0.591392273669,-0.587576839645,
    -0.583761405622,-0.579945971598,-0.576130537574,-0.572315103551,
    -0.568499669527,-0.564684235503,-0.56086880148,-0.557053367456,
    -0.553237933432,-0.549422499409,-0.545607065385,-0.541791631361,
    -0.537976197338,-0.534160763314,-0.53034532929,-0.526529895267,
    -0.522714461243,-0.518899027219,-0.515083593196,-0.511268159172,
    -0.507452725148,-0.503637291125,-0.499821857101,-0.496006423077,
    -0.492190989054,-0.48837555503,-0.484560121006,-0.480744686983,
    -0.476929252959,-0.473113818935,-0.469298384912,-0.465482950888,
    -0.461667516864,-0.457852082841,-0.454036648817,-0.450221214793,
    -0.44640578077,-0.442590346746,-0.438774912722,-0.434959478699,
    -0.431144044675,-0.427328610651,-0.423513176628,-0.419697742604,
    -0.41588230858,-0.412066874557,-0.408251440533,-0.404436006509,
    -0.400620572486,-0.396805138462,-0.392989704438,-0.389174270415,
    -0.385358836391,-0.381543402367,-0.377727968344,-0.37391253432,
    -0.370097100296,-0.366281666273,-0.362466232249,-0.358650798225,
    -0.354835364202,-0.351019930178,-0.347204496154,-0.34338906213,
    -0.339573628107,-0.335758194083,-0.331942760059,-0.328127326036,
    -0.324311892012,-0.320496457988,-0.316681023965,-0.312865589941,
    -0.309050155917,-0.305234721894,-0.30141928787,-0.297603853846,
    -0.293788419823,-0.289972985799,-0.286157551775,-0.282342117752,
    -0.278526683728,-0.274711249704,-0.270895815681,-0.267080381657,
    -0.263264947633,-0.25944951361,-0.255634079586,-0.251818645562,
    -0.248003211539,-0.244187777515,-0.240372343491,-0.236556909468,
    -0.232741475444,-0.22892604142,-0.225110607397,-0.221295173373,
    -0.217479739349,-0.213664305326,-0.209848871302,-0.206033437278,
    -0.202218003255,-0.198402569231,-0.194587135207,-0.190771701184,
    -0.18695626716,-0.183140833136,-0.179325399113,-0.175509965089,
    -0.171694531065,-0.167879097042,-0.164063663018,-0.160248228994,
    -0.156432794971,-0.152617360947,-0.148801926923,-0.1449864929,
    -0.141171058876,-0.137355624852,-0.133540190829,-0.129724756805,
    -0.125909322781,-0.122093888758,-0.118278454734,-0.11446302071,
    -0.110647586686,-0.106832152663,-0.103016718639,-9.920128461547E-02,
    -9.53858505918E-02,-9.157041656813E-02,-8.775498254446E-02,
    -8.393954852079E-02,-8.012411449711E-02,-7.630868047344E-02,
    -7.249324644977E-02,-6.86778124261E-02,-6.486237840242E-02,
    -6.104694437875E-02,-5.723151035508E-02,-5.341607633141E-02,
    -4.960064230774E-02,-4.578520828406E-02,-4.196977426039E-02,
    -3.815434023672E-02,-3.433890621305E-02,-3.052347218938E-02,
    -2.67080381657E-02,-2.289260414203E-02,-1.907717011836E-02,
    -1.526173609469E-02,-1.144630207102E-02,-7.630868047344E-03,
    -3.815434023672E-03,0.),.UNSPECIFIED.);
#5342 = CARTESIAN_POINT('',(0.27229556717,8.));
#5343 = CARTESIAN_POINT('',(0.27229556716,8.016618728545));
#5344 = CARTESIAN_POINT('',(0.272240128523,8.049985726927));
#5345 = CARTESIAN_POINT('',(0.271992375287,8.10036744999));
#5346 = CARTESIAN_POINT('',(0.271581747458,8.151023000156));
#5347 = CARTESIAN_POINT('',(0.27100996532,8.201894979039));
#5348 = CARTESIAN_POINT('',(0.270278749501,8.252925988252));
#5349 = CARTESIAN_POINT('',(0.269389818402,8.304058629408));
#5350 = CARTESIAN_POINT('',(0.268344894252,8.355235504121));
#5351 = CARTESIAN_POINT('',(0.267145698883,8.406399214006));
#5352 = CARTESIAN_POINT('',(0.2657939523,8.457492360672));
#5353 = CARTESIAN_POINT('',(0.264291374361,8.508457545742));
#5354 = CARTESIAN_POINT('',(0.262639679284,8.559237370797));
#5355 = CARTESIAN_POINT('',(0.260840592729,8.609774437576));
#5356 = CARTESIAN_POINT('',(0.258895839379,8.66001134722));
#5357 = CARTESIAN_POINT('',(0.256807140053,8.709890703107));
#5358 = CARTESIAN_POINT('',(0.254576212094,8.759355100262));
#5359 = CARTESIAN_POINT('',(0.252204770281,8.808347164887));
#5360 = CARTESIAN_POINT('',(0.249694531471,8.856809406837));
#5361 = CARTESIAN_POINT('',(0.247047255246,8.904684770164));
#5362 = CARTESIAN_POINT('',(0.244264528922,8.951914578486));
#5363 = CARTESIAN_POINT('',(0.24134858812,8.998446331799));
#5364 = CARTESIAN_POINT('',(0.23830140016,9.044269895512));
#5365 = CARTESIAN_POINT('',(0.235124666584,9.089371240105));
#5366 = CARTESIAN_POINT('',(0.231820150489,9.133737379702));
#5367 = CARTESIAN_POINT('',(0.228389587321,9.177355048782));
#5368 = CARTESIAN_POINT('',(0.224834713209,9.220211056757));
#5369 = CARTESIAN_POINT('',(0.221157239803,9.262292192959));
#5370 = CARTESIAN_POINT('',(0.217358917197,9.303585252101));
#5371 = CARTESIAN_POINT('',(0.213441522939,9.344077027453));
#5372 = CARTESIAN_POINT('',(0.209406813995,9.383754312674));
#5373 = CARTESIAN_POINT('',(0.205256538853,9.422603901314));
#5374 = CARTESIAN_POINT('',(0.200992432917,9.460612586968));
#5375 = CARTESIAN_POINT('',(0.196616223081,9.49776716316));
#5376 = CARTESIAN_POINT('',(0.192129612288,9.534054423657));
#5377 = CARTESIAN_POINT('',(0.187534368397,9.569461161316));
#5378 = CARTESIAN_POINT('',(0.18283226328,9.603974172401));
#5379 = CARTESIAN_POINT('',(0.178025041804,9.637580240452));
#5380 = CARTESIAN_POINT('',(0.173114465914,9.670266196498));
#5381 = CARTESIAN_POINT('',(0.168102170824,9.702018694337));
#5382 = CARTESIAN_POINT('',(0.162990210073,9.732825102015));
#5383 = CARTESIAN_POINT('',(0.15778226248,9.762674709155));
#5384 = CARTESIAN_POINT('',(0.152481773602,9.791556511608));
#5385 = CARTESIAN_POINT('',(0.147092234093,9.819459583942));
#5386 = CARTESIAN_POINT('',(0.141617097499,9.846372979632));
#5387 = CARTESIAN_POINT('',(0.136059825779,9.872285757806));
#5388 = CARTESIAN_POINT('',(0.130423930811,9.897186976076));
#5389 = CARTESIAN_POINT('',(0.124712901505,9.92106569246));
#5390 = CARTESIAN_POINT('',(0.118930217214,9.943910964869));
#5391 = CARTESIAN_POINT('',(0.113079333948,9.96571185124));
#5392 = CARTESIAN_POINT('',(0.10716372295,9.986457409507));
#5393 = CARTESIAN_POINT('',(0.101186890199,10.006136697601));
#5394 = CARTESIAN_POINT('',(9.515232090947E-02,10.024738773454));
#5395 = CARTESIAN_POINT('',(8.906349249286E-02,10.042252695001));
#5396 = CARTESIAN_POINT('',(8.292386028418E-02,10.058667520174));
#5397 = CARTESIAN_POINT('',(7.673691162842E-02,10.073972306904));
#5398 = CARTESIAN_POINT('',(7.050614147481E-02,10.088156113126));
#5399 = CARTESIAN_POINT('',(6.423503228268E-02,10.101207996772));
#5400 = CARTESIAN_POINT('',(5.792705687746E-02,10.113117015774));
#5401 = CARTESIAN_POINT('',(5.15856793876E-02,10.123872228066));
#5402 = CARTESIAN_POINT('',(4.521439418363E-02,10.133462691579));
#5403 = CARTESIAN_POINT('',(3.881668545048E-02,10.141877464248));
#5404 = CARTESIAN_POINT('',(3.239603438484E-02,10.149105604004));
#5405 = CARTESIAN_POINT('',(2.595591047065E-02,10.15513616878));
#5406 = CARTESIAN_POINT('',(1.94997944871E-02,10.159958216509));
#5407 = CARTESIAN_POINT('',(1.30311712275E-02,10.163560805124));
#5408 = CARTESIAN_POINT('',(6.553521932111E-03,10.165932992558));
#5409 = CARTESIAN_POINT('',(7.032557407153E-05,10.167063836737));
#5410 = CARTESIAN_POINT('',(-6.414940820896E-03,10.166942395627));
#5411 = CARTESIAN_POINT('',(-1.28987941042E-02,10.165557727034));
#5412 = CARTESIAN_POINT('',(-1.937775797499E-02,10.162898889361));
#5413 = CARTESIAN_POINT('',(-2.584835065969E-02,10.158954938786));
#5414 = CARTESIAN_POINT('',(-3.230709192923E-02,10.153714939791));
#5415 = CARTESIAN_POINT('',(-3.875049438821E-02,10.147167925867));
#5416 = CARTESIAN_POINT('',(-4.5175087534E-02,10.139303046169));
#5417 = CARTESIAN_POINT('',(-5.157739423465E-02,10.130109018176));
#5418 = CARTESIAN_POINT('',(-5.795393244437E-02,10.119576170415));
#5419 = CARTESIAN_POINT('',(-6.430121181116E-02,10.107688818895));
#5420 = CARTESIAN_POINT('',(-7.061834231355E-02,10.094462022748));
#5421 = CARTESIAN_POINT('',(-7.689984283536E-02,10.079933363978));
#5422 = CARTESIAN_POINT('',(-8.314099189387E-02,10.06413532831));
#5423 = CARTESIAN_POINT('',(-8.933685220993E-02,10.04710176701));
#5424 = CARTESIAN_POINT('',(-9.548253969617E-02,10.02886616545));
#5425 = CARTESIAN_POINT('',(-0.10157319089,10.009462107042));
#5426 = CARTESIAN_POINT('',(-0.107603925064,9.98892314893));
#5427 = CARTESIAN_POINT('',(-0.113569851374,9.967282855291));
#5428 = CARTESIAN_POINT('',(-0.119466059735,9.944574788436));
#5429 = CARTESIAN_POINT('',(-0.125287688074,9.920832511111));
#5430 = CARTESIAN_POINT('',(-0.131029867527,9.89608958618));
#5431 = CARTESIAN_POINT('',(-0.136687711382,9.870379575613));
#5432 = CARTESIAN_POINT('',(-0.142256311707,9.843736044825));
#5433 = CARTESIAN_POINT('',(-0.147730774155,9.816192546352));
#5434 = CARTESIAN_POINT('',(-0.153106245681,9.787782680801));
#5435 = CARTESIAN_POINT('',(-0.158377867536,9.758539869373));
#5436 = CARTESIAN_POINT('',(-0.163540674179,9.728498202818));
#5437 = CARTESIAN_POINT('',(-0.168590027478,9.6976892731));
#5438 = CARTESIAN_POINT('',(-0.173520031499,9.666153997781));
#5439 = CARTESIAN_POINT('',(-0.178331564404,9.633872295588));
#5440 = CARTESIAN_POINT('',(-0.183029539873,9.600801413081));
#5441 = CARTESIAN_POINT('',(-0.187617890708,9.566904219746));
#5442 = CARTESIAN_POINT('',(-0.192100784883,9.532142089041));
#5443 = CARTESIAN_POINT('',(-0.196482345769,9.496476755605));
#5444 = CARTESIAN_POINT('',(-0.200766719013,9.45987000538));
#5445 = CARTESIAN_POINT('',(-0.204958091264,9.422283057918));
#5446 = CARTESIAN_POINT('',(-0.209060408908,9.383679347029));
#5447 = CARTESIAN_POINT('',(-0.213078476174,9.344014015881));
#5448 = CARTESIAN_POINT('',(-0.217013681121,9.303275627105));
#5449 = CARTESIAN_POINT('',(-0.220857279726,9.261542655704));
#5450 = CARTESIAN_POINT('',(-0.224602009733,9.218879830387));
#5451 = CARTESIAN_POINT('',(-0.228240201876,9.175355564495));
#5452 = CARTESIAN_POINT('',(-0.231764282128,9.131037279134));
#5453 = CARTESIAN_POINT('',(-0.235166665058,9.085992679717));
#5454 = CARTESIAN_POINT('',(-0.238439795709,9.040289326667));
#5455 = CARTESIAN_POINT('',(-0.241576053696,8.99399507606));
#5456 = CARTESIAN_POINT('',(-0.244567998352,8.947176746352));
#5457 = CARTESIAN_POINT('',(-0.247407486324,8.899905010822));
#5458 = CARTESIAN_POINT('',(-0.250093594084,8.852208628045));
#5459 = CARTESIAN_POINT('',(-0.252626520094,8.804110246079));
#5460 = CARTESIAN_POINT('',(-0.255006161958,8.755634116137));
#5461 = CARTESIAN_POINT('',(-0.257232489299,8.706804059866));
#5462 = CARTESIAN_POINT('',(-0.259305449225,8.657644014016));
#5463 = CARTESIAN_POINT('',(-0.261225011402,8.608177884495));
#5464 = CARTESIAN_POINT('',(-0.262991136561,8.558429585475));
#5465 = CARTESIAN_POINT('',(-0.264603784449,8.508423028913));
#5466 = CARTESIAN_POINT('',(-0.266062910018,8.458182127361));
#5467 = CARTESIAN_POINT('',(-0.267368471047,8.407730793211));
#5468 = CARTESIAN_POINT('',(-0.268520430487,8.357092938897));
#5469 = CARTESIAN_POINT('',(-0.269518747946,8.306292476843));
#5470 = CARTESIAN_POINT('',(-0.270363382801,8.255353319475));
#5471 = CARTESIAN_POINT('',(-0.27105429255,8.204299379218));
#5472 = CARTESIAN_POINT('',(-0.271591436975,8.153154568498));
#5473 = CARTESIAN_POINT('',(-0.271974775959,8.10194279974));
#5474 = CARTESIAN_POINT('',(-0.272204268814,8.050687985371));
#5475 = CARTESIAN_POINT('',(-0.272279874852,7.999414037816));
#5476 = CARTESIAN_POINT('',(-0.272201553235,7.9481448695));
#5477 = CARTESIAN_POINT('',(-0.271969263134,7.896904392849));
#5478 = CARTESIAN_POINT('',(-0.271582964285,7.845716520289));
#5479 = CARTESIAN_POINT('',(-0.271042616098,7.794605164245));
#5480 = CARTESIAN_POINT('',(-0.270348177864,7.743594237144));
#5481 = CARTESIAN_POINT('',(-0.269499608235,7.69270765141));
#5482 = CARTESIAN_POINT('',(-0.268496865687,7.641969319469));
#5483 = CARTESIAN_POINT('',(-0.267339912098,7.591403153748));
#5484 = CARTESIAN_POINT('',(-0.266028706893,7.541033066669));
#5485 = CARTESIAN_POINT('',(-0.264563208985,7.490882970667));
#5486 = CARTESIAN_POINT('',(-0.262943373483,7.440976778137));
#5487 = CARTESIAN_POINT('',(-0.261169160948,7.391338401617));
#5488 = CARTESIAN_POINT('',(-0.259240536139,7.341991753116));
#5489 = CARTESIAN_POINT('',(-0.257157458756,7.292960746611));
#5490 = CARTESIAN_POINT('',(-0.254919883975,7.244269288738));
#5491 = CARTESIAN_POINT('',(-0.252527768793,7.195941313528));
#5492 = CARTESIAN_POINT('',(-0.249981061671,7.148000652782));
#5493 = CARTESIAN_POINT('',(-0.247279796133,7.100471519812));
#5494 = CARTESIAN_POINT('',(-0.244423662783,7.053376704128));
#5495 = CARTESIAN_POINT('',(-0.24141363102,7.006744422137));
#5496 = CARTESIAN_POINT('',(-0.238258685201,6.960640115689));
#5497 = CARTESIAN_POINT('',(-0.234967017048,6.915125803089));
#5498 = CARTESIAN_POINT('',(-0.231547022329,6.870264424122));
#5499 = CARTESIAN_POINT('',(-0.22800702364,6.826118656197));
#5500 = CARTESIAN_POINT('',(-0.224355381651,6.782751304752));
#5501 = CARTESIAN_POINT('',(-0.220600433507,6.740224925478));
#5502 = CARTESIAN_POINT('',(-0.216750637172,6.698602945025));
#5503 = CARTESIAN_POINT('',(-0.212813950849,6.657945555958));
#5504 = CARTESIAN_POINT('',(-0.208800160387,6.618325016225));
#5505 = CARTESIAN_POINT('',(-0.20470691997,6.579734665979));
#5506 = CARTESIAN_POINT('',(-0.20052750361,6.542138512431));
#5507 = CARTESIAN_POINT('',(-0.19625626474,6.505507839796));
#5508 = CARTESIAN_POINT('',(-0.191887253044,6.469811988239));
#5509 = CARTESIAN_POINT('',(-0.187414602658,6.435020797114));
#5510 = CARTESIAN_POINT('',(-0.182832468817,6.401104053076));
#5511 = CARTESIAN_POINT('',(-0.178134918504,6.368031254378));
#5512 = CARTESIAN_POINT('',(-0.173316273014,6.33577310559));
#5513 = CARTESIAN_POINT('',(-0.168369857696,6.304295774407));
#5514 = CARTESIAN_POINT('',(-0.163293149942,6.273583722464));
#5515 = CARTESIAN_POINT('',(-0.158093911954,6.2436706309));
#5516 = CARTESIAN_POINT('',(-0.152778252965,6.214582656099));
#5517 = CARTESIAN_POINT('',(-0.147352702493,6.186347970694));
#5518 = CARTESIAN_POINT('',(-0.141823646096,6.15899420707));
#5519 = CARTESIAN_POINT('',(-0.136197561649,6.132549142366));
#5520 = CARTESIAN_POINT('',(-0.130480906791,6.107040514939));
#5521 = CARTESIAN_POINT('',(-0.124680125898,6.082496073533));
#5522 = CARTESIAN_POINT('',(-0.118801635939,6.058943564117));
#5523 = CARTESIAN_POINT('',(-0.112851895694,6.036410733379));
#5524 = CARTESIAN_POINT('',(-0.106837364673,6.014925327902));
#5525 = CARTESIAN_POINT('',(-0.100764488074,5.994515093971));
#5526 = CARTESIAN_POINT('',(-9.463969090127E-02,5.975207779167));
#5527 = CARTESIAN_POINT('',(-8.846942672938E-02,5.95703112619));
#5528 = CARTESIAN_POINT('',(-8.226015291047E-02,5.940012895959));
#5529 = CARTESIAN_POINT('',(-7.601830381436E-02,5.924180781407));
#5530 = CARTESIAN_POINT('',(-6.975035446759E-02,5.909562729187));
#5531 = CARTESIAN_POINT('',(-6.346260259541E-02,5.896185739062));
#5532 = CARTESIAN_POINT('',(-5.716207549441E-02,5.884080344627));
#5533 = CARTESIAN_POINT('',(-5.085224574482E-02,5.873261461823));
#5534 = CARTESIAN_POINT('',(-4.453390581735E-02,5.863722688914));
#5535 = CARTESIAN_POINT('',(-3.820849521614E-02,5.855461793321));
#5536 = CARTESIAN_POINT('',(-3.187727854818E-02,5.848475425344));
#5537 = CARTESIAN_POINT('',(-2.554156524163E-02,5.842760534613));
#5538 = CARTESIAN_POINT('',(-1.920264923562E-02,5.838313990553));
#5539 = CARTESIAN_POINT('',(-1.28618363621E-02,5.835132684083));
#5540 = CARTESIAN_POINT('',(-6.520425420856E-03,5.833213500357));
#5541 = CARTESIAN_POINT('',(-1.797176961499E-04,5.832553326081));
#5542 = CARTESIAN_POINT('',(6.158985321229E-03,5.833149047531));
#5543 = CARTESIAN_POINT('',(1.249438299427E-02,5.834997551146));
#5544 = CARTESIAN_POINT('',(1.882517240522E-02,5.838095723143));
#5545 = CARTESIAN_POINT('',(2.51500522254E-02,5.842440450462));
#5546 = CARTESIAN_POINT('',(3.146772628839E-02,5.848028617374));
#5547 = CARTESIAN_POINT('',(3.777689601561E-02,5.854857118109));
#5548 = CARTESIAN_POINT('',(4.407625200164E-02,5.862922809719));
#5549 = CARTESIAN_POINT('',(5.036451795502E-02,5.872222688017));
#5550 = CARTESIAN_POINT('',(5.664028669323E-02,5.88275323095));
#5551 = CARTESIAN_POINT('',(6.290265469442E-02,5.894512849167));
#5552 = CARTESIAN_POINT('',(6.914844564147E-02,5.907490071047));
#5553 = CARTESIAN_POINT('',(7.537209388072E-02,5.921666185071));
#5554 = CARTESIAN_POINT('',(8.156853619743E-02,5.937024117899));
#5555 = CARTESIAN_POINT('',(8.7732567039E-02,5.953546357245));
#5556 = CARTESIAN_POINT('',(9.385901668789E-02,5.971215508436));
#5557 = CARTESIAN_POINT('',(9.994273045344E-02,5.990014145286));
#5558 = CARTESIAN_POINT('',(0.105978539101,6.009924850053));
#5559 = CARTESIAN_POINT('',(0.111961265204,6.030930202731));
#5560 = CARTESIAN_POINT('',(0.117885719647,6.05301278392));
#5561 = CARTESIAN_POINT('',(0.123746755692,6.076155174066));
#5562 = CARTESIAN_POINT('',(0.129539210073,6.100339953629));
#5563 = CARTESIAN_POINT('',(0.135257908131,6.125549703161));
#5564 = CARTESIAN_POINT('',(0.140897652632,6.151767002832));
#5565 = CARTESIAN_POINT('',(0.146453285046,6.178974434247));
#5566 = CARTESIAN_POINT('',(0.151919656247,6.207154573655));
#5567 = CARTESIAN_POINT('',(0.157291604538,6.236290017296));
#5568 = CARTESIAN_POINT('',(0.162563908412,6.266363286802));
#5569 = CARTESIAN_POINT('',(0.167731504726,6.297357182241));
#5570 = CARTESIAN_POINT('',(0.172788824372,6.329253464546));
#5571 = CARTESIAN_POINT('',(0.177734240451,6.362040691666));
#5572 = CARTESIAN_POINT('',(0.182567126818,6.395709947975));
#5573 = CARTESIAN_POINT('',(0.187286578533,6.430251690951));
#5574 = CARTESIAN_POINT('',(0.191891745013,6.465656546048));
#5575 = CARTESIAN_POINT('',(0.196381744733,6.501915093711));
#5576 = CARTESIAN_POINT('',(0.200755674514,6.539017926445));
#5577 = CARTESIAN_POINT('',(0.205012688108,6.576955633525));
#5578 = CARTESIAN_POINT('',(0.209151950385,6.615718805087));
#5579 = CARTESIAN_POINT('',(0.21317260818,6.655298031046));
#5580 = CARTESIAN_POINT('',(0.217073797782,6.695683901347));
#5581 = CARTESIAN_POINT('',(0.220854645674,6.736867006036));
#5582 = CARTESIAN_POINT('',(0.224514258957,6.778837934721));
#5583 = CARTESIAN_POINT('',(0.228051789993,6.821587278663));
#5584 = CARTESIAN_POINT('',(0.231466393723,6.865105622947));
#5585 = CARTESIAN_POINT('',(0.234757212847,6.909383575714));
#5586 = CARTESIAN_POINT('',(0.237923384714,6.954411659053));
#5587 = CARTESIAN_POINT('',(0.240964030841,7.000180716209));
#5588 = CARTESIAN_POINT('',(0.243878292575,7.046680391844));
#5589 = CARTESIAN_POINT('',(0.246665266693,7.09390480381));
#5590 = CARTESIAN_POINT('',(0.249322333073,7.141799414735));
#5591 = CARTESIAN_POINT('',(0.251847187685,7.190302593891));
#5592 = CARTESIAN_POINT('',(0.254237441677,7.239354571562));
#5593 = CARTESIAN_POINT('',(0.256490723415,7.288895079376));
#5594 = CARTESIAN_POINT('',(0.258604647894,7.338863982574));
#5595 = CARTESIAN_POINT('',(0.260576838706,7.389201110596));
#5596 = CARTESIAN_POINT('',(0.262404930244,7.439846302476));
#5597 = CARTESIAN_POINT('',(0.264086549796,7.490739394675));
#5598 = CARTESIAN_POINT('',(0.265619323414,7.541820224345));
#5599 = CARTESIAN_POINT('',(0.267000873783,7.593028628453));
#5600 = CARTESIAN_POINT('',(0.26822882328,7.644304444016));
#5601 = CARTESIAN_POINT('',(0.269300802083,7.695587508035));
#5602 = CARTESIAN_POINT('',(0.270214436132,7.746817657518));
#5603 = CARTESIAN_POINT('',(0.27096735154,7.79793472947));
#5604 = CARTESIAN_POINT('',(0.271557172873,7.848878560896));
#5605 = CARTESIAN_POINT('',(0.271981525859,7.899588988804));
#5606 = CARTESIAN_POINT('',(0.272238037086,7.950005850198));
#5607 = CARTESIAN_POINT('',(0.272295567164,7.983381271455));
#5608 = CARTESIAN_POINT('',(0.27229556717,8.));
#5609 = ( GEOMETRIC_REPRESENTATION_CONTEXT(2) 
PARAMETRIC_REPRESENTATION_CONTEXT() REPRESENTATION_CONTEXT('2D SPACE',''
  ) );
#5610 = PCURVE('',#5611,#5680);
#5611 = B_SPLINE_SURFACE_WITH_KNOTS('',3,3,(
    (#5612,#5613,#5614,#5615,#5616,#5617,#5618,#5619,#5620,#5621,#5622
      ,#5623,#5624,#5625,#5626,#5627,#5628)
    ,(#5629,#5630,#5631,#5632,#5633,#5634,#5635,#5636,#5637,#5638,#5639
      ,#5640,#5641,#5642,#5643,#5644,#5645)
    ,(#5646,#5647,#5648,#5649,#5650,#5651,#5652,#5653,#5654,#5655,#5656
      ,#5657,#5658,#5659,#5660,#5661,#5662)
    ,(#5663,#5664,#5665,#5666,#5667,#5668,#5669,#5670,#5671,#5672,#5673
      ,#5674,#5675,#5676,#5677,#5678,#5679
    )),.UNSPECIFIED.,.F.,.T.,.F.,(4,4),(1,3,1,1,1,1,1,1,1,1,1,1,1,1,1,3,
    1),(-2.937043914337E-03,1.003256248513),(-7.194818444639E-02,0.,
    7.194818444639E-02,0.143896368893,0.215844553339,0.287792737786,
    0.359740922232,0.395715014455,0.431689106678,0.575585475571,
    0.611559567794,0.647533660017,0.719481844464,0.863378213357,
    0.935326397803,1.007274582249,1.079222766696),.UNSPECIFIED.);
#5612 = CARTESIAN_POINT('',(7.706366427394,8.,-2.152971129471));
#5613 = CARTESIAN_POINT('',(7.706366427394,7.68644723984,-2.152971129471
    ));
#5614 = CARTESIAN_POINT('',(7.750849051695,7.010252962993,
    -1.995372886083));
#5615 = CARTESIAN_POINT('',(7.891898996523,6.252223747484,
    -1.402451629951));
#5616 = CARTESIAN_POINT('',(8.006037764237,5.81367080217,-0.482698285581
    ));
#5617 = CARTESIAN_POINT('',(8.007225885031,5.811666693205,0.485127038748
    ));
#5618 = CARTESIAN_POINT('',(7.907551300411,6.191199344244,1.260982167687
    ));
#5619 = CARTESIAN_POINT('',(7.822196148108,6.63036191692,1.691027525868)
  );
#5620 = CARTESIAN_POINT('',(7.691330783468,7.475373653184,2.22454384078)
  );
#5621 = CARTESIAN_POINT('',(7.694108476236,8.522889139249,2.224484869218
    ));
#5622 = CARTESIAN_POINT('',(7.824471536007,9.372153369785,1.694369719877
    ));
#5623 = CARTESIAN_POINT('',(7.908775799578,9.80981084675,1.260875001459)
  );
#5624 = CARTESIAN_POINT('',(8.056366954655,10.350840294713,
    0.196808895608));
#5625 = CARTESIAN_POINT('',(7.943087033885,10.004217093275,
    -1.200622665021));
#5626 = CARTESIAN_POINT('',(7.748592650953,8.98674427569,-2.000934605214
    ));
#5627 = CARTESIAN_POINT('',(7.706366427394,8.31355276016,-2.152971129471
    ));
#5628 = CARTESIAN_POINT('',(7.706366427394,8.,-2.152971129471));
#5629 = CARTESIAN_POINT('',(7.578699474388,8.,-1.990120401185));
#5630 = CARTESIAN_POINT('',(7.578699474388,7.70597720222,-1.990120401185
    ));
#5631 = CARTESIAN_POINT('',(7.617757839825,7.072248719941,
    -1.838406006767));
#5632 = CARTESIAN_POINT('',(7.7403057562,6.375716292007,-1.278488142616)
  );
#5633 = CARTESIAN_POINT('',(7.837673040649,5.983265062484,
    -0.435728122303));
#5634 = CARTESIAN_POINT('',(7.838702591155,5.98149235805,0.438116050728)
  );
#5635 = CARTESIAN_POINT('',(7.753524968824,6.321450163583,1.149637455227
    ));
#5636 = CARTESIAN_POINT('',(7.679719314005,6.72321431457,1.551371292396)
  );
#5637 = CARTESIAN_POINT('',(7.565651589969,7.504438940171,2.057425728352
    ));
#5638 = CARTESIAN_POINT('',(7.568190671174,8.493868399432,2.056317758757
    ));
#5639 = CARTESIAN_POINT('',(7.681731252689,9.278906106017,1.554064906529
    ));
#5640 = CARTESIAN_POINT('',(7.754689245648,9.679623051811,1.148705199438
    ));
#5641 = CARTESIAN_POINT('',(7.880453202113,10.162028145918,
    0.175981112273));
#5642 = CARTESIAN_POINT('',(7.784579383047,9.858748112704,
    -1.086590431883));
#5643 = CARTESIAN_POINT('',(7.615914682877,8.925622759279,-1.84425082358
    ));
#5644 = CARTESIAN_POINT('',(7.578699474388,8.29402279778,-1.990120401185
    ));
#5645 = CARTESIAN_POINT('',(7.578699474388,8.,-1.990120401185));
#5646 = CARTESIAN_POINT('',(7.451032521382,8.,-1.827269672899));
#5647 = CARTESIAN_POINT('',(7.451032521382,7.725507164599,
    -1.827269672899));
#5648 = CARTESIAN_POINT('',(7.484666627956,7.134244476888,-1.68143912745
    ));
#5649 = CARTESIAN_POINT('',(7.588712515877,6.499208836529,
    -1.154524655282));
#5650 = CARTESIAN_POINT('',(7.669308317062,6.152859322797,
    -0.388757959025));
#5651 = CARTESIAN_POINT('',(7.670179297279,6.151318022895,0.391105062708
    ));
#5652 = CARTESIAN_POINT('',(7.599498637238,6.451700982922,1.038292742767
    ));
#5653 = CARTESIAN_POINT('',(7.537242479902,6.81606671222,1.411715058923)
  );
#5654 = CARTESIAN_POINT('',(7.43997239647,7.533504227158,1.890307615923)
  );
#5655 = CARTESIAN_POINT('',(7.442272866111,8.464847659615,1.888150648296
    ));
#5656 = CARTESIAN_POINT('',(7.538990969372,9.18565884225,1.413760093181)
  );
#5657 = CARTESIAN_POINT('',(7.600602691717,9.549435256872,1.036535397417
    ));
#5658 = CARTESIAN_POINT('',(7.70453944957,9.973215997123,0.155153328938)
  );
#5659 = CARTESIAN_POINT('',(7.626071732209,9.713279132133,
    -0.972558198744));
#5660 = CARTESIAN_POINT('',(7.4832367148,8.864501242868,-1.687567041946)
  );
#5661 = CARTESIAN_POINT('',(7.451032521382,8.2744928354,-1.827269672899)
  );
#5662 = CARTESIAN_POINT('',(7.451032521382,8.,-1.827269672899));
#5663 = CARTESIAN_POINT('',(7.323365568375,8.,-1.664418944613));
#5664 = CARTESIAN_POINT('',(7.323365568375,7.745037126979,
    -1.664418944613));
#5665 = CARTESIAN_POINT('',(7.351575416087,7.196240233835,
    -1.524472248134));
#5666 = CARTESIAN_POINT('',(7.437119275554,6.622701381051,
    -1.030561167947));
#5667 = CARTESIAN_POINT('',(7.500943593475,6.32245358311,-0.341787795747
    ));
#5668 = CARTESIAN_POINT('',(7.501656003403,6.321143687739,0.344094074687
    ));
#5669 = CARTESIAN_POINT('',(7.445472305652,6.581951802261,0.926948030307
    ));
#5670 = CARTESIAN_POINT('',(7.394765645798,6.90891910987,1.27205882545)
  );
#5671 = CARTESIAN_POINT('',(7.314293202971,7.562569514145,1.723189503494
    ));
#5672 = CARTESIAN_POINT('',(7.316355061049,8.435826919799,1.719983537835
    ));
#5673 = CARTESIAN_POINT('',(7.396250686055,9.092411578482,1.273455279833
    ));
#5674 = CARTESIAN_POINT('',(7.446516137787,9.419247461934,0.924365595396
    ));
#5675 = CARTESIAN_POINT('',(7.528625697028,9.784403848328,0.134325545603
    ));
#5676 = CARTESIAN_POINT('',(7.467564081371,9.567810151561,
    -0.858525965606));
#5677 = CARTESIAN_POINT('',(7.350558746723,8.803379726457,
    -1.530883260312));
#5678 = CARTESIAN_POINT('',(7.323365568375,8.254962873021,
    -1.664418944613));
#5679 = CARTESIAN_POINT('',(7.323365568375,8.,-1.664418944613));
#5680 = DEFINITIONAL_REPRESENTATION('',(#5681),#5685);
#5681 = LINE('',#5682,#5683);
#5682 = CARTESIAN_POINT('',(1.198972872554E-14,0.));
#5683 = VECTOR('',#5684,1.);
#5684 = DIRECTION('',(0.,-1.));
#5685 = ( GEOMETRIC_REPRESENTATION_CONTEXT(2) 
PARAMETRIC_REPRESENTATION_CONTEXT() REPRESENTATION_CONTEXT('2D SPACE',''
  ) );
#5686 = FACE_BOUND('',#5687,.T.);
#5687 = EDGE_LOOP('',(#5688));
#5688 = ORIENTED_EDGE('',*,*,#4353,.F.);
#5689 = ADVANCED_FACE('',(#5690),#5611,.T.);
#5690 = FACE_BOUND('',#5691,.T.);
#5691 = EDGE_LOOP('',(#5692,#5716,#5956,#6076,#6077));
#5692 = ORIENTED_EDGE('',*,*,#5693,.T.);
#5693 = EDGE_CURVE('',#5151,#5694,#5696,.T.);
#5694 = VERTEX_POINT('',#5695);
#5695 = CARTESIAN_POINT('',(7.324605037956,8.,-1.666));
#5696 = SEAM_CURVE('',#5697,(#5702,#5709),.PCURVE_S1.);
#5697 = B_SPLINE_CURVE_WITH_KNOTS('',3,(#5698,#5699,#5700,#5701),
  .UNSPECIFIED.,.F.,.F.,(4,4),(3.274290560906E-15,1.),
  .PIECEWISE_BEZIER_KNOTS.);
#5698 = CARTESIAN_POINT('',(7.705248460945,8.,-2.1515450623));
#5699 = CARTESIAN_POINT('',(7.578367319948,8.,-1.9896967082));
#5700 = CARTESIAN_POINT('',(7.451486178952,8.,-1.8278483541));
#5701 = CARTESIAN_POINT('',(7.324605037956,8.,-1.666));
#5702 = PCURVE('',#5611,#5703);
#5703 = DEFINITIONAL_REPRESENTATION('',(#5704),#5708);
#5704 = LINE('',#5705,#5706);
#5705 = CARTESIAN_POINT('',(8.715438164639E-15,0.));
#5706 = VECTOR('',#5707,1.);
#5707 = DIRECTION('',(1.,0.));
#5708 = ( GEOMETRIC_REPRESENTATION_CONTEXT(2) 
PARAMETRIC_REPRESENTATION_CONTEXT() REPRESENTATION_CONTEXT('2D SPACE',''
  ) );
#5709 = PCURVE('',#5611,#5710);
#5710 = DEFINITIONAL_REPRESENTATION('',(#5711),#5715);
#5711 = LINE('',#5712,#5713);
#5712 = CARTESIAN_POINT('',(8.715438164639E-15,1.007274582249));
#5713 = VECTOR('',#5714,1.);
#5714 = DIRECTION('',(1.,0.));
#5715 = ( GEOMETRIC_REPRESENTATION_CONTEXT(2) 
PARAMETRIC_REPRESENTATION_CONTEXT() REPRESENTATION_CONTEXT('2D SPACE',''
  ) );
#5716 = ORIENTED_EDGE('',*,*,#5717,.T.);
#5717 = EDGE_CURVE('',#5694,#5718,#5720,.T.);
#5718 = VERTEX_POINT('',#5719);
#5719 = CARTESIAN_POINT('',(7.499589992295,9.666,-3.726162201055E-11));
#5720 = SURFACE_CURVE('',#5721,(#5761,#5856),.PCURVE_S1.);
#5721 = B_SPLINE_CURVE_WITH_KNOTS('',3,(#5722,#5723,#5724,#5725,#5726,
    #5727,#5728,#5729,#5730,#5731,#5732,#5733,#5734,#5735,#5736,#5737,
    #5738,#5739,#5740,#5741,#5742,#5743,#5744,#5745,#5746,#5747,#5748,
    #5749,#5750,#5751,#5752,#5753,#5754,#5755,#5756,#5757,#5758,#5759,
    #5760),.UNSPECIFIED.,.F.,.F.,(4,2,2,2,2,2,2,2,2,2,2,2,3,2,2,2,2,2,4)
  ,(-0.649647466974,-0.618785886369,-0.569170728004,-0.539699485766,
    -0.453250346575,-0.369072344429,-0.312976306665,-0.272147797892,
    -0.223389606148,-0.169789717518,-0.122785310673,-6.356006496742E-02,
    0.,5.594259472279E-02,0.116720565723,0.136075418191,0.218545234136,
    0.301739804026,0.314384282236),.UNSPECIFIED.);
#5722 = CARTESIAN_POINT('',(7.324605037956,8.,-1.666));
#5723 = CARTESIAN_POINT('',(7.324605037956,7.920056922543,-1.666));
#5724 = CARTESIAN_POINT('',(7.326780446036,7.840675375254,
    -1.660256948033));
#5725 = CARTESIAN_POINT('',(7.334839802968,7.636118449263,
    -1.630760947941));
#5726 = CARTESIAN_POINT('',(7.342046871913,7.51220587949,-1.598097222987
    ));
#5727 = CARTESIAN_POINT('',(7.354970715219,7.322661607311,
    -1.523981795816));
#5728 = CARTESIAN_POINT('',(7.360190863781,7.253920204619,-1.49154020149
    ));
#5729 = CARTESIAN_POINT('',(7.383615086104,6.993044916093,
    -1.345829077234));
#5730 = CARTESIAN_POINT('',(7.407596860843,6.822545550097,
    -1.199378437801));
#5731 = CARTESIAN_POINT('',(7.455169719932,6.553000555741,-0.85354626105
    ));
#5732 = CARTESIAN_POINT('',(7.476944386046,6.453893484286,
    -0.657878782182));
#5733 = CARTESIAN_POINT('',(7.495821112988,6.356137474815,
    -0.307330721602));
#5734 = CARTESIAN_POINT('',(7.498850264075,6.335564743301,
    -0.162478819703));
#5735 = CARTESIAN_POINT('',(7.499316756895,6.333009677343,
    8.901371000422E-02));
#5736 = CARTESIAN_POINT('',(7.498069573859,6.342054623584,0.194988790632
    ));
#5737 = CARTESIAN_POINT('',(7.491148231254,6.383863154034,0.423908510544
    ));
#5738 = CARTESIAN_POINT('',(7.484302271219,6.420631128007,0.545117868543
    ));
#5739 = CARTESIAN_POINT('',(7.463080059301,6.526036151087,0.788876546209
    ));
#5740 = CARTESIAN_POINT('',(7.448102808205,6.596900300583,0.908875480851
    ));
#5741 = CARTESIAN_POINT('',(7.42012388501,6.75584442727,1.114624963373)
  );
#5742 = CARTESIAN_POINT('',(7.407894716136,6.840383173697,1.20234383138)
  );
#5743 = CARTESIAN_POINT('',(7.379595378721,7.051547477409,1.378211747375
    ));
#5744 = CARTESIAN_POINT('',(7.359589322328,7.199629740247,1.474319894388
    ));
#5745 = CARTESIAN_POINT('',(7.333661441033,7.578181320508,1.62546804651)
  );
#5746 = CARTESIAN_POINT('',(7.328762990267,7.787926787794,1.665973647635
    ));
#5747 = CARTESIAN_POINT('',(7.329341147331,7.999792880523,1.665999987128
    ));
#5748 = CARTESIAN_POINT('',(7.329850014122,8.186267500507,1.666023169917
    ));
#5749 = CARTESIAN_POINT('',(7.334661053297,8.371458122717,1.63469642851)
  );
#5750 = CARTESIAN_POINT('',(7.356009441383,8.738323286272,1.507097350336
    ));
#5751 = CARTESIAN_POINT('',(7.373956716718,8.8941380826,1.414347414808)
  );
#5752 = CARTESIAN_POINT('',(7.394598377748,9.056890395488,1.288799267518
    ));
#5753 = CARTESIAN_POINT('',(7.399597480171,9.094860237216,1.256705757605
    ));
#5754 = CARTESIAN_POINT('',(7.426145211435,9.286879106364,1.079066369704
    ));
#5755 = CARTESIAN_POINT('',(7.45055574864,9.413560624418,0.906887824294)
  );
#5756 = CARTESIAN_POINT('',(7.487042226897,9.596583202196,0.521839449127
    ));
#5757 = CARTESIAN_POINT('',(7.497727887717,9.650485689326,0.31258990506)
  );
#5758 = CARTESIAN_POINT('',(7.499668194832,9.665042712594,
    6.524843647703E-02));
#5759 = CARTESIAN_POINT('',(7.499725744471,9.666000000001,
    3.260757514938E-02));
#5760 = CARTESIAN_POINT('',(7.499589992295,9.666,-3.283628170802E-11));
#5761 = PCURVE('',#5611,#5762);
#5762 = DEFINITIONAL_REPRESENTATION('',(#5763),#5855);
#5763 = B_SPLINE_CURVE_WITH_KNOTS('',3,(#5764,#5765,#5766,#5767,#5768,
    #5769,#5770,#5771,#5772,#5773,#5774,#5775,#5776,#5777,#5778,#5779,
    #5780,#5781,#5782,#5783,#5784,#5785,#5786,#5787,#5788,#5789,#5790,
    #5791,#5792,#5793,#5794,#5795,#5796,#5797,#5798,#5799,#5800,#5801,
    #5802,#5803,#5804,#5805,#5806,#5807,#5808,#5809,#5810,#5811,#5812,
    #5813,#5814,#5815,#5816,#5817,#5818,#5819,#5820,#5821,#5822,#5823,
    #5824,#5825,#5826,#5827,#5828,#5829,#5830,#5831,#5832,#5833,#5834,
    #5835,#5836,#5837,#5838,#5839,#5840,#5841,#5842,#5843,#5844,#5845,
    #5846,#5847,#5848,#5849,#5850,#5851,#5852,#5853,#5854),
  .UNSPECIFIED.,.F.,.F.,(4,1,1,1,1,1,1,1,1,1,1,1,1,1,1,1,1,1,1,1,1,1,1,1
    ,1,1,1,1,1,1,1,1,1,1,1,1,1,1,1,1,1,1,1,1,1,1,1,1,1,1,1,1,1,1,1,1,1,1
    ,1,1,1,1,1,1,1,1,1,1,1,1,1,1,1,1,1,1,1,1,1,1,1,1,1,1,1,1,1,1,4),(
    -0.649647466974,-0.638692560733,-0.627737654492,-0.616782748251,
    -0.60582784201,-0.594872935769,-0.583918029528,-0.572963123287,
    -0.562008217046,-0.551053310805,-0.540098404564,-0.529143498323,
    -0.518188592082,-0.507233685841,-0.4962787796,-0.485323873359,
    -0.474368967118,-0.463414060877,-0.452459154636,-0.441504248395,
    -0.430549342153,-0.419594435912,-0.408639529671,-0.39768462343,
    -0.386729717189,-0.375774810948,-0.364819904707,-0.353864998466,
    -0.342910092225,-0.331955185984,-0.321000279743,-0.310045373502,
    -0.299090467261,-0.28813556102,-0.277180654779,-0.266225748538,
    -0.255270842297,-0.244315936056,-0.233361029815,-0.222406123574,
    -0.211451217333,-0.200496311092,-0.189541404851,-0.17858649861,
    -0.167631592369,-0.156676686128,-0.145721779887,-0.134766873646,
    -0.123811967405,-0.112857061164,-0.101902154923,-9.094724868164E-02,
    -7.999234244061E-02,-6.903743619958E-02,-5.808252995856E-02,
    -4.712762371753E-02,-3.61727174765E-02,-2.521781123547E-02,
    -1.426290499445E-02,-3.307998753421E-03,7.646907487606E-03,
    1.860181372863E-02,2.955671996966E-02,4.051162621069E-02,
    5.146653245171E-02,6.242143869274E-02,7.337634493377E-02,
    8.43312511748E-02,9.528615741582E-02,0.106241063657,0.117195969898,
    0.128150876139,0.13910578238,0.150060688621,0.161015594862,
    0.171970501103,0.182925407344,0.193880313585,0.204835219826,
    0.215790126067,0.226745032308,0.237699938549,0.24865484479,
    0.259609751031,0.270564657272,0.281519563513,0.292474469754,
    0.303429375995,0.314384282236),.UNSPECIFIED.);
#5764 = CARTESIAN_POINT('',(1.,0.));
#5765 = CARTESIAN_POINT('',(0.999990554052,2.667183110967E-03));
#5766 = CARTESIAN_POINT('',(0.999446434064,7.943364813295E-03));
#5767 = CARTESIAN_POINT('',(0.997691722261,1.571854062096E-02));
#5768 = CARTESIAN_POINT('',(0.995669598529,2.33889556371E-02));
#5769 = CARTESIAN_POINT('',(0.993932296743,3.099286882146E-02));
#5770 = CARTESIAN_POINT('',(0.992698041364,3.855829836365E-02));
#5771 = CARTESIAN_POINT('',(0.992123800947,4.611202770869E-02));
#5772 = CARTESIAN_POINT('',(0.992297770672,5.368165177201E-02));
#5773 = CARTESIAN_POINT('',(0.993270424787,6.129553217378E-02));
#5774 = CARTESIAN_POINT('',(0.994770448431,6.897098797149E-02));
#5775 = CARTESIAN_POINT('',(0.996487196239,7.675217619725E-02));
#5776 = CARTESIAN_POINT('',(0.998081525305,8.46310656365E-02));
#5777 = CARTESIAN_POINT('',(0.999438875748,9.257675119765E-02));
#5778 = CARTESIAN_POINT('',(1.000502667928,0.100590558547));
#5779 = CARTESIAN_POINT('',(1.001220060439,0.108664329938));
#5780 = CARTESIAN_POINT('',(1.001557047669,0.116791724632));
#5781 = CARTESIAN_POINT('',(1.001490526734,0.124966225864));
#5782 = CARTESIAN_POINT('',(1.001020165105,0.133179422549));
#5783 = CARTESIAN_POINT('',(1.000121489278,0.141431368011));
#5784 = CARTESIAN_POINT('',(0.998914858753,0.149691697864));
#5785 = CARTESIAN_POINT('',(0.99764617904,0.157949794852));
#5786 = CARTESIAN_POINT('',(0.996488035717,0.166220066364));
#5787 = CARTESIAN_POINT('',(0.9955970438,0.174513718676));
#5788 = CARTESIAN_POINT('',(0.99509425404,0.182845896853));
#5789 = CARTESIAN_POINT('',(0.995070031056,0.191234613251));
#5790 = CARTESIAN_POINT('',(0.995569162479,0.199697708847));
#5791 = CARTESIAN_POINT('',(0.996625340039,0.208266147375));
#5792 = CARTESIAN_POINT('',(0.998077846706,0.21691394753));
#5793 = CARTESIAN_POINT('',(0.999626391054,0.225661470331));
#5794 = CARTESIAN_POINT('',(1.000985475509,0.234489033237));
#5795 = CARTESIAN_POINT('',(1.001916737181,0.243373677918));
#5796 = CARTESIAN_POINT('',(1.002228174959,0.252292442514));
#5797 = CARTESIAN_POINT('',(1.001813737686,0.261200104556));
#5798 = CARTESIAN_POINT('',(1.000745122736,0.270063721132));
#5799 = CARTESIAN_POINT('',(0.999148357714,0.278854688114));
#5800 = CARTESIAN_POINT('',(0.997206015715,0.287549647188));
#5801 = CARTESIAN_POINT('',(0.995272540996,0.296094164521));
#5802 = CARTESIAN_POINT('',(0.993655444557,0.304533903685));
#5803 = CARTESIAN_POINT('',(0.992588269333,0.31290393323));
#5804 = CARTESIAN_POINT('',(0.992218446612,0.321250092961));
#5805 = CARTESIAN_POINT('',(0.992636117018,0.32957639183));
#5806 = CARTESIAN_POINT('',(0.993670069168,0.3378935833));
#5807 = CARTESIAN_POINT('',(0.995087398196,0.34623342179));
#5808 = CARTESIAN_POINT('',(0.996584044994,0.354615413141));
#5809 = CARTESIAN_POINT('',(0.997831321373,0.363073230937));
#5810 = CARTESIAN_POINT('',(0.998262374902,0.371574429878));
#5811 = CARTESIAN_POINT('',(0.997987519451,0.380034672279));
#5812 = CARTESIAN_POINT('',(0.997322960141,0.388409365243));
#5813 = CARTESIAN_POINT('',(0.996675981284,0.396592215022));
#5814 = CARTESIAN_POINT('',(0.996716005334,0.4047414007));
#5815 = CARTESIAN_POINT('',(0.997545524652,0.413235634245));
#5816 = CARTESIAN_POINT('',(0.998851035305,0.422018772904));
#5817 = CARTESIAN_POINT('',(1.000206774145,0.431169333827));
#5818 = CARTESIAN_POINT('',(1.000863732993,0.440730909977));
#5819 = CARTESIAN_POINT('',(1.000380435142,0.450768443639));
#5820 = CARTESIAN_POINT('',(0.999332727891,0.460747390708));
#5821 = CARTESIAN_POINT('',(0.997988816312,0.470724022691));
#5822 = CARTESIAN_POINT('',(0.996601469598,0.480691631605));
#5823 = CARTESIAN_POINT('',(0.995401897142,0.490662845381));
#5824 = CARTESIAN_POINT('',(0.994586299142,0.500649386735));
#5825 = CARTESIAN_POINT('',(0.994341438465,0.510658136104));
#5826 = CARTESIAN_POINT('',(0.99463692358,0.520634726679));
#5827 = CARTESIAN_POINT('',(0.995361572116,0.530604835027));
#5828 = CARTESIAN_POINT('',(0.996381227328,0.540577125867));
#5829 = CARTESIAN_POINT('',(0.997537627079,0.550559317633));
#5830 = CARTESIAN_POINT('',(0.998615754355,0.560572042702));
#5831 = CARTESIAN_POINT('',(0.999026363136,0.570098237885));
#5832 = CARTESIAN_POINT('',(0.998961812567,0.579225669146));
#5833 = CARTESIAN_POINT('',(0.998651972329,0.58794567829));
#5834 = CARTESIAN_POINT('',(0.998490664229,0.596336407225));
#5835 = CARTESIAN_POINT('',(0.998607849242,0.604337211092));
#5836 = CARTESIAN_POINT('',(0.999088697873,0.612284726427));
#5837 = CARTESIAN_POINT('',(0.999704014262,0.620482482362));
#5838 = CARTESIAN_POINT('',(0.999922520592,0.628796259226));
#5839 = CARTESIAN_POINT('',(0.999728973451,0.637194153469));
#5840 = CARTESIAN_POINT('',(0.999233433173,0.645622711566));
#5841 = CARTESIAN_POINT('',(0.998684516212,0.654025953535));
#5842 = CARTESIAN_POINT('',(0.998246534563,0.662404496872));
#5843 = CARTESIAN_POINT('',(0.998007452031,0.670774336223));
#5844 = CARTESIAN_POINT('',(0.998027764369,0.679151299554));
#5845 = CARTESIAN_POINT('',(0.998361197095,0.687542995569));
#5846 = CARTESIAN_POINT('',(0.999027935321,0.695918087073));
#5847 = CARTESIAN_POINT('',(0.999882637212,0.704303539466));
#5848 = CARTESIAN_POINT('',(1.000783007383,0.712711688895));
#5849 = CARTESIAN_POINT('',(1.001529980726,0.721157636552));
#5850 = CARTESIAN_POINT('',(1.00194943156,0.729651987959));
#5851 = CARTESIAN_POINT('',(1.002122754223,0.738189350187));
#5852 = CARTESIAN_POINT('',(1.002110907974,0.746781440236));
#5853 = CARTESIAN_POINT('',(1.001998442939,0.752515366306));
#5854 = CARTESIAN_POINT('',(1.001922342503,0.755378886093));
#5855 = ( GEOMETRIC_REPRESENTATION_CONTEXT(2) 
PARAMETRIC_REPRESENTATION_CONTEXT() REPRESENTATION_CONTEXT('2D SPACE',''
  ) );
#5856 = PCURVE('',#5857,#5862);
#5857 = CYLINDRICAL_SURFACE('',#5858,1.666);
#5858 = AXIS2_PLACEMENT_3D('',#5859,#5860,#5861);
#5859 = CARTESIAN_POINT('',(8.8,8.,0.));
#5860 = DIRECTION('',(1.,0.,0.));
#5861 = DIRECTION('',(0.,-1.,0.));
#5862 = DEFINITIONAL_REPRESENTATION('',(#5863),#5955);
#5863 = B_SPLINE_CURVE_WITH_KNOTS('',3,(#5864,#5865,#5866,#5867,#5868,
    #5869,#5870,#5871,#5872,#5873,#5874,#5875,#5876,#5877,#5878,#5879,
    #5880,#5881,#5882,#5883,#5884,#5885,#5886,#5887,#5888,#5889,#5890,
    #5891,#5892,#5893,#5894,#5895,#5896,#5897,#5898,#5899,#5900,#5901,
    #5902,#5903,#5904,#5905,#5906,#5907,#5908,#5909,#5910,#5911,#5912,
    #5913,#5914,#5915,#5916,#5917,#5918,#5919,#5920,#5921,#5922,#5923,
    #5924,#5925,#5926,#5927,#5928,#5929,#5930,#5931,#5932,#5933,#5934,
    #5935,#5936,#5937,#5938,#5939,#5940,#5941,#5942,#5943,#5944,#5945,
    #5946,#5947,#5948,#5949,#5950,#5951,#5952,#5953,#5954),
  .UNSPECIFIED.,.F.,.F.,(4,1,1,1,1,1,1,1,1,1,1,1,1,1,1,1,1,1,1,1,1,1,1,1
    ,1,1,1,1,1,1,1,1,1,1,1,1,1,1,1,1,1,1,1,1,1,1,1,1,1,1,1,1,1,1,1,1,1,1
    ,1,1,1,1,1,1,1,1,1,1,1,1,1,1,1,1,1,1,1,1,1,1,1,1,1,1,1,1,1,1,4),(
    -0.649647466974,-0.638692560733,-0.627737654492,-0.616782748251,
    -0.60582784201,-0.594872935769,-0.583918029528,-0.572963123287,
    -0.562008217046,-0.551053310805,-0.540098404564,-0.529143498323,
    -0.518188592082,-0.507233685841,-0.4962787796,-0.485323873359,
    -0.474368967118,-0.463414060877,-0.452459154636,-0.441504248395,
    -0.430549342153,-0.419594435912,-0.408639529671,-0.39768462343,
    -0.386729717189,-0.375774810948,-0.364819904707,-0.353864998466,
    -0.342910092225,-0.331955185984,-0.321000279743,-0.310045373502,
    -0.299090467261,-0.28813556102,-0.277180654779,-0.266225748538,
    -0.255270842297,-0.244315936056,-0.233361029815,-0.222406123574,
    -0.211451217333,-0.200496311092,-0.189541404851,-0.17858649861,
    -0.167631592369,-0.156676686128,-0.145721779887,-0.134766873646,
    -0.123811967405,-0.112857061164,-0.101902154923,-9.094724868164E-02,
    -7.999234244061E-02,-6.903743619958E-02,-5.808252995856E-02,
    -4.712762371753E-02,-3.61727174765E-02,-2.521781123547E-02,
    -1.426290499445E-02,-3.307998753421E-03,7.646907487606E-03,
    1.860181372863E-02,2.955671996966E-02,4.051162621069E-02,
    5.146653245171E-02,6.242143869274E-02,7.337634493377E-02,
    8.43312511748E-02,9.528615741582E-02,0.106241063657,0.117195969898,
    0.128150876139,0.13910578238,0.150060688621,0.161015594862,
    0.171970501103,0.182925407344,0.193880313585,0.204835219826,
    0.215790126067,0.226745032308,0.237699938549,0.24865484479,
    0.259609751031,0.270564657272,0.281519563513,0.292474469754,
    0.303429375995,0.314384282236),.UNSPECIFIED.);
#5864 = CARTESIAN_POINT('',(1.570796326795,-1.475394962044));
#5865 = CARTESIAN_POINT('',(1.55376324559,-1.475395002622));
#5866 = CARTESIAN_POINT('',(1.519781831631,-1.474846763839));
#5867 = CARTESIAN_POINT('',(1.468991760309,-1.472717835793));
#5868 = CARTESIAN_POINT('',(1.41832212062,-1.4696213696));
#5869 = CARTESIAN_POINT('',(1.367674272429,-1.465894150756));
#5870 = CARTESIAN_POINT('',(1.317021834611,-1.461611937619));
#5871 = CARTESIAN_POINT('',(1.266348713085,-1.456865137305));
#5872 = CARTESIAN_POINT('',(1.215635643991,-1.451734697857));
#5873 = CARTESIAN_POINT('',(1.164864047686,-1.446324754858));
#5874 = CARTESIAN_POINT('',(1.114096765861,-1.440511730233));
#5875 = CARTESIAN_POINT('',(1.063261476607,-1.43419805648));
#5876 = CARTESIAN_POINT('',(1.012455770866,-1.427267610154));
#5877 = CARTESIAN_POINT('',(0.961796935787,-1.419781226136));
#5878 = CARTESIAN_POINT('',(0.911211159409,-1.411821579002));
#5879 = CARTESIAN_POINT('',(0.860677209414,-1.40346528096));
#5880 = CARTESIAN_POINT('',(0.810161737136,-1.394791434466));
#5881 = CARTESIAN_POINT('',(0.759632208894,-1.385875243346));
#5882 = CARTESIAN_POINT('',(0.709066753154,-1.3768050157));
#5883 = CARTESIAN_POINT('',(0.658398683593,-1.367620541162));
#5884 = CARTESIAN_POINT('',(0.607728095991,-1.358545471543));
#5885 = CARTESIAN_POINT('',(0.5571044313,-1.349785842935));
#5886 = CARTESIAN_POINT('',(0.506473347368,-1.341433169118));
#5887 = CARTESIAN_POINT('',(0.45580798136,-1.333609779417));
#5888 = CARTESIAN_POINT('',(0.405074619037,-1.326429263286));
#5889 = CARTESIAN_POINT('',(0.354235779046,-1.320009354114));
#5890 = CARTESIAN_POINT('',(0.303269297875,-1.314459949425));
#5891 = CARTESIAN_POINT('',(0.252086123885,-1.309918146268));
#5892 = CARTESIAN_POINT('',(0.200958754793,-1.306396340317));
#5893 = CARTESIAN_POINT('',(0.149859873711,-1.303795258786));
#5894 = CARTESIAN_POINT('',(9.87624787707E-02,-1.302041355389));
#5895 = CARTESIAN_POINT('',(4.764624047383E-02,-1.30105604678));
#5896 = CARTESIAN_POINT('',(-3.535612484648E-03,-1.300755171346));
#5897 = CARTESIAN_POINT('',(-5.471559528358E-02,-1.301082787958));
#5898 = CARTESIAN_POINT('',(-0.10589770218,-1.3021044156));
#5899 = CARTESIAN_POINT('',(-0.15709889382,-1.303871723553));
#5900 = CARTESIAN_POINT('',(-0.208346865444,-1.306434823261));
#5901 = CARTESIAN_POINT('',(-0.259454079656,-1.309952739894));
#5902 = CARTESIAN_POINT('',(-0.310516631422,-1.314418803604));
#5903 = CARTESIAN_POINT('',(-0.361572320369,-1.319848750832));
#5904 = CARTESIAN_POINT('',(-0.412734420196,-1.326261537429));
#5905 = CARTESIAN_POINT('',(-0.463865212956,-1.333640200102));
#5906 = CARTESIAN_POINT('',(-0.514889145799,-1.341762900576));
#5907 = CARTESIAN_POINT('',(-0.565868830387,-1.350436648744));
#5908 = CARTESIAN_POINT('',(-0.616821343311,-1.359445847081));
#5909 = CARTESIAN_POINT('',(-0.667802655161,-1.368636479575));
#5910 = CARTESIAN_POINT('',(-0.718744476176,-1.377603080792));
#5911 = CARTESIAN_POINT('',(-0.76963747208,-1.386383946889));
#5912 = CARTESIAN_POINT('',(-0.82061159974,-1.39510266762));
#5913 = CARTESIAN_POINT('',(-0.871393904033,-1.403744239668));
#5914 = CARTESIAN_POINT('',(-0.923185022389,-1.412762738401));
#5915 = CARTESIAN_POINT('',(-0.978057077966,-1.42238268705));
#5916 = CARTESIAN_POINT('',(-1.035402427759,-1.431985833955));
#5917 = CARTESIAN_POINT('',(-1.09540983394,-1.441169400215));
#5918 = CARTESIAN_POINT('',(-1.158010170666,-1.449490694615));
#5919 = CARTESIAN_POINT('',(-1.223700604496,-1.456451202442));
#5920 = CARTESIAN_POINT('',(-1.289027455296,-1.461898312321));
#5921 = CARTESIAN_POINT('',(-1.354389974501,-1.465977707183));
#5922 = CARTESIAN_POINT('',(-1.419755333179,-1.468768775447));
#5923 = CARTESIAN_POINT('',(-1.485202949718,-1.470369826692));
#5924 = CARTESIAN_POINT('',(-1.550797051579,-1.470869780363));
#5925 = CARTESIAN_POINT('',(-1.616565697705,-1.470376195282));
#5926 = CARTESIAN_POINT('',(-1.68213247764,-1.468862437701));
#5927 = CARTESIAN_POINT('',(-1.747645891093,-1.466272454058));
#5928 = CARTESIAN_POINT('',(-1.813146747252,-1.462554860251));
#5929 = CARTESIAN_POINT('',(-1.878677201813,-1.457668801087));
#5930 = CARTESIAN_POINT('',(-1.944380382443,-1.451526636287));
#5931 = CARTESIAN_POINT('',(-2.006863500283,-1.444205638388));
#5932 = CARTESIAN_POINT('',(-2.066785371824,-1.436071672955));
#5933 = CARTESIAN_POINT('',(-2.124006666699,-1.4274395383));
#5934 = CARTESIAN_POINT('',(-2.178702562438,-1.418607215008));
#5935 = CARTESIAN_POINT('',(-2.230253288476,-1.409991021833));
#5936 = CARTESIAN_POINT('',(-2.280603418553,-1.401548044175));
#5937 = CARTESIAN_POINT('',(-2.331358927662,-1.393016054564));
#5938 = CARTESIAN_POINT('',(-2.38193251273,-1.384236315673));
#5939 = CARTESIAN_POINT('',(-2.432447658534,-1.375306397278));
#5940 = CARTESIAN_POINT('',(-2.482916831283,-1.366363382459));
#5941 = CARTESIAN_POINT('',(-2.533381304766,-1.357533968869));
#5942 = CARTESIAN_POINT('',(-2.583875545892,-1.348946882569));
#5943 = CARTESIAN_POINT('',(-2.634432324209,-1.340733121403));
#5944 = CARTESIAN_POINT('',(-2.685100372793,-1.333012567689));
#5945 = CARTESIAN_POINT('',(-2.735871069219,-1.325947294054));
#5946 = CARTESIAN_POINT('',(-2.786499613549,-1.319719383447));
#5947 = CARTESIAN_POINT('',(-2.837088677488,-1.314310962061));
#5948 = CARTESIAN_POINT('',(-2.887661821795,-1.309750571166));
#5949 = CARTESIAN_POINT('',(-2.938262376685,-1.306054029517));
#5950 = CARTESIAN_POINT('',(-2.988934658439,-1.303241630855));
#5951 = CARTESIAN_POINT('',(-3.039702054654,-1.301328491491));
#5952 = CARTESIAN_POINT('',(-3.090675243763,-1.300345962476));
#5953 = CARTESIAN_POINT('',(-3.124638417719,-1.300290282242));
#5954 = CARTESIAN_POINT('',(-3.14159265361,-1.300410007705));
#5955 = ( GEOMETRIC_REPRESENTATION_CONTEXT(2) 
PARAMETRIC_REPRESENTATION_CONTEXT() REPRESENTATION_CONTEXT('2D SPACE',''
  ) );
#5956 = ORIENTED_EDGE('',*,*,#5957,.T.);
#5957 = EDGE_CURVE('',#5718,#5694,#5958,.T.);
#5958 = SURFACE_CURVE('',#5959,(#5974,#6025),.PCURVE_S1.);
#5959 = B_SPLINE_CURVE_WITH_KNOTS('',3,(#5960,#5961,#5962,#5963,#5964,
    #5965,#5966,#5967,#5968,#5969,#5970,#5971,#5972,#5973),
  .UNSPECIFIED.,.F.,.F.,(4,2,2,2,2,2,4),(0.314384282236,0.384314947514,
    0.467307470769,0.54675122129,0.596823512714,0.643588123519,
    0.652018638959),.UNSPECIFIED.);
#5960 = CARTESIAN_POINT('',(7.499589992295,9.666,-3.283633781548E-11));
#5961 = CARTESIAN_POINT('',(7.498839210821,9.665999999996,
    -0.180337170748));
#5962 = CARTESIAN_POINT('',(7.492129496047,9.636726176384,
    -0.359656035185));
#5963 = CARTESIAN_POINT('',(7.466830898446,9.51075421585,-0.734295944597
    ));
#5964 = CARTESIAN_POINT('',(7.446447609458,9.403908553637,
    -0.922194265433));
#5965 = CARTESIAN_POINT('',(7.401167075539,9.13105440275,-1.24027437828)
  );
#5966 = CARTESIAN_POINT('',(7.377894072487,8.969585499949,
    -1.370393364712));
#5967 = CARTESIAN_POINT('',(7.35138997789,8.673392257113,-1.52937555851)
  );
#5968 = CARTESIAN_POINT('',(7.343740088374,8.551709506466,
    -1.577387108084));
#5969 = CARTESIAN_POINT('',(7.331355491699,8.308088215547,-1.6417814121)
  );
#5970 = CARTESIAN_POINT('',(7.32649795134,8.187192539446,-1.659914075365
    ));
#5971 = CARTESIAN_POINT('',(7.324751358531,8.043718333831,
    -1.665570679821));
#5972 = CARTESIAN_POINT('',(7.324605037956,8.02183819933,-1.666));
#5973 = CARTESIAN_POINT('',(7.324605037956,8.,-1.666));
#5974 = PCURVE('',#5611,#5975);
#5975 = DEFINITIONAL_REPRESENTATION('',(#5976),#6024);
#5976 = B_SPLINE_CURVE_WITH_KNOTS('',3,(#5977,#5978,#5979,#5980,#5981,
    #5982,#5983,#5984,#5985,#5986,#5987,#5988,#5989,#5990,#5991,#5992,
    #5993,#5994,#5995,#5996,#5997,#5998,#5999,#6000,#6001,#6002,#6003,
    #6004,#6005,#6006,#6007,#6008,#6009,#6010,#6011,#6012,#6013,#6014,
    #6015,#6016,#6017,#6018,#6019,#6020,#6021,#6022,#6023),
  .UNSPECIFIED.,.F.,.F.,(4,1,1,1,1,1,1,1,1,1,1,1,1,1,1,1,1,1,1,1,1,1,1,1
    ,1,1,1,1,1,1,1,1,1,1,1,1,1,1,1,1,1,1,1,1,4),(0.314384282236,
    0.322057790344,0.329731298451,0.337404806558,0.345078314666,
    0.352751822773,0.36042533088,0.368098838988,0.375772347095,
    0.383445855202,0.39111936331,0.398792871417,0.406466379524,
    0.414139887632,0.421813395739,0.429486903846,0.437160411954,
    0.444833920061,0.452507428169,0.460180936276,0.467854444383,
    0.475527952491,0.483201460598,0.490874968705,0.498548476813,
    0.50622198492,0.513895493027,0.521569001135,0.529242509242,
    0.536916017349,0.544589525457,0.552263033564,0.559936541671,
    0.567610049779,0.575283557886,0.582957065993,0.590630574101,
    0.598304082208,0.605977590315,0.613651098423,0.62132460653,
    0.628998114637,0.636671622745,0.644345130852,0.652018638959),
  .QUASI_UNIFORM_KNOTS.);
#5977 = CARTESIAN_POINT('',(1.001922342503,0.755378886093));
#5978 = CARTESIAN_POINT('',(1.001868776706,0.757385051402));
#5979 = CARTESIAN_POINT('',(1.001743602366,0.761396086793));
#5980 = CARTESIAN_POINT('',(1.001515675988,0.767409042143));
#5981 = CARTESIAN_POINT('',(1.001261827042,0.773418641817));
#5982 = CARTESIAN_POINT('',(1.000995321556,0.779425288458));
#5983 = CARTESIAN_POINT('',(1.00072871304,0.785429499541));
#5984 = CARTESIAN_POINT('',(1.000473711797,0.791431838415));
#5985 = CARTESIAN_POINT('',(1.000241090147,0.797433183161));
#5986 = CARTESIAN_POINT('',(1.000040822061,0.803433659993));
#5987 = CARTESIAN_POINT('',(0.999881239866,0.809436573297));
#5988 = CARTESIAN_POINT('',(0.999771886627,0.815433677357));
#5989 = CARTESIAN_POINT('',(0.999718343499,0.821406629186));
#5990 = CARTESIAN_POINT('',(0.999720183948,0.827361345558));
#5991 = CARTESIAN_POINT('',(0.999776992751,0.833297328189));
#5992 = CARTESIAN_POINT('',(0.999887106853,0.839215642341));
#5993 = CARTESIAN_POINT('',(1.000048224967,0.845116766562));
#5994 = CARTESIAN_POINT('',(1.000257651549,0.85100119698));
#5995 = CARTESIAN_POINT('',(1.000512112518,0.856869180353));
#5996 = CARTESIAN_POINT('',(1.000809620732,0.862721194793));
#5997 = CARTESIAN_POINT('',(1.00114353344,0.868556327243));
#5998 = CARTESIAN_POINT('',(1.001533641982,0.87437975642));
#5999 = CARTESIAN_POINT('',(1.001938683792,0.880180503187));
#6000 = CARTESIAN_POINT('',(1.002308665935,0.885951608732));
#6001 = CARTESIAN_POINT('',(1.002629121591,0.891695758065));
#6002 = CARTESIAN_POINT('',(1.00287437018,0.897412571996));
#6003 = CARTESIAN_POINT('',(1.003020764985,0.903102040069));
#6004 = CARTESIAN_POINT('',(1.003043887094,0.908763640327));
#6005 = CARTESIAN_POINT('',(1.002919997058,0.914396601365));
#6006 = CARTESIAN_POINT('',(1.002626537856,0.919999943469));
#6007 = CARTESIAN_POINT('',(1.002142175982,0.925572299415));
#6008 = CARTESIAN_POINT('',(1.001449587549,0.931112876791));
#6009 = CARTESIAN_POINT('',(1.00052760032,0.93661811199));
#6010 = CARTESIAN_POINT('',(0.999480345951,0.942075019975));
#6011 = CARTESIAN_POINT('',(0.998431306303,0.947497081799));
#6012 = CARTESIAN_POINT('',(0.997485476965,0.952892757946));
#6013 = CARTESIAN_POINT('',(0.996733922729,0.958271930412));
#6014 = CARTESIAN_POINT('',(0.996251507743,0.96364350031));
#6015 = CARTESIAN_POINT('',(0.996104781426,0.969018682309));
#6016 = CARTESIAN_POINT('',(0.996323107427,0.97439960539));
#6017 = CARTESIAN_POINT('',(0.996827277388,0.979793211885));
#6018 = CARTESIAN_POINT('',(0.997534483825,0.985208931193));
#6019 = CARTESIAN_POINT('',(0.99834506481,0.990656117377));
#6020 = CARTESIAN_POINT('',(0.999137248283,0.996142726674));
#6021 = CARTESIAN_POINT('',(0.999795640986,1.00168341048));
#6022 = CARTESIAN_POINT('',(0.999993735105,1.005406354798));
#6023 = CARTESIAN_POINT('',(1.,1.007274582249));
#6024 = ( GEOMETRIC_REPRESENTATION_CONTEXT(2) 
PARAMETRIC_REPRESENTATION_CONTEXT() REPRESENTATION_CONTEXT('2D SPACE',''
  ) );
#6025 = PCURVE('',#5857,#6026);
#6026 = DEFINITIONAL_REPRESENTATION('',(#6027),#6075);
#6027 = B_SPLINE_CURVE_WITH_KNOTS('',3,(#6028,#6029,#6030,#6031,#6032,
    #6033,#6034,#6035,#6036,#6037,#6038,#6039,#6040,#6041,#6042,#6043,
    #6044,#6045,#6046,#6047,#6048,#6049,#6050,#6051,#6052,#6053,#6054,
    #6055,#6056,#6057,#6058,#6059,#6060,#6061,#6062,#6063,#6064,#6065,
    #6066,#6067,#6068,#6069,#6070,#6071,#6072,#6073,#6074),
  .UNSPECIFIED.,.F.,.F.,(4,1,1,1,1,1,1,1,1,1,1,1,1,1,1,1,1,1,1,1,1,1,1,1
    ,1,1,1,1,1,1,1,1,1,1,1,1,1,1,1,1,1,1,1,1,4),(0.314384282236,
    0.322057790344,0.329731298451,0.337404806558,0.345078314666,
    0.352751822773,0.36042533088,0.368098838988,0.375772347095,
    0.383445855202,0.39111936331,0.398792871417,0.406466379524,
    0.414139887632,0.421813395739,0.429486903846,0.437160411954,
    0.444833920061,0.452507428169,0.460180936276,0.467854444383,
    0.475527952491,0.483201460598,0.490874968705,0.498548476813,
    0.50622198492,0.513895493027,0.521569001135,0.529242509242,
    0.536916017349,0.544589525457,0.552263033564,0.559936541671,
    0.567610049779,0.575283557886,0.582957065993,0.590630574101,
    0.598304082208,0.605977590315,0.613651098423,0.62132460653,
    0.628998114637,0.636671622745,0.644345130852,0.652018638959),
  .QUASI_UNIFORM_KNOTS.);
#6028 = CARTESIAN_POINT('',(3.14159265357,-1.300410007705));
#6029 = CARTESIAN_POINT('',(3.129714856008,-1.300492391131));
#6030 = CARTESIAN_POINT('',(3.105973912163,-1.300800657733));
#6031 = CARTESIAN_POINT('',(3.070394826128,-1.301684838374));
#6032 = CARTESIAN_POINT('',(3.034836375608,-1.302982081686));
#6033 = CARTESIAN_POINT('',(2.999287111758,-1.304683668018));
#6034 = CARTESIAN_POINT('',(2.963735530419,-1.30678088361));
#6035 = CARTESIAN_POINT('',(2.928170467207,-1.309264992717));
#6036 = CARTESIAN_POINT('',(2.892579321929,-1.312127341646));
#6037 = CARTESIAN_POINT('',(2.85695427104,-1.315358970476));
#6038 = CARTESIAN_POINT('',(2.821268704603,-1.318952062151));
#6039 = CARTESIAN_POINT('',(2.785564788101,-1.322894534384));
#6040 = CARTESIAN_POINT('',(2.749945102748,-1.327160369185));
#6041 = CARTESIAN_POINT('',(2.714367443189,-1.331732977703));
#6042 = CARTESIAN_POINT('',(2.678827416993,-1.336593339511));
#6043 = CARTESIAN_POINT('',(2.64331081101,-1.341723092829));
#6044 = CARTESIAN_POINT('',(2.607806301339,-1.347103672865));
#6045 = CARTESIAN_POINT('',(2.572301801173,-1.352716668229));
#6046 = CARTESIAN_POINT('',(2.536785903501,-1.358543256935));
#6047 = CARTESIAN_POINT('',(2.501245301401,-1.36456610598));
#6048 = CARTESIAN_POINT('',(2.465673202798,-1.370762337018));
#6049 = CARTESIAN_POINT('',(2.430037794339,-1.377129764098));
#6050 = CARTESIAN_POINT('',(2.394400979552,-1.383587778369));
#6051 = CARTESIAN_POINT('',(2.358797978247,-1.390053528849));
#6052 = CARTESIAN_POINT('',(2.323205546093,-1.396493388559));
#6053 = CARTESIAN_POINT('',(2.287616287608,-1.402860541467));
#6054 = CARTESIAN_POINT('',(2.252018632409,-1.409111703758));
#6055 = CARTESIAN_POINT('',(2.216402062724,-1.415202651796));
#6056 = CARTESIAN_POINT('',(2.180755671099,-1.421089389013));
#6057 = CARTESIAN_POINT('',(2.145068149487,-1.426727950395));
#6058 = CARTESIAN_POINT('',(2.109328730956,-1.432074017636));
#6059 = CARTESIAN_POINT('',(2.073522902884,-1.437084654049));
#6060 = CARTESIAN_POINT('',(2.037648100043,-1.441711749763));
#6061 = CARTESIAN_POINT('',(2.001787481729,-1.445995111115));
#6062 = CARTESIAN_POINT('',(1.96591710777,-1.449962352403));
#6063 = CARTESIAN_POINT('',(1.930036913432,-1.453642971495));
#6064 = CARTESIAN_POINT('',(1.894139485376,-1.457066380542));
#6065 = CARTESIAN_POINT('',(1.858222824502,-1.460260450992));
#6066 = CARTESIAN_POINT('',(1.822269508432,-1.46325930282));
#6067 = CARTESIAN_POINT('',(1.786321825964,-1.46607230784));
#6068 = CARTESIAN_POINT('',(1.750387407288,-1.468630705477));
#6069 = CARTESIAN_POINT('',(1.71445851178,-1.470876864489));
#6070 = CARTESIAN_POINT('',(1.678528986987,-1.472751497018));
#6071 = CARTESIAN_POINT('',(1.642602686301,-1.474190812333));
#6072 = CARTESIAN_POINT('',(1.606641778089,-1.475150687816));
#6073 = CARTESIAN_POINT('',(1.582726503678,-1.475391046698));
#6074 = CARTESIAN_POINT('',(1.570796326795,-1.475394962044));
#6075 = ( GEOMETRIC_REPRESENTATION_CONTEXT(2) 
PARAMETRIC_REPRESENTATION_CONTEXT() REPRESENTATION_CONTEXT('2D SPACE',''
  ) );
#6076 = ORIENTED_EDGE('',*,*,#5693,.F.);
#6077 = ORIENTED_EDGE('',*,*,#5150,.T.);
#6078 = ADVANCED_FACE('',(#6079),#5857,.F.);
#6079 = FACE_BOUND('',#6080,.F.);
#6080 = EDGE_LOOP('',(#6081,#6104,#6105,#6106,#6107,#6285));
#6081 = ORIENTED_EDGE('',*,*,#6082,.T.);
#6082 = EDGE_CURVE('',#6083,#5718,#6085,.T.);
#6083 = VERTEX_POINT('',#6084);
#6084 = CARTESIAN_POINT('',(4.,9.666,6.731860884944E-17));
#6085 = SEAM_CURVE('',#6086,(#6090,#6097),.PCURVE_S1.);
#6086 = LINE('',#6087,#6088);
#6087 = CARTESIAN_POINT('',(8.8,9.666,2.040261567379E-16));
#6088 = VECTOR('',#6089,1.);
#6089 = DIRECTION('',(1.,0.,0.));
#6090 = PCURVE('',#5857,#6091);
#6091 = DEFINITIONAL_REPRESENTATION('',(#6092),#6096);
#6092 = LINE('',#6093,#6094);
#6093 = CARTESIAN_POINT('',(3.14159265359,0.));
#6094 = VECTOR('',#6095,1.);
#6095 = DIRECTION('',(0.,1.));
#6096 = ( GEOMETRIC_REPRESENTATION_CONTEXT(2) 
PARAMETRIC_REPRESENTATION_CONTEXT() REPRESENTATION_CONTEXT('2D SPACE',''
  ) );
#6097 = PCURVE('',#5857,#6098);
#6098 = DEFINITIONAL_REPRESENTATION('',(#6099),#6103);
#6099 = LINE('',#6100,#6101);
#6100 = CARTESIAN_POINT('',(-3.14159265359,0.));
#6101 = VECTOR('',#6102,1.);
#6102 = DIRECTION('',(0.,1.));
#6103 = ( GEOMETRIC_REPRESENTATION_CONTEXT(2) 
PARAMETRIC_REPRESENTATION_CONTEXT() REPRESENTATION_CONTEXT('2D SPACE',''
  ) );
#6104 = ORIENTED_EDGE('',*,*,#5957,.T.);
#6105 = ORIENTED_EDGE('',*,*,#5717,.T.);
#6106 = ORIENTED_EDGE('',*,*,#6082,.F.);
#6107 = ORIENTED_EDGE('',*,*,#6108,.T.);
#6108 = EDGE_CURVE('',#6083,#6109,#6111,.T.);
#6109 = VERTEX_POINT('',#6110);
#6110 = CARTESIAN_POINT('',(3.636542863765,8.,-1.666));
#6111 = SURFACE_CURVE('',#6112,(#6139,#6212),.PCURVE_S1.);
#6112 = B_SPLINE_CURVE_WITH_KNOTS('',3,(#6113,#6114,#6115,#6116,#6117,
    #6118,#6119,#6120,#6121,#6122,#6123,#6124,#6125,#6126,#6127,#6128,
    #6129,#6130,#6131,#6132,#6133,#6134,#6135,#6136,#6137,#6138),
  .UNSPECIFIED.,.F.,.F.,(4,2,2,2,2,2,2,2,2,2,2,2,4),(-0.763288617086,
    -0.699719619849,-0.636150622612,-0.572504850335,-0.508859078057,
    -0.445213305779,-0.381567533502,-0.317998536265,-0.254429539029,
    -0.190860541792,-0.127291544555,-6.364577227761E-02,0.),
  .UNSPECIFIED.);
#6113 = CARTESIAN_POINT('',(4.,9.666,-4.163336342344E-16));
#6114 = CARTESIAN_POINT('',(4.,9.666,0.211896657455));
#6115 = CARTESIAN_POINT('',(3.981557791487,9.6231293494,0.436216177089)
  );
#6116 = CARTESIAN_POINT('',(3.915019219138,9.452281596269,0.845997344623
    ));
#6117 = CARTESIAN_POINT('',(3.867710254811,9.324437784902,1.031642010011
    ));
#6118 = CARTESIAN_POINT('',(3.777422500144,9.03146519892,1.324614595994)
  );
#6119 = CARTESIAN_POINT('',(3.728177079261,8.845886437848,1.45232491701)
  );
#6120 = CARTESIAN_POINT('',(3.657074980685,8.436366263039,1.623069693617
    ));
#6121 = CARTESIAN_POINT('',(3.636542863765,8.212152574259,1.666));
#6122 = CARTESIAN_POINT('',(3.636542863765,7.787847425741,1.666));
#6123 = CARTESIAN_POINT('',(3.657074980685,7.563633736961,1.623069693617
    ));
#6124 = CARTESIAN_POINT('',(3.728177079261,7.154113562152,1.45232491701)
  );
#6125 = CARTESIAN_POINT('',(3.777422500144,6.96853480108,1.324614595994)
  );
#6126 = CARTESIAN_POINT('',(3.867710254811,6.675562215098,1.031642010011
    ));
#6127 = CARTESIAN_POINT('',(3.915019219138,6.547718403731,0.845997344623
    ));
#6128 = CARTESIAN_POINT('',(3.981557791487,6.3768706506,0.436216177089)
  );
#6129 = CARTESIAN_POINT('',(4.,6.334,0.211896657455));
#6130 = CARTESIAN_POINT('',(4.,6.334,-0.211896657455));
#6131 = CARTESIAN_POINT('',(3.981557791487,6.3768706506,-0.436216177089)
  );
#6132 = CARTESIAN_POINT('',(3.915019219138,6.547718403731,
    -0.845997344623));
#6133 = CARTESIAN_POINT('',(3.867710254811,6.675562215098,
    -1.031642010011));
#6134 = CARTESIAN_POINT('',(3.777422500144,6.96853480108,-1.324614595994
    ));
#6135 = CARTESIAN_POINT('',(3.728177079261,7.154113562152,-1.45232491701
    ));
#6136 = CARTESIAN_POINT('',(3.657074980685,7.563633736961,
    -1.623069693617));
#6137 = CARTESIAN_POINT('',(3.636542863765,7.787847425741,-1.666));
#6138 = CARTESIAN_POINT('',(3.636542863765,8.,-1.666));
#6139 = PCURVE('',#5857,#6140);
#6140 = DEFINITIONAL_REPRESENTATION('',(#6141),#6211);
#6141 = B_SPLINE_CURVE_WITH_KNOTS('',3,(#6142,#6143,#6144,#6145,#6146,
    #6147,#6148,#6149,#6150,#6151,#6152,#6153,#6154,#6155,#6156,#6157,
    #6158,#6159,#6160,#6161,#6162,#6163,#6164,#6165,#6166,#6167,#6168,
    #6169,#6170,#6171,#6172,#6173,#6174,#6175,#6176,#6177,#6178,#6179,
    #6180,#6181,#6182,#6183,#6184,#6185,#6186,#6187,#6188,#6189,#6190,
    #6191,#6192,#6193,#6194,#6195,#6196,#6197,#6198,#6199,#6200,#6201,
    #6202,#6203,#6204,#6205,#6206,#6207,#6208,#6209,#6210),
  .UNSPECIFIED.,.F.,.F.,(4,1,1,1,1,1,1,1,1,1,1,1,1,1,1,1,1,1,1,1,1,1,1,1
    ,1,1,1,1,1,1,1,1,1,1,1,1,1,1,1,1,1,1,1,1,1,1,1,1,1,1,1,1,1,1,1,1,1,1
    ,1,1,1,1,1,1,1,1,4),(-0.763288617086,-0.751723638039,-0.740158658992
    ,-0.728593679945,-0.717028700899,-0.705463721852,-0.693898742805,
    -0.682333763758,-0.670768784712,-0.659203805665,-0.647638826618,
    -0.636073847571,-0.624508868525,-0.612943889478,-0.601378910431,
    -0.589813931384,-0.578248952338,-0.566683973291,-0.555118994244,
    -0.543554015197,-0.531989036151,-0.520424057104,-0.508859078057,
    -0.49729409901,-0.485729119964,-0.474164140917,-0.46259916187,
    -0.451034182823,-0.439469203777,-0.42790422473,-0.416339245683,
    -0.404774266636,-0.39320928759,-0.381644308543,-0.370079329496,
    -0.358514350449,-0.346949371403,-0.335384392356,-0.323819413309,
    -0.312254434262,-0.300689455216,-0.289124476169,-0.277559497122,
    -0.265994518075,-0.254429539029,-0.242864559982,-0.231299580935,
    -0.219734601888,-0.208169622842,-0.196604643795,-0.185039664748,
    -0.173474685701,-0.161909706655,-0.150344727608,-0.138779748561,
    -0.127214769514,-0.115649790468,-0.104084811421,-9.2519832374E-02,
    -8.095485332725E-02,-6.93898742805E-02,-5.782489523375E-02,
    -4.6259916187E-02,-3.469493714025E-02,-2.31299580935E-02,
    -1.156497904675E-02,0.),.UNSPECIFIED.);
#6142 = CARTESIAN_POINT('',(-3.14159265359,-4.8));
#6143 = CARTESIAN_POINT('',(-3.118454954479,-4.8));
#6144 = CARTESIAN_POINT('',(-3.07167964269,-4.801220746165));
#6145 = CARTESIAN_POINT('',(-3.000351671717,-4.806583912999));
#6146 = CARTESIAN_POINT('',(-2.928191451071,-4.815347263383));
#6147 = CARTESIAN_POINT('',(-2.85553867763,-4.827384789223));
#6148 = CARTESIAN_POINT('',(-2.782706104129,-4.842548731785));
#6149 = CARTESIAN_POINT('',(-2.709961209169,-4.860772478949));
#6150 = CARTESIAN_POINT('',(-2.637476992149,-4.8815096243));
#6151 = CARTESIAN_POINT('',(-2.565472580209,-4.904150814225));
#6152 = CARTESIAN_POINT('',(-2.494280999872,-4.928101370231));
#6153 = CARTESIAN_POINT('',(-2.424062749309,-4.952830732624));
#6154 = CARTESIAN_POINT('',(-2.355746184054,-4.977537191387));
#6155 = CARTESIAN_POINT('',(-2.287417625826,-5.002439683263));
#6156 = CARTESIAN_POINT('',(-2.217253319344,-5.027668000024));
#6157 = CARTESIAN_POINT('',(-2.146144974617,-5.052376603185));
#6158 = CARTESIAN_POINT('',(-2.074250345187,-5.075980046383));
#6159 = CARTESIAN_POINT('',(-2.001891287184,-5.097827845032));
#6160 = CARTESIAN_POINT('',(-1.929279847147,-5.117269575315));
#6161 = CARTESIAN_POINT('',(-1.856573427273,-5.13357643445));
#6162 = CARTESIAN_POINT('',(-1.784025977446,-5.146625544109));
#6163 = CARTESIAN_POINT('',(-1.711978031782,-5.156198186517));
#6164 = CARTESIAN_POINT('',(-1.640628910618,-5.162101332827));
#6165 = CARTESIAN_POINT('',(-1.570796326795,-5.164135037939));
#6166 = CARTESIAN_POINT('',(-1.500963742971,-5.162101332827));
#6167 = CARTESIAN_POINT('',(-1.429614621808,-5.156198186517));
#6168 = CARTESIAN_POINT('',(-1.357566676144,-5.146625544109));
#6169 = CARTESIAN_POINT('',(-1.285019226317,-5.13357643445));
#6170 = CARTESIAN_POINT('',(-1.212312806443,-5.117269575315));
#6171 = CARTESIAN_POINT('',(-1.139701366406,-5.097827845032));
#6172 = CARTESIAN_POINT('',(-1.067342308402,-5.075980046383));
#6173 = CARTESIAN_POINT('',(-0.995447678975,-5.052376603185));
#6174 = CARTESIAN_POINT('',(-0.924339334236,-5.027668000024));
#6175 = CARTESIAN_POINT('',(-0.854175027798,-5.002439683263));
#6176 = CARTESIAN_POINT('',(-0.785846469408,-4.977537191387));
#6177 = CARTESIAN_POINT('',(-0.717529904758,-4.952830732624));
#6178 = CARTESIAN_POINT('',(-0.647311651938,-4.928101370231));
#6179 = CARTESIAN_POINT('',(-0.576120080022,-4.904150814225));
#6180 = CARTESIAN_POINT('',(-0.504115636654,-4.8815096243));
#6181 = CARTESIAN_POINT('',(-0.431631536929,-4.860772478949));
#6182 = CARTESIAN_POINT('',(-0.358886204216,-4.842548731785));
#6183 = CARTESIAN_POINT('',(-0.286055264431,-4.827384789223));
#6184 = CARTESIAN_POINT('',(-0.213396393879,-4.815347263383));
#6185 = CARTESIAN_POINT('',(-0.141258927963,-4.806583912999));
#6186 = CARTESIAN_POINT('',(-6.984603518118E-02,-4.801220746165));
#6187 = CARTESIAN_POINT('',(8.881784197001E-16,-4.799389626917));
#6188 = CARTESIAN_POINT('',(6.984603518118E-02,-4.801220746165));
#6189 = CARTESIAN_POINT('',(0.141258927963,-4.806583912999));
#6190 = CARTESIAN_POINT('',(0.213396393879,-4.815347263383));
#6191 = CARTESIAN_POINT('',(0.286055264431,-4.827384789223));
#6192 = CARTESIAN_POINT('',(0.358886204216,-4.842548731785));
#6193 = CARTESIAN_POINT('',(0.431631536929,-4.860772478949));
#6194 = CARTESIAN_POINT('',(0.504115636653,-4.8815096243));
#6195 = CARTESIAN_POINT('',(0.576120080025,-4.904150814225));
#6196 = CARTESIAN_POINT('',(0.647311651929,-4.928101370231));
#6197 = CARTESIAN_POINT('',(0.717529904791,-4.952830732624));
#6198 = CARTESIAN_POINT('',(0.785846469284,-4.977537191387));
#6199 = CARTESIAN_POINT('',(0.85417502826,-5.002439683263));
#6200 = CARTESIAN_POINT('',(0.924339332512,-5.027668000024));
#6201 = CARTESIAN_POINT('',(0.995447685411,-5.052376603185));
#6202 = CARTESIAN_POINT('',(1.067342284383,-5.075980046383));
#6203 = CARTESIAN_POINT('',(1.139701456048,-5.097827845032));
#6204 = CARTESIAN_POINT('',(1.212312471892,-5.117269575315));
#6205 = CARTESIAN_POINT('',(1.285020474875,-5.13357643445));
#6206 = CARTESIAN_POINT('',(1.35756201646,-5.146625544109));
#6207 = CARTESIAN_POINT('',(1.429632011986,-5.156198186517));
#6208 = CARTESIAN_POINT('',(1.500898841943,-5.162101332827));
#6209 = CARTESIAN_POINT('',(1.547658641134,-5.163457136235));
#6210 = CARTESIAN_POINT('',(1.570796326795,-5.163457136235));
#6211 = ( GEOMETRIC_REPRESENTATION_CONTEXT(2) 
PARAMETRIC_REPRESENTATION_CONTEXT() REPRESENTATION_CONTEXT('2D SPACE',''
  ) );
#6212 = PCURVE('',#4963,#6213);
#6213 = DEFINITIONAL_REPRESENTATION('',(#6214),#6284);
#6214 = B_SPLINE_CURVE_WITH_KNOTS('',3,(#6215,#6216,#6217,#6218,#6219,
    #6220,#6221,#6222,#6223,#6224,#6225,#6226,#6227,#6228,#6229,#6230,
    #6231,#6232,#6233,#6234,#6235,#6236,#6237,#6238,#6239,#6240,#6241,
    #6242,#6243,#6244,#6245,#6246,#6247,#6248,#6249,#6250,#6251,#6252,
    #6253,#6254,#6255,#6256,#6257,#6258,#6259,#6260,#6261,#6262,#6263,
    #6264,#6265,#6266,#6267,#6268,#6269,#6270,#6271,#6272,#6273,#6274,
    #6275,#6276,#6277,#6278,#6279,#6280,#6281,#6282,#6283),
  .UNSPECIFIED.,.F.,.F.,(4,1,1,1,1,1,1,1,1,1,1,1,1,1,1,1,1,1,1,1,1,1,1,1
    ,1,1,1,1,1,1,1,1,1,1,1,1,1,1,1,1,1,1,1,1,1,1,1,1,1,1,1,1,1,1,1,1,1,1
    ,1,1,1,1,1,1,1,1,4),(-0.763288617086,-0.751723638039,-0.740158658992
    ,-0.728593679945,-0.717028700899,-0.705463721852,-0.693898742805,
    -0.682333763758,-0.670768784712,-0.659203805665,-0.647638826618,
    -0.636073847571,-0.624508868525,-0.612943889478,-0.601378910431,
    -0.589813931384,-0.578248952338,-0.566683973291,-0.555118994244,
    -0.543554015197,-0.531989036151,-0.520424057104,-0.508859078057,
    -0.49729409901,-0.485729119964,-0.474164140917,-0.46259916187,
    -0.451034182823,-0.439469203777,-0.42790422473,-0.416339245683,
    -0.404774266636,-0.39320928759,-0.381644308543,-0.370079329496,
    -0.358514350449,-0.346949371403,-0.335384392356,-0.323819413309,
    -0.312254434262,-0.300689455216,-0.289124476169,-0.277559497122,
    -0.265994518075,-0.254429539029,-0.242864559982,-0.231299580935,
    -0.219734601888,-0.208169622842,-0.196604643795,-0.185039664748,
    -0.173474685701,-0.161909706655,-0.150344727608,-0.138779748561,
    -0.127214769514,-0.115649790468,-0.104084811421,-9.2519832374E-02,
    -8.095485332725E-02,-6.93898742805E-02,-5.782489523375E-02,
    -4.6259916187E-02,-3.469493714025E-02,-2.31299580935E-02,
    -1.156497904675E-02,0.),.UNSPECIFIED.);
#6215 = CARTESIAN_POINT('',(0.,9.666));
#6216 = CARTESIAN_POINT('',(-9.637129420265E-03,9.666));
#6217 = CARTESIAN_POINT('',(-2.911837551117E-02,9.663162217731));
#6218 = CARTESIAN_POINT('',(-5.869676695579E-02,9.650403078785));
#6219 = CARTESIAN_POINT('',(-8.836859074647E-02,9.629154702778));
#6220 = CARTESIAN_POINT('',(-0.117866033739,9.599422102944));
#6221 = CARTESIAN_POINT('',(-0.146924653568,9.561240806289));
#6222 = CARTESIAN_POINT('',(-0.175271823213,9.514532499975));
#6223 = CARTESIAN_POINT('',(-0.202691393562,9.459772311821));
#6224 = CARTESIAN_POINT('',(-0.229010870129,9.39789097969));
#6225 = CARTESIAN_POINT('',(-0.254023820444,9.329779195319));
#6226 = CARTESIAN_POINT('',(-0.27758402812,9.256116877431));
#6227 = CARTESIAN_POINT('',(-0.299306910255,9.178467082939));
#6228 = CARTESIAN_POINT('',(-0.319677059141,9.095070554504));
#6229 = CARTESIAN_POINT('',(-0.33911084302,9.004135840092));
#6230 = CARTESIAN_POINT('',(-0.357187724395,8.907048405846));
#6231 = CARTESIAN_POINT('',(-0.373705413314,8.804339300018));
#6232 = CARTESIAN_POINT('',(-0.3884062566,8.69678032425));
#6233 = CARTESIAN_POINT('',(-0.401021556846,8.585034684518));
#6234 = CARTESIAN_POINT('',(-0.411377860194,8.469971887864));
#6235 = CARTESIAN_POINT('',(-0.419479587042,8.352758381897));
#6236 = CARTESIAN_POINT('',(-0.425296470654,8.234574160426));
#6237 = CARTESIAN_POINT('',(-0.428806594461,8.116339581426));
#6238 = CARTESIAN_POINT('',(-0.42998485173,8.));
#6239 = CARTESIAN_POINT('',(-0.428806594461,7.883660418574));
#6240 = CARTESIAN_POINT('',(-0.425296470654,7.765425839574));
#6241 = CARTESIAN_POINT('',(-0.419479587042,7.647241618103));
#6242 = CARTESIAN_POINT('',(-0.411377860194,7.530028112136));
#6243 = CARTESIAN_POINT('',(-0.401021556846,7.414965315482));
#6244 = CARTESIAN_POINT('',(-0.3884062566,7.30321967575));
#6245 = CARTESIAN_POINT('',(-0.373705413313,7.195660699982));
#6246 = CARTESIAN_POINT('',(-0.357187724396,7.092951594154));
#6247 = CARTESIAN_POINT('',(-0.339110843016,6.995864159908));
#6248 = CARTESIAN_POINT('',(-0.319677059155,6.904929445496));
#6249 = CARTESIAN_POINT('',(-0.299306910202,6.821532917061));
#6250 = CARTESIAN_POINT('',(-0.277584028317,6.743883122569));
#6251 = CARTESIAN_POINT('',(-0.254023819707,6.670220804681));
#6252 = CARTESIAN_POINT('',(-0.229010872879,6.60210902031));
#6253 = CARTESIAN_POINT('',(-0.202691383299,6.540227688179));
#6254 = CARTESIAN_POINT('',(-0.175271861516,6.485467500025));
#6255 = CARTESIAN_POINT('',(-0.146924510621,6.438759193711));
#6256 = CARTESIAN_POINT('',(-0.117866567225,6.400577897056));
#6257 = CARTESIAN_POINT('',(-8.836659974786E-02,6.370845297222));
#6258 = CARTESIAN_POINT('',(-5.870419746377E-02,6.349596921215));
#6259 = CARTESIAN_POINT('',(-2.909064447788E-02,6.336837782269));
#6260 = CARTESIAN_POINT('',(6.219261554933E-16,6.332581108865));
#6261 = CARTESIAN_POINT('',(2.909064447788E-02,6.336837782269));
#6262 = CARTESIAN_POINT('',(5.870419746377E-02,6.349596921215));
#6263 = CARTESIAN_POINT('',(8.836659974786E-02,6.370845297222));
#6264 = CARTESIAN_POINT('',(0.117866567225,6.400577897056));
#6265 = CARTESIAN_POINT('',(0.146924510621,6.438759193711));
#6266 = CARTESIAN_POINT('',(0.175271861516,6.485467500025));
#6267 = CARTESIAN_POINT('',(0.202691383299,6.540227688178));
#6268 = CARTESIAN_POINT('',(0.229010872879,6.602109020314));
#6269 = CARTESIAN_POINT('',(0.254023819707,6.670220804666));
#6270 = CARTESIAN_POINT('',(0.277584028317,6.743883122623));
#6271 = CARTESIAN_POINT('',(0.299306910202,6.821532916857));
#6272 = CARTESIAN_POINT('',(0.319677059155,6.904929446256));
#6273 = CARTESIAN_POINT('',(0.339110843016,6.995864157073));
#6274 = CARTESIAN_POINT('',(0.357187724395,7.092951604736));
#6275 = CARTESIAN_POINT('',(0.373705413318,7.195660660488));
#6276 = CARTESIAN_POINT('',(0.388406256582,7.303219823141));
#6277 = CARTESIAN_POINT('',(0.401021556916,7.414964765411));
#6278 = CARTESIAN_POINT('',(0.411377859932,7.530030165031));
#6279 = CARTESIAN_POINT('',(0.419479588019,7.647233956595));
#6280 = CARTESIAN_POINT('',(0.425296467005,7.765454432709));
#6281 = CARTESIAN_POINT('',(0.428806608079,7.883553707542));
#6282 = CARTESIAN_POINT('',(0.429592069962,7.961450069844));
#6283 = CARTESIAN_POINT('',(0.429592099307,8.));
#6284 = ( GEOMETRIC_REPRESENTATION_CONTEXT(2) 
PARAMETRIC_REPRESENTATION_CONTEXT() REPRESENTATION_CONTEXT('2D SPACE',''
  ) );
#6285 = ORIENTED_EDGE('',*,*,#6286,.T.);
#6286 = EDGE_CURVE('',#6109,#6083,#6287,.T.);
#6287 = SURFACE_CURVE('',#6288,(#6299,#6328),.PCURVE_S1.);
#6288 = B_SPLINE_CURVE_WITH_KNOTS('',3,(#6289,#6290,#6291,#6292,#6293,
    #6294,#6295,#6296,#6297,#6298),.UNSPECIFIED.,.F.,.F.,(4,2,2,2,4),(
    -1.017718156114,-0.954072383836,-0.890426611559,-0.826857614322,
    -0.763288617086),.UNSPECIFIED.);
#6289 = CARTESIAN_POINT('',(3.636542863765,8.,-1.666));
#6290 = CARTESIAN_POINT('',(3.636542863765,8.212152574259,-1.666));
#6291 = CARTESIAN_POINT('',(3.657074980685,8.436366263039,
    -1.623069693617));
#6292 = CARTESIAN_POINT('',(3.728177079261,8.845886437848,-1.45232491701
    ));
#6293 = CARTESIAN_POINT('',(3.777422500144,9.03146519892,-1.324614595994
    ));
#6294 = CARTESIAN_POINT('',(3.867710254811,9.324437784902,
    -1.031642010011));
#6295 = CARTESIAN_POINT('',(3.915019219138,9.452281596269,
    -0.845997344623));
#6296 = CARTESIAN_POINT('',(3.981557791487,9.6231293494,-0.436216177089)
  );
#6297 = CARTESIAN_POINT('',(4.,9.666,-0.211896657455));
#6298 = CARTESIAN_POINT('',(4.,9.666,-1.387778780781E-16));
#6299 = PCURVE('',#5857,#6300);
#6300 = DEFINITIONAL_REPRESENTATION('',(#6301),#6327);
#6301 = B_SPLINE_CURVE_WITH_KNOTS('',3,(#6302,#6303,#6304,#6305,#6306,
    #6307,#6308,#6309,#6310,#6311,#6312,#6313,#6314,#6315,#6316,#6317,
    #6318,#6319,#6320,#6321,#6322,#6323,#6324,#6325,#6326),
  .UNSPECIFIED.,.F.,.F.,(4,1,1,1,1,1,1,1,1,1,1,1,1,1,1,1,1,1,1,1,1,1,4),
  (-1.017718156114,-1.006153177067,-0.994588198021,-0.983023218974,
    -0.971458239927,-0.95989326088,-0.948328281834,-0.936763302787,
    -0.92519832374,-0.913633344693,-0.902068365647,-0.8905033866,
    -0.878938407553,-0.867373428506,-0.85580844946,-0.844243470413,
    -0.832678491366,-0.821113512319,-0.809548533273,-0.797983554226,
    -0.786418575179,-0.774853596132,-0.763288617086),
  .QUASI_UNIFORM_KNOTS.);
#6302 = CARTESIAN_POINT('',(1.570796326795,-5.163457136235));
#6303 = CARTESIAN_POINT('',(1.593934012456,-5.163457136235));
#6304 = CARTESIAN_POINT('',(1.640693811646,-5.162101332827));
#6305 = CARTESIAN_POINT('',(1.711960641604,-5.156198186517));
#6306 = CARTESIAN_POINT('',(1.78403063713,-5.146625544109));
#6307 = CARTESIAN_POINT('',(1.856572178715,-5.13357643445));
#6308 = CARTESIAN_POINT('',(1.929280181697,-5.117269575315));
#6309 = CARTESIAN_POINT('',(2.001891197542,-5.097827845032));
#6310 = CARTESIAN_POINT('',(2.074250369207,-5.075980046383));
#6311 = CARTESIAN_POINT('',(2.146144968181,-5.052376603185));
#6312 = CARTESIAN_POINT('',(2.217253321069,-5.027668000024));
#6313 = CARTESIAN_POINT('',(2.287417625364,-5.002439683263));
#6314 = CARTESIAN_POINT('',(2.355746184178,-4.977537191387));
#6315 = CARTESIAN_POINT('',(2.424062749276,-4.952830732624));
#6316 = CARTESIAN_POINT('',(2.494280999881,-4.928101370231));
#6317 = CARTESIAN_POINT('',(2.565472580207,-4.904150814225));
#6318 = CARTESIAN_POINT('',(2.637476992149,-4.8815096243));
#6319 = CARTESIAN_POINT('',(2.709961209169,-4.860772478949));
#6320 = CARTESIAN_POINT('',(2.782706104129,-4.842548731785));
#6321 = CARTESIAN_POINT('',(2.85553867763,-4.827384789223));
#6322 = CARTESIAN_POINT('',(2.928191451071,-4.815347263383));
#6323 = CARTESIAN_POINT('',(3.000351671717,-4.806583912999));
#6324 = CARTESIAN_POINT('',(3.07167964269,-4.801220746165));
#6325 = CARTESIAN_POINT('',(3.118454954479,-4.8));
#6326 = CARTESIAN_POINT('',(3.14159265359,-4.8));
#6327 = ( GEOMETRIC_REPRESENTATION_CONTEXT(2) 
PARAMETRIC_REPRESENTATION_CONTEXT() REPRESENTATION_CONTEXT('2D SPACE',''
  ) );
#6328 = PCURVE('',#4963,#6329);
#6329 = DEFINITIONAL_REPRESENTATION('',(#6330),#6356);
#6330 = B_SPLINE_CURVE_WITH_KNOTS('',3,(#6331,#6332,#6333,#6334,#6335,
    #6336,#6337,#6338,#6339,#6340,#6341,#6342,#6343,#6344,#6345,#6346,
    #6347,#6348,#6349,#6350,#6351,#6352,#6353,#6354,#6355),
  .UNSPECIFIED.,.F.,.F.,(4,1,1,1,1,1,1,1,1,1,1,1,1,1,1,1,1,1,1,1,1,1,4),
  (-1.017718156114,-1.006153177067,-0.994588198021,-0.983023218974,
    -0.971458239927,-0.95989326088,-0.948328281834,-0.936763302787,
    -0.92519832374,-0.913633344693,-0.902068365647,-0.8905033866,
    -0.878938407553,-0.867373428506,-0.85580844946,-0.844243470413,
    -0.832678491366,-0.821113512319,-0.809548533273,-0.797983554226,
    -0.786418575179,-0.774853596132,-0.763288617086),
  .QUASI_UNIFORM_KNOTS.);
#6331 = CARTESIAN_POINT('',(0.429592099307,8.));
#6332 = CARTESIAN_POINT('',(0.429592069962,8.038549930156));
#6333 = CARTESIAN_POINT('',(0.428806608079,8.116446292458));
#6334 = CARTESIAN_POINT('',(0.425296467005,8.234545567291));
#6335 = CARTESIAN_POINT('',(0.419479588019,8.352766043405));
#6336 = CARTESIAN_POINT('',(0.411377859932,8.469969834969));
#6337 = CARTESIAN_POINT('',(0.401021556916,8.585035234589));
#6338 = CARTESIAN_POINT('',(0.388406256582,8.696780176859));
#6339 = CARTESIAN_POINT('',(0.373705413319,8.804339339512));
#6340 = CARTESIAN_POINT('',(0.357187724394,8.907048395264));
#6341 = CARTESIAN_POINT('',(0.33911084302,9.004135842927));
#6342 = CARTESIAN_POINT('',(0.319677059141,9.095070553744));
#6343 = CARTESIAN_POINT('',(0.299306910255,9.178467083143));
#6344 = CARTESIAN_POINT('',(0.27758402812,9.256116877377));
#6345 = CARTESIAN_POINT('',(0.254023820444,9.329779195334));
#6346 = CARTESIAN_POINT('',(0.229010870129,9.397890979686));
#6347 = CARTESIAN_POINT('',(0.202691393562,9.459772311822));
#6348 = CARTESIAN_POINT('',(0.175271823213,9.514532499975));
#6349 = CARTESIAN_POINT('',(0.146924653568,9.561240806289));
#6350 = CARTESIAN_POINT('',(0.117866033739,9.599422102944));
#6351 = CARTESIAN_POINT('',(8.836859074647E-02,9.629154702778));
#6352 = CARTESIAN_POINT('',(5.869676695579E-02,9.650403078785));
#6353 = CARTESIAN_POINT('',(2.911837551117E-02,9.663162217731));
#6354 = CARTESIAN_POINT('',(9.637129420265E-03,9.666));
#6355 = CARTESIAN_POINT('',(0.,9.666));
#6356 = ( GEOMETRIC_REPRESENTATION_CONTEXT(2) 
PARAMETRIC_REPRESENTATION_CONTEXT() REPRESENTATION_CONTEXT('2D SPACE',''
  ) );
#6357 = ADVANCED_FACE('',(#6358),#5113,.F.);
#6358 = FACE_BOUND('',#6359,.F.);
#6359 = EDGE_LOOP('',(#6360,#6384,#6385,#6386,#6387));
#6360 = ORIENTED_EDGE('',*,*,#6361,.T.);
#6361 = EDGE_CURVE('',#6362,#5097,#6364,.T.);
#6362 = VERTEX_POINT('',#6363);
#6363 = CARTESIAN_POINT('',(-1.016456843292E-15,3.,8.3));
#6364 = SEAM_CURVE('',#6365,(#6370,#6377),.PCURVE_S1.);
#6365 = CIRCLE('',#6366,0.3);
#6366 = AXIS2_PLACEMENT_3D('',#6367,#6368,#6369);
#6367 = CARTESIAN_POINT('',(-1.016456843292E-15,3.3,8.3));
#6368 = DIRECTION('',(1.,0.,1.224646799147E-16));
#6369 = DIRECTION('',(-1.224646799147E-16,0.,1.));
#6370 = PCURVE('',#5113,#6371);
#6371 = DEFINITIONAL_REPRESENTATION('',(#6372),#6376);
#6372 = LINE('',#6373,#6374);
#6373 = CARTESIAN_POINT('',(3.14159265359,0.));
#6374 = VECTOR('',#6375,1.);
#6375 = DIRECTION('',(0.,1.));
#6376 = ( GEOMETRIC_REPRESENTATION_CONTEXT(2) 
PARAMETRIC_REPRESENTATION_CONTEXT() REPRESENTATION_CONTEXT('2D SPACE',''
  ) );
#6377 = PCURVE('',#5113,#6378);
#6378 = DEFINITIONAL_REPRESENTATION('',(#6379),#6383);
#6379 = LINE('',#6380,#6381);
#6380 = CARTESIAN_POINT('',(-3.14159265359,0.));
#6381 = VECTOR('',#6382,1.);
#6382 = DIRECTION('',(0.,1.));
#6383 = ( GEOMETRIC_REPRESENTATION_CONTEXT(2) 
PARAMETRIC_REPRESENTATION_CONTEXT() REPRESENTATION_CONTEXT('2D SPACE',''
  ) );
#6384 = ORIENTED_EDGE('',*,*,#5125,.F.);
#6385 = ORIENTED_EDGE('',*,*,#5096,.F.);
#6386 = ORIENTED_EDGE('',*,*,#6361,.F.);
#6387 = ORIENTED_EDGE('',*,*,#6388,.F.);
#6388 = EDGE_CURVE('',#6362,#6362,#6389,.T.);
#6389 = SURFACE_CURVE('',#6390,(#6395,#6402),.PCURVE_S1.);
#6390 = CIRCLE('',#6391,8.3);
#6391 = AXIS2_PLACEMENT_3D('',#6392,#6393,#6394);
#6392 = CARTESIAN_POINT('',(0.,3.,0.));
#6393 = DIRECTION('',(-0.,1.,0.));
#6394 = DIRECTION('',(1.,0.,0.));
#6395 = PCURVE('',#5113,#6396);
#6396 = DEFINITIONAL_REPRESENTATION('',(#6397),#6401);
#6397 = LINE('',#6398,#6399);
#6398 = CARTESIAN_POINT('',(7.853981633974,1.570796326795));
#6399 = VECTOR('',#6400,1.);
#6400 = DIRECTION('',(-1.,0.));
#6401 = ( GEOMETRIC_REPRESENTATION_CONTEXT(2) 
PARAMETRIC_REPRESENTATION_CONTEXT() REPRESENTATION_CONTEXT('2D SPACE',''
  ) );
#6402 = PCURVE('',#6403,#6408);
#6403 = PLANE('',#6404);
#6404 = AXIS2_PLACEMENT_3D('',#6405,#6406,#6407);
#6405 = CARTESIAN_POINT('',(0.,3.,0.));
#6406 = DIRECTION('',(0.,1.,0.));
#6407 = DIRECTION('',(1.,0.,0.));
#6408 = DEFINITIONAL_REPRESENTATION('',(#6409),#6413);
#6409 = CIRCLE('',#6410,8.3);
#6410 = AXIS2_PLACEMENT_2D('',#6411,#6412);
#6411 = CARTESIAN_POINT('',(0.,0.));
#6412 = DIRECTION('',(1.,0.));
#6413 = ( GEOMETRIC_REPRESENTATION_CONTEXT(2) 
PARAMETRIC_REPRESENTATION_CONTEXT() REPRESENTATION_CONTEXT('2D SPACE',''
  ) );
#6414 = ADVANCED_FACE('',(#6415,#6446,#6481,#6516,#6551,#6586),#6403,.T.
  );
#6415 = FACE_BOUND('',#6416,.T.);
#6416 = EDGE_LOOP('',(#6417));
#6417 = ORIENTED_EDGE('',*,*,#6418,.T.);
#6418 = EDGE_CURVE('',#6419,#6419,#6421,.T.);
#6419 = VERTEX_POINT('',#6420);
#6420 = CARTESIAN_POINT('',(-16.,3.,1.959434878636E-15));
#6421 = SURFACE_CURVE('',#6422,(#6427,#6434),.PCURVE_S1.);
#6422 = CIRCLE('',#6423,16.);
#6423 = AXIS2_PLACEMENT_3D('',#6424,#6425,#6426);
#6424 = CARTESIAN_POINT('',(0.,3.,0.));
#6425 = DIRECTION('',(-0.,1.,0.));
#6426 = DIRECTION('',(1.,0.,0.));
#6427 = PCURVE('',#6403,#6428);
#6428 = DEFINITIONAL_REPRESENTATION('',(#6429),#6433);
#6429 = CIRCLE('',#6430,16.);
#6430 = AXIS2_PLACEMENT_2D('',#6431,#6432);
#6431 = CARTESIAN_POINT('',(0.,0.));
#6432 = DIRECTION('',(1.,0.));
#6433 = ( GEOMETRIC_REPRESENTATION_CONTEXT(2) 
PARAMETRIC_REPRESENTATION_CONTEXT() REPRESENTATION_CONTEXT('2D SPACE',''
  ) );
#6434 = PCURVE('',#6435,#6440);
#6435 = CYLINDRICAL_SURFACE('',#6436,16.);
#6436 = AXIS2_PLACEMENT_3D('',#6437,#6438,#6439);
#6437 = CARTESIAN_POINT('',(0.,0.,0.));
#6438 = DIRECTION('',(0.,1.,0.));
#6439 = DIRECTION('',(1.,0.,0.));
#6440 = DEFINITIONAL_REPRESENTATION('',(#6441),#6445);
#6441 = LINE('',#6442,#6443);
#6442 = CARTESIAN_POINT('',(-6.28318530718,3.));
#6443 = VECTOR('',#6444,1.);
#6444 = DIRECTION('',(1.,0.));
#6445 = ( GEOMETRIC_REPRESENTATION_CONTEXT(2) 
PARAMETRIC_REPRESENTATION_CONTEXT() REPRESENTATION_CONTEXT('2D SPACE',''
  ) );
#6446 = FACE_BOUND('',#6447,.T.);
#6447 = EDGE_LOOP('',(#6448));
#6448 = ORIENTED_EDGE('',*,*,#6449,.T.);
#6449 = EDGE_CURVE('',#6450,#6450,#6452,.T.);
#6450 = VERTEX_POINT('',#6451);
#6451 = CARTESIAN_POINT('',(-2.,3.,12.));
#6452 = SURFACE_CURVE('',#6453,(#6458,#6469),.PCURVE_S1.);
#6453 = CIRCLE('',#6454,2.);
#6454 = AXIS2_PLACEMENT_3D('',#6455,#6456,#6457);
#6455 = CARTESIAN_POINT('',(0.,3.,12.));
#6456 = DIRECTION('',(0.,-1.,0.));
#6457 = DIRECTION('',(1.,0.,0.));
#6458 = PCURVE('',#6403,#6459);
#6459 = DEFINITIONAL_REPRESENTATION('',(#6460),#6468);
#6460 = ( BOUNDED_CURVE() B_SPLINE_CURVE(2,(#6461,#6462,#6463,#6464,
#6465,#6466,#6467),.UNSPECIFIED.,.T.,.F.) B_SPLINE_CURVE_WITH_KNOTS((1,2
    ,2,2,2,1),(-2.094395102393,0.,2.094395102393,4.188790204786,
6.28318530718,8.377580409573),.UNSPECIFIED.) CURVE() 
GEOMETRIC_REPRESENTATION_ITEM() RATIONAL_B_SPLINE_CURVE((1.,0.5,1.,0.5,
1.,0.5,1.)) REPRESENTATION_ITEM('') );
#6461 = CARTESIAN_POINT('',(2.,-12.));
#6462 = CARTESIAN_POINT('',(2.,-15.46410161513));
#6463 = CARTESIAN_POINT('',(-1.,-13.73205080756));
#6464 = CARTESIAN_POINT('',(-4.,-12.));
#6465 = CARTESIAN_POINT('',(-1.,-10.26794919243));
#6466 = CARTESIAN_POINT('',(2.,-8.535898384862));
#6467 = CARTESIAN_POINT('',(2.,-12.));
#6468 = ( GEOMETRIC_REPRESENTATION_CONTEXT(2) 
PARAMETRIC_REPRESENTATION_CONTEXT() REPRESENTATION_CONTEXT('2D SPACE',''
  ) );
#6469 = PCURVE('',#6470,#6475);
#6470 = CYLINDRICAL_SURFACE('',#6471,2.);
#6471 = AXIS2_PLACEMENT_3D('',#6472,#6473,#6474);
#6472 = CARTESIAN_POINT('',(0.,0.,12.));
#6473 = DIRECTION('',(0.,1.,0.));
#6474 = DIRECTION('',(1.,0.,0.));
#6475 = DEFINITIONAL_REPRESENTATION('',(#6476),#6480);
#6476 = LINE('',#6477,#6478);
#6477 = CARTESIAN_POINT('',(6.28318530718,3.));
#6478 = VECTOR('',#6479,1.);
#6479 = DIRECTION('',(-1.,0.));
#6480 = ( GEOMETRIC_REPRESENTATION_CONTEXT(2) 
PARAMETRIC_REPRESENTATION_CONTEXT() REPRESENTATION_CONTEXT('2D SPACE',''
  ) );
#6481 = FACE_BOUND('',#6482,.T.);
#6482 = EDGE_LOOP('',(#6483));
#6483 = ORIENTED_EDGE('',*,*,#6484,.T.);
#6484 = EDGE_CURVE('',#6485,#6485,#6487,.T.);
#6485 = VERTEX_POINT('',#6486);
#6486 = CARTESIAN_POINT('',(-14.,3.,-2.143131898508E-15));
#6487 = SURFACE_CURVE('',#6488,(#6493,#6504),.PCURVE_S1.);
#6488 = CIRCLE('',#6489,2.);
#6489 = AXIS2_PLACEMENT_3D('',#6490,#6491,#6492);
#6490 = CARTESIAN_POINT('',(-12.,3.,-2.388061258337E-15));
#6491 = DIRECTION('',(0.,-1.,0.));
#6492 = DIRECTION('',(1.,0.,0.));
#6493 = PCURVE('',#6403,#6494);
#6494 = DEFINITIONAL_REPRESENTATION('',(#6495),#6503);
#6495 = ( BOUNDED_CURVE() B_SPLINE_CURVE(2,(#6496,#6497,#6498,#6499,
#6500,#6501,#6502),.UNSPECIFIED.,.T.,.F.) B_SPLINE_CURVE_WITH_KNOTS((1,2
    ,2,2,2,1),(-2.094395102393,0.,2.094395102393,4.188790204786,
6.28318530718,8.377580409573),.UNSPECIFIED.) CURVE() 
GEOMETRIC_REPRESENTATION_ITEM() RATIONAL_B_SPLINE_CURVE((1.,0.5,1.,0.5,
1.,0.5,1.)) REPRESENTATION_ITEM('') );
#6496 = CARTESIAN_POINT('',(-10.,2.388061258337E-15));
#6497 = CARTESIAN_POINT('',(-10.,-3.464101615138));
#6498 = CARTESIAN_POINT('',(-13.,-1.732050807569));
#6499 = CARTESIAN_POINT('',(-16.,1.898202538678E-15));
#6500 = CARTESIAN_POINT('',(-13.,1.732050807569));
#6501 = CARTESIAN_POINT('',(-10.,3.464101615138));
#6502 = CARTESIAN_POINT('',(-10.,2.388061258337E-15));
#6503 = ( GEOMETRIC_REPRESENTATION_CONTEXT(2) 
PARAMETRIC_REPRESENTATION_CONTEXT() REPRESENTATION_CONTEXT('2D SPACE',''
  ) );
#6504 = PCURVE('',#6505,#6510);
#6505 = CYLINDRICAL_SURFACE('',#6506,2.);
#6506 = AXIS2_PLACEMENT_3D('',#6507,#6508,#6509);
#6507 = CARTESIAN_POINT('',(-12.,0.,-2.388061258337E-15));
#6508 = DIRECTION('',(0.,1.,0.));
#6509 = DIRECTION('',(1.,0.,0.));
#6510 = DEFINITIONAL_REPRESENTATION('',(#6511),#6515);
#6511 = LINE('',#6512,#6513);
#6512 = CARTESIAN_POINT('',(6.28318530718,3.));
#6513 = VECTOR('',#6514,1.);
#6514 = DIRECTION('',(-1.,0.));
#6515 = ( GEOMETRIC_REPRESENTATION_CONTEXT(2) 
PARAMETRIC_REPRESENTATION_CONTEXT() REPRESENTATION_CONTEXT('2D SPACE',''
  ) );
#6516 = FACE_BOUND('',#6517,.T.);
#6517 = EDGE_LOOP('',(#6518));
#6518 = ORIENTED_EDGE('',*,*,#6519,.T.);
#6519 = EDGE_CURVE('',#6520,#6520,#6522,.T.);
#6520 = VERTEX_POINT('',#6521);
#6521 = CARTESIAN_POINT('',(-2.,3.,-12.));
#6522 = SURFACE_CURVE('',#6523,(#6528,#6539),.PCURVE_S1.);
#6523 = CIRCLE('',#6524,2.);
#6524 = AXIS2_PLACEMENT_3D('',#6525,#6526,#6527);
#6525 = CARTESIAN_POINT('',(1.592040838892E-15,3.,-12.));
#6526 = DIRECTION('',(0.,-1.,0.));
#6527 = DIRECTION('',(1.,0.,0.));
#6528 = PCURVE('',#6403,#6529);
#6529 = DEFINITIONAL_REPRESENTATION('',(#6530),#6538);
#6530 = ( BOUNDED_CURVE() B_SPLINE_CURVE(2,(#6531,#6532,#6533,#6534,
#6535,#6536,#6537),.UNSPECIFIED.,.T.,.F.) B_SPLINE_CURVE_WITH_KNOTS((1,2
    ,2,2,2,1),(-2.094395102393,0.,2.094395102393,4.188790204786,
6.28318530718,8.377580409573),.UNSPECIFIED.) CURVE() 
GEOMETRIC_REPRESENTATION_ITEM() RATIONAL_B_SPLINE_CURVE((1.,0.5,1.,0.5,
1.,0.5,1.)) REPRESENTATION_ITEM('') );
#6531 = CARTESIAN_POINT('',(2.,12.));
#6532 = CARTESIAN_POINT('',(2.,8.535898384862));
#6533 = CARTESIAN_POINT('',(-1.,10.267949192431));
#6534 = CARTESIAN_POINT('',(-4.,12.));
#6535 = CARTESIAN_POINT('',(-1.,13.732050807569));
#6536 = CARTESIAN_POINT('',(2.,15.464101615138));
#6537 = CARTESIAN_POINT('',(2.,12.));
#6538 = ( GEOMETRIC_REPRESENTATION_CONTEXT(2) 
PARAMETRIC_REPRESENTATION_CONTEXT() REPRESENTATION_CONTEXT('2D SPACE',''
  ) );
#6539 = PCURVE('',#6540,#6545);
#6540 = CYLINDRICAL_SURFACE('',#6541,2.);
#6541 = AXIS2_PLACEMENT_3D('',#6542,#6543,#6544);
#6542 = CARTESIAN_POINT('',(1.592040838892E-15,0.,-12.));
#6543 = DIRECTION('',(0.,1.,0.));
#6544 = DIRECTION('',(1.,0.,0.));
#6545 = DEFINITIONAL_REPRESENTATION('',(#6546),#6550);
#6546 = LINE('',#6547,#6548);
#6547 = CARTESIAN_POINT('',(6.28318530718,3.));
#6548 = VECTOR('',#6549,1.);
#6549 = DIRECTION('',(-1.,0.));
#6550 = ( GEOMETRIC_REPRESENTATION_CONTEXT(2) 
PARAMETRIC_REPRESENTATION_CONTEXT() REPRESENTATION_CONTEXT('2D SPACE',''
  ) );
#6551 = FACE_BOUND('',#6552,.T.);
#6552 = EDGE_LOOP('',(#6553));
#6553 = ORIENTED_EDGE('',*,*,#6554,.T.);
#6554 = EDGE_CURVE('',#6555,#6555,#6557,.T.);
#6555 = VERTEX_POINT('',#6556);
#6556 = CARTESIAN_POINT('',(10.,3.,1.102182119233E-15));
#6557 = SURFACE_CURVE('',#6558,(#6563,#6574),.PCURVE_S1.);
#6558 = CIRCLE('',#6559,2.);
#6559 = AXIS2_PLACEMENT_3D('',#6560,#6561,#6562);
#6560 = CARTESIAN_POINT('',(12.,3.,8.572527594031E-16));
#6561 = DIRECTION('',(0.,-1.,0.));
#6562 = DIRECTION('',(1.,0.,0.));
#6563 = PCURVE('',#6403,#6564);
#6564 = DEFINITIONAL_REPRESENTATION('',(#6565),#6573);
#6565 = ( BOUNDED_CURVE() B_SPLINE_CURVE(2,(#6566,#6567,#6568,#6569,
#6570,#6571,#6572),.UNSPECIFIED.,.T.,.F.) B_SPLINE_CURVE_WITH_KNOTS((1,2
    ,2,2,2,1),(-2.094395102393,0.,2.094395102393,4.188790204786,
6.28318530718,8.377580409573),.UNSPECIFIED.) CURVE() 
GEOMETRIC_REPRESENTATION_ITEM() RATIONAL_B_SPLINE_CURVE((1.,0.5,1.,0.5,
1.,0.5,1.)) REPRESENTATION_ITEM('') );
#6566 = CARTESIAN_POINT('',(14.,-8.572527594031E-16));
#6567 = CARTESIAN_POINT('',(14.,-3.464101615138));
#6568 = CARTESIAN_POINT('',(11.,-1.732050807569));
#6569 = CARTESIAN_POINT('',(8.,-1.347111479062E-15));
#6570 = CARTESIAN_POINT('',(11.,1.732050807569));
#6571 = CARTESIAN_POINT('',(14.,3.464101615138));
#6572 = CARTESIAN_POINT('',(14.,-8.572527594031E-16));
#6573 = ( GEOMETRIC_REPRESENTATION_CONTEXT(2) 
PARAMETRIC_REPRESENTATION_CONTEXT() REPRESENTATION_CONTEXT('2D SPACE',''
  ) );
#6574 = PCURVE('',#6575,#6580);
#6575 = CYLINDRICAL_SURFACE('',#6576,2.);
#6576 = AXIS2_PLACEMENT_3D('',#6577,#6578,#6579);
#6577 = CARTESIAN_POINT('',(12.,0.,8.572527594031E-16));
#6578 = DIRECTION('',(0.,1.,0.));
#6579 = DIRECTION('',(1.,0.,0.));
#6580 = DEFINITIONAL_REPRESENTATION('',(#6581),#6585);
#6581 = LINE('',#6582,#6583);
#6582 = CARTESIAN_POINT('',(6.28318530718,3.));
#6583 = VECTOR('',#6584,1.);
#6584 = DIRECTION('',(-1.,0.));
#6585 = ( GEOMETRIC_REPRESENTATION_CONTEXT(2) 
PARAMETRIC_REPRESENTATION_CONTEXT() REPRESENTATION_CONTEXT('2D SPACE',''
  ) );
#6586 = FACE_BOUND('',#6587,.T.);
#6587 = EDGE_LOOP('',(#6588));
#6588 = ORIENTED_EDGE('',*,*,#6388,.F.);
#6589 = ADVANCED_FACE('',(#6590),#5061,.T.);
#6590 = FACE_BOUND('',#6591,.T.);
#6591 = EDGE_LOOP('',(#6592,#6593,#6616,#6647));
#6592 = ORIENTED_EDGE('',*,*,#5044,.T.);
#6593 = ORIENTED_EDGE('',*,*,#6594,.T.);
#6594 = EDGE_CURVE('',#5045,#6595,#6597,.T.);
#6595 = VERTEX_POINT('',#6596);
#6596 = CARTESIAN_POINT('',(-7.5,13.,-9.184850993605E-16));
#6597 = SEAM_CURVE('',#6598,(#6602,#6609),.PCURVE_S1.);
#6598 = LINE('',#6599,#6600);
#6599 = CARTESIAN_POINT('',(-7.75,12.75,-9.491012693392E-16));
#6600 = VECTOR('',#6601,1.);
#6601 = DIRECTION('',(0.707106781187,0.707106781187,8.659560562355E-17)
  );
#6602 = PCURVE('',#5061,#6603);
#6603 = DEFINITIONAL_REPRESENTATION('',(#6604),#6608);
#6604 = LINE('',#6605,#6606);
#6605 = CARTESIAN_POINT('',(-3.14159265359,0.));
#6606 = VECTOR('',#6607,1.);
#6607 = DIRECTION('',(0.,-1.));
#6608 = ( GEOMETRIC_REPRESENTATION_CONTEXT(2) 
PARAMETRIC_REPRESENTATION_CONTEXT() REPRESENTATION_CONTEXT('2D SPACE',''
  ) );
#6609 = PCURVE('',#5061,#6610);
#6610 = DEFINITIONAL_REPRESENTATION('',(#6611),#6615);
#6611 = LINE('',#6612,#6613);
#6612 = CARTESIAN_POINT('',(3.14159265359,0.));
#6613 = VECTOR('',#6614,1.);
#6614 = DIRECTION('',(0.,-1.));
#6615 = ( GEOMETRIC_REPRESENTATION_CONTEXT(2) 
PARAMETRIC_REPRESENTATION_CONTEXT() REPRESENTATION_CONTEXT('2D SPACE',''
  ) );
#6616 = ORIENTED_EDGE('',*,*,#6617,.T.);
#6617 = EDGE_CURVE('',#6595,#6595,#6618,.T.);
#6618 = SURFACE_CURVE('',#6619,(#6624,#6631),.PCURVE_S1.);
#6619 = CIRCLE('',#6620,7.5);
#6620 = AXIS2_PLACEMENT_3D('',#6621,#6622,#6623);
#6621 = CARTESIAN_POINT('',(0.,13.,0.));
#6622 = DIRECTION('',(0.,-1.,0.));
#6623 = DIRECTION('',(1.,0.,0.));
#6624 = PCURVE('',#5061,#6625);
#6625 = DEFINITIONAL_REPRESENTATION('',(#6626),#6630);
#6626 = LINE('',#6627,#6628);
#6627 = CARTESIAN_POINT('',(-6.28318530718,-0.25));
#6628 = VECTOR('',#6629,1.);
#6629 = DIRECTION('',(1.,0.));
#6630 = ( GEOMETRIC_REPRESENTATION_CONTEXT(2) 
PARAMETRIC_REPRESENTATION_CONTEXT() REPRESENTATION_CONTEXT('2D SPACE',''
  ) );
#6631 = PCURVE('',#6632,#6637);
#6632 = PLANE('',#6633);
#6633 = AXIS2_PLACEMENT_3D('',#6634,#6635,#6636);
#6634 = CARTESIAN_POINT('',(0.,13.,0.));
#6635 = DIRECTION('',(0.,1.,0.));
#6636 = DIRECTION('',(1.,0.,0.));
#6637 = DEFINITIONAL_REPRESENTATION('',(#6638),#6646);
#6638 = ( BOUNDED_CURVE() B_SPLINE_CURVE(2,(#6639,#6640,#6641,#6642,
#6643,#6644,#6645),.UNSPECIFIED.,.T.,.F.) B_SPLINE_CURVE_WITH_KNOTS((1,2
    ,2,2,2,1),(-2.094395102393,0.,2.094395102393,4.188790204786,
6.28318530718,8.377580409573),.UNSPECIFIED.) CURVE() 
GEOMETRIC_REPRESENTATION_ITEM() RATIONAL_B_SPLINE_CURVE((1.,0.5,1.,0.5,
1.,0.5,1.)) REPRESENTATION_ITEM('') );
#6639 = CARTESIAN_POINT('',(7.5,0.));
#6640 = CARTESIAN_POINT('',(7.5,-12.99038105676));
#6641 = CARTESIAN_POINT('',(-3.75,-6.495190528383));
#6642 = CARTESIAN_POINT('',(-15.,-1.836970198721E-15));
#6643 = CARTESIAN_POINT('',(-3.75,6.495190528383));
#6644 = CARTESIAN_POINT('',(7.5,12.990381056767));
#6645 = CARTESIAN_POINT('',(7.5,0.));
#6646 = ( GEOMETRIC_REPRESENTATION_CONTEXT(2) 
PARAMETRIC_REPRESENTATION_CONTEXT() REPRESENTATION_CONTEXT('2D SPACE',''
  ) );
#6647 = ORIENTED_EDGE('',*,*,#6594,.F.);
#6648 = ADVANCED_FACE('',(#6649,#6652),#6632,.T.);
#6649 = FACE_BOUND('',#6650,.T.);
#6650 = EDGE_LOOP('',(#6651));
#6651 = ORIENTED_EDGE('',*,*,#6617,.F.);
#6652 = FACE_BOUND('',#6653,.T.);
#6653 = EDGE_LOOP('',(#6654));
#6654 = ORIENTED_EDGE('',*,*,#6655,.F.);
#6655 = EDGE_CURVE('',#6656,#6656,#6658,.T.);
#6656 = VERTEX_POINT('',#6657);
#6657 = CARTESIAN_POINT('',(-4.75,13.,5.81707229595E-16));
#6658 = SURFACE_CURVE('',#6659,(#6664,#6671),.PCURVE_S1.);
#6659 = CIRCLE('',#6660,4.75);
#6660 = AXIS2_PLACEMENT_3D('',#6661,#6662,#6663);
#6661 = CARTESIAN_POINT('',(0.,13.,0.));
#6662 = DIRECTION('',(-0.,1.,0.));
#6663 = DIRECTION('',(1.,0.,0.));
#6664 = PCURVE('',#6632,#6665);
#6665 = DEFINITIONAL_REPRESENTATION('',(#6666),#6670);
#6666 = CIRCLE('',#6667,4.75);
#6667 = AXIS2_PLACEMENT_2D('',#6668,#6669);
#6668 = CARTESIAN_POINT('',(0.,0.));
#6669 = DIRECTION('',(1.,0.));
#6670 = ( GEOMETRIC_REPRESENTATION_CONTEXT(2) 
PARAMETRIC_REPRESENTATION_CONTEXT() REPRESENTATION_CONTEXT('2D SPACE',''
  ) );
#6671 = PCURVE('',#6672,#6677);
#6672 = CONICAL_SURFACE('',#6673,4.375,0.785398163397);
#6673 = AXIS2_PLACEMENT_3D('',#6674,#6675,#6676);
#6674 = CARTESIAN_POINT('',(0.,12.625,0.));
#6675 = DIRECTION('',(0.,1.,0.));
#6676 = DIRECTION('',(1.,0.,0.));
#6677 = DEFINITIONAL_REPRESENTATION('',(#6678),#6682);
#6678 = LINE('',#6679,#6680);
#6679 = CARTESIAN_POINT('',(-6.28318530718,0.375));
#6680 = VECTOR('',#6681,1.);
#6681 = DIRECTION('',(1.,0.));
#6682 = ( GEOMETRIC_REPRESENTATION_CONTEXT(2) 
PARAMETRIC_REPRESENTATION_CONTEXT() REPRESENTATION_CONTEXT('2D SPACE',''
  ) );
#6683 = ADVANCED_FACE('',(#6684),#6672,.F.);
#6684 = FACE_BOUND('',#6685,.F.);
#6685 = EDGE_LOOP('',(#6686,#6709,#6710,#6711));
#6686 = ORIENTED_EDGE('',*,*,#6687,.T.);
#6687 = EDGE_CURVE('',#6688,#6656,#6690,.T.);
#6688 = VERTEX_POINT('',#6689);
#6689 = CARTESIAN_POINT('',(-4.,12.25,-4.898587196589E-16));
#6690 = SEAM_CURVE('',#6691,(#6695,#6702),.PCURVE_S1.);
#6691 = LINE('',#6692,#6693);
#6692 = CARTESIAN_POINT('',(-4.375,12.625,5.35782974627E-16));
#6693 = VECTOR('',#6694,1.);
#6694 = DIRECTION('',(-0.707106781187,0.707106781187,8.659560562355E-17)
  );
#6695 = PCURVE('',#6672,#6696);
#6696 = DEFINITIONAL_REPRESENTATION('',(#6697),#6701);
#6697 = LINE('',#6698,#6699);
#6698 = CARTESIAN_POINT('',(3.14159265359,-1.570092458684E-16));
#6699 = VECTOR('',#6700,1.);
#6700 = DIRECTION('',(0.,1.));
#6701 = ( GEOMETRIC_REPRESENTATION_CONTEXT(2) 
PARAMETRIC_REPRESENTATION_CONTEXT() REPRESENTATION_CONTEXT('2D SPACE',''
  ) );
#6702 = PCURVE('',#6672,#6703);
#6703 = DEFINITIONAL_REPRESENTATION('',(#6704),#6708);
#6704 = LINE('',#6705,#6706);
#6705 = CARTESIAN_POINT('',(-3.14159265359,-1.570092458684E-16));
#6706 = VECTOR('',#6707,1.);
#6707 = DIRECTION('',(0.,1.));
#6708 = ( GEOMETRIC_REPRESENTATION_CONTEXT(2) 
PARAMETRIC_REPRESENTATION_CONTEXT() REPRESENTATION_CONTEXT('2D SPACE',''
  ) );
#6709 = ORIENTED_EDGE('',*,*,#6655,.F.);
#6710 = ORIENTED_EDGE('',*,*,#6687,.F.);
#6711 = ORIENTED_EDGE('',*,*,#6712,.F.);
#6712 = EDGE_CURVE('',#6688,#6688,#6713,.T.);
#6713 = SURFACE_CURVE('',#6714,(#6719,#6726),.PCURVE_S1.);
#6714 = CIRCLE('',#6715,4.);
#6715 = AXIS2_PLACEMENT_3D('',#6716,#6717,#6718);
#6716 = CARTESIAN_POINT('',(0.,12.25,0.));
#6717 = DIRECTION('',(0.,-1.,0.));
#6718 = DIRECTION('',(1.,0.,0.));
#6719 = PCURVE('',#6672,#6720);
#6720 = DEFINITIONAL_REPRESENTATION('',(#6721),#6725);
#6721 = LINE('',#6722,#6723);
#6722 = CARTESIAN_POINT('',(6.28318530718,-0.375));
#6723 = VECTOR('',#6724,1.);
#6724 = DIRECTION('',(-1.,0.));
#6725 = ( GEOMETRIC_REPRESENTATION_CONTEXT(2) 
PARAMETRIC_REPRESENTATION_CONTEXT() REPRESENTATION_CONTEXT('2D SPACE',''
  ) );
#6726 = PCURVE('',#4963,#6727);
#6727 = DEFINITIONAL_REPRESENTATION('',(#6728),#6732);
#6728 = LINE('',#6729,#6730);
#6729 = CARTESIAN_POINT('',(6.28318530718,12.25));
#6730 = VECTOR('',#6731,1.);
#6731 = DIRECTION('',(-1.,0.));
#6732 = ( GEOMETRIC_REPRESENTATION_CONTEXT(2) 
PARAMETRIC_REPRESENTATION_CONTEXT() REPRESENTATION_CONTEXT('2D SPACE',''
  ) );
#6733 = ADVANCED_FACE('',(#6734,#6792,#6795),#4963,.F.);
#6734 = FACE_BOUND('',#6735,.F.);
#6735 = EDGE_LOOP('',(#6736,#6759,#6760,#6761));
#6736 = ORIENTED_EDGE('',*,*,#6737,.T.);
#6737 = EDGE_CURVE('',#6738,#6688,#6740,.T.);
#6738 = VERTEX_POINT('',#6739);
#6739 = CARTESIAN_POINT('',(-4.,0.,4.898587196589E-16));
#6740 = SEAM_CURVE('',#6741,(#6745,#6752),.PCURVE_S1.);
#6741 = LINE('',#6742,#6743);
#6742 = CARTESIAN_POINT('',(-4.,0.,4.898587196589E-16));
#6743 = VECTOR('',#6744,1.);
#6744 = DIRECTION('',(0.,1.,0.));
#6745 = PCURVE('',#4963,#6746);
#6746 = DEFINITIONAL_REPRESENTATION('',(#6747),#6751);
#6747 = LINE('',#6748,#6749);
#6748 = CARTESIAN_POINT('',(3.14159265359,0.));
#6749 = VECTOR('',#6750,1.);
#6750 = DIRECTION('',(0.,1.));
#6751 = ( GEOMETRIC_REPRESENTATION_CONTEXT(2) 
PARAMETRIC_REPRESENTATION_CONTEXT() REPRESENTATION_CONTEXT('2D SPACE',''
  ) );
#6752 = PCURVE('',#4963,#6753);
#6753 = DEFINITIONAL_REPRESENTATION('',(#6754),#6758);
#6754 = LINE('',#6755,#6756);
#6755 = CARTESIAN_POINT('',(-3.14159265359,0.));
#6756 = VECTOR('',#6757,1.);
#6757 = DIRECTION('',(0.,1.));
#6758 = ( GEOMETRIC_REPRESENTATION_CONTEXT(2) 
PARAMETRIC_REPRESENTATION_CONTEXT() REPRESENTATION_CONTEXT('2D SPACE',''
  ) );
#6759 = ORIENTED_EDGE('',*,*,#6712,.T.);
#6760 = ORIENTED_EDGE('',*,*,#6737,.F.);
#6761 = ORIENTED_EDGE('',*,*,#6762,.F.);
#6762 = EDGE_CURVE('',#6738,#6738,#6763,.T.);
#6763 = SURFACE_CURVE('',#6764,(#6769,#6776),.PCURVE_S1.);
#6764 = CIRCLE('',#6765,4.);
#6765 = AXIS2_PLACEMENT_3D('',#6766,#6767,#6768);
#6766 = CARTESIAN_POINT('',(0.,0.,0.));
#6767 = DIRECTION('',(0.,-1.,0.));
#6768 = DIRECTION('',(1.,0.,0.));
#6769 = PCURVE('',#4963,#6770);
#6770 = DEFINITIONAL_REPRESENTATION('',(#6771),#6775);
#6771 = LINE('',#6772,#6773);
#6772 = CARTESIAN_POINT('',(6.28318530718,0.));
#6773 = VECTOR('',#6774,1.);
#6774 = DIRECTION('',(-1.,0.));
#6775 = ( GEOMETRIC_REPRESENTATION_CONTEXT(2) 
PARAMETRIC_REPRESENTATION_CONTEXT() REPRESENTATION_CONTEXT('2D SPACE',''
  ) );
#6776 = PCURVE('',#6777,#6782);
#6777 = PLANE('',#6778);
#6778 = AXIS2_PLACEMENT_3D('',#6779,#6780,#6781);
#6779 = CARTESIAN_POINT('',(0.,0.,0.));
#6780 = DIRECTION('',(0.,1.,0.));
#6781 = DIRECTION('',(1.,0.,0.));
#6782 = DEFINITIONAL_REPRESENTATION('',(#6783),#6791);
#6783 = ( BOUNDED_CURVE() B_SPLINE_CURVE(2,(#6784,#6785,#6786,#6787,
#6788,#6789,#6790),.UNSPECIFIED.,.T.,.F.) B_SPLINE_CURVE_WITH_KNOTS((1,2
    ,2,2,2,1),(-2.094395102393,0.,2.094395102393,4.188790204786,
6.28318530718,8.377580409573),.UNSPECIFIED.) CURVE() 
GEOMETRIC_REPRESENTATION_ITEM() RATIONAL_B_SPLINE_CURVE((1.,0.5,1.,0.5,
1.,0.5,1.)) REPRESENTATION_ITEM('') );
#6784 = CARTESIAN_POINT('',(4.,0.));
#6785 = CARTESIAN_POINT('',(4.,-6.928203230276));
#6786 = CARTESIAN_POINT('',(-2.,-3.464101615138));
#6787 = CARTESIAN_POINT('',(-8.,-9.797174393179E-16));
#6788 = CARTESIAN_POINT('',(-2.,3.464101615138));
#6789 = CARTESIAN_POINT('',(4.,6.928203230276));
#6790 = CARTESIAN_POINT('',(4.,0.));
#6791 = ( GEOMETRIC_REPRESENTATION_CONTEXT(2) 
PARAMETRIC_REPRESENTATION_CONTEXT() REPRESENTATION_CONTEXT('2D SPACE',''
  ) );
#6792 = FACE_BOUND('',#6793,.F.);
#6793 = EDGE_LOOP('',(#6794));
#6794 = ORIENTED_EDGE('',*,*,#4852,.F.);
#6795 = FACE_BOUND('',#6796,.F.);
#6796 = EDGE_LOOP('',(#6797,#6798));
#6797 = ORIENTED_EDGE('',*,*,#6108,.F.);
#6798 = ORIENTED_EDGE('',*,*,#6286,.F.);
#6799 = ADVANCED_FACE('',(#6800),#6470,.F.);
#6800 = FACE_BOUND('',#6801,.F.);
#6801 = EDGE_LOOP('',(#6802,#6825,#6826,#6827));
#6802 = ORIENTED_EDGE('',*,*,#6803,.T.);
#6803 = EDGE_CURVE('',#6804,#6450,#6806,.T.);
#6804 = VERTEX_POINT('',#6805);
#6805 = CARTESIAN_POINT('',(-2.,0.,12.));
#6806 = SEAM_CURVE('',#6807,(#6811,#6818),.PCURVE_S1.);
#6807 = LINE('',#6808,#6809);
#6808 = CARTESIAN_POINT('',(-2.,0.,12.));
#6809 = VECTOR('',#6810,1.);
#6810 = DIRECTION('',(0.,1.,0.));
#6811 = PCURVE('',#6470,#6812);
#6812 = DEFINITIONAL_REPRESENTATION('',(#6813),#6817);
#6813 = LINE('',#6814,#6815);
#6814 = CARTESIAN_POINT('',(3.14159265359,0.));
#6815 = VECTOR('',#6816,1.);
#6816 = DIRECTION('',(0.,1.));
#6817 = ( GEOMETRIC_REPRESENTATION_CONTEXT(2) 
PARAMETRIC_REPRESENTATION_CONTEXT() REPRESENTATION_CONTEXT('2D SPACE',''
  ) );
#6818 = PCURVE('',#6470,#6819);
#6819 = DEFINITIONAL_REPRESENTATION('',(#6820),#6824);
#6820 = LINE('',#6821,#6822);
#6821 = CARTESIAN_POINT('',(-3.14159265359,0.));
#6822 = VECTOR('',#6823,1.);
#6823 = DIRECTION('',(0.,1.));
#6824 = ( GEOMETRIC_REPRESENTATION_CONTEXT(2) 
PARAMETRIC_REPRESENTATION_CONTEXT() REPRESENTATION_CONTEXT('2D SPACE',''
  ) );
#6825 = ORIENTED_EDGE('',*,*,#6449,.T.);
#6826 = ORIENTED_EDGE('',*,*,#6803,.F.);
#6827 = ORIENTED_EDGE('',*,*,#6828,.F.);
#6828 = EDGE_CURVE('',#6804,#6804,#6829,.T.);
#6829 = SURFACE_CURVE('',#6830,(#6835,#6842),.PCURVE_S1.);
#6830 = CIRCLE('',#6831,2.);
#6831 = AXIS2_PLACEMENT_3D('',#6832,#6833,#6834);
#6832 = CARTESIAN_POINT('',(0.,0.,12.));
#6833 = DIRECTION('',(0.,-1.,0.));
#6834 = DIRECTION('',(1.,0.,0.));
#6835 = PCURVE('',#6470,#6836);
#6836 = DEFINITIONAL_REPRESENTATION('',(#6837),#6841);
#6837 = LINE('',#6838,#6839);
#6838 = CARTESIAN_POINT('',(6.28318530718,0.));
#6839 = VECTOR('',#6840,1.);
#6840 = DIRECTION('',(-1.,0.));
#6841 = ( GEOMETRIC_REPRESENTATION_CONTEXT(2) 
PARAMETRIC_REPRESENTATION_CONTEXT() REPRESENTATION_CONTEXT('2D SPACE',''
  ) );
#6842 = PCURVE('',#6777,#6843);
#6843 = DEFINITIONAL_REPRESENTATION('',(#6844),#6852);
#6844 = ( BOUNDED_CURVE() B_SPLINE_CURVE(2,(#6845,#6846,#6847,#6848,
#6849,#6850,#6851),.UNSPECIFIED.,.T.,.F.) B_SPLINE_CURVE_WITH_KNOTS((1,2
    ,2,2,2,1),(-2.094395102393,0.,2.094395102393,4.188790204786,
6.28318530718,8.377580409573),.UNSPECIFIED.) CURVE() 
GEOMETRIC_REPRESENTATION_ITEM() RATIONAL_B_SPLINE_CURVE((1.,0.5,1.,0.5,
1.,0.5,1.)) REPRESENTATION_ITEM('') );
#6845 = CARTESIAN_POINT('',(2.,-12.));
#6846 = CARTESIAN_POINT('',(2.,-15.46410161513));
#6847 = CARTESIAN_POINT('',(-1.,-13.73205080756));
#6848 = CARTESIAN_POINT('',(-4.,-12.));
#6849 = CARTESIAN_POINT('',(-1.,-10.26794919243));
#6850 = CARTESIAN_POINT('',(2.,-8.535898384862));
#6851 = CARTESIAN_POINT('',(2.,-12.));
#6852 = ( GEOMETRIC_REPRESENTATION_CONTEXT(2) 
PARAMETRIC_REPRESENTATION_CONTEXT() REPRESENTATION_CONTEXT('2D SPACE',''
  ) );
#6853 = ADVANCED_FACE('',(#6854),#6505,.F.);
#6854 = FACE_BOUND('',#6855,.F.);
#6855 = EDGE_LOOP('',(#6856,#6879,#6880,#6881));
#6856 = ORIENTED_EDGE('',*,*,#6857,.T.);
#6857 = EDGE_CURVE('',#6858,#6485,#6860,.T.);
#6858 = VERTEX_POINT('',#6859);
#6859 = CARTESIAN_POINT('',(-14.,0.,-2.143131898508E-15));
#6860 = SEAM_CURVE('',#6861,(#6865,#6872),.PCURVE_S1.);
#6861 = LINE('',#6862,#6863);
#6862 = CARTESIAN_POINT('',(-14.,0.,-2.143131898508E-15));
#6863 = VECTOR('',#6864,1.);
#6864 = DIRECTION('',(0.,1.,0.));
#6865 = PCURVE('',#6505,#6866);
#6866 = DEFINITIONAL_REPRESENTATION('',(#6867),#6871);
#6867 = LINE('',#6868,#6869);
#6868 = CARTESIAN_POINT('',(3.14159265359,0.));
#6869 = VECTOR('',#6870,1.);
#6870 = DIRECTION('',(0.,1.));
#6871 = ( GEOMETRIC_REPRESENTATION_CONTEXT(2) 
PARAMETRIC_REPRESENTATION_CONTEXT() REPRESENTATION_CONTEXT('2D SPACE',''
  ) );
#6872 = PCURVE('',#6505,#6873);
#6873 = DEFINITIONAL_REPRESENTATION('',(#6874),#6878);
#6874 = LINE('',#6875,#6876);
#6875 = CARTESIAN_POINT('',(-3.14159265359,0.));
#6876 = VECTOR('',#6877,1.);
#6877 = DIRECTION('',(0.,1.));
#6878 = ( GEOMETRIC_REPRESENTATION_CONTEXT(2) 
PARAMETRIC_REPRESENTATION_CONTEXT() REPRESENTATION_CONTEXT('2D SPACE',''
  ) );
#6879 = ORIENTED_EDGE('',*,*,#6484,.T.);
#6880 = ORIENTED_EDGE('',*,*,#6857,.F.);
#6881 = ORIENTED_EDGE('',*,*,#6882,.F.);
#6882 = EDGE_CURVE('',#6858,#6858,#6883,.T.);
#6883 = SURFACE_CURVE('',#6884,(#6889,#6896),.PCURVE_S1.);
#6884 = CIRCLE('',#6885,2.);
#6885 = AXIS2_PLACEMENT_3D('',#6886,#6887,#6888);
#6886 = CARTESIAN_POINT('',(-12.,0.,-2.388061258337E-15));
#6887 = DIRECTION('',(0.,-1.,0.));
#6888 = DIRECTION('',(1.,0.,0.));
#6889 = PCURVE('',#6505,#6890);
#6890 = DEFINITIONAL_REPRESENTATION('',(#6891),#6895);
#6891 = LINE('',#6892,#6893);
#6892 = CARTESIAN_POINT('',(6.28318530718,0.));
#6893 = VECTOR('',#6894,1.);
#6894 = DIRECTION('',(-1.,0.));
#6895 = ( GEOMETRIC_REPRESENTATION_CONTEXT(2) 
PARAMETRIC_REPRESENTATION_CONTEXT() REPRESENTATION_CONTEXT('2D SPACE',''
  ) );
#6896 = PCURVE('',#6777,#6897);
#6897 = DEFINITIONAL_REPRESENTATION('',(#6898),#6906);
#6898 = ( BOUNDED_CURVE() B_SPLINE_CURVE(2,(#6899,#6900,#6901,#6902,
#6903,#6904,#6905),.UNSPECIFIED.,.T.,.F.) B_SPLINE_CURVE_WITH_KNOTS((1,2
    ,2,2,2,1),(-2.094395102393,0.,2.094395102393,4.188790204786,
6.28318530718,8.377580409573),.UNSPECIFIED.) CURVE() 
GEOMETRIC_REPRESENTATION_ITEM() RATIONAL_B_SPLINE_CURVE((1.,0.5,1.,0.5,
1.,0.5,1.)) REPRESENTATION_ITEM('') );
#6899 = CARTESIAN_POINT('',(-10.,2.388061258337E-15));
#6900 = CARTESIAN_POINT('',(-10.,-3.464101615138));
#6901 = CARTESIAN_POINT('',(-13.,-1.732050807569));
#6902 = CARTESIAN_POINT('',(-16.,1.898202538678E-15));
#6903 = CARTESIAN_POINT('',(-13.,1.732050807569));
#6904 = CARTESIAN_POINT('',(-10.,3.464101615138));
#6905 = CARTESIAN_POINT('',(-10.,2.388061258337E-15));
#6906 = ( GEOMETRIC_REPRESENTATION_CONTEXT(2) 
PARAMETRIC_REPRESENTATION_CONTEXT() REPRESENTATION_CONTEXT('2D SPACE',''
  ) );
#6907 = ADVANCED_FACE('',(#6908),#6540,.F.);
#6908 = FACE_BOUND('',#6909,.F.);
#6909 = EDGE_LOOP('',(#6910,#6933,#6934,#6935));
#6910 = ORIENTED_EDGE('',*,*,#6911,.T.);
#6911 = EDGE_CURVE('',#6912,#6520,#6914,.T.);
#6912 = VERTEX_POINT('',#6913);
#6913 = CARTESIAN_POINT('',(-2.,0.,-12.));
#6914 = SEAM_CURVE('',#6915,(#6919,#6926),.PCURVE_S1.);
#6915 = LINE('',#6916,#6917);
#6916 = CARTESIAN_POINT('',(-2.,0.,-12.));
#6917 = VECTOR('',#6918,1.);
#6918 = DIRECTION('',(0.,1.,0.));
#6919 = PCURVE('',#6540,#6920);
#6920 = DEFINITIONAL_REPRESENTATION('',(#6921),#6925);
#6921 = LINE('',#6922,#6923);
#6922 = CARTESIAN_POINT('',(3.14159265359,0.));
#6923 = VECTOR('',#6924,1.);
#6924 = DIRECTION('',(0.,1.));
#6925 = ( GEOMETRIC_REPRESENTATION_CONTEXT(2) 
PARAMETRIC_REPRESENTATION_CONTEXT() REPRESENTATION_CONTEXT('2D SPACE',''
  ) );
#6926 = PCURVE('',#6540,#6927);
#6927 = DEFINITIONAL_REPRESENTATION('',(#6928),#6932);
#6928 = LINE('',#6929,#6930);
#6929 = CARTESIAN_POINT('',(-3.14159265359,0.));
#6930 = VECTOR('',#6931,1.);
#6931 = DIRECTION('',(0.,1.));
#6932 = ( GEOMETRIC_REPRESENTATION_CONTEXT(2) 
PARAMETRIC_REPRESENTATION_CONTEXT() REPRESENTATION_CONTEXT('2D SPACE',''
  ) );
#6933 = ORIENTED_EDGE('',*,*,#6519,.T.);
#6934 = ORIENTED_EDGE('',*,*,#6911,.F.);
#6935 = ORIENTED_EDGE('',*,*,#6936,.F.);
#6936 = EDGE_CURVE('',#6912,#6912,#6937,.T.);
#6937 = SURFACE_CURVE('',#6938,(#6943,#6950),.PCURVE_S1.);
#6938 = CIRCLE('',#6939,2.);
#6939 = AXIS2_PLACEMENT_3D('',#6940,#6941,#6942);
#6940 = CARTESIAN_POINT('',(1.592040838892E-15,0.,-12.));
#6941 = DIRECTION('',(0.,-1.,0.));
#6942 = DIRECTION('',(1.,0.,0.));
#6943 = PCURVE('',#6540,#6944);
#6944 = DEFINITIONAL_REPRESENTATION('',(#6945),#6949);
#6945 = LINE('',#6946,#6947);
#6946 = CARTESIAN_POINT('',(6.28318530718,0.));
#6947 = VECTOR('',#6948,1.);
#6948 = DIRECTION('',(-1.,0.));
#6949 = ( GEOMETRIC_REPRESENTATION_CONTEXT(2) 
PARAMETRIC_REPRESENTATION_CONTEXT() REPRESENTATION_CONTEXT('2D SPACE',''
  ) );
#6950 = PCURVE('',#6777,#6951);
#6951 = DEFINITIONAL_REPRESENTATION('',(#6952),#6960);
#6952 = ( BOUNDED_CURVE() B_SPLINE_CURVE(2,(#6953,#6954,#6955,#6956,
#6957,#6958,#6959),.UNSPECIFIED.,.T.,.F.) B_SPLINE_CURVE_WITH_KNOTS((1,2
    ,2,2,2,1),(-2.094395102393,0.,2.094395102393,4.188790204786,
6.28318530718,8.377580409573),.UNSPECIFIED.) CURVE() 
GEOMETRIC_REPRESENTATION_ITEM() RATIONAL_B_SPLINE_CURVE((1.,0.5,1.,0.5,
1.,0.5,1.)) REPRESENTATION_ITEM('') );
#6953 = CARTESIAN_POINT('',(2.,12.));
#6954 = CARTESIAN_POINT('',(2.,8.535898384862));
#6955 = CARTESIAN_POINT('',(-1.,10.267949192431));
#6956 = CARTESIAN_POINT('',(-4.,12.));
#6957 = CARTESIAN_POINT('',(-1.,13.732050807569));
#6958 = CARTESIAN_POINT('',(2.,15.464101615138));
#6959 = CARTESIAN_POINT('',(2.,12.));
#6960 = ( GEOMETRIC_REPRESENTATION_CONTEXT(2) 
PARAMETRIC_REPRESENTATION_CONTEXT() REPRESENTATION_CONTEXT('2D SPACE',''
  ) );
#6961 = ADVANCED_FACE('',(#6962),#6575,.F.);
#6962 = FACE_BOUND('',#6963,.F.);
#6963 = EDGE_LOOP('',(#6964,#6987,#6988,#6989));
#6964 = ORIENTED_EDGE('',*,*,#6965,.T.);
#6965 = EDGE_CURVE('',#6966,#6555,#6968,.T.);
#6966 = VERTEX_POINT('',#6967);
#6967 = CARTESIAN_POINT('',(10.,0.,1.102182119233E-15));
#6968 = SEAM_CURVE('',#6969,(#6973,#6980),.PCURVE_S1.);
#6969 = LINE('',#6970,#6971);
#6970 = CARTESIAN_POINT('',(10.,0.,1.102182119233E-15));
#6971 = VECTOR('',#6972,1.);
#6972 = DIRECTION('',(0.,1.,0.));
#6973 = PCURVE('',#6575,#6974);
#6974 = DEFINITIONAL_REPRESENTATION('',(#6975),#6979);
#6975 = LINE('',#6976,#6977);
#6976 = CARTESIAN_POINT('',(3.14159265359,0.));
#6977 = VECTOR('',#6978,1.);
#6978 = DIRECTION('',(0.,1.));
#6979 = ( GEOMETRIC_REPRESENTATION_CONTEXT(2) 
PARAMETRIC_REPRESENTATION_CONTEXT() REPRESENTATION_CONTEXT('2D SPACE',''
  ) );
#6980 = PCURVE('',#6575,#6981);
#6981 = DEFINITIONAL_REPRESENTATION('',(#6982),#6986);
#6982 = LINE('',#6983,#6984);
#6983 = CARTESIAN_POINT('',(-3.14159265359,0.));
#6984 = VECTOR('',#6985,1.);
#6985 = DIRECTION('',(0.,1.));
#6986 = ( GEOMETRIC_REPRESENTATION_CONTEXT(2) 
PARAMETRIC_REPRESENTATION_CONTEXT() REPRESENTATION_CONTEXT('2D SPACE',''
  ) );
#6987 = ORIENTED_EDGE('',*,*,#6554,.T.);
#6988 = ORIENTED_EDGE('',*,*,#6965,.F.);
#6989 = ORIENTED_EDGE('',*,*,#6990,.F.);
#6990 = EDGE_CURVE('',#6966,#6966,#6991,.T.);
#6991 = SURFACE_CURVE('',#6992,(#6997,#7004),.PCURVE_S1.);
#6992 = CIRCLE('',#6993,2.);
#6993 = AXIS2_PLACEMENT_3D('',#6994,#6995,#6996);
#6994 = CARTESIAN_POINT('',(12.,0.,8.572527594031E-16));
#6995 = DIRECTION('',(0.,-1.,0.));
#6996 = DIRECTION('',(1.,0.,0.));
#6997 = PCURVE('',#6575,#6998);
#6998 = DEFINITIONAL_REPRESENTATION('',(#6999),#7003);
#6999 = LINE('',#7000,#7001);
#7000 = CARTESIAN_POINT('',(6.28318530718,0.));
#7001 = VECTOR('',#7002,1.);
#7002 = DIRECTION('',(-1.,0.));
#7003 = ( GEOMETRIC_REPRESENTATION_CONTEXT(2) 
PARAMETRIC_REPRESENTATION_CONTEXT() REPRESENTATION_CONTEXT('2D SPACE',''
  ) );
#7004 = PCURVE('',#6777,#7005);
#7005 = DEFINITIONAL_REPRESENTATION('',(#7006),#7014);
#7006 = ( BOUNDED_CURVE() B_SPLINE_CURVE(2,(#7007,#7008,#7009,#7010,
#7011,#7012,#7013),.UNSPECIFIED.,.T.,.F.) B_SPLINE_CURVE_WITH_KNOTS((1,2
    ,2,2,2,1),(-2.094395102393,0.,2.094395102393,4.188790204786,
6.28318530718,8.377580409573),.UNSPECIFIED.) CURVE() 
GEOMETRIC_REPRESENTATION_ITEM() RATIONAL_B_SPLINE_CURVE((1.,0.5,1.,0.5,
1.,0.5,1.)) REPRESENTATION_ITEM('') );
#7007 = CARTESIAN_POINT('',(14.,-8.572527594031E-16));
#7008 = CARTESIAN_POINT('',(14.,-3.464101615138));
#7009 = CARTESIAN_POINT('',(11.,-1.732050807569));
#7010 = CARTESIAN_POINT('',(8.,-1.347111479062E-15));
#7011 = CARTESIAN_POINT('',(11.,1.732050807569));
#7012 = CARTESIAN_POINT('',(14.,3.464101615138));
#7013 = CARTESIAN_POINT('',(14.,-8.572527594031E-16));
#7014 = ( GEOMETRIC_REPRESENTATION_CONTEXT(2) 
PARAMETRIC_REPRESENTATION_CONTEXT() REPRESENTATION_CONTEXT('2D SPACE',''
  ) );
#7015 = ADVANCED_FACE('',(#7016),#6435,.T.);
#7016 = FACE_BOUND('',#7017,.T.);
#7017 = EDGE_LOOP('',(#7018,#7019,#7042,#7064));
#7018 = ORIENTED_EDGE('',*,*,#6418,.F.);
#7019 = ORIENTED_EDGE('',*,*,#7020,.T.);
#7020 = EDGE_CURVE('',#6419,#7021,#7023,.T.);
#7021 = VERTEX_POINT('',#7022);
#7022 = CARTESIAN_POINT('',(-16.,0.,1.959434878636E-15));
#7023 = SEAM_CURVE('',#7024,(#7028,#7035),.PCURVE_S1.);
#7024 = LINE('',#7025,#7026);
#7025 = CARTESIAN_POINT('',(-16.,0.,1.959434878636E-15));
#7026 = VECTOR('',#7027,1.);
#7027 = DIRECTION('',(0.,-1.,0.));
#7028 = PCURVE('',#6435,#7029);
#7029 = DEFINITIONAL_REPRESENTATION('',(#7030),#7034);
#7030 = LINE('',#7031,#7032);
#7031 = CARTESIAN_POINT('',(-3.14159265359,0.));
#7032 = VECTOR('',#7033,1.);
#7033 = DIRECTION('',(0.,-1.));
#7034 = ( GEOMETRIC_REPRESENTATION_CONTEXT(2) 
PARAMETRIC_REPRESENTATION_CONTEXT() REPRESENTATION_CONTEXT('2D SPACE',''
  ) );
#7035 = PCURVE('',#6435,#7036);
#7036 = DEFINITIONAL_REPRESENTATION('',(#7037),#7041);
#7037 = LINE('',#7038,#7039);
#7038 = CARTESIAN_POINT('',(3.14159265359,0.));
#7039 = VECTOR('',#7040,1.);
#7040 = DIRECTION('',(0.,-1.));
#7041 = ( GEOMETRIC_REPRESENTATION_CONTEXT(2) 
PARAMETRIC_REPRESENTATION_CONTEXT() REPRESENTATION_CONTEXT('2D SPACE',''
  ) );
#7042 = ORIENTED_EDGE('',*,*,#7043,.T.);
#7043 = EDGE_CURVE('',#7021,#7021,#7044,.T.);
#7044 = SURFACE_CURVE('',#7045,(#7050,#7057),.PCURVE_S1.);
#7045 = CIRCLE('',#7046,16.);
#7046 = AXIS2_PLACEMENT_3D('',#7047,#7048,#7049);
#7047 = CARTESIAN_POINT('',(0.,0.,0.));
#7048 = DIRECTION('',(-0.,1.,0.));
#7049 = DIRECTION('',(1.,0.,0.));
#7050 = PCURVE('',#6435,#7051);
#7051 = DEFINITIONAL_REPRESENTATION('',(#7052),#7056);
#7052 = LINE('',#7053,#7054);
#7053 = CARTESIAN_POINT('',(-6.28318530718,0.));
#7054 = VECTOR('',#7055,1.);
#7055 = DIRECTION('',(1.,0.));
#7056 = ( GEOMETRIC_REPRESENTATION_CONTEXT(2) 
PARAMETRIC_REPRESENTATION_CONTEXT() REPRESENTATION_CONTEXT('2D SPACE',''
  ) );
#7057 = PCURVE('',#6777,#7058);
#7058 = DEFINITIONAL_REPRESENTATION('',(#7059),#7063);
#7059 = CIRCLE('',#7060,16.);
#7060 = AXIS2_PLACEMENT_2D('',#7061,#7062);
#7061 = CARTESIAN_POINT('',(0.,0.));
#7062 = DIRECTION('',(1.,0.));
#7063 = ( GEOMETRIC_REPRESENTATION_CONTEXT(2) 
PARAMETRIC_REPRESENTATION_CONTEXT() REPRESENTATION_CONTEXT('2D SPACE',''
  ) );
#7064 = ORIENTED_EDGE('',*,*,#7020,.F.);
#7065 = ADVANCED_FACE('',(#7066,#7069,#7072,#7075,#7078,#7081),#6777,.F.
  );
#7066 = FACE_BOUND('',#7067,.T.);
#7067 = EDGE_LOOP('',(#7068));
#7068 = ORIENTED_EDGE('',*,*,#7043,.F.);
#7069 = FACE_BOUND('',#7070,.T.);
#7070 = EDGE_LOOP('',(#7071));
#7071 = ORIENTED_EDGE('',*,*,#6762,.F.);
#7072 = FACE_BOUND('',#7073,.T.);
#7073 = EDGE_LOOP('',(#7074));
#7074 = ORIENTED_EDGE('',*,*,#6990,.F.);
#7075 = FACE_BOUND('',#7076,.T.);
#7076 = EDGE_LOOP('',(#7077));
#7077 = ORIENTED_EDGE('',*,*,#6936,.F.);
#7078 = FACE_BOUND('',#7079,.T.);
#7079 = EDGE_LOOP('',(#7080));
#7080 = ORIENTED_EDGE('',*,*,#6882,.F.);
#7081 = FACE_BOUND('',#7082,.T.);
#7082 = EDGE_LOOP('',(#7083));
#7083 = ORIENTED_EDGE('',*,*,#6828,.F.);
#7084 = ( GEOMETRIC_REPRESENTATION_CONTEXT(3) 
GLOBAL_UNCERTAINTY_ASSIGNED_CONTEXT((#7088)) 
GLOBAL_UNIT_ASSIGNED_CONTEXT((#7085,#7086,#7087)) REPRESENTATION_CONTEXT
('Context #1','3D Context with UNIT and UNCERTAINTY') );
#7085 = ( LENGTH_UNIT() NAMED_UNIT(*) SI_UNIT(.MILLI.,.METRE.) );
#7086 = ( NAMED_UNIT(*) PLANE_ANGLE_UNIT() SI_UNIT($,.RADIAN.) );
#7087 = ( NAMED_UNIT(*) SI_UNIT($,.STERADIAN.) SOLID_ANGLE_UNIT() );
#7088 = UNCERTAINTY_MEASURE_WITH_UNIT(LENGTH_MEASURE(5.E-04),#7085,
  'distance_accuracy_value','confusion accuracy');
#7089 = CONTEXT_DEPENDENT_SHAPE_REPRESENTATION(#7090,#7092);
#7090 = ( REPRESENTATION_RELATIONSHIP('','',#3696,#32) 
REPRESENTATION_RELATIONSHIP_WITH_TRANSFORMATION(#7091) 
SHAPE_REPRESENTATION_RELATIONSHIP() );
#7091 = ITEM_DEFINED_TRANSFORMATION('','',#11,#41);
#7092 = PRODUCT_DEFINITION_SHAPE('Placement','Placement of an item',
  #7093);
#7093 = NEXT_ASSEMBLY_USAGE_OCCURRENCE('15','=>[0:1:1:4]','',#27,#3691,$
  );
#7094 = PRODUCT_RELATED_PRODUCT_CATEGORY('part',$,(#3693));
#7095 = MECHANICAL_DESIGN_GEOMETRIC_PRESENTATION_REPRESENTATION('',(
    #7096),#3673);
#7096 = STYLED_ITEM('color',(#7097),#64);
#7097 = PRESENTATION_STYLE_ASSIGNMENT((#7098));
#7098 = SURFACE_STYLE_USAGE(.BOTH.,#7099);
#7099 = SURFACE_SIDE_STYLE('',(#7100));
#7100 = SURFACE_STYLE_FILL_AREA(#7101);
#7101 = FILL_AREA_STYLE('',(#7102));
#7102 = FILL_AREA_STYLE_COLOUR('',#7103);
#7103 = COLOUR_RGB('',0.627450987486,0.627450987486,0.627450987486);
#7104 = MECHANICAL_DESIGN_GEOMETRIC_PRESENTATION_REPRESENTATION('',(
    #7105),#7084);
#7105 = STYLED_ITEM('color',(#7106),#3697);
#7106 = PRESENTATION_STYLE_ASSIGNMENT((#7107));
#7107 = SURFACE_STYLE_USAGE(.BOTH.,#7108);
#7108 = SURFACE_SIDE_STYLE('',(#7109));
#7109 = SURFACE_STYLE_FILL_AREA(#7110);
#7110 = FILL_AREA_STYLE('',(#7111));
#7111 = FILL_AREA_STYLE_COLOUR('',#7112);
#7112 = COLOUR_RGB('',0.960784305148,0.960784305148,0.964705886078);
ENDSEC;
END-ISO-10303-21;
