ISO-10303-21;
HEADER;
FILE_DESCRIPTION(('Open CASCADE Model'),'2;1');
FILE_NAME('Toe_Break_Body','2026-04-19T18:12:00',('Author'),(
    'Open CASCADE'),'Open CASCADE STEP processor 7.8','build123d',
  'Unknown');
FILE_SCHEMA(('AUTOMOTIVE_DESIGN { 1 0 10303 214 1 1 1 1 }'));
ENDSEC;
DATA;
#1 = APPLICATION_PROTOCOL_DEFINITION('international standard',
  'automotive_design',2000,#2);
#2 = APPLICATION_CONTEXT(
  'core data for automotive mechanical design processes');
#3 = SHAPE_DEFINITION_REPRESENTATION(#4,#10);
#4 = PRODUCT_DEFINITION_SHAPE('','',#5);
#5 = PRODUCT_DEFINITION('design','',#6,#9);
#6 = PRODUCT_DEFINITION_FORMATION('','',#7);
#7 = PRODUCT('=>[0:1:1:2]','=>[0:1:1:2]','',(#8));
#8 = PRODUCT_CONTEXT('',#2,'mechanical');
#9 = PRODUCT_DEFINITION_CONTEXT('part definition',#2,'design');
#10 = SHAPE_REPRESENTATION('',(#11,#15),#19);
#11 = AXIS2_PLACEMENT_3D('',#12,#13,#14);
#12 = CARTESIAN_POINT('',(0.,0.,0.));
#13 = DIRECTION('',(0.,0.,1.));
#14 = DIRECTION('',(1.,0.,-0.));
#15 = AXIS2_PLACEMENT_3D('',#16,#17,#18);
#16 = CARTESIAN_POINT('',(0.,0.,0.));
#17 = DIRECTION('',(0.,0.,1.));
#18 = DIRECTION('',(1.,0.,0.));
#19 = ( GEOMETRIC_REPRESENTATION_CONTEXT(3) 
GLOBAL_UNCERTAINTY_ASSIGNED_CONTEXT((#23)) GLOBAL_UNIT_ASSIGNED_CONTEXT(
(#20,#21,#22)) REPRESENTATION_CONTEXT('Context #1',
  '3D Context with UNIT and UNCERTAINTY') );
#20 = ( LENGTH_UNIT() NAMED_UNIT(*) SI_UNIT(.MILLI.,.METRE.) );
#21 = ( NAMED_UNIT(*) PLANE_ANGLE_UNIT() SI_UNIT($,.RADIAN.) );
#22 = ( NAMED_UNIT(*) SI_UNIT($,.STERADIAN.) SOLID_ANGLE_UNIT() );
#23 = UNCERTAINTY_MEASURE_WITH_UNIT(LENGTH_MEASURE(1.E-04),#20,
  'distance_accuracy_value','confusion accuracy');
#24 = PRODUCT_RELATED_PRODUCT_CATEGORY('part',$,(#7));
#25 = SHAPE_DEFINITION_REPRESENTATION(#26,#32);
#26 = PRODUCT_DEFINITION_SHAPE('','',#27);
#27 = PRODUCT_DEFINITION('design','',#28,#31);
#28 = PRODUCT_DEFINITION_FORMATION('','',#29);
#29 = PRODUCT('Toe_Break_Body','Toe_Break_Body','',(#30));
#30 = PRODUCT_CONTEXT('',#2,'mechanical');
#31 = PRODUCT_DEFINITION_CONTEXT('part definition',#2,'design');
#32 = ADVANCED_BREP_SHAPE_REPRESENTATION('',(#11,#33),#5707);
#33 = MANIFOLD_SOLID_BREP('',#34);
#34 = CLOSED_SHELL('',(#35,#161,#248,#330,#384,#465,#519,#1681,#1758,
    #1813,#1868,#1901,#1978,#2032,#2086,#2118,#2125,#2175,#2207,#2214,
    #2306,#2522,#2581,#2658,#2712,#2767,#2822,#2872,#2922,#2955,#3154,
    #4166,#4302,#4352,#4407,#4411,#4466,#4470,#4525,#4529,#4557,#4585,
    #4613,#4641,#4669,#4697,#4747,#4829,#4884,#4912,#4940,#4968,#4996,
    #5024,#5052,#5080,#5108,#5113,#5118,#5123,#5128,#5133,#5138,#5143,
    #5148,#5153,#5158,#5163,#5168,#5241,#5292,#5324,#5421,#5470,#5582,
    #5587,#5637,#5664,#5691,#5700));
#35 = ADVANCED_FACE('',(#36),#51,.F.);
#36 = FACE_BOUND('',#37,.F.);
#37 = EDGE_LOOP('',(#38,#74,#102,#135));
#38 = ORIENTED_EDGE('',*,*,#39,.F.);
#39 = EDGE_CURVE('',#40,#42,#44,.T.);
#40 = VERTEX_POINT('',#41);
#41 = CARTESIAN_POINT('',(28.4,-73.38389208312,-59.32567604241));
#42 = VERTEX_POINT('',#43);
#43 = CARTESIAN_POINT('',(28.4,-73.11754753117,-55.33455332071));
#44 = SURFACE_CURVE('',#45,(#50,#62),.PCURVE_S1.);
#45 = CIRCLE('',#46,2.);
#46 = AXIS2_PLACEMENT_3D('',#47,#48,#49);
#47 = CARTESIAN_POINT('',(28.4,-73.25071980715,-57.33011468156));
#48 = DIRECTION('',(1.,2.775557561563E-17,-5.645285852988E-30));
#49 = DIRECTION('',(-2.775557561563E-17,1.,1.566881583645E-46));
#50 = PCURVE('',#51,#56);
#51 = CONICAL_SURFACE('',#52,2.2,0.785398163397);
#52 = AXIS2_PLACEMENT_3D('',#53,#54,#55);
#53 = CARTESIAN_POINT('',(28.2,-73.25071980715,-57.33011468156));
#54 = DIRECTION('',(-1.,0.,0.));
#55 = DIRECTION('',(0.,1.,8.546626819881E-47));
#56 = DEFINITIONAL_REPRESENTATION('',(#57),#61);
#57 = LINE('',#58,#59);
#58 = CARTESIAN_POINT('',(6.28318530718,-0.2));
#59 = VECTOR('',#60,1.);
#60 = DIRECTION('',(-1.,1.999103807287E-16));
#61 = ( GEOMETRIC_REPRESENTATION_CONTEXT(2) 
PARAMETRIC_REPRESENTATION_CONTEXT() REPRESENTATION_CONTEXT('2D SPACE',''
  ) );
#62 = PCURVE('',#63,#68);
#63 = CYLINDRICAL_SURFACE('',#64,2.);
#64 = AXIS2_PLACEMENT_3D('',#65,#66,#67);
#65 = CARTESIAN_POINT('',(28.,-73.25071980715,-57.33011468156));
#66 = DIRECTION('',(1.,0.,0.));
#67 = DIRECTION('',(0.,0.997780680424,-6.658613798927E-02));
#68 = DEFINITIONAL_REPRESENTATION('',(#69),#73);
#69 = LINE('',#70,#71);
#70 = CARTESIAN_POINT('',(-6.216549866781,0.4));
#71 = VECTOR('',#72,1.);
#72 = DIRECTION('',(1.,0.));
#73 = ( GEOMETRIC_REPRESENTATION_CONTEXT(2) 
PARAMETRIC_REPRESENTATION_CONTEXT() REPRESENTATION_CONTEXT('2D SPACE',''
  ) );
#74 = ORIENTED_EDGE('',*,*,#75,.F.);
#75 = EDGE_CURVE('',#76,#40,#78,.T.);
#76 = VERTEX_POINT('',#77);
#77 = CARTESIAN_POINT('',(28.,-73.41052653832,-59.72478831458));
#78 = SURFACE_CURVE('',#79,(#83,#90),.PCURVE_S1.);
#79 = LINE('',#80,#81);
#80 = CARTESIAN_POINT('',(28.,-73.41052653832,-59.72478831458));
#81 = VECTOR('',#82,1.);
#82 = DIRECTION('',(0.707106781187,4.708350970523E-02,0.705537485265));
#83 = PCURVE('',#51,#84);
#84 = DEFINITIONAL_REPRESENTATION('',(#85),#89);
#85 = LINE('',#86,#87);
#86 = CARTESIAN_POINT('',(1.637431767194,0.2));
#87 = VECTOR('',#88,1.);
#88 = DIRECTION('',(1.165734175857E-14,-1.));
#89 = ( GEOMETRIC_REPRESENTATION_CONTEXT(2) 
PARAMETRIC_REPRESENTATION_CONTEXT() REPRESENTATION_CONTEXT('2D SPACE',''
  ) );
#90 = PCURVE('',#91,#96);
#91 = CONICAL_SURFACE('',#92,73.800000001594,0.785398163397);
#92 = AXIS2_PLACEMENT_3D('',#93,#94,#95);
#93 = CARTESIAN_POINT('',(28.2,-78.31126629444,-133.1614463953));
#94 = DIRECTION('',(1.,0.,0.));
#95 = DIRECTION('',(0.,-0.27533899517,0.961347199371));
#96 = DEFINITIONAL_REPRESENTATION('',(#97),#101);
#97 = LINE('',#98,#99);
#98 = CARTESIAN_POINT('',(5.937607557068,-0.2));
#99 = VECTOR('',#100,1.);
#100 = DIRECTION('',(0.,1.));
#101 = ( GEOMETRIC_REPRESENTATION_CONTEXT(2) 
PARAMETRIC_REPRESENTATION_CONTEXT() REPRESENTATION_CONTEXT('2D SPACE',''
  ) );
#102 = ORIENTED_EDGE('',*,*,#103,.F.);
#103 = EDGE_CURVE('',#104,#76,#106,.T.);
#104 = VERTEX_POINT('',#105);
#105 = CARTESIAN_POINT('',(28.,-73.09091307597,-54.93544104854));
#106 = SURFACE_CURVE('',#107,(#112,#119),.PCURVE_S1.);
#107 = CIRCLE('',#108,2.4);
#108 = AXIS2_PLACEMENT_3D('',#109,#110,#111);
#109 = CARTESIAN_POINT('',(28.,-73.25071980715,-57.33011468156));
#110 = DIRECTION('',(-1.,-2.775557561563E-17,5.645285852988E-30));
#111 = DIRECTION('',(-2.775557561563E-17,1.,1.566881583645E-46));
#112 = PCURVE('',#51,#113);
#113 = DEFINITIONAL_REPRESENTATION('',(#114),#118);
#114 = LINE('',#115,#116);
#115 = CARTESIAN_POINT('',(-6.28318530718,0.2));
#116 = VECTOR('',#117,1.);
#117 = DIRECTION('',(1.,-7.496639277325E-17));
#118 = ( GEOMETRIC_REPRESENTATION_CONTEXT(2) 
PARAMETRIC_REPRESENTATION_CONTEXT() REPRESENTATION_CONTEXT('2D SPACE',''
  ) );
#119 = PCURVE('',#120,#125);
#120 = PLANE('',#121);
#121 = AXIS2_PLACEMENT_3D('',#122,#123,#124);
#122 = CARTESIAN_POINT('',(28.,-66.38236262092,-67.87981152954));
#123 = DIRECTION('',(1.,2.775557561563E-17,-5.645285852988E-30));
#124 = DIRECTION('',(-5.645285852988E-30,0.,-1.));
#125 = DEFINITIONAL_REPRESENTATION('',(#126),#134);
#126 = ( BOUNDED_CURVE() B_SPLINE_CURVE(2,(#127,#128,#129,#130,#131,#132
,#133),.UNSPECIFIED.,.T.,.F.) B_SPLINE_CURVE_WITH_KNOTS((1,2,2,2,2,1),(
    -2.094395102393,0.,2.094395102393,4.188790204786,6.28318530718,
8.377580409573),.UNSPECIFIED.) CURVE() GEOMETRIC_REPRESENTATION_ITEM() 
RATIONAL_B_SPLINE_CURVE((1.,0.5,1.,0.5,1.,0.5,1.)) REPRESENTATION_ITEM(
  '') );
#127 = CARTESIAN_POINT('',(-10.54969684797,-4.468357186229));
#128 = CARTESIAN_POINT('',(-6.392774909811,-4.468357186229));
#129 = CARTESIAN_POINT('',(-8.471235878893,-8.068357186229));
#130 = CARTESIAN_POINT('',(-10.54969684797,-11.66835718622));
#131 = CARTESIAN_POINT('',(-12.62815781705,-8.068357186229));
#132 = CARTESIAN_POINT('',(-14.70661878614,-4.468357186229));
#133 = CARTESIAN_POINT('',(-10.54969684797,-4.468357186229));
#134 = ( GEOMETRIC_REPRESENTATION_CONTEXT(2) 
PARAMETRIC_REPRESENTATION_CONTEXT() REPRESENTATION_CONTEXT('2D SPACE',''
  ) );
#135 = ORIENTED_EDGE('',*,*,#136,.F.);
#136 = EDGE_CURVE('',#42,#104,#137,.T.);
#137 = SURFACE_CURVE('',#138,(#142,#149),.PCURVE_S1.);
#138 = LINE('',#139,#140);
#139 = CARTESIAN_POINT('',(28.4,-73.11754753117,-55.33455332071));
#140 = VECTOR('',#141,1.);
#141 = DIRECTION('',(-0.707106781187,4.708350970523E-02,0.705537485265)
  );
#142 = PCURVE('',#51,#143);
#143 = DEFINITIONAL_REPRESENTATION('',(#144),#148);
#144 = LINE('',#145,#146);
#145 = CARTESIAN_POINT('',(-1.504160886396,-0.2));
#146 = VECTOR('',#147,1.);
#147 = DIRECTION('',(0.,1.));
#148 = ( GEOMETRIC_REPRESENTATION_CONTEXT(2) 
PARAMETRIC_REPRESENTATION_CONTEXT() REPRESENTATION_CONTEXT('2D SPACE',''
  ) );
#149 = PCURVE('',#150,#155);
#150 = CONICAL_SURFACE('',#151,78.200000001594,0.785398163397);
#151 = AXIS2_PLACEMENT_3D('',#152,#153,#154);
#152 = CARTESIAN_POINT('',(28.2,-78.31126629444,-133.1614463953));
#153 = DIRECTION('',(-1.,0.,0.));
#154 = DIRECTION('',(0.,-0.27533899517,0.961347199371));
#155 = DEFINITIONAL_REPRESENTATION('',(#156),#160);
#156 = LINE('',#157,#158);
#157 = CARTESIAN_POINT('',(0.345577750112,-0.2));
#158 = VECTOR('',#159,1.);
#159 = DIRECTION('',(-5.551115123126E-16,1.));
#160 = ( GEOMETRIC_REPRESENTATION_CONTEXT(2) 
PARAMETRIC_REPRESENTATION_CONTEXT() REPRESENTATION_CONTEXT('2D SPACE',''
  ) );
#161 = ADVANCED_FACE('',(#162),#150,.F.);
#162 = FACE_BOUND('',#163,.F.);
#163 = EDGE_LOOP('',(#164,#193,#194,#222));
#164 = ORIENTED_EDGE('',*,*,#165,.F.);
#165 = EDGE_CURVE('',#42,#166,#168,.T.);
#166 = VERTEX_POINT('',#167);
#167 = CARTESIAN_POINT('',(28.4,-94.47854838991,-56.85535889318));
#168 = SURFACE_CURVE('',#169,(#174,#181),.PCURVE_S1.);
#169 = CIRCLE('',#170,78.000000001594);
#170 = AXIS2_PLACEMENT_3D('',#171,#172,#173);
#171 = CARTESIAN_POINT('',(28.4,-78.31126629444,-133.1614463953));
#172 = DIRECTION('',(1.,2.775557561563E-17,-5.645285852988E-30));
#173 = DIRECTION('',(7.642192300389E-18,-0.27533899517,0.961347199371));
#174 = PCURVE('',#150,#175);
#175 = DEFINITIONAL_REPRESENTATION('',(#176),#180);
#176 = LINE('',#177,#178);
#177 = CARTESIAN_POINT('',(6.28318530718,-0.2));
#178 = VECTOR('',#179,1.);
#179 = DIRECTION('',(-1.,0.));
#180 = ( GEOMETRIC_REPRESENTATION_CONTEXT(2) 
PARAMETRIC_REPRESENTATION_CONTEXT() REPRESENTATION_CONTEXT('2D SPACE',''
  ) );
#181 = PCURVE('',#182,#187);
#182 = CYLINDRICAL_SURFACE('',#183,78.000000001594);
#183 = AXIS2_PLACEMENT_3D('',#184,#185,#186);
#184 = CARTESIAN_POINT('',(28.,-78.31126629444,-133.1614463953));
#185 = DIRECTION('',(1.,0.,0.));
#186 = DIRECTION('',(0.,-0.27533899517,0.961347199371));
#187 = DEFINITIONAL_REPRESENTATION('',(#188),#192);
#188 = LINE('',#189,#190);
#189 = CARTESIAN_POINT('',(0.,0.4));
#190 = VECTOR('',#191,1.);
#191 = DIRECTION('',(1.,0.));
#192 = ( GEOMETRIC_REPRESENTATION_CONTEXT(2) 
PARAMETRIC_REPRESENTATION_CONTEXT() REPRESENTATION_CONTEXT('2D SPACE',''
  ) );
#193 = ORIENTED_EDGE('',*,*,#136,.T.);
#194 = ORIENTED_EDGE('',*,*,#195,.F.);
#195 = EDGE_CURVE('',#196,#104,#198,.T.);
#196 = VERTEX_POINT('',#197);
#197 = CARTESIAN_POINT('',(28.,-94.56145752886,-56.46404562395));
#198 = SURFACE_CURVE('',#199,(#204,#211),.PCURVE_S1.);
#199 = CIRCLE('',#200,78.400000001594);
#200 = AXIS2_PLACEMENT_3D('',#201,#202,#203);
#201 = CARTESIAN_POINT('',(28.,-78.31126629444,-133.1614463953));
#202 = DIRECTION('',(-1.,-2.775557561563E-17,5.645285852988E-30));
#203 = DIRECTION('',(7.642192300389E-18,-0.27533899517,0.961347199371));
#204 = PCURVE('',#150,#205);
#205 = DEFINITIONAL_REPRESENTATION('',(#206),#210);
#206 = LINE('',#207,#208);
#207 = CARTESIAN_POINT('',(-1.249000902703E-16,0.2));
#208 = VECTOR('',#209,1.);
#209 = DIRECTION('',(1.,2.579558445739E-14));
#210 = ( GEOMETRIC_REPRESENTATION_CONTEXT(2) 
PARAMETRIC_REPRESENTATION_CONTEXT() REPRESENTATION_CONTEXT('2D SPACE',''
  ) );
#211 = PCURVE('',#120,#212);
#212 = DEFINITIONAL_REPRESENTATION('',(#213),#221);
#213 = ( BOUNDED_CURVE() B_SPLINE_CURVE(2,(#214,#215,#216,#217,#218,#219
,#220),.UNSPECIFIED.,.T.,.F.) B_SPLINE_CURVE_WITH_KNOTS((1,2,2,2,2,1),(
    -2.094395102393,0.,2.094395102393,4.188790204786,6.28318530718,
8.377580409573),.UNSPECIFIED.) CURVE() GEOMETRIC_REPRESENTATION_ITEM() 
RATIONAL_B_SPLINE_CURVE((1.,0.5,1.,0.5,1.,0.5,1.)) REPRESENTATION_ITEM(
  '') );
#214 = CARTESIAN_POINT('',(-10.08798556637,-33.51548089531));
#215 = CARTESIAN_POINT('',(-47.47703407603,97.028531040476));
#216 = CARTESIAN_POINT('',(84.271920827132,64.136390905274));
#217 = CARTESIAN_POINT('',(216.02087573029,31.244250770071));
#218 = CARTESIAN_POINT('',(121.66096933679,-66.40762103051));
#219 = CARTESIAN_POINT('',(27.301062943286,-164.0594928311));
#220 = CARTESIAN_POINT('',(-10.08798556637,-33.51548089531));
#221 = ( GEOMETRIC_REPRESENTATION_CONTEXT(2) 
PARAMETRIC_REPRESENTATION_CONTEXT() REPRESENTATION_CONTEXT('2D SPACE',''
  ) );
#222 = ORIENTED_EDGE('',*,*,#223,.F.);
#223 = EDGE_CURVE('',#166,#196,#224,.T.);
#224 = SURFACE_CURVE('',#225,(#229,#236),.PCURVE_S1.);
#225 = LINE('',#226,#227);
#226 = CARTESIAN_POINT('',(28.4,-94.47854838991,-56.85535889318));
#227 = VECTOR('',#228,1.);
#228 = DIRECTION('',(-0.707106781187,-0.146564035934,0.691750665609));
#229 = PCURVE('',#150,#230);
#230 = DEFINITIONAL_REPRESENTATION('',(#231),#235);
#231 = LINE('',#232,#233);
#232 = CARTESIAN_POINT('',(7.015586977879E-02,-0.2));
#233 = VECTOR('',#234,1.);
#234 = DIRECTION('',(2.428612866367E-16,1.));
#235 = ( GEOMETRIC_REPRESENTATION_CONTEXT(2) 
PARAMETRIC_REPRESENTATION_CONTEXT() REPRESENTATION_CONTEXT('2D SPACE',''
  ) );
#236 = PCURVE('',#237,#242);
#237 = CONICAL_SURFACE('',#238,2.2,0.785398163397);
#238 = AXIS2_PLACEMENT_3D('',#239,#240,#241);
#239 = CARTESIAN_POINT('',(28.2,-94.06400269517,-58.81192523935));
#240 = DIRECTION('',(-1.,0.,0.));
#241 = DIRECTION('',(-0.,-1.,-8.546626819881E-47));
#242 = DEFINITIONAL_REPRESENTATION('',(#243),#247);
#243 = LINE('',#244,#245);
#244 = CARTESIAN_POINT('',(7.64519519404,-0.2));
#245 = VECTOR('',#246,1.);
#246 = DIRECTION('',(2.22044604925E-15,1.));
#247 = ( GEOMETRIC_REPRESENTATION_CONTEXT(2) 
PARAMETRIC_REPRESENTATION_CONTEXT() REPRESENTATION_CONTEXT('2D SPACE',''
  ) );
#248 = ADVANCED_FACE('',(#249),#237,.F.);
#249 = FACE_BOUND('',#250,.F.);
#250 = EDGE_LOOP('',(#251,#280,#281,#309));
#251 = ORIENTED_EDGE('',*,*,#252,.F.);
#252 = EDGE_CURVE('',#166,#253,#255,.T.);
#253 = VERTEX_POINT('',#254);
#254 = CARTESIAN_POINT('',(28.4,-93.64945700042,-60.76849158552));
#255 = SURFACE_CURVE('',#256,(#261,#268),.PCURVE_S1.);
#256 = CIRCLE('',#257,2.);
#257 = AXIS2_PLACEMENT_3D('',#258,#259,#260);
#258 = CARTESIAN_POINT('',(28.4,-94.06400269517,-58.81192523935));
#259 = DIRECTION('',(1.,2.775557561563E-17,-5.645285852988E-30));
#260 = DIRECTION('',(2.775557561563E-17,-1.,-1.566881583645E-46));
#261 = PCURVE('',#237,#262);
#262 = DEFINITIONAL_REPRESENTATION('',(#263),#267);
#263 = LINE('',#264,#265);
#264 = CARTESIAN_POINT('',(12.566370614359,-0.2));
#265 = VECTOR('',#266,1.);
#266 = DIRECTION('',(-1.,4.62292755435E-16));
#267 = ( GEOMETRIC_REPRESENTATION_CONTEXT(2) 
PARAMETRIC_REPRESENTATION_CONTEXT() REPRESENTATION_CONTEXT('2D SPACE',''
  ) );
#268 = PCURVE('',#269,#274);
#269 = CYLINDRICAL_SURFACE('',#270,2.);
#270 = AXIS2_PLACEMENT_3D('',#271,#272,#273);
#271 = CARTESIAN_POINT('',(28.,-94.06400269517,-58.81192523935));
#272 = DIRECTION('',(1.,0.,0.));
#273 = DIRECTION('',(0.,-1.,0.));
#274 = DEFINITIONAL_REPRESENTATION('',(#275),#279);
#275 = LINE('',#276,#277);
#276 = CARTESIAN_POINT('',(-6.28318530718,0.4));
#277 = VECTOR('',#278,1.);
#278 = DIRECTION('',(1.,0.));
#279 = ( GEOMETRIC_REPRESENTATION_CONTEXT(2) 
PARAMETRIC_REPRESENTATION_CONTEXT() REPRESENTATION_CONTEXT('2D SPACE',''
  ) );
#280 = ORIENTED_EDGE('',*,*,#223,.T.);
#281 = ORIENTED_EDGE('',*,*,#282,.F.);
#282 = EDGE_CURVE('',#283,#196,#285,.T.);
#283 = VERTEX_POINT('',#284);
#284 = CARTESIAN_POINT('',(28.,-93.56654786147,-61.15980485476));
#285 = SURFACE_CURVE('',#286,(#291,#298),.PCURVE_S1.);
#286 = CIRCLE('',#287,2.4);
#287 = AXIS2_PLACEMENT_3D('',#288,#289,#290);
#288 = CARTESIAN_POINT('',(28.,-94.06400269517,-58.81192523935));
#289 = DIRECTION('',(-1.,-2.775557561563E-17,5.645285852988E-30));
#290 = DIRECTION('',(2.775557561563E-17,-1.,-1.566881583645E-46));
#291 = PCURVE('',#237,#292);
#292 = DEFINITIONAL_REPRESENTATION('',(#293),#297);
#293 = LINE('',#294,#295);
#294 = CARTESIAN_POINT('',(8.881784197001E-16,0.2));
#295 = VECTOR('',#296,1.);
#296 = DIRECTION('',(1.,7.496639277325E-17));
#297 = ( GEOMETRIC_REPRESENTATION_CONTEXT(2) 
PARAMETRIC_REPRESENTATION_CONTEXT() REPRESENTATION_CONTEXT('2D SPACE',''
  ) );
#298 = PCURVE('',#120,#299);
#299 = DEFINITIONAL_REPRESENTATION('',(#300),#308);
#300 = ( BOUNDED_CURVE() B_SPLINE_CURVE(2,(#301,#302,#303,#304,#305,#306
,#307),.UNSPECIFIED.,.T.,.F.) B_SPLINE_CURVE_WITH_KNOTS((1,2,2,2,2,1),(
    -2.094395102393,0.,2.094395102393,4.188790204786,6.28318530718,
8.377580409573),.UNSPECIFIED.) CURVE() GEOMETRIC_REPRESENTATION_ITEM() 
RATIONAL_B_SPLINE_CURVE((1.,0.5,1.,0.5,1.,0.5,1.)) REPRESENTATION_ITEM(
  '') );
#301 = CARTESIAN_POINT('',(-9.067886290184,-30.08164007425));
#302 = CARTESIAN_POINT('',(-13.22480822834,-30.08164007425));
#303 = CARTESIAN_POINT('',(-11.14634725926,-26.48164007425));
#304 = CARTESIAN_POINT('',(-9.067886290184,-22.88164007425));
#305 = CARTESIAN_POINT('',(-6.989425321101,-26.48164007425));
#306 = CARTESIAN_POINT('',(-4.910964352018,-30.08164007425));
#307 = CARTESIAN_POINT('',(-9.067886290184,-30.08164007425));
#308 = ( GEOMETRIC_REPRESENTATION_CONTEXT(2) 
PARAMETRIC_REPRESENTATION_CONTEXT() REPRESENTATION_CONTEXT('2D SPACE',''
  ) );
#309 = ORIENTED_EDGE('',*,*,#310,.F.);
#310 = EDGE_CURVE('',#253,#283,#311,.T.);
#311 = SURFACE_CURVE('',#312,(#316,#323),.PCURVE_S1.);
#312 = LINE('',#313,#314);
#313 = CARTESIAN_POINT('',(28.4,-93.64945700042,-60.76849158552));
#314 = VECTOR('',#315,1.);
#315 = DIRECTION('',(-0.707106781187,0.146564035934,-0.691750665609));
#316 = PCURVE('',#237,#317);
#317 = DEFINITIONAL_REPRESENTATION('',(#318),#322);
#318 = LINE('',#319,#320);
#319 = CARTESIAN_POINT('',(4.503602540451,-0.2));
#320 = VECTOR('',#321,1.);
#321 = DIRECTION('',(2.442490654175E-14,1.));
#322 = ( GEOMETRIC_REPRESENTATION_CONTEXT(2) 
PARAMETRIC_REPRESENTATION_CONTEXT() REPRESENTATION_CONTEXT('2D SPACE',''
  ) );
#323 = PCURVE('',#91,#324);
#324 = DEFINITIONAL_REPRESENTATION('',(#325),#329);
#325 = LINE('',#326,#327);
#326 = CARTESIAN_POINT('',(6.213029437401,0.2));
#327 = VECTOR('',#328,1.);
#328 = DIRECTION('',(0.,-1.));
#329 = ( GEOMETRIC_REPRESENTATION_CONTEXT(2) 
PARAMETRIC_REPRESENTATION_CONTEXT() REPRESENTATION_CONTEXT('2D SPACE',''
  ) );
#330 = ADVANCED_FACE('',(#331),#91,.T.);
#331 = FACE_BOUND('',#332,.T.);
#332 = EDGE_LOOP('',(#333,#334,#356,#357));
#333 = ORIENTED_EDGE('',*,*,#75,.F.);
#334 = ORIENTED_EDGE('',*,*,#335,.T.);
#335 = EDGE_CURVE('',#76,#283,#336,.T.);
#336 = SURFACE_CURVE('',#337,(#342,#349),.PCURVE_S1.);
#337 = CIRCLE('',#338,73.600000001594);
#338 = AXIS2_PLACEMENT_3D('',#339,#340,#341);
#339 = CARTESIAN_POINT('',(28.,-78.31126629444,-133.1614463953));
#340 = DIRECTION('',(1.,2.775557561563E-17,-5.645285852988E-30));
#341 = DIRECTION('',(7.642192300389E-18,-0.27533899517,0.961347199371));
#342 = PCURVE('',#91,#343);
#343 = DEFINITIONAL_REPRESENTATION('',(#344),#348);
#344 = LINE('',#345,#346);
#345 = CARTESIAN_POINT('',(0.,-0.2));
#346 = VECTOR('',#347,1.);
#347 = DIRECTION('',(1.,-2.593810149859E-14));
#348 = ( GEOMETRIC_REPRESENTATION_CONTEXT(2) 
PARAMETRIC_REPRESENTATION_CONTEXT() REPRESENTATION_CONTEXT('2D SPACE',''
  ) );
#349 = PCURVE('',#120,#350);
#350 = DEFINITIONAL_REPRESENTATION('',(#351),#355);
#351 = CIRCLE('',#352,73.600000001594);
#352 = AXIS2_PLACEMENT_2D('',#353,#354);
#353 = CARTESIAN_POINT('',(65.28163486585,-11.92890367352));
#354 = DIRECTION('',(-0.961347199371,-0.27533899517));
#355 = ( GEOMETRIC_REPRESENTATION_CONTEXT(2) 
PARAMETRIC_REPRESENTATION_CONTEXT() REPRESENTATION_CONTEXT('2D SPACE',''
  ) );
#356 = ORIENTED_EDGE('',*,*,#310,.F.);
#357 = ORIENTED_EDGE('',*,*,#358,.T.);
#358 = EDGE_CURVE('',#253,#40,#359,.T.);
#359 = SURFACE_CURVE('',#360,(#365,#372),.PCURVE_S1.);
#360 = CIRCLE('',#361,74.000000001594);
#361 = AXIS2_PLACEMENT_3D('',#362,#363,#364);
#362 = CARTESIAN_POINT('',(28.4,-78.31126629444,-133.1614463953));
#363 = DIRECTION('',(-1.,-2.775557561563E-17,5.645285852988E-30));
#364 = DIRECTION('',(7.642192300389E-18,-0.27533899517,0.961347199371));
#365 = PCURVE('',#91,#366);
#366 = DEFINITIONAL_REPRESENTATION('',(#367),#371);
#367 = LINE('',#368,#369);
#368 = CARTESIAN_POINT('',(6.28318530718,0.2));
#369 = VECTOR('',#370,1.);
#370 = DIRECTION('',(-1.,0.));
#371 = ( GEOMETRIC_REPRESENTATION_CONTEXT(2) 
PARAMETRIC_REPRESENTATION_CONTEXT() REPRESENTATION_CONTEXT('2D SPACE',''
  ) );
#372 = PCURVE('',#373,#378);
#373 = CYLINDRICAL_SURFACE('',#374,74.000000001594);
#374 = AXIS2_PLACEMENT_3D('',#375,#376,#377);
#375 = CARTESIAN_POINT('',(28.,-78.31126629444,-133.1614463953));
#376 = DIRECTION('',(1.,0.,0.));
#377 = DIRECTION('',(0.,-0.27533899517,0.961347199371));
#378 = DEFINITIONAL_REPRESENTATION('',(#379),#383);
#379 = LINE('',#380,#381);
#380 = CARTESIAN_POINT('',(6.28318530718,0.4));
#381 = VECTOR('',#382,1.);
#382 = DIRECTION('',(-1.,0.));
#383 = ( GEOMETRIC_REPRESENTATION_CONTEXT(2) 
PARAMETRIC_REPRESENTATION_CONTEXT() REPRESENTATION_CONTEXT('2D SPACE',''
  ) );
#384 = ADVANCED_FACE('',(#385),#182,.F.);
#385 = FACE_BOUND('',#386,.F.);
#386 = EDGE_LOOP('',(#387,#410,#443,#464));
#387 = ORIENTED_EDGE('',*,*,#388,.T.);
#388 = EDGE_CURVE('',#166,#389,#391,.T.);
#389 = VERTEX_POINT('',#390);
#390 = CARTESIAN_POINT('',(31.,-94.47854838991,-56.85535889318));
#391 = SURFACE_CURVE('',#392,(#396,#403),.PCURVE_S1.);
#392 = LINE('',#393,#394);
#393 = CARTESIAN_POINT('',(28.,-94.47854838991,-56.85535889318));
#394 = VECTOR('',#395,1.);
#395 = DIRECTION('',(1.,0.,0.));
#396 = PCURVE('',#182,#397);
#397 = DEFINITIONAL_REPRESENTATION('',(#398),#402);
#398 = LINE('',#399,#400);
#399 = CARTESIAN_POINT('',(6.213029437401,0.));
#400 = VECTOR('',#401,1.);
#401 = DIRECTION('',(0.,1.));
#402 = ( GEOMETRIC_REPRESENTATION_CONTEXT(2) 
PARAMETRIC_REPRESENTATION_CONTEXT() REPRESENTATION_CONTEXT('2D SPACE',''
  ) );
#403 = PCURVE('',#269,#404);
#404 = DEFINITIONAL_REPRESENTATION('',(#405),#409);
#405 = LINE('',#406,#407);
#406 = CARTESIAN_POINT('',(-1.362009886861,0.));
#407 = VECTOR('',#408,1.);
#408 = DIRECTION('',(0.,1.));
#409 = ( GEOMETRIC_REPRESENTATION_CONTEXT(2) 
PARAMETRIC_REPRESENTATION_CONTEXT() REPRESENTATION_CONTEXT('2D SPACE',''
  ) );
#410 = ORIENTED_EDGE('',*,*,#411,.F.);
#411 = EDGE_CURVE('',#412,#389,#414,.T.);
#412 = VERTEX_POINT('',#413);
#413 = CARTESIAN_POINT('',(31.,-73.11754753117,-55.33455332071));
#414 = SURFACE_CURVE('',#415,(#420,#427),.PCURVE_S1.);
#415 = CIRCLE('',#416,78.000000001594);
#416 = AXIS2_PLACEMENT_3D('',#417,#418,#419);
#417 = CARTESIAN_POINT('',(31.,-78.31126629444,-133.1614463953));
#418 = DIRECTION('',(1.,2.775557561563E-17,-5.622174693655E-30));
#419 = DIRECTION('',(7.642192300389E-18,-0.27533899517,0.961347199371));
#420 = PCURVE('',#182,#421);
#421 = DEFINITIONAL_REPRESENTATION('',(#422),#426);
#422 = LINE('',#423,#424);
#423 = CARTESIAN_POINT('',(0.,3.));
#424 = VECTOR('',#425,1.);
#425 = DIRECTION('',(1.,0.));
#426 = ( GEOMETRIC_REPRESENTATION_CONTEXT(2) 
PARAMETRIC_REPRESENTATION_CONTEXT() REPRESENTATION_CONTEXT('2D SPACE',''
  ) );
#427 = PCURVE('',#428,#433);
#428 = PLANE('',#429);
#429 = AXIS2_PLACEMENT_3D('',#430,#431,#432);
#430 = CARTESIAN_POINT('',(31.,-83.65736125116,-57.98668581657));
#431 = DIRECTION('',(-1.,-2.775557561563E-17,5.6206339497E-30));
#432 = DIRECTION('',(2.775557561563E-17,-1.,0.));
#433 = DEFINITIONAL_REPRESENTATION('',(#434),#442);
#434 = ( BOUNDED_CURVE() B_SPLINE_CURVE(2,(#435,#436,#437,#438,#439,#440
,#441),.UNSPECIFIED.,.T.,.F.) B_SPLINE_CURVE_WITH_KNOTS((1,2,2,2,2,1),(
    -2.094395102393,0.,2.094395102393,4.188790204786,6.28318530718,
8.377580409573),.UNSPECIFIED.) CURVE() GEOMETRIC_REPRESENTATION_ITEM() 
RATIONAL_B_SPLINE_CURVE((1.,0.5,1.,0.5,1.,0.5,1.)) REPRESENTATION_ITEM(
  '') );
#435 = CARTESIAN_POINT('',(16.130346667008,-0.189679026339));
#436 = CARTESIAN_POINT('',(146.00831772559,-37.38796708442));
#437 = CARTESIAN_POINT('',(48.854669760708,-131.266445384));
#438 = CARTESIAN_POINT('',(-48.29897820417,-225.1449236837));
#439 = CARTESIAN_POINT('',(-81.02330129787,-94.06815732601));
#440 = CARTESIAN_POINT('',(-113.7476243915,37.008609031744));
#441 = CARTESIAN_POINT('',(16.130346667008,-0.189679026339));
#442 = ( GEOMETRIC_REPRESENTATION_CONTEXT(2) 
PARAMETRIC_REPRESENTATION_CONTEXT() REPRESENTATION_CONTEXT('2D SPACE',''
  ) );
#443 = ORIENTED_EDGE('',*,*,#444,.F.);
#444 = EDGE_CURVE('',#42,#412,#445,.T.);
#445 = SURFACE_CURVE('',#446,(#450,#457),.PCURVE_S1.);
#446 = LINE('',#447,#448);
#447 = CARTESIAN_POINT('',(28.,-73.11754753117,-55.33455332071));
#448 = VECTOR('',#449,1.);
#449 = DIRECTION('',(1.,0.,0.));
#450 = PCURVE('',#182,#451);
#451 = DEFINITIONAL_REPRESENTATION('',(#452),#456);
#452 = LINE('',#453,#454);
#453 = CARTESIAN_POINT('',(5.937607557068,0.));
#454 = VECTOR('',#455,1.);
#455 = DIRECTION('',(0.,1.));
#456 = ( GEOMETRIC_REPRESENTATION_CONTEXT(2) 
PARAMETRIC_REPRESENTATION_CONTEXT() REPRESENTATION_CONTEXT('2D SPACE',''
  ) );
#457 = PCURVE('',#63,#458);
#458 = DEFINITIONAL_REPRESENTATION('',(#459),#463);
#459 = LINE('',#460,#461);
#460 = CARTESIAN_POINT('',(1.570796326795,0.));
#461 = VECTOR('',#462,1.);
#462 = DIRECTION('',(0.,1.));
#463 = ( GEOMETRIC_REPRESENTATION_CONTEXT(2) 
PARAMETRIC_REPRESENTATION_CONTEXT() REPRESENTATION_CONTEXT('2D SPACE',''
  ) );
#464 = ORIENTED_EDGE('',*,*,#165,.T.);
#465 = ADVANCED_FACE('',(#466),#63,.F.);
#466 = FACE_BOUND('',#467,.F.);
#467 = EDGE_LOOP('',(#468,#469,#497,#518));
#468 = ORIENTED_EDGE('',*,*,#444,.T.);
#469 = ORIENTED_EDGE('',*,*,#470,.F.);
#470 = EDGE_CURVE('',#471,#412,#473,.T.);
#471 = VERTEX_POINT('',#472);
#472 = CARTESIAN_POINT('',(31.,-73.38389208312,-59.32567604241));
#473 = SURFACE_CURVE('',#474,(#479,#486),.PCURVE_S1.);
#474 = CIRCLE('',#475,2.);
#475 = AXIS2_PLACEMENT_3D('',#476,#477,#478);
#476 = CARTESIAN_POINT('',(31.,-73.25071980715,-57.33011468156));
#477 = DIRECTION('',(1.,2.775557561563E-17,-5.6206339497E-30));
#478 = DIRECTION('',(2.775557561563E-17,-1.,0.));
#479 = PCURVE('',#63,#480);
#480 = DEFINITIONAL_REPRESENTATION('',(#481),#485);
#481 = LINE('',#482,#483);
#482 = CARTESIAN_POINT('',(-3.074957213191,3.));
#483 = VECTOR('',#484,1.);
#484 = DIRECTION('',(1.,0.));
#485 = ( GEOMETRIC_REPRESENTATION_CONTEXT(2) 
PARAMETRIC_REPRESENTATION_CONTEXT() REPRESENTATION_CONTEXT('2D SPACE',''
  ) );
#486 = PCURVE('',#428,#487);
#487 = DEFINITIONAL_REPRESENTATION('',(#488),#496);
#488 = ( BOUNDED_CURVE() B_SPLINE_CURVE(2,(#489,#490,#491,#492,#493,#494
,#495),.UNSPECIFIED.,.T.,.F.) B_SPLINE_CURVE_WITH_KNOTS((1,2,2,2,2,1),(
    -2.094395102393,0.,2.094395102393,4.188790204786,6.28318530718,
8.377580409573),.UNSPECIFIED.) CURVE() GEOMETRIC_REPRESENTATION_ITEM() 
RATIONAL_B_SPLINE_CURVE((1.,0.5,1.,0.5,1.,0.5,1.)) REPRESENTATION_ITEM(
  '') );
#489 = CARTESIAN_POINT('',(-8.40664144401,0.656571135012));
#490 = CARTESIAN_POINT('',(-8.40664144401,-2.807530480126));
#491 = CARTESIAN_POINT('',(-11.40664144401,-1.075479672557));
#492 = CARTESIAN_POINT('',(-14.40664144401,0.656571135012));
#493 = CARTESIAN_POINT('',(-11.40664144401,2.388621942581));
#494 = CARTESIAN_POINT('',(-8.40664144401,4.12067275015));
#495 = CARTESIAN_POINT('',(-8.40664144401,0.656571135012));
#496 = ( GEOMETRIC_REPRESENTATION_CONTEXT(2) 
PARAMETRIC_REPRESENTATION_CONTEXT() REPRESENTATION_CONTEXT('2D SPACE',''
  ) );
#497 = ORIENTED_EDGE('',*,*,#498,.F.);
#498 = EDGE_CURVE('',#40,#471,#499,.T.);
#499 = SURFACE_CURVE('',#500,(#504,#511),.PCURVE_S1.);
#500 = LINE('',#501,#502);
#501 = CARTESIAN_POINT('',(28.,-73.38389208312,-59.32567604241));
#502 = VECTOR('',#503,1.);
#503 = DIRECTION('',(1.,0.,0.));
#504 = PCURVE('',#63,#505);
#505 = DEFINITIONAL_REPRESENTATION('',(#506),#510);
#506 = LINE('',#507,#508);
#507 = CARTESIAN_POINT('',(-1.570796326795,0.));
#508 = VECTOR('',#509,1.);
#509 = DIRECTION('',(0.,1.));
#510 = ( GEOMETRIC_REPRESENTATION_CONTEXT(2) 
PARAMETRIC_REPRESENTATION_CONTEXT() REPRESENTATION_CONTEXT('2D SPACE',''
  ) );
#511 = PCURVE('',#373,#512);
#512 = DEFINITIONAL_REPRESENTATION('',(#513),#517);
#513 = LINE('',#514,#515);
#514 = CARTESIAN_POINT('',(5.937607557068,0.));
#515 = VECTOR('',#516,1.);
#516 = DIRECTION('',(0.,1.));
#517 = ( GEOMETRIC_REPRESENTATION_CONTEXT(2) 
PARAMETRIC_REPRESENTATION_CONTEXT() REPRESENTATION_CONTEXT('2D SPACE',''
  ) );
#518 = ORIENTED_EDGE('',*,*,#39,.T.);
#519 = ADVANCED_FACE('',(#520,#1452,#1582,#1613,#1644,#1675),#120,.F.);
#520 = FACE_BOUND('',#521,.T.);
#521 = EDGE_LOOP('',(#522,#553,#581,#614,#647,#680,#709,#737,#766,#794,
    #823,#851,#880,#908,#937,#965,#994,#1022,#1051,#1079,#1108,#1136,
    #1165,#1193,#1222,#1250,#1279,#1307,#1336,#1364,#1393,#1421));
#522 = ORIENTED_EDGE('',*,*,#523,.T.);
#523 = EDGE_CURVE('',#524,#526,#528,.T.);
#524 = VERTEX_POINT('',#525);
#525 = CARTESIAN_POINT('',(28.,-28.19154068154,-81.46992770307));
#526 = VERTEX_POINT('',#527);
#527 = CARTESIAN_POINT('',(28.,-98.13567394714,-63.94444803914));
#528 = SURFACE_CURVE('',#529,(#534,#541),.PCURVE_S1.);
#529 = CIRCLE('',#530,72.000000001594);
#530 = AXIS2_PLACEMENT_3D('',#531,#532,#533);
#531 = CARTESIAN_POINT('',(28.,-78.31126629444,-133.1614463953));
#532 = DIRECTION('',(1.,2.775557561563E-17,-5.645285852988E-30));
#533 = DIRECTION('',(7.642192300389E-18,-0.27533899517,0.961347199371));
#534 = PCURVE('',#120,#535);
#535 = DEFINITIONAL_REPRESENTATION('',(#536),#540);
#536 = CIRCLE('',#537,72.000000001594);
#537 = AXIS2_PLACEMENT_2D('',#538,#539);
#538 = CARTESIAN_POINT('',(65.28163486585,-11.92890367352));
#539 = DIRECTION('',(-0.961347199371,-0.27533899517));
#540 = ( GEOMETRIC_REPRESENTATION_CONTEXT(2) 
PARAMETRIC_REPRESENTATION_CONTEXT() REPRESENTATION_CONTEXT('2D SPACE',''
  ) );
#541 = PCURVE('',#542,#547);
#542 = CYLINDRICAL_SURFACE('',#543,72.000000001594);
#543 = AXIS2_PLACEMENT_3D('',#544,#545,#546);
#544 = CARTESIAN_POINT('',(128.,-78.31126629444,-133.1614463953));
#545 = DIRECTION('',(-1.,0.,-8.074349270001E-17));
#546 = DIRECTION('',(-7.762253057459E-17,-0.27533899517,0.961347199371)
  );
#547 = DEFINITIONAL_REPRESENTATION('',(#548),#552);
#548 = LINE('',#549,#550);
#549 = CARTESIAN_POINT('',(6.28318530718,100.));
#550 = VECTOR('',#551,1.);
#551 = DIRECTION('',(-1.,-1.354829700732E-14));
#552 = ( GEOMETRIC_REPRESENTATION_CONTEXT(2) 
PARAMETRIC_REPRESENTATION_CONTEXT() REPRESENTATION_CONTEXT('2D SPACE',''
  ) );
#553 = ORIENTED_EDGE('',*,*,#554,.T.);
#554 = EDGE_CURVE('',#526,#555,#557,.T.);
#555 = VERTEX_POINT('',#556);
#556 = CARTESIAN_POINT('',(28.,-107.0471753545,-66.49678692833));
#557 = SURFACE_CURVE('',#558,(#562,#569),.PCURVE_S1.);
#558 = LINE('',#559,#560);
#559 = CARTESIAN_POINT('',(28.,-83.98349057231,-59.89112791459));
#560 = VECTOR('',#561,1.);
#561 = DIRECTION('',(2.668274488502E-17,-0.961347199371,-0.27533899517)
  );
#562 = PCURVE('',#120,#563);
#563 = DEFINITIONAL_REPRESENTATION('',(#564),#568);
#564 = LINE('',#565,#566);
#565 = CARTESIAN_POINT('',(-7.98868361495,-17.60112795139));
#566 = VECTOR('',#567,1.);
#567 = DIRECTION('',(0.27533899517,-0.961347199371));
#568 = ( GEOMETRIC_REPRESENTATION_CONTEXT(2) 
PARAMETRIC_REPRESENTATION_CONTEXT() REPRESENTATION_CONTEXT('2D SPACE',''
  ) );
#569 = PCURVE('',#570,#575);
#570 = PLANE('',#571);
#571 = AXIS2_PLACEMENT_3D('',#572,#573,#574);
#572 = CARTESIAN_POINT('',(128.,-98.13567394714,-63.94444803914));
#573 = DIRECTION('',(7.762253057459E-17,0.27533899517,-0.961347199371));
#574 = DIRECTION('',(-8.567546082023E-15,-0.961347199371,-0.27533899517)
  );
#575 = DEFINITIONAL_REPRESENTATION('',(#576),#580);
#576 = LINE('',#577,#578);
#577 = CARTESIAN_POINT('',(-14.72119894257,100.));
#578 = VECTOR('',#579,1.);
#579 = DIRECTION('',(1.,-8.594228826908E-15));
#580 = ( GEOMETRIC_REPRESENTATION_CONTEXT(2) 
PARAMETRIC_REPRESENTATION_CONTEXT() REPRESENTATION_CONTEXT('2D SPACE',''
  ) );
#581 = ORIENTED_EDGE('',*,*,#582,.T.);
#582 = EDGE_CURVE('',#555,#583,#585,.T.);
#583 = VERTEX_POINT('',#584);
#584 = CARTESIAN_POINT('',(28.,-111.0235446924,-61.78246307735));
#585 = SURFACE_CURVE('',#586,(#591,#602),.PCURVE_S1.);
#586 = CIRCLE('',#587,3.379837378808);
#587 = AXIS2_PLACEMENT_3D('',#588,#589,#590);
#588 = CARTESIAN_POINT('',(28.,-107.9777763822,-63.24758972988));
#589 = DIRECTION('',(-1.,-2.775557561563E-17,5.643745109032E-30));
#590 = DIRECTION('',(-7.642192300389E-18,0.27533899517,-0.961347199371)
  );
#591 = PCURVE('',#120,#592);
#592 = DEFINITIONAL_REPRESENTATION('',(#593),#601);
#593 = ( BOUNDED_CURVE() B_SPLINE_CURVE(2,(#594,#595,#596,#597,#598,#599
,#600),.UNSPECIFIED.,.T.,.F.) B_SPLINE_CURVE_WITH_KNOTS((1,2,2,2,2,1),(
    -2.094395102393,0.,2.094395102393,4.188790204786,6.28318530718,
8.377580409573),.UNSPECIFIED.) CURVE() GEOMETRIC_REPRESENTATION_ITEM() 
RATIONAL_B_SPLINE_CURVE((1.,0.5,1.,0.5,1.,0.5,1.)) REPRESENTATION_ITEM(
  '') );
#594 = CARTESIAN_POINT('',(-1.38302460121,-40.6648127336));
#595 = CARTESIAN_POINT('',(0.228823660377,-46.29258736512));
#596 = CARTESIAN_POINT('',(-5.450896268086,-44.87460159094));
#597 = CARTESIAN_POINT('',(-11.13061619654,-43.45661581676));
#598 = CARTESIAN_POINT('',(-7.062744529673,-39.24682695942));
#599 = CARTESIAN_POINT('',(-2.994872862797,-35.03703810208));
#600 = CARTESIAN_POINT('',(-1.38302460121,-40.6648127336));
#601 = ( GEOMETRIC_REPRESENTATION_CONTEXT(2) 
PARAMETRIC_REPRESENTATION_CONTEXT() REPRESENTATION_CONTEXT('2D SPACE',''
  ) );
#602 = PCURVE('',#603,#608);
#603 = CYLINDRICAL_SURFACE('',#604,3.379837378808);
#604 = AXIS2_PLACEMENT_3D('',#605,#606,#607);
#605 = CARTESIAN_POINT('',(128.,-107.9777763822,-63.24758972988));
#606 = DIRECTION('',(-1.,0.,-8.074349270001E-17));
#607 = DIRECTION('',(7.762253057459E-17,0.27533899517,-0.961347199371));
#608 = DEFINITIONAL_REPRESENTATION('',(#609),#613);
#609 = LINE('',#610,#611);
#610 = CARTESIAN_POINT('',(0.,100.));
#611 = VECTOR('',#612,1.);
#612 = DIRECTION('',(1.,0.));
#613 = ( GEOMETRIC_REPRESENTATION_CONTEXT(2) 
PARAMETRIC_REPRESENTATION_CONTEXT() REPRESENTATION_CONTEXT('2D SPACE',''
  ) );
#614 = ORIENTED_EDGE('',*,*,#615,.T.);
#615 = EDGE_CURVE('',#583,#616,#618,.T.);
#616 = VERTEX_POINT('',#617);
#617 = CARTESIAN_POINT('',(28.,-107.8305408312,-58.80680678845));
#618 = SURFACE_CURVE('',#619,(#624,#635),.PCURVE_S1.);
#619 = CIRCLE('',#620,6.00000000006);
#620 = AXIS2_PLACEMENT_3D('',#621,#622,#623);
#621 = CARTESIAN_POINT('',(28.,-105.616595241,-64.38340475886));
#622 = DIRECTION('',(-1.,-2.775557561563E-17,5.645285852988E-30));
#623 = DIRECTION('',(2.50121657245E-17,-0.901158241892,0.433490280248));
#624 = PCURVE('',#120,#625);
#625 = DEFINITIONAL_REPRESENTATION('',(#626),#634);
#626 = ( BOUNDED_CURVE() B_SPLINE_CURVE(2,(#627,#628,#629,#630,#631,#632
,#633),.UNSPECIFIED.,.T.,.F.) B_SPLINE_CURVE_WITH_KNOTS((1,2,2,2,2,1),(
    -2.094395102393,0.,2.094395102393,4.188790204786,6.28318530718,
8.377580409573),.UNSPECIFIED.) CURVE() GEOMETRIC_REPRESENTATION_ITEM() 
RATIONAL_B_SPLINE_CURVE((1.,0.5,1.,0.5,1.,0.5,1.)) REPRESENTATION_ITEM(
  '') );
#627 = CARTESIAN_POINT('',(-6.097348452189,-44.64118207149));
#628 = CARTESIAN_POINT('',(-15.46245961598,-40.13621893158));
#629 = CARTESIAN_POINT('',(-6.878491511815,-34.27827632442));
#630 = CARTESIAN_POINT('',(1.705476592355,-28.42033371727));
#631 = CARTESIAN_POINT('',(2.48661965198,-38.78323946433));
#632 = CARTESIAN_POINT('',(3.267762711606,-49.1461452114));
#633 = CARTESIAN_POINT('',(-6.097348452189,-44.64118207149));
#634 = ( GEOMETRIC_REPRESENTATION_CONTEXT(2) 
PARAMETRIC_REPRESENTATION_CONTEXT() REPRESENTATION_CONTEXT('2D SPACE',''
  ) );
#635 = PCURVE('',#636,#641);
#636 = CYLINDRICAL_SURFACE('',#637,6.);
#637 = AXIS2_PLACEMENT_3D('',#638,#639,#640);
#638 = CARTESIAN_POINT('',(143.,-105.616595241,-64.38340475886));
#639 = DIRECTION('',(1.,0.,0.));
#640 = DIRECTION('',(0.,-1.,0.));
#641 = DEFINITIONAL_REPRESENTATION('',(#642),#646);
#642 = LINE('',#643,#644);
#643 = CARTESIAN_POINT('',(-0.448362290012,-115.));
#644 = VECTOR('',#645,1.);
#645 = DIRECTION('',(-1.,0.));
#646 = ( GEOMETRIC_REPRESENTATION_CONTEXT(2) 
PARAMETRIC_REPRESENTATION_CONTEXT() REPRESENTATION_CONTEXT('2D SPACE',''
  ) );
#647 = ORIENTED_EDGE('',*,*,#648,.T.);
#648 = EDGE_CURVE('',#616,#649,#651,.T.);
#649 = VERTEX_POINT('',#650);
#650 = CARTESIAN_POINT('',(28.,-105.4671114951,-57.91146253032));
#651 = SURFACE_CURVE('',#652,(#657,#668),.PCURVE_S1.);
#652 = CIRCLE('',#653,80.000000001592);
#653 = AXIS2_PLACEMENT_3D('',#654,#655,#656);
#654 = CARTESIAN_POINT('',(28.,-78.31126629444,-133.1614463953));
#655 = DIRECTION('',(-1.,-2.775557561563E-17,5.645285852988E-30));
#656 = DIRECTION('',(1.024155570636E-17,-0.368990931702,0.929432995068)
  );
#657 = PCURVE('',#120,#658);
#658 = DEFINITIONAL_REPRESENTATION('',(#659),#667);
#659 = ( BOUNDED_CURVE() B_SPLINE_CURVE(2,(#660,#661,#662,#663,#664,#665
,#666),.UNSPECIFIED.,.T.,.F.) B_SPLINE_CURVE_WITH_KNOTS((1,2,2,2,2,1),(
    -2.094395102393,0.,2.094395102393,4.188790204786,6.28318530718,
8.377580409573),.UNSPECIFIED.) CURVE() GEOMETRIC_REPRESENTATION_ITEM() 
RATIONAL_B_SPLINE_CURVE((1.,0.5,1.,0.5,1.,0.5,1.)) REPRESENTATION_ITEM(
  '') );
#660 = CARTESIAN_POINT('',(-9.073004741083,-41.4481782103));
#661 = CARTESIAN_POINT('',(-60.20188804136,87.337835367381));
#662 = CARTESIAN_POINT('',(76.894513019177,67.223740383711));
#663 = CARTESIAN_POINT('',(213.99091407971,47.109645400041));
#664 = CARTESIAN_POINT('',(128.02339631945,-61.56227319397));
#665 = CARTESIAN_POINT('',(42.055878559195,-170.2341917879));
#666 = CARTESIAN_POINT('',(-9.073004741083,-41.4481782103));
#667 = ( GEOMETRIC_REPRESENTATION_CONTEXT(2) 
PARAMETRIC_REPRESENTATION_CONTEXT() REPRESENTATION_CONTEXT('2D SPACE',''
  ) );
#668 = PCURVE('',#669,#674);
#669 = CYLINDRICAL_SURFACE('',#670,80.000000001594);
#670 = AXIS2_PLACEMENT_3D('',#671,#672,#673);
#671 = CARTESIAN_POINT('',(143.,-78.31126629444,-133.1614463953));
#672 = DIRECTION('',(1.,0.,0.));
#673 = DIRECTION('',(0.,-0.368990931702,0.929432995068));
#674 = DEFINITIONAL_REPRESENTATION('',(#675),#679);
#675 = LINE('',#676,#677);
#676 = CARTESIAN_POINT('',(6.28318530718,-115.));
#677 = VECTOR('',#678,1.);
#678 = DIRECTION('',(-1.,0.));
#679 = ( GEOMETRIC_REPRESENTATION_CONTEXT(2) 
PARAMETRIC_REPRESENTATION_CONTEXT() REPRESENTATION_CONTEXT('2D SPACE',''
  ) );
#680 = ORIENTED_EDGE('',*,*,#681,.T.);
#681 = EDGE_CURVE('',#649,#682,#684,.T.);
#682 = VERTEX_POINT('',#683);
#683 = CARTESIAN_POINT('',(28.,-102.6267648464,-56.9462475803));
#684 = SURFACE_CURVE('',#685,(#690,#697),.PCURVE_S1.);
#685 = CIRCLE('',#686,1.5);
#686 = AXIS2_PLACEMENT_3D('',#687,#688,#689);
#687 = CARTESIAN_POINT('',(28.,-104.0514628146,-57.41554034526));
#688 = DIRECTION('',(1.,2.775557561563E-17,-5.645285852988E-30));
#689 = DIRECTION('',(2.775557561563E-17,-1.,-2.241082117105E-33));
#690 = PCURVE('',#120,#691);
#691 = DEFINITIONAL_REPRESENTATION('',(#692),#696);
#692 = CIRCLE('',#693,1.5);
#693 = AXIS2_PLACEMENT_2D('',#694,#695);
#694 = CARTESIAN_POINT('',(-10.46427118427,-37.66910019377));
#695 = DIRECTION('',(2.241082117105E-33,-1.));
#696 = ( GEOMETRIC_REPRESENTATION_CONTEXT(2) 
PARAMETRIC_REPRESENTATION_CONTEXT() REPRESENTATION_CONTEXT('2D SPACE',''
  ) );
#697 = PCURVE('',#698,#703);
#698 = CYLINDRICAL_SURFACE('',#699,1.5);
#699 = AXIS2_PLACEMENT_3D('',#700,#701,#702);
#700 = CARTESIAN_POINT('',(128.,-104.0514628146,-57.41554034526));
#701 = DIRECTION('',(-1.,0.,-8.074349270001E-17));
#702 = DIRECTION('',(7.644986265115E-17,0.321752456497,-0.946823825608)
  );
#703 = DEFINITIONAL_REPRESENTATION('',(#704),#708);
#704 = LINE('',#705,#706);
#705 = CARTESIAN_POINT('',(8.181561419786,100.));
#706 = VECTOR('',#707,1.);
#707 = DIRECTION('',(-1.,0.));
#708 = ( GEOMETRIC_REPRESENTATION_CONTEXT(2) 
PARAMETRIC_REPRESENTATION_CONTEXT() REPRESENTATION_CONTEXT('2D SPACE',''
  ) );
#709 = ORIENTED_EDGE('',*,*,#710,.T.);
#710 = EDGE_CURVE('',#682,#711,#713,.T.);
#711 = VERTEX_POINT('',#712);
#712 = CARTESIAN_POINT('',(28.,-98.80530707003,-55.83102357912));
#713 = SURFACE_CURVE('',#714,(#719,#730),.PCURVE_S1.);
#714 = CIRCLE('',#715,80.000000001592);
#715 = AXIS2_PLACEMENT_3D('',#716,#717,#718);
#716 = CARTESIAN_POINT('',(28.,-78.31126629444,-133.1614463953));
#717 = DIRECTION('',(-1.,-2.775557561563E-17,5.645285852988E-30));
#718 = DIRECTION('',(1.024155570636E-17,-0.368990931702,0.929432995068)
  );
#719 = PCURVE('',#120,#720);
#720 = DEFINITIONAL_REPRESENTATION('',(#721),#729);
#721 = ( BOUNDED_CURVE() B_SPLINE_CURVE(2,(#722,#723,#724,#725,#726,#727
,#728),.UNSPECIFIED.,.T.,.F.) B_SPLINE_CURVE_WITH_KNOTS((1,2,2,2,2,1),(
    -2.094395102393,0.,2.094395102393,4.188790204786,6.28318530718,
8.377580409573),.UNSPECIFIED.) CURVE() GEOMETRIC_REPRESENTATION_ITEM() 
RATIONAL_B_SPLINE_CURVE((1.,0.5,1.,0.5,1.,0.5,1.)) REPRESENTATION_ITEM(
  '') );
#722 = CARTESIAN_POINT('',(-9.073004741083,-41.4481782103));
#723 = CARTESIAN_POINT('',(-60.20188804136,87.337835367381));
#724 = CARTESIAN_POINT('',(76.894513019177,67.223740383711));
#725 = CARTESIAN_POINT('',(213.99091407971,47.109645400041));
#726 = CARTESIAN_POINT('',(128.02339631945,-61.56227319397));
#727 = CARTESIAN_POINT('',(42.055878559195,-170.2341917879));
#728 = CARTESIAN_POINT('',(-9.073004741083,-41.4481782103));
#729 = ( GEOMETRIC_REPRESENTATION_CONTEXT(2) 
PARAMETRIC_REPRESENTATION_CONTEXT() REPRESENTATION_CONTEXT('2D SPACE',''
  ) );
#730 = PCURVE('',#669,#731);
#731 = DEFINITIONAL_REPRESENTATION('',(#732),#736);
#732 = LINE('',#733,#734);
#733 = CARTESIAN_POINT('',(6.28318530718,-115.));
#734 = VECTOR('',#735,1.);
#735 = DIRECTION('',(-1.,0.));
#736 = ( GEOMETRIC_REPRESENTATION_CONTEXT(2) 
PARAMETRIC_REPRESENTATION_CONTEXT() REPRESENTATION_CONTEXT('2D SPACE',''
  ) );
#737 = ORIENTED_EDGE('',*,*,#738,.T.);
#738 = EDGE_CURVE('',#711,#739,#741,.T.);
#739 = VERTEX_POINT('',#740);
#740 = CARTESIAN_POINT('',(28.,-95.891644772,-55.11703408521));
#741 = SURFACE_CURVE('',#742,(#747,#754),.PCURVE_S1.);
#742 = CIRCLE('',#743,1.5);
#743 = AXIS2_PLACEMENT_3D('',#744,#745,#746);
#744 = CARTESIAN_POINT('',(28.,-97.35182289386,-55.4603704399));
#745 = DIRECTION('',(1.,2.775557561563E-17,-5.645285852988E-30));
#746 = DIRECTION('',(2.775557561563E-17,-1.,-2.241082117105E-33));
#747 = PCURVE('',#120,#748);
#748 = DEFINITIONAL_REPRESENTATION('',(#749),#753);
#749 = CIRCLE('',#750,1.5);
#750 = AXIS2_PLACEMENT_2D('',#751,#752);
#751 = CARTESIAN_POINT('',(-12.41944108963,-30.96946027294));
#752 = DIRECTION('',(2.241082117105E-33,-1.));
#753 = ( GEOMETRIC_REPRESENTATION_CONTEXT(2) 
PARAMETRIC_REPRESENTATION_CONTEXT() REPRESENTATION_CONTEXT('2D SPACE',''
  ) );
#754 = PCURVE('',#755,#760);
#755 = CYLINDRICAL_SURFACE('',#756,1.5);
#756 = AXIS2_PLACEMENT_3D('',#757,#758,#759);
#757 = CARTESIAN_POINT('',(128.,-97.35182289386,-55.4603704399));
#758 = DIRECTION('',(-1.,0.,-8.074349270001E-17));
#759 = DIRECTION('',(7.842320323837E-17,0.238006957488,-0.971263449424)
  );
#760 = DEFINITIONAL_REPRESENTATION('',(#761),#765);
#761 = LINE('',#762,#763);
#762 = CARTESIAN_POINT('',(1.811109650006,100.));
#763 = VECTOR('',#764,1.);
#764 = DIRECTION('',(-1.,0.));
#765 = ( GEOMETRIC_REPRESENTATION_CONTEXT(2) 
PARAMETRIC_REPRESENTATION_CONTEXT() REPRESENTATION_CONTEXT('2D SPACE',''
  ) );
#766 = ORIENTED_EDGE('',*,*,#767,.T.);
#767 = EDGE_CURVE('',#739,#768,#770,.T.);
#768 = VERTEX_POINT('',#769);
#769 = CARTESIAN_POINT('',(28.,-91.98753062002,-54.33911583893));
#770 = SURFACE_CURVE('',#771,(#776,#787),.PCURVE_S1.);
#771 = CIRCLE('',#772,80.000000001592);
#772 = AXIS2_PLACEMENT_3D('',#773,#774,#775);
#773 = CARTESIAN_POINT('',(28.,-78.31126629444,-133.1614463953));
#774 = DIRECTION('',(-1.,-2.775557561563E-17,5.645285852988E-30));
#775 = DIRECTION('',(1.024155570636E-17,-0.368990931702,0.929432995068)
  );
#776 = PCURVE('',#120,#777);
#777 = DEFINITIONAL_REPRESENTATION('',(#778),#786);
#778 = ( BOUNDED_CURVE() B_SPLINE_CURVE(2,(#779,#780,#781,#782,#783,#784
,#785),.UNSPECIFIED.,.T.,.F.) B_SPLINE_CURVE_WITH_KNOTS((1,2,2,2,2,1),(
    -2.094395102393,0.,2.094395102393,4.188790204786,6.28318530718,
8.377580409573),.UNSPECIFIED.) CURVE() GEOMETRIC_REPRESENTATION_ITEM() 
RATIONAL_B_SPLINE_CURVE((1.,0.5,1.,0.5,1.,0.5,1.)) REPRESENTATION_ITEM(
  '') );
#779 = CARTESIAN_POINT('',(-9.073004741083,-41.4481782103));
#780 = CARTESIAN_POINT('',(-60.20188804136,87.337835367381));
#781 = CARTESIAN_POINT('',(76.894513019177,67.223740383711));
#782 = CARTESIAN_POINT('',(213.99091407971,47.109645400041));
#783 = CARTESIAN_POINT('',(128.02339631945,-61.56227319397));
#784 = CARTESIAN_POINT('',(42.055878559195,-170.2341917879));
#785 = CARTESIAN_POINT('',(-9.073004741083,-41.4481782103));
#786 = ( GEOMETRIC_REPRESENTATION_CONTEXT(2) 
PARAMETRIC_REPRESENTATION_CONTEXT() REPRESENTATION_CONTEXT('2D SPACE',''
  ) );
#787 = PCURVE('',#669,#788);
#788 = DEFINITIONAL_REPRESENTATION('',(#789),#793);
#789 = LINE('',#790,#791);
#790 = CARTESIAN_POINT('',(6.28318530718,-115.));
#791 = VECTOR('',#792,1.);
#792 = DIRECTION('',(-1.,0.));
#793 = ( GEOMETRIC_REPRESENTATION_CONTEXT(2) 
PARAMETRIC_REPRESENTATION_CONTEXT() REPRESENTATION_CONTEXT('2D SPACE',''
  ) );
#794 = ORIENTED_EDGE('',*,*,#795,.T.);
#795 = EDGE_CURVE('',#768,#796,#798,.T.);
#796 = VERTEX_POINT('',#797);
#797 = CARTESIAN_POINT('',(28.,-89.02272740203,-53.88178569231));
#798 = SURFACE_CURVE('',#799,(#804,#811),.PCURVE_S1.);
#799 = CIRCLE('',#800,1.5);
#800 = AXIS2_PLACEMENT_3D('',#801,#802,#803);
#801 = CARTESIAN_POINT('',(28.,-90.5072728403,-54.09655263976));
#802 = DIRECTION('',(1.,2.775557561563E-17,-5.645285852988E-30));
#803 = DIRECTION('',(2.775557561563E-17,-1.,-2.241082117105E-33));
#804 = PCURVE('',#120,#805);
#805 = DEFINITIONAL_REPRESENTATION('',(#806),#810);
#806 = CIRCLE('',#807,1.5);
#807 = AXIS2_PLACEMENT_2D('',#808,#809);
#808 = CARTESIAN_POINT('',(-13.78325888977,-24.12491021938));
#809 = DIRECTION('',(2.241082117105E-33,-1.));
#810 = ( GEOMETRIC_REPRESENTATION_CONTEXT(2) 
PARAMETRIC_REPRESENTATION_CONTEXT() REPRESENTATION_CONTEXT('2D SPACE',''
  ) );
#811 = PCURVE('',#812,#817);
#812 = CYLINDRICAL_SURFACE('',#813,1.5);
#813 = AXIS2_PLACEMENT_3D('',#814,#815,#816);
#814 = CARTESIAN_POINT('',(128.,-90.5072728403,-54.09655263976));
#815 = DIRECTION('',(-1.,0.,-8.074349270001E-17));
#816 = DIRECTION('',(7.979969589572E-17,0.15245008182,-0.988311171926));
#817 = DEFINITIONAL_REPRESENTATION('',(#818),#822);
#818 = LINE('',#819,#820);
#819 = CARTESIAN_POINT('',(1.723843187407,100.));
#820 = VECTOR('',#821,1.);
#821 = DIRECTION('',(-1.,0.));
#822 = ( GEOMETRIC_REPRESENTATION_CONTEXT(2) 
PARAMETRIC_REPRESENTATION_CONTEXT() REPRESENTATION_CONTEXT('2D SPACE',''
  ) );
#823 = ORIENTED_EDGE('',*,*,#824,.T.);
#824 = EDGE_CURVE('',#796,#825,#827,.T.);
#825 = VERTEX_POINT('',#826);
#826 = CARTESIAN_POINT('',(28.,-85.06566954053,-53.4470936285));
#827 = SURFACE_CURVE('',#828,(#833,#844),.PCURVE_S1.);
#828 = CIRCLE('',#829,80.000000001592);
#829 = AXIS2_PLACEMENT_3D('',#830,#831,#832);
#830 = CARTESIAN_POINT('',(28.,-78.31126629444,-133.1614463953));
#831 = DIRECTION('',(-1.,-2.775557561563E-17,5.645285852988E-30));
#832 = DIRECTION('',(1.024155570636E-17,-0.368990931702,0.929432995068)
  );
#833 = PCURVE('',#120,#834);
#834 = DEFINITIONAL_REPRESENTATION('',(#835),#843);
#835 = ( BOUNDED_CURVE() B_SPLINE_CURVE(2,(#836,#837,#838,#839,#840,#841
,#842),.UNSPECIFIED.,.T.,.F.) B_SPLINE_CURVE_WITH_KNOTS((1,2,2,2,2,1),(
    -2.094395102393,0.,2.094395102393,4.188790204786,6.28318530718,
8.377580409573),.UNSPECIFIED.) CURVE() GEOMETRIC_REPRESENTATION_ITEM() 
RATIONAL_B_SPLINE_CURVE((1.,0.5,1.,0.5,1.,0.5,1.)) REPRESENTATION_ITEM(
  '') );
#836 = CARTESIAN_POINT('',(-9.073004741083,-41.4481782103));
#837 = CARTESIAN_POINT('',(-60.20188804136,87.337835367381));
#838 = CARTESIAN_POINT('',(76.894513019177,67.223740383711));
#839 = CARTESIAN_POINT('',(213.99091407971,47.109645400041));
#840 = CARTESIAN_POINT('',(128.02339631945,-61.56227319397));
#841 = CARTESIAN_POINT('',(42.055878559195,-170.2341917879));
#842 = CARTESIAN_POINT('',(-9.073004741083,-41.4481782103));
#843 = ( GEOMETRIC_REPRESENTATION_CONTEXT(2) 
PARAMETRIC_REPRESENTATION_CONTEXT() REPRESENTATION_CONTEXT('2D SPACE',''
  ) );
#844 = PCURVE('',#669,#845);
#845 = DEFINITIONAL_REPRESENTATION('',(#846),#850);
#846 = LINE('',#847,#848);
#847 = CARTESIAN_POINT('',(6.28318530718,-115.));
#848 = VECTOR('',#849,1.);
#849 = DIRECTION('',(-1.,0.));
#850 = ( GEOMETRIC_REPRESENTATION_CONTEXT(2) 
PARAMETRIC_REPRESENTATION_CONTEXT() REPRESENTATION_CONTEXT('2D SPACE',''
  ) );
#851 = ORIENTED_EDGE('',*,*,#852,.T.);
#852 = EDGE_CURVE('',#825,#853,#855,.T.);
#853 = VERTEX_POINT('',#854);
#854 = CARTESIAN_POINT('',(28.,-82.07228934528,-53.24990338772));
#855 = SURFACE_CURVE('',#856,(#861,#868),.PCURVE_S1.);
#856 = CIRCLE('',#857,1.5);
#857 = AXIS2_PLACEMENT_3D('',#858,#859,#860);
#858 = CARTESIAN_POINT('',(28.,-83.56990381278,-53.33446642178));
#859 = DIRECTION('',(1.,2.775557561563E-17,-5.645285852988E-30));
#860 = DIRECTION('',(2.775557561563E-17,-1.,-2.241082117105E-33));
#861 = PCURVE('',#120,#862);
#862 = DEFINITIONAL_REPRESENTATION('',(#863),#867);
#863 = CIRCLE('',#864,1.5);
#864 = AXIS2_PLACEMENT_2D('',#865,#866);
#865 = CARTESIAN_POINT('',(-14.54534510775,-17.18754119186));
#866 = DIRECTION('',(2.241082117105E-33,-1.));
#867 = ( GEOMETRIC_REPRESENTATION_CONTEXT(2) 
PARAMETRIC_REPRESENTATION_CONTEXT() REPRESENTATION_CONTEXT('2D SPACE',''
  ) );
#868 = PCURVE('',#869,#874);
#869 = CYLINDRICAL_SURFACE('',#870,1.5);
#870 = AXIS2_PLACEMENT_3D('',#871,#872,#873);
#871 = CARTESIAN_POINT('',(128.,-83.56990381278,-53.33446642178));
#872 = DIRECTION('',(-1.,0.,-8.074349270001E-17));
#873 = DIRECTION('',(8.056886468292E-17,6.573296897803E-02,
    -0.99783724965));
#874 = DEFINITIONAL_REPRESENTATION('',(#875),#879);
#875 = LINE('',#876,#877);
#876 = CARTESIAN_POINT('',(7.919762031986,100.));
#877 = VECTOR('',#878,1.);
#878 = DIRECTION('',(-1.,0.));
#879 = ( GEOMETRIC_REPRESENTATION_CONTEXT(2) 
PARAMETRIC_REPRESENTATION_CONTEXT() REPRESENTATION_CONTEXT('2D SPACE',''
  ) );
#880 = ORIENTED_EDGE('',*,*,#881,.T.);
#881 = EDGE_CURVE('',#853,#882,#884,.T.);
#882 = VERTEX_POINT('',#883);
#883 = CARTESIAN_POINT('',(28.,-78.09240337392,-53.16174577547));
#884 = SURFACE_CURVE('',#885,(#890,#901),.PCURVE_S1.);
#885 = CIRCLE('',#886,80.000000001592);
#886 = AXIS2_PLACEMENT_3D('',#887,#888,#889);
#887 = CARTESIAN_POINT('',(28.,-78.31126629444,-133.1614463953));
#888 = DIRECTION('',(-1.,-2.775557561563E-17,5.645285852988E-30));
#889 = DIRECTION('',(1.024155570636E-17,-0.368990931702,0.929432995068)
  );
#890 = PCURVE('',#120,#891);
#891 = DEFINITIONAL_REPRESENTATION('',(#892),#900);
#892 = ( BOUNDED_CURVE() B_SPLINE_CURVE(2,(#893,#894,#895,#896,#897,#898
,#899),.UNSPECIFIED.,.T.,.F.) B_SPLINE_CURVE_WITH_KNOTS((1,2,2,2,2,1),(
    -2.094395102393,0.,2.094395102393,4.188790204786,6.28318530718,
8.377580409573),.UNSPECIFIED.) CURVE() GEOMETRIC_REPRESENTATION_ITEM() 
RATIONAL_B_SPLINE_CURVE((1.,0.5,1.,0.5,1.,0.5,1.)) REPRESENTATION_ITEM(
  '') );
#893 = CARTESIAN_POINT('',(-9.073004741083,-41.4481782103));
#894 = CARTESIAN_POINT('',(-60.20188804136,87.337835367381));
#895 = CARTESIAN_POINT('',(76.894513019177,67.223740383711));
#896 = CARTESIAN_POINT('',(213.99091407971,47.109645400041));
#897 = CARTESIAN_POINT('',(128.02339631945,-61.56227319397));
#898 = CARTESIAN_POINT('',(42.055878559195,-170.2341917879));
#899 = CARTESIAN_POINT('',(-9.073004741083,-41.4481782103));
#900 = ( GEOMETRIC_REPRESENTATION_CONTEXT(2) 
PARAMETRIC_REPRESENTATION_CONTEXT() REPRESENTATION_CONTEXT('2D SPACE',''
  ) );
#901 = PCURVE('',#669,#902);
#902 = DEFINITIONAL_REPRESENTATION('',(#903),#907);
#903 = LINE('',#904,#905);
#904 = CARTESIAN_POINT('',(6.28318530718,-115.));
#905 = VECTOR('',#906,1.);
#906 = DIRECTION('',(-1.,0.));
#907 = ( GEOMETRIC_REPRESENTATION_CONTEXT(2) 
PARAMETRIC_REPRESENTATION_CONTEXT() REPRESENTATION_CONTEXT('2D SPACE',''
  ) );
#908 = ORIENTED_EDGE('',*,*,#909,.T.);
#909 = EDGE_CURVE('',#882,#910,#912,.T.);
#910 = VERTEX_POINT('',#911);
#911 = CARTESIAN_POINT('',(28.,-75.09322763215,-53.22619617733));
#912 = SURFACE_CURVE('',#913,(#918,#925),.PCURVE_S1.);
#913 = CIRCLE('',#914,1.5);
#914 = AXIS2_PLACEMENT_3D('',#915,#916,#917);
#915 = CARTESIAN_POINT('',(28.,-76.5925133785,-53.17991172226));
#916 = DIRECTION('',(1.,2.775557561563E-17,-5.645285852988E-30));
#917 = DIRECTION('',(2.775557561563E-17,-1.,-2.241082117105E-33));
#918 = PCURVE('',#120,#919);
#919 = DEFINITIONAL_REPRESENTATION('',(#920),#924);
#920 = CIRCLE('',#921,1.5);
#921 = AXIS2_PLACEMENT_2D('',#922,#923);
#922 = CARTESIAN_POINT('',(-14.69989980728,-10.21015075758));
#923 = DIRECTION('',(2.241082117105E-33,-1.));
#924 = ( GEOMETRIC_REPRESENTATION_CONTEXT(2) 
PARAMETRIC_REPRESENTATION_CONTEXT() REPRESENTATION_CONTEXT('2D SPACE',''
  ) );
#925 = PCURVE('',#926,#931);
#926 = CYLINDRICAL_SURFACE('',#927,1.5);
#927 = AXIS2_PLACEMENT_3D('',#928,#929,#930);
#928 = CARTESIAN_POINT('',(128.,-76.5925133785,-53.17991172226));
#929 = DIRECTION('',(-1.,0.,-8.074349270001E-17));
#930 = DIRECTION('',(1.809527975626E-49,-1.,-2.241082117105E-33));
#931 = DEFINITIONAL_REPRESENTATION('',(#932),#936);
#932 = LINE('',#933,#934);
#933 = CARTESIAN_POINT('',(12.566370614359,100.));
#934 = VECTOR('',#935,1.);
#935 = DIRECTION('',(-1.,0.));
#936 = ( GEOMETRIC_REPRESENTATION_CONTEXT(2) 
PARAMETRIC_REPRESENTATION_CONTEXT() REPRESENTATION_CONTEXT('2D SPACE',''
  ) );
#937 = ORIENTED_EDGE('',*,*,#938,.T.);
#938 = EDGE_CURVE('',#910,#939,#941,.T.);
#939 = VERTEX_POINT('',#940);
#940 = CARTESIAN_POINT('',(28.,-71.12080288629,-53.48524394929));
#941 = SURFACE_CURVE('',#942,(#947,#958),.PCURVE_S1.);
#942 = CIRCLE('',#943,80.000000001592);
#943 = AXIS2_PLACEMENT_3D('',#944,#945,#946);
#944 = CARTESIAN_POINT('',(28.,-78.31126629444,-133.1614463953));
#945 = DIRECTION('',(-1.,-2.775557561563E-17,5.645285852988E-30));
#946 = DIRECTION('',(1.024155570636E-17,-0.368990931702,0.929432995068)
  );
#947 = PCURVE('',#120,#948);
#948 = DEFINITIONAL_REPRESENTATION('',(#949),#957);
#949 = ( BOUNDED_CURVE() B_SPLINE_CURVE(2,(#950,#951,#952,#953,#954,#955
,#956),.UNSPECIFIED.,.T.,.F.) B_SPLINE_CURVE_WITH_KNOTS((1,2,2,2,2,1),(
    -2.094395102393,0.,2.094395102393,4.188790204786,6.28318530718,
8.377580409573),.UNSPECIFIED.) CURVE() GEOMETRIC_REPRESENTATION_ITEM() 
RATIONAL_B_SPLINE_CURVE((1.,0.5,1.,0.5,1.,0.5,1.)) REPRESENTATION_ITEM(
  '') );
#950 = CARTESIAN_POINT('',(-9.073004741083,-41.4481782103));
#951 = CARTESIAN_POINT('',(-60.20188804136,87.337835367381));
#952 = CARTESIAN_POINT('',(76.894513019177,67.223740383711));
#953 = CARTESIAN_POINT('',(213.99091407971,47.109645400041));
#954 = CARTESIAN_POINT('',(128.02339631945,-61.56227319397));
#955 = CARTESIAN_POINT('',(42.055878559195,-170.2341917879));
#956 = CARTESIAN_POINT('',(-9.073004741083,-41.4481782103));
#957 = ( GEOMETRIC_REPRESENTATION_CONTEXT(2) 
PARAMETRIC_REPRESENTATION_CONTEXT() REPRESENTATION_CONTEXT('2D SPACE',''
  ) );
#958 = PCURVE('',#669,#959);
#959 = DEFINITIONAL_REPRESENTATION('',(#960),#964);
#960 = LINE('',#961,#962);
#961 = CARTESIAN_POINT('',(6.28318530718,-115.));
#962 = VECTOR('',#963,1.);
#963 = DIRECTION('',(-1.,0.));
#964 = ( GEOMETRIC_REPRESENTATION_CONTEXT(2) 
PARAMETRIC_REPRESENTATION_CONTEXT() REPRESENTATION_CONTEXT('2D SPACE',''
  ) );
#965 = ORIENTED_EDGE('',*,*,#966,.T.);
#966 = EDGE_CURVE('',#939,#967,#969,.T.);
#967 = VERTEX_POINT('',#968);
#968 = CARTESIAN_POINT('',(28.,-68.13865713633,-53.81084448733));
#969 = SURFACE_CURVE('',#970,(#975,#982),.PCURVE_S1.);
#970 = CIRCLE('',#971,1.5);
#971 = AXIS2_PLACEMENT_3D('',#972,#973,#974);
#972 = CARTESIAN_POINT('',(28.,-69.62820369172,-53.63406479576));
#973 = DIRECTION('',(1.,2.775557561563E-17,-5.645285852988E-30));
#974 = DIRECTION('',(2.775557561563E-17,-1.,-2.241082117105E-33));
#975 = PCURVE('',#120,#976);
#976 = DEFINITIONAL_REPRESENTATION('',(#977),#981);
#977 = CIRCLE('',#978,1.5);
#978 = AXIS2_PLACEMENT_2D('',#979,#980);
#979 = CARTESIAN_POINT('',(-14.24574673377,-3.245841070799));
#980 = DIRECTION('',(2.241082117105E-33,-1.));
#981 = ( GEOMETRIC_REPRESENTATION_CONTEXT(2) 
PARAMETRIC_REPRESENTATION_CONTEXT() REPRESENTATION_CONTEXT('2D SPACE',''
  ) );
#982 = PCURVE('',#983,#988);
#983 = CYLINDRICAL_SURFACE('',#984,1.5);
#984 = AXIS2_PLACEMENT_3D('',#985,#986,#987);
#985 = CARTESIAN_POINT('',(128.,-69.62820369172,-53.63406479576));
#986 = DIRECTION('',(-1.,0.,-8.074349270001E-17));
#987 = DIRECTION('',(1.809527975626E-49,-1.,-2.241082117105E-33));
#988 = DEFINITIONAL_REPRESENTATION('',(#989),#993);
#989 = LINE('',#990,#991);
#990 = CARTESIAN_POINT('',(12.566370614359,100.));
#991 = VECTOR('',#992,1.);
#992 = DIRECTION('',(-1.,0.));
#993 = ( GEOMETRIC_REPRESENTATION_CONTEXT(2) 
PARAMETRIC_REPRESENTATION_CONTEXT() REPRESENTATION_CONTEXT('2D SPACE',''
  ) );
#994 = ORIENTED_EDGE('',*,*,#995,.T.);
#995 = EDGE_CURVE('',#967,#996,#998,.T.);
#996 = VERTEX_POINT('',#997);
#997 = CARTESIAN_POINT('',(28.,-64.20392616692,-54.41512613354));
#998 = SURFACE_CURVE('',#999,(#1004,#1015),.PCURVE_S1.);
#999 = CIRCLE('',#1000,80.000000001592);
#1000 = AXIS2_PLACEMENT_3D('',#1001,#1002,#1003);
#1001 = CARTESIAN_POINT('',(28.,-78.31126629444,-133.1614463953));
#1002 = DIRECTION('',(-1.,-2.775557561563E-17,5.645285852988E-30));
#1003 = DIRECTION('',(1.024155570636E-17,-0.368990931702,0.929432995068)
  );
#1004 = PCURVE('',#120,#1005);
#1005 = DEFINITIONAL_REPRESENTATION('',(#1006),#1014);
#1006 = ( BOUNDED_CURVE() B_SPLINE_CURVE(2,(#1007,#1008,#1009,#1010,
#1011,#1012,#1013),.UNSPECIFIED.,.T.,.F.) B_SPLINE_CURVE_WITH_KNOTS((1,2
    ,2,2,2,1),(-2.094395102393,0.,2.094395102393,4.188790204786,
6.28318530718,8.377580409573),.UNSPECIFIED.) CURVE() 
GEOMETRIC_REPRESENTATION_ITEM() RATIONAL_B_SPLINE_CURVE((1.,0.5,1.,0.5,
1.,0.5,1.)) REPRESENTATION_ITEM('') );
#1007 = CARTESIAN_POINT('',(-9.073004741083,-41.4481782103));
#1008 = CARTESIAN_POINT('',(-60.20188804136,87.337835367381));
#1009 = CARTESIAN_POINT('',(76.894513019177,67.223740383711));
#1010 = CARTESIAN_POINT('',(213.99091407971,47.109645400041));
#1011 = CARTESIAN_POINT('',(128.02339631945,-61.56227319397));
#1012 = CARTESIAN_POINT('',(42.055878559195,-170.2341917879));
#1013 = CARTESIAN_POINT('',(-9.073004741083,-41.4481782103));
#1014 = ( GEOMETRIC_REPRESENTATION_CONTEXT(2) 
PARAMETRIC_REPRESENTATION_CONTEXT() REPRESENTATION_CONTEXT('2D SPACE',''
  ) );
#1015 = PCURVE('',#669,#1016);
#1016 = DEFINITIONAL_REPRESENTATION('',(#1017),#1021);
#1017 = LINE('',#1018,#1019);
#1018 = CARTESIAN_POINT('',(6.28318530718,-115.));
#1019 = VECTOR('',#1020,1.);
#1020 = DIRECTION('',(-1.,0.));
#1021 = ( GEOMETRIC_REPRESENTATION_CONTEXT(2) 
PARAMETRIC_REPRESENTATION_CONTEXT() REPRESENTATION_CONTEXT('2D SPACE',''
  ) );
#1022 = ORIENTED_EDGE('',*,*,#1023,.T.);
#1023 = EDGE_CURVE('',#996,#1024,#1026,.T.);
#1024 = VERTEX_POINT('',#1025);
#1025 = CARTESIAN_POINT('',(28.,-61.2615063386,-54.99939879104));
#1026 = SURFACE_CURVE('',#1027,(#1032,#1039),.PCURVE_S1.);
#1027 = CIRCLE('',#1028,1.5);
#1028 = AXIS2_PLACEMENT_3D('',#1029,#1030,#1031);
#1029 = CARTESIAN_POINT('',(28.,-62.72997735432,-54.69346926318));
#1030 = DIRECTION('',(1.,2.775557561563E-17,-5.645285852988E-30));
#1031 = DIRECTION('',(2.775557561563E-17,-1.,-2.241082117105E-33));
#1032 = PCURVE('',#120,#1033);
#1033 = DEFINITIONAL_REPRESENTATION('',(#1034),#1038);
#1034 = CIRCLE('',#1035,1.5);
#1035 = AXIS2_PLACEMENT_2D('',#1036,#1037);
#1036 = CARTESIAN_POINT('',(-13.18634226635,3.652385266601));
#1037 = DIRECTION('',(2.241082117105E-33,-1.));
#1038 = ( GEOMETRIC_REPRESENTATION_CONTEXT(2) 
PARAMETRIC_REPRESENTATION_CONTEXT() REPRESENTATION_CONTEXT('2D SPACE',''
  ) );
#1039 = PCURVE('',#1040,#1045);
#1040 = CYLINDRICAL_SURFACE('',#1041,1.5);
#1041 = AXIS2_PLACEMENT_3D('',#1042,#1043,#1044);
#1042 = CARTESIAN_POINT('',(128.,-62.72997735432,-54.69346926318));
#1043 = DIRECTION('',(-1.,0.,-8.074349270001E-17));
#1044 = DIRECTION('',(1.809527975626E-49,-1.,-2.241082117105E-33));
#1045 = DEFINITIONAL_REPRESENTATION('',(#1046),#1050);
#1046 = LINE('',#1047,#1048);
#1047 = CARTESIAN_POINT('',(12.566370614359,100.));
#1048 = VECTOR('',#1049,1.);
#1049 = DIRECTION('',(-1.,0.));
#1050 = ( GEOMETRIC_REPRESENTATION_CONTEXT(2) 
PARAMETRIC_REPRESENTATION_CONTEXT() REPRESENTATION_CONTEXT('2D SPACE',''
  ) );
#1051 = ORIENTED_EDGE('',*,*,#1052,.T.);
#1052 = EDGE_CURVE('',#1024,#1053,#1055,.T.);
#1053 = VERTEX_POINT('',#1054);
#1054 = CARTESIAN_POINT('',(28.,-57.39441482416,-55.94431536331));
#1055 = SURFACE_CURVE('',#1056,(#1061,#1072),.PCURVE_S1.);
#1056 = CIRCLE('',#1057,80.000000001592);
#1057 = AXIS2_PLACEMENT_3D('',#1058,#1059,#1060);
#1058 = CARTESIAN_POINT('',(28.,-78.31126629444,-133.1614463953));
#1059 = DIRECTION('',(-1.,-2.775557561563E-17,5.645285852988E-30));
#1060 = DIRECTION('',(1.024155570636E-17,-0.368990931702,0.929432995068)
  );
#1061 = PCURVE('',#120,#1062);
#1062 = DEFINITIONAL_REPRESENTATION('',(#1063),#1071);
#1063 = ( BOUNDED_CURVE() B_SPLINE_CURVE(2,(#1064,#1065,#1066,#1067,
#1068,#1069,#1070),.UNSPECIFIED.,.T.,.F.) B_SPLINE_CURVE_WITH_KNOTS((1,2
    ,2,2,2,1),(-2.094395102393,0.,2.094395102393,4.188790204786,
6.28318530718,8.377580409573),.UNSPECIFIED.) CURVE() 
GEOMETRIC_REPRESENTATION_ITEM() RATIONAL_B_SPLINE_CURVE((1.,0.5,1.,0.5,
1.,0.5,1.)) REPRESENTATION_ITEM('') );
#1064 = CARTESIAN_POINT('',(-9.073004741083,-41.4481782103));
#1065 = CARTESIAN_POINT('',(-60.20188804136,87.337835367381));
#1066 = CARTESIAN_POINT('',(76.894513019177,67.223740383711));
#1067 = CARTESIAN_POINT('',(213.99091407971,47.109645400041));
#1068 = CARTESIAN_POINT('',(128.02339631945,-61.56227319397));
#1069 = CARTESIAN_POINT('',(42.055878559195,-170.2341917879));
#1070 = CARTESIAN_POINT('',(-9.073004741083,-41.4481782103));
#1071 = ( GEOMETRIC_REPRESENTATION_CONTEXT(2) 
PARAMETRIC_REPRESENTATION_CONTEXT() REPRESENTATION_CONTEXT('2D SPACE',''
  ) );
#1072 = PCURVE('',#669,#1073);
#1073 = DEFINITIONAL_REPRESENTATION('',(#1074),#1078);
#1074 = LINE('',#1075,#1076);
#1075 = CARTESIAN_POINT('',(6.28318530718,-115.));
#1076 = VECTOR('',#1077,1.);
#1077 = DIRECTION('',(-1.,0.));
#1078 = ( GEOMETRIC_REPRESENTATION_CONTEXT(2) 
PARAMETRIC_REPRESENTATION_CONTEXT() REPRESENTATION_CONTEXT('2D SPACE',''
  ) );
#1079 = ORIENTED_EDGE('',*,*,#1080,.T.);
#1080 = EDGE_CURVE('',#1053,#1081,#1083,.T.);
#1081 = VERTEX_POINT('',#1082);
#1082 = CARTESIAN_POINT('',(28.,-54.51411450907,-56.78281347257));
#1083 = SURFACE_CURVE('',#1084,(#1089,#1096),.PCURVE_S1.);
#1084 = CIRCLE('',#1085,1.5);
#1085 = AXIS2_PLACEMENT_3D('',#1086,#1087,#1088);
#1086 = CARTESIAN_POINT('',(28.,-55.95033403399,-56.35006241685));
#1087 = DIRECTION('',(1.,2.775557561563E-17,-5.645285852988E-30));
#1088 = DIRECTION('',(2.775557561563E-17,-1.,-2.241082117105E-33));
#1089 = PCURVE('',#120,#1090);
#1090 = DEFINITIONAL_REPRESENTATION('',(#1091),#1095);
#1091 = CIRCLE('',#1092,1.5);
#1092 = AXIS2_PLACEMENT_2D('',#1093,#1094);
#1093 = CARTESIAN_POINT('',(-11.52974911269,10.432028586927));
#1094 = DIRECTION('',(2.241082117105E-33,-1.));
#1095 = ( GEOMETRIC_REPRESENTATION_CONTEXT(2) 
PARAMETRIC_REPRESENTATION_CONTEXT() REPRESENTATION_CONTEXT('2D SPACE',''
  ) );
#1096 = PCURVE('',#1097,#1102);
#1097 = CYLINDRICAL_SURFACE('',#1098,1.5);
#1098 = AXIS2_PLACEMENT_3D('',#1099,#1100,#1101);
#1099 = CARTESIAN_POINT('',(128.,-55.95033403399,-56.35006241685));
#1100 = DIRECTION('',(-1.,0.,-8.074349270001E-17));
#1101 = DIRECTION('',(1.809527975626E-49,-1.,-2.241082117105E-33));
#1102 = DEFINITIONAL_REPRESENTATION('',(#1103),#1107);
#1103 = LINE('',#1104,#1105);
#1104 = CARTESIAN_POINT('',(12.566370614359,100.));
#1105 = VECTOR('',#1106,1.);
#1106 = DIRECTION('',(-1.,0.));
#1107 = ( GEOMETRIC_REPRESENTATION_CONTEXT(2) 
PARAMETRIC_REPRESENTATION_CONTEXT() REPRESENTATION_CONTEXT('2D SPACE',''
  ) );
#1108 = ORIENTED_EDGE('',*,*,#1109,.T.);
#1109 = EDGE_CURVE('',#1081,#1110,#1112,.T.);
#1110 = VERTEX_POINT('',#1111);
#1111 = CARTESIAN_POINT('',(28.,-50.74409335103,-58.06117358521));
#1112 = SURFACE_CURVE('',#1113,(#1118,#1129),.PCURVE_S1.);
#1113 = CIRCLE('',#1114,80.000000001592);
#1114 = AXIS2_PLACEMENT_3D('',#1115,#1116,#1117);
#1115 = CARTESIAN_POINT('',(28.,-78.31126629444,-133.1614463953));
#1116 = DIRECTION('',(-1.,-2.775557561563E-17,5.645285852988E-30));
#1117 = DIRECTION('',(1.024155570636E-17,-0.368990931702,0.929432995068)
  );
#1118 = PCURVE('',#120,#1119);
#1119 = DEFINITIONAL_REPRESENTATION('',(#1120),#1128);
#1120 = ( BOUNDED_CURVE() B_SPLINE_CURVE(2,(#1121,#1122,#1123,#1124,
#1125,#1126,#1127),.UNSPECIFIED.,.T.,.F.) B_SPLINE_CURVE_WITH_KNOTS((1,2
    ,2,2,2,1),(-2.094395102393,0.,2.094395102393,4.188790204786,
6.28318530718,8.377580409573),.UNSPECIFIED.) CURVE() 
GEOMETRIC_REPRESENTATION_ITEM() RATIONAL_B_SPLINE_CURVE((1.,0.5,1.,0.5,
1.,0.5,1.)) REPRESENTATION_ITEM('') );
#1121 = CARTESIAN_POINT('',(-9.073004741083,-41.4481782103));
#1122 = CARTESIAN_POINT('',(-60.20188804136,87.337835367381));
#1123 = CARTESIAN_POINT('',(76.894513019177,67.223740383711));
#1124 = CARTESIAN_POINT('',(213.99091407971,47.109645400041));
#1125 = CARTESIAN_POINT('',(128.02339631945,-61.56227319397));
#1126 = CARTESIAN_POINT('',(42.055878559195,-170.2341917879));
#1127 = CARTESIAN_POINT('',(-9.073004741083,-41.4481782103));
#1128 = ( GEOMETRIC_REPRESENTATION_CONTEXT(2) 
PARAMETRIC_REPRESENTATION_CONTEXT() REPRESENTATION_CONTEXT('2D SPACE',''
  ) );
#1129 = PCURVE('',#669,#1130);
#1130 = DEFINITIONAL_REPRESENTATION('',(#1131),#1135);
#1131 = LINE('',#1132,#1133);
#1132 = CARTESIAN_POINT('',(6.28318530718,-115.));
#1133 = VECTOR('',#1134,1.);
#1134 = DIRECTION('',(-1.,0.));
#1135 = ( GEOMETRIC_REPRESENTATION_CONTEXT(2) 
PARAMETRIC_REPRESENTATION_CONTEXT() REPRESENTATION_CONTEXT('2D SPACE',''
  ) );
#1136 = ORIENTED_EDGE('',*,*,#1137,.T.);
#1137 = EDGE_CURVE('',#1110,#1138,#1140,.T.);
#1138 = VERTEX_POINT('',#1139);
#1139 = CARTESIAN_POINT('',(28.,-47.94783337373,-59.14751566931));
#1140 = SURFACE_CURVE('',#1141,(#1146,#1153),.PCURVE_S1.);
#1141 = CIRCLE('',#1142,1.5);
#1142 = AXIS2_PLACEMENT_3D('',#1143,#1144,#1145);
#1143 = CARTESIAN_POINT('',(28.,-49.34087091006,-58.59123658256));
#1144 = DIRECTION('',(1.,2.775557561563E-17,-5.645285852988E-30));
#1145 = DIRECTION('',(2.775557561563E-17,-1.,-2.241082117105E-33));
#1146 = PCURVE('',#120,#1147);
#1147 = DEFINITIONAL_REPRESENTATION('',(#1148),#1152);
#1148 = CIRCLE('',#1149,1.5);
#1149 = AXIS2_PLACEMENT_2D('',#1150,#1151);
#1150 = CARTESIAN_POINT('',(-9.288574946972,17.041491710852));
#1151 = DIRECTION('',(2.241082117105E-33,-1.));
#1152 = ( GEOMETRIC_REPRESENTATION_CONTEXT(2) 
PARAMETRIC_REPRESENTATION_CONTEXT() REPRESENTATION_CONTEXT('2D SPACE',''
  ) );
#1153 = PCURVE('',#1154,#1159);
#1154 = CYLINDRICAL_SURFACE('',#1155,1.5);
#1155 = AXIS2_PLACEMENT_3D('',#1156,#1157,#1158);
#1156 = CARTESIAN_POINT('',(128.,-49.34087091006,-58.59123658256));
#1157 = DIRECTION('',(-1.,0.,-8.074349270001E-17));
#1158 = DIRECTION('',(1.809527975626E-49,-1.,-2.241082117105E-33));
#1159 = DEFINITIONAL_REPRESENTATION('',(#1160),#1164);
#1160 = LINE('',#1161,#1162);
#1161 = CARTESIAN_POINT('',(12.566370614359,100.));
#1162 = VECTOR('',#1163,1.);
#1163 = DIRECTION('',(-1.,0.));
#1164 = ( GEOMETRIC_REPRESENTATION_CONTEXT(2) 
PARAMETRIC_REPRESENTATION_CONTEXT() REPRESENTATION_CONTEXT('2D SPACE',''
  ) );
#1165 = ORIENTED_EDGE('',*,*,#1166,.T.);
#1166 = EDGE_CURVE('',#1138,#1167,#1169,.T.);
#1167 = VERTEX_POINT('',#1168);
#1168 = CARTESIAN_POINT('',(28.,-44.30357470952,-60.74959022998));
#1169 = SURFACE_CURVE('',#1170,(#1175,#1186),.PCURVE_S1.);
#1170 = CIRCLE('',#1171,80.000000001592);
#1171 = AXIS2_PLACEMENT_3D('',#1172,#1173,#1174);
#1172 = CARTESIAN_POINT('',(28.,-78.31126629444,-133.1614463953));
#1173 = DIRECTION('',(-1.,-2.775557561563E-17,5.645285852988E-30));
#1174 = DIRECTION('',(1.024155570636E-17,-0.368990931702,0.929432995068)
  );
#1175 = PCURVE('',#120,#1176);
#1176 = DEFINITIONAL_REPRESENTATION('',(#1177),#1185);
#1177 = ( BOUNDED_CURVE() B_SPLINE_CURVE(2,(#1178,#1179,#1180,#1181,
#1182,#1183,#1184),.UNSPECIFIED.,.T.,.F.) B_SPLINE_CURVE_WITH_KNOTS((1,2
    ,2,2,2,1),(-2.094395102393,0.,2.094395102393,4.188790204786,
6.28318530718,8.377580409573),.UNSPECIFIED.) CURVE() 
GEOMETRIC_REPRESENTATION_ITEM() RATIONAL_B_SPLINE_CURVE((1.,0.5,1.,0.5,
1.,0.5,1.)) REPRESENTATION_ITEM('') );
#1178 = CARTESIAN_POINT('',(-9.073004741083,-41.4481782103));
#1179 = CARTESIAN_POINT('',(-60.20188804136,87.337835367381));
#1180 = CARTESIAN_POINT('',(76.894513019177,67.223740383711));
#1181 = CARTESIAN_POINT('',(213.99091407971,47.109645400041));
#1182 = CARTESIAN_POINT('',(128.02339631945,-61.56227319397));
#1183 = CARTESIAN_POINT('',(42.055878559195,-170.2341917879));
#1184 = CARTESIAN_POINT('',(-9.073004741083,-41.4481782103));
#1185 = ( GEOMETRIC_REPRESENTATION_CONTEXT(2) 
PARAMETRIC_REPRESENTATION_CONTEXT() REPRESENTATION_CONTEXT('2D SPACE',''
  ) );
#1186 = PCURVE('',#669,#1187);
#1187 = DEFINITIONAL_REPRESENTATION('',(#1188),#1192);
#1188 = LINE('',#1189,#1190);
#1189 = CARTESIAN_POINT('',(6.28318530718,-115.));
#1190 = VECTOR('',#1191,1.);
#1191 = DIRECTION('',(-1.,0.));
#1192 = ( GEOMETRIC_REPRESENTATION_CONTEXT(2) 
PARAMETRIC_REPRESENTATION_CONTEXT() REPRESENTATION_CONTEXT('2D SPACE',''
  ) );
#1193 = ORIENTED_EDGE('',*,*,#1194,.T.);
#1194 = EDGE_CURVE('',#1167,#1195,#1197,.T.);
#1195 = VERTEX_POINT('',#1196);
#1196 = CARTESIAN_POINT('',(28.,-41.61263629686,-62.07550856971));
#1197 = SURFACE_CURVE('',#1198,(#1203,#1210),.PCURVE_S1.);
#1198 = CIRCLE('',#1199,1.5);
#1199 = AXIS2_PLACEMENT_3D('',#1200,#1201,#1202);
#1200 = CARTESIAN_POINT('',(28.,-42.95188998782,-61.39993507168));
#1201 = DIRECTION('',(1.,2.775557561563E-17,-5.645285852988E-30));
#1202 = DIRECTION('',(2.775557561563E-17,-1.,-2.241082117105E-33));
#1203 = PCURVE('',#120,#1204);
#1204 = DEFINITIONAL_REPRESENTATION('',(#1205),#1209);
#1205 = CIRCLE('',#1206,1.5);
#1206 = AXIS2_PLACEMENT_2D('',#1207,#1208);
#1207 = CARTESIAN_POINT('',(-6.479876457854,23.430472633098));
#1208 = DIRECTION('',(2.241082117105E-33,-1.));
#1209 = ( GEOMETRIC_REPRESENTATION_CONTEXT(2) 
PARAMETRIC_REPRESENTATION_CONTEXT() REPRESENTATION_CONTEXT('2D SPACE',''
  ) );
#1210 = PCURVE('',#1211,#1216);
#1211 = CYLINDRICAL_SURFACE('',#1212,1.5);
#1212 = AXIS2_PLACEMENT_3D('',#1213,#1214,#1215);
#1213 = CARTESIAN_POINT('',(128.,-42.95188998782,-61.39993507168));
#1214 = DIRECTION('',(-1.,0.,-8.074349270001E-17));
#1215 = DIRECTION('',(1.809527975626E-49,-1.,-2.241082117105E-33));
#1216 = DEFINITIONAL_REPRESENTATION('',(#1217),#1221);
#1217 = LINE('',#1218,#1219);
#1218 = CARTESIAN_POINT('',(12.566370614359,100.));
#1219 = VECTOR('',#1220,1.);
#1220 = DIRECTION('',(-1.,0.));
#1221 = ( GEOMETRIC_REPRESENTATION_CONTEXT(2) 
PARAMETRIC_REPRESENTATION_CONTEXT() REPRESENTATION_CONTEXT('2D SPACE',''
  ) );
#1222 = ORIENTED_EDGE('',*,*,#1223,.T.);
#1223 = EDGE_CURVE('',#1195,#1224,#1226,.T.);
#1224 = VERTEX_POINT('',#1225);
#1225 = CARTESIAN_POINT('',(28.,-38.12187513537,-63.98910482364));
#1226 = SURFACE_CURVE('',#1227,(#1232,#1243),.PCURVE_S1.);
#1227 = CIRCLE('',#1228,80.000000001592);
#1228 = AXIS2_PLACEMENT_3D('',#1229,#1230,#1231);
#1229 = CARTESIAN_POINT('',(28.,-78.31126629444,-133.1614463953));
#1230 = DIRECTION('',(-1.,-2.775557561563E-17,5.645285852988E-30));
#1231 = DIRECTION('',(1.024155570636E-17,-0.368990931702,0.929432995068)
  );
#1232 = PCURVE('',#120,#1233);
#1233 = DEFINITIONAL_REPRESENTATION('',(#1234),#1242);
#1234 = ( BOUNDED_CURVE() B_SPLINE_CURVE(2,(#1235,#1236,#1237,#1238,
#1239,#1240,#1241),.UNSPECIFIED.,.T.,.F.) B_SPLINE_CURVE_WITH_KNOTS((1,2
    ,2,2,2,1),(-2.094395102393,0.,2.094395102393,4.188790204786,
6.28318530718,8.377580409573),.UNSPECIFIED.) CURVE() 
GEOMETRIC_REPRESENTATION_ITEM() RATIONAL_B_SPLINE_CURVE((1.,0.5,1.,0.5,
1.,0.5,1.)) REPRESENTATION_ITEM('') );
#1235 = CARTESIAN_POINT('',(-9.073004741083,-41.4481782103));
#1236 = CARTESIAN_POINT('',(-60.20188804136,87.337835367381));
#1237 = CARTESIAN_POINT('',(76.894513019177,67.223740383711));
#1238 = CARTESIAN_POINT('',(213.99091407971,47.109645400041));
#1239 = CARTESIAN_POINT('',(128.02339631945,-61.56227319397));
#1240 = CARTESIAN_POINT('',(42.055878559195,-170.2341917879));
#1241 = CARTESIAN_POINT('',(-9.073004741083,-41.4481782103));
#1242 = ( GEOMETRIC_REPRESENTATION_CONTEXT(2) 
PARAMETRIC_REPRESENTATION_CONTEXT() REPRESENTATION_CONTEXT('2D SPACE',''
  ) );
#1243 = PCURVE('',#669,#1244);
#1244 = DEFINITIONAL_REPRESENTATION('',(#1245),#1249);
#1245 = LINE('',#1246,#1247);
#1246 = CARTESIAN_POINT('',(6.28318530718,-115.));
#1247 = VECTOR('',#1248,1.);
#1248 = DIRECTION('',(-1.,0.));
#1249 = ( GEOMETRIC_REPRESENTATION_CONTEXT(2) 
PARAMETRIC_REPRESENTATION_CONTEXT() REPRESENTATION_CONTEXT('2D SPACE',''
  ) );
#1250 = ORIENTED_EDGE('',*,*,#1251,.T.);
#1251 = EDGE_CURVE('',#1224,#1252,#1254,.T.);
#1252 = VERTEX_POINT('',#1253);
#1253 = CARTESIAN_POINT('',(28.,-35.55673795351,-65.54450837983));
#1254 = SURFACE_CURVE('',#1255,(#1260,#1267),.PCURVE_S1.);
#1255 = CIRCLE('',#1256,1.5);
#1256 = AXIS2_PLACEMENT_3D('',#1257,#1258,#1259);
#1257 = CARTESIAN_POINT('',(28.,-36.83201526984,-64.75478199276));
#1258 = DIRECTION('',(1.,2.775557561563E-17,-5.645285852988E-30));
#1259 = DIRECTION('',(2.775557561563E-17,-1.,-2.241082117105E-33));
#1260 = PCURVE('',#120,#1261);
#1261 = DEFINITIONAL_REPRESENTATION('',(#1262),#1266);
#1262 = CIRCLE('',#1263,1.5);
#1263 = AXIS2_PLACEMENT_2D('',#1264,#1265);
#1264 = CARTESIAN_POINT('',(-3.125029536778,29.550347351075));
#1265 = DIRECTION('',(2.241082117105E-33,-1.));
#1266 = ( GEOMETRIC_REPRESENTATION_CONTEXT(2) 
PARAMETRIC_REPRESENTATION_CONTEXT() REPRESENTATION_CONTEXT('2D SPACE',''
  ) );
#1267 = PCURVE('',#1268,#1273);
#1268 = CYLINDRICAL_SURFACE('',#1269,1.5);
#1269 = AXIS2_PLACEMENT_3D('',#1270,#1271,#1272);
#1270 = CARTESIAN_POINT('',(128.,-36.83201526984,-64.75478199276));
#1271 = DIRECTION('',(-1.,0.,-8.074349270001E-17));
#1272 = DIRECTION('',(1.809527975626E-49,-1.,-2.241082117105E-33));
#1273 = DEFINITIONAL_REPRESENTATION('',(#1274),#1278);
#1274 = LINE('',#1275,#1276);
#1275 = CARTESIAN_POINT('',(12.566370614359,100.));
#1276 = VECTOR('',#1277,1.);
#1277 = DIRECTION('',(-1.,0.));
#1278 = ( GEOMETRIC_REPRESENTATION_CONTEXT(2) 
PARAMETRIC_REPRESENTATION_CONTEXT() REPRESENTATION_CONTEXT('2D SPACE',''
  ) );
#1279 = ORIENTED_EDGE('',*,*,#1280,.T.);
#1280 = EDGE_CURVE('',#1252,#1281,#1283,.T.);
#1281 = VERTEX_POINT('',#1282);
#1282 = CARTESIAN_POINT('',(28.,-32.24604109496,-67.75506270407));
#1283 = SURFACE_CURVE('',#1284,(#1289,#1300),.PCURVE_S1.);
#1284 = CIRCLE('',#1285,80.000000001592);
#1285 = AXIS2_PLACEMENT_3D('',#1286,#1287,#1288);
#1286 = CARTESIAN_POINT('',(28.,-78.31126629444,-133.1614463953));
#1287 = DIRECTION('',(-1.,-2.775557561563E-17,5.645285852988E-30));
#1288 = DIRECTION('',(1.024155570636E-17,-0.368990931702,0.929432995068)
  );
#1289 = PCURVE('',#120,#1290);
#1290 = DEFINITIONAL_REPRESENTATION('',(#1291),#1299);
#1291 = ( BOUNDED_CURVE() B_SPLINE_CURVE(2,(#1292,#1293,#1294,#1295,
#1296,#1297,#1298),.UNSPECIFIED.,.T.,.F.) B_SPLINE_CURVE_WITH_KNOTS((1,2
    ,2,2,2,1),(-2.094395102393,0.,2.094395102393,4.188790204786,
6.28318530718,8.377580409573),.UNSPECIFIED.) CURVE() 
GEOMETRIC_REPRESENTATION_ITEM() RATIONAL_B_SPLINE_CURVE((1.,0.5,1.,0.5,
1.,0.5,1.)) REPRESENTATION_ITEM('') );
#1292 = CARTESIAN_POINT('',(-9.073004741083,-41.4481782103));
#1293 = CARTESIAN_POINT('',(-60.20188804136,87.337835367381));
#1294 = CARTESIAN_POINT('',(76.894513019177,67.223740383711));
#1295 = CARTESIAN_POINT('',(213.99091407971,47.109645400041));
#1296 = CARTESIAN_POINT('',(128.02339631945,-61.56227319397));
#1297 = CARTESIAN_POINT('',(42.055878559195,-170.2341917879));
#1298 = CARTESIAN_POINT('',(-9.073004741083,-41.4481782103));
#1299 = ( GEOMETRIC_REPRESENTATION_CONTEXT(2) 
PARAMETRIC_REPRESENTATION_CONTEXT() REPRESENTATION_CONTEXT('2D SPACE',''
  ) );
#1300 = PCURVE('',#669,#1301);
#1301 = DEFINITIONAL_REPRESENTATION('',(#1302),#1306);
#1302 = LINE('',#1303,#1304);
#1303 = CARTESIAN_POINT('',(6.28318530718,-115.));
#1304 = VECTOR('',#1305,1.);
#1305 = DIRECTION('',(-1.,0.));
#1306 = ( GEOMETRIC_REPRESENTATION_CONTEXT(2) 
PARAMETRIC_REPRESENTATION_CONTEXT() REPRESENTATION_CONTEXT('2D SPACE',''
  ) );
#1307 = ORIENTED_EDGE('',*,*,#1308,.T.);
#1308 = EDGE_CURVE('',#1281,#1309,#1311,.T.);
#1309 = VERTEX_POINT('',#1310);
#1310 = CARTESIAN_POINT('',(28.,-29.82622738672,-69.52811391647));
#1311 = SURFACE_CURVE('',#1312,(#1317,#1324),.PCURVE_S1.);
#1312 = CIRCLE('',#1313,1.5);
#1313 = AXIS2_PLACEMENT_3D('',#1314,#1315,#1316);
#1314 = CARTESIAN_POINT('',(28.,-31.02782269802,-68.63024493501));
#1315 = DIRECTION('',(1.,2.775557561563E-17,-5.645285852988E-30));
#1316 = DIRECTION('',(2.775557561563E-17,-1.,-2.241082117105E-33));
#1317 = PCURVE('',#120,#1318);
#1318 = DEFINITIONAL_REPRESENTATION('',(#1319),#1323);
#1319 = CIRCLE('',#1320,1.5);
#1320 = AXIS2_PLACEMENT_2D('',#1321,#1322);
#1321 = CARTESIAN_POINT('',(0.750433405476,35.354539922899));
#1322 = DIRECTION('',(2.241082117105E-33,-1.));
#1323 = ( GEOMETRIC_REPRESENTATION_CONTEXT(2) 
PARAMETRIC_REPRESENTATION_CONTEXT() REPRESENTATION_CONTEXT('2D SPACE',''
  ) );
#1324 = PCURVE('',#1325,#1330);
#1325 = CYLINDRICAL_SURFACE('',#1326,1.5);
#1326 = AXIS2_PLACEMENT_3D('',#1327,#1328,#1329);
#1327 = CARTESIAN_POINT('',(128.,-31.02782269802,-68.63024493501));
#1328 = DIRECTION('',(-1.,0.,-8.074349270001E-17));
#1329 = DIRECTION('',(1.809527975626E-49,-1.,-2.241082117105E-33));
#1330 = DEFINITIONAL_REPRESENTATION('',(#1331),#1335);
#1331 = LINE('',#1332,#1333);
#1332 = CARTESIAN_POINT('',(12.566370614359,100.));
#1333 = VECTOR('',#1334,1.);
#1334 = DIRECTION('',(-1.,0.));
#1335 = ( GEOMETRIC_REPRESENTATION_CONTEXT(2) 
PARAMETRIC_REPRESENTATION_CONTEXT() REPRESENTATION_CONTEXT('2D SPACE',''
  ) );
#1336 = ORIENTED_EDGE('',*,*,#1337,.T.);
#1337 = EDGE_CURVE('',#1309,#1338,#1340,.T.);
#1338 = VERTEX_POINT('',#1339);
#1339 = CARTESIAN_POINT('',(28.,-26.72079123326,-72.01880265784));
#1340 = SURFACE_CURVE('',#1341,(#1346,#1357),.PCURVE_S1.);
#1341 = CIRCLE('',#1342,80.000000001592);
#1342 = AXIS2_PLACEMENT_3D('',#1343,#1344,#1345);
#1343 = CARTESIAN_POINT('',(28.,-78.31126629444,-133.1614463953));
#1344 = DIRECTION('',(-1.,-2.775557561563E-17,5.645285852988E-30));
#1345 = DIRECTION('',(1.024155570636E-17,-0.368990931702,0.929432995068)
  );
#1346 = PCURVE('',#120,#1347);
#1347 = DEFINITIONAL_REPRESENTATION('',(#1348),#1356);
#1348 = ( BOUNDED_CURVE() B_SPLINE_CURVE(2,(#1349,#1350,#1351,#1352,
#1353,#1354,#1355),.UNSPECIFIED.,.T.,.F.) B_SPLINE_CURVE_WITH_KNOTS((1,2
    ,2,2,2,1),(-2.094395102393,0.,2.094395102393,4.188790204786,
6.28318530718,8.377580409573),.UNSPECIFIED.) CURVE() 
GEOMETRIC_REPRESENTATION_ITEM() RATIONAL_B_SPLINE_CURVE((1.,0.5,1.,0.5,
1.,0.5,1.)) REPRESENTATION_ITEM('') );
#1349 = CARTESIAN_POINT('',(-9.073004741083,-41.4481782103));
#1350 = CARTESIAN_POINT('',(-60.20188804136,87.337835367381));
#1351 = CARTESIAN_POINT('',(76.894513019177,67.223740383711));
#1352 = CARTESIAN_POINT('',(213.99091407971,47.109645400041));
#1353 = CARTESIAN_POINT('',(128.02339631945,-61.56227319397));
#1354 = CARTESIAN_POINT('',(42.055878559195,-170.2341917879));
#1355 = CARTESIAN_POINT('',(-9.073004741083,-41.4481782103));
#1356 = ( GEOMETRIC_REPRESENTATION_CONTEXT(2) 
PARAMETRIC_REPRESENTATION_CONTEXT() REPRESENTATION_CONTEXT('2D SPACE',''
  ) );
#1357 = PCURVE('',#669,#1358);
#1358 = DEFINITIONAL_REPRESENTATION('',(#1359),#1363);
#1359 = LINE('',#1360,#1361);
#1360 = CARTESIAN_POINT('',(6.28318530718,-115.));
#1361 = VECTOR('',#1362,1.);
#1362 = DIRECTION('',(-1.,0.));
#1363 = ( GEOMETRIC_REPRESENTATION_CONTEXT(2) 
PARAMETRIC_REPRESENTATION_CONTEXT() REPRESENTATION_CONTEXT('2D SPACE',''
  ) );
#1364 = ORIENTED_EDGE('',*,*,#1365,.T.);
#1365 = EDGE_CURVE('',#1338,#1366,#1368,.T.);
#1366 = VERTEX_POINT('',#1367);
#1367 = CARTESIAN_POINT('',(28.,-24.46471724209,-73.99600753613));
#1368 = SURFACE_CURVE('',#1369,(#1374,#1381),.PCURVE_S1.);
#1369 = CIRCLE('',#1370,1.5);
#1370 = AXIS2_PLACEMENT_3D('',#1371,#1372,#1373);
#1371 = CARTESIAN_POINT('',(28.,-25.58348568249,-72.99682928538));
#1372 = DIRECTION('',(1.,2.775557561563E-17,-5.645285852988E-30));
#1373 = DIRECTION('',(2.775557561563E-17,-1.,-2.241082117105E-33));
#1374 = PCURVE('',#120,#1375);
#1375 = DEFINITIONAL_REPRESENTATION('',(#1376),#1380);
#1376 = CIRCLE('',#1377,1.5);
#1377 = AXIS2_PLACEMENT_2D('',#1378,#1379);
#1378 = CARTESIAN_POINT('',(5.117017755848,40.798876938431));
#1379 = DIRECTION('',(2.241082117105E-33,-1.));
#1380 = ( GEOMETRIC_REPRESENTATION_CONTEXT(2) 
PARAMETRIC_REPRESENTATION_CONTEXT() REPRESENTATION_CONTEXT('2D SPACE',''
  ) );
#1381 = PCURVE('',#1382,#1387);
#1382 = CYLINDRICAL_SURFACE('',#1383,1.5);
#1383 = AXIS2_PLACEMENT_3D('',#1384,#1385,#1386);
#1384 = CARTESIAN_POINT('',(128.,-25.58348568249,-72.99682928538));
#1385 = DIRECTION('',(-1.,0.,-8.074349270001E-17));
#1386 = DIRECTION('',(1.809527975626E-49,-1.,-2.241082117105E-33));
#1387 = DEFINITIONAL_REPRESENTATION('',(#1388),#1392);
#1388 = LINE('',#1389,#1390);
#1389 = CARTESIAN_POINT('',(12.566370614359,100.));
#1390 = VECTOR('',#1391,1.);
#1391 = DIRECTION('',(-1.,0.));
#1392 = ( GEOMETRIC_REPRESENTATION_CONTEXT(2) 
PARAMETRIC_REPRESENTATION_CONTEXT() REPRESENTATION_CONTEXT('2D SPACE',''
  ) );
#1393 = ORIENTED_EDGE('',*,*,#1394,.T.);
#1394 = EDGE_CURVE('',#1366,#1395,#1397,.T.);
#1395 = VERTEX_POINT('',#1396);
#1396 = CARTESIAN_POINT('',(28.,-22.62268228024,-75.72642562627));
#1397 = SURFACE_CURVE('',#1398,(#1403,#1414),.PCURVE_S1.);
#1398 = CIRCLE('',#1399,80.000000001592);
#1399 = AXIS2_PLACEMENT_3D('',#1400,#1401,#1402);
#1400 = CARTESIAN_POINT('',(28.,-78.31126629444,-133.1614463953));
#1401 = DIRECTION('',(-1.,-2.775557561563E-17,5.645285852988E-30));
#1402 = DIRECTION('',(1.024155570636E-17,-0.368990931702,0.929432995068)
  );
#1403 = PCURVE('',#120,#1404);
#1404 = DEFINITIONAL_REPRESENTATION('',(#1405),#1413);
#1405 = ( BOUNDED_CURVE() B_SPLINE_CURVE(2,(#1406,#1407,#1408,#1409,
#1410,#1411,#1412),.UNSPECIFIED.,.T.,.F.) B_SPLINE_CURVE_WITH_KNOTS((1,2
    ,2,2,2,1),(-2.094395102393,0.,2.094395102393,4.188790204786,
6.28318530718,8.377580409573),.UNSPECIFIED.) CURVE() 
GEOMETRIC_REPRESENTATION_ITEM() RATIONAL_B_SPLINE_CURVE((1.,0.5,1.,0.5,
1.,0.5,1.)) REPRESENTATION_ITEM('') );
#1406 = CARTESIAN_POINT('',(-9.073004741083,-41.4481782103));
#1407 = CARTESIAN_POINT('',(-60.20188804136,87.337835367381));
#1408 = CARTESIAN_POINT('',(76.894513019177,67.223740383711));
#1409 = CARTESIAN_POINT('',(213.99091407971,47.109645400041));
#1410 = CARTESIAN_POINT('',(128.02339631945,-61.56227319397));
#1411 = CARTESIAN_POINT('',(42.055878559195,-170.2341917879));
#1412 = CARTESIAN_POINT('',(-9.073004741083,-41.4481782103));
#1413 = ( GEOMETRIC_REPRESENTATION_CONTEXT(2) 
PARAMETRIC_REPRESENTATION_CONTEXT() REPRESENTATION_CONTEXT('2D SPACE',''
  ) );
#1414 = PCURVE('',#669,#1415);
#1415 = DEFINITIONAL_REPRESENTATION('',(#1416),#1420);
#1416 = LINE('',#1417,#1418);
#1417 = CARTESIAN_POINT('',(6.28318530718,-115.));
#1418 = VECTOR('',#1419,1.);
#1419 = DIRECTION('',(-1.,0.));
#1420 = ( GEOMETRIC_REPRESENTATION_CONTEXT(2) 
PARAMETRIC_REPRESENTATION_CONTEXT() REPRESENTATION_CONTEXT('2D SPACE',''
  ) );
#1421 = ORIENTED_EDGE('',*,*,#1422,.T.);
#1422 = EDGE_CURVE('',#1395,#524,#1423,.T.);
#1423 = SURFACE_CURVE('',#1424,(#1429,#1440),.PCURVE_S1.);
#1424 = CIRCLE('',#1425,4.000000000353);
#1425 = AXIS2_PLACEMENT_3D('',#1426,#1427,#1428);
#1426 = CARTESIAN_POINT('',(28.,-25.40711148114,-78.59817666492));
#1427 = DIRECTION('',(-1.,-2.775557561563E-17,5.645285852988E-30));
#1428 = DIRECTION('',(-1.932085880628E-17,0.696107300164,0.7179377596));
#1429 = PCURVE('',#120,#1430);
#1430 = DEFINITIONAL_REPRESENTATION('',(#1431),#1439);
#1431 = ( BOUNDED_CURVE() B_SPLINE_CURVE(2,(#1432,#1433,#1434,#1435,
#1436,#1437,#1438),.UNSPECIFIED.,.T.,.F.) B_SPLINE_CURVE_WITH_KNOTS((1,2
    ,2,2,2,1),(-2.094395102393,0.,2.094395102393,4.188790204786,
6.28318530718,8.377580409573),.UNSPECIFIED.) CURVE() 
GEOMETRIC_REPRESENTATION_ITEM() RATIONAL_B_SPLINE_CURVE((1.,0.5,1.,0.5,
1.,0.5,1.)) REPRESENTATION_ITEM('') );
#1432 = CARTESIAN_POINT('',(7.846614096737,43.759680340681));
#1433 = CARTESIAN_POINT('',(12.669386942775,48.733699046315));
#1434 = CARTESIAN_POINT('',(14.565627077734,42.070045892147));
#1435 = CARTESIAN_POINT('',(16.461867212693,35.40639273798));
#1436 = CARTESIAN_POINT('',(9.742854231696,37.096027186513));
#1437 = CARTESIAN_POINT('',(3.0238412507,38.785661635047));
#1438 = CARTESIAN_POINT('',(7.846614096737,43.759680340681));
#1439 = ( GEOMETRIC_REPRESENTATION_CONTEXT(2) 
PARAMETRIC_REPRESENTATION_CONTEXT() REPRESENTATION_CONTEXT('2D SPACE',''
  ) );
#1440 = PCURVE('',#1441,#1446);
#1441 = CYLINDRICAL_SURFACE('',#1442,4.000000000353);
#1442 = AXIS2_PLACEMENT_3D('',#1443,#1444,#1445);
#1443 = CARTESIAN_POINT('',(128.,-25.40711148114,-78.59817666492));
#1444 = DIRECTION('',(-1.,0.,-8.074349270001E-17));
#1445 = DIRECTION('',(-5.796880225129E-17,0.696107300164,0.7179377596));
#1446 = DEFINITIONAL_REPRESENTATION('',(#1447),#1451);
#1447 = LINE('',#1448,#1449);
#1448 = CARTESIAN_POINT('',(0.,100.));
#1449 = VECTOR('',#1450,1.);
#1450 = DIRECTION('',(1.,0.));
#1451 = ( GEOMETRIC_REPRESENTATION_CONTEXT(2) 
PARAMETRIC_REPRESENTATION_CONTEXT() REPRESENTATION_CONTEXT('2D SPACE',''
  ) );
#1452 = FACE_BOUND('',#1453,.T.);
#1453 = EDGE_LOOP('',(#1454,#1489,#1518,#1551));
#1454 = ORIENTED_EDGE('',*,*,#1455,.F.);
#1455 = EDGE_CURVE('',#1456,#1458,#1460,.T.);
#1456 = VERTEX_POINT('',#1457);
#1457 = CARTESIAN_POINT('',(28.,-60.03736710135,-61.86611268752));
#1458 = VERTEX_POINT('',#1459);
#1459 = CARTESIAN_POINT('',(28.,-58.84559106704,-57.21641701102));
#1460 = SURFACE_CURVE('',#1461,(#1466,#1477),.PCURVE_S1.);
#1461 = CIRCLE('',#1462,2.4);
#1462 = AXIS2_PLACEMENT_3D('',#1463,#1464,#1465);
#1463 = CARTESIAN_POINT('',(28.,-59.4414790842,-59.54126484927));
#1464 = DIRECTION('',(-1.,-2.775557561563E-17,5.645285852988E-30));
#1465 = DIRECTION('',(2.775557561563E-17,-1.,-1.566881583645E-46));
#1466 = PCURVE('',#120,#1467);
#1467 = DEFINITIONAL_REPRESENTATION('',(#1468),#1476);
#1468 = ( BOUNDED_CURVE() B_SPLINE_CURVE(2,(#1469,#1470,#1471,#1472,
#1473,#1474,#1475),.UNSPECIFIED.,.T.,.F.) B_SPLINE_CURVE_WITH_KNOTS((1,2
    ,2,2,2,1),(-2.094395102393,0.,2.094395102393,4.188790204786,
6.28318530718,8.377580409573),.UNSPECIFIED.) CURVE() 
GEOMETRIC_REPRESENTATION_ITEM() RATIONAL_B_SPLINE_CURVE((1.,0.5,1.,0.5,
1.,0.5,1.)) REPRESENTATION_ITEM('') );
#1469 = CARTESIAN_POINT('',(-8.338546680263,4.54088353672));
#1470 = CARTESIAN_POINT('',(-12.49546861842,4.54088353672));
#1471 = CARTESIAN_POINT('',(-10.41700764934,8.14088353672));
#1472 = CARTESIAN_POINT('',(-8.338546680263,11.74088353672));
#1473 = CARTESIAN_POINT('',(-6.26008571118,8.14088353672));
#1474 = CARTESIAN_POINT('',(-4.181624742098,4.54088353672));
#1475 = CARTESIAN_POINT('',(-8.338546680263,4.54088353672));
#1476 = ( GEOMETRIC_REPRESENTATION_CONTEXT(2) 
PARAMETRIC_REPRESENTATION_CONTEXT() REPRESENTATION_CONTEXT('2D SPACE',''
  ) );
#1477 = PCURVE('',#1478,#1483);
#1478 = CONICAL_SURFACE('',#1479,2.2,0.785398163397);
#1479 = AXIS2_PLACEMENT_3D('',#1480,#1481,#1482);
#1480 = CARTESIAN_POINT('',(28.2,-59.4414790842,-59.54126484927));
#1481 = DIRECTION('',(-1.,0.,0.));
#1482 = DIRECTION('',(-0.,-1.,-8.546626819881E-47));
#1483 = DEFINITIONAL_REPRESENTATION('',(#1484),#1488);
#1484 = LINE('',#1485,#1486);
#1485 = CARTESIAN_POINT('',(-6.28318530718,0.2));
#1486 = VECTOR('',#1487,1.);
#1487 = DIRECTION('',(1.,8.496191180968E-16));
#1488 = ( GEOMETRIC_REPRESENTATION_CONTEXT(2) 
PARAMETRIC_REPRESENTATION_CONTEXT() REPRESENTATION_CONTEXT('2D SPACE',''
  ) );
#1489 = ORIENTED_EDGE('',*,*,#1490,.F.);
#1490 = EDGE_CURVE('',#1491,#1456,#1493,.T.);
#1491 = VERTEX_POINT('',#1492);
#1492 = CARTESIAN_POINT('',(28.,-37.63274106047,-71.82452778168));
#1493 = SURFACE_CURVE('',#1494,(#1499,#1506),.PCURVE_S1.);
#1494 = CIRCLE('',#1495,73.600000001594);
#1495 = AXIS2_PLACEMENT_3D('',#1496,#1497,#1498);
#1496 = CARTESIAN_POINT('',(28.,-78.31126629444,-133.1614463953));
#1497 = DIRECTION('',(1.,2.775557561563E-17,-5.645285852988E-30));
#1498 = DIRECTION('',(7.642192300389E-18,-0.27533899517,0.961347199371)
  );
#1499 = PCURVE('',#120,#1500);
#1500 = DEFINITIONAL_REPRESENTATION('',(#1501),#1505);
#1501 = CIRCLE('',#1502,73.600000001594);
#1502 = AXIS2_PLACEMENT_2D('',#1503,#1504);
#1503 = CARTESIAN_POINT('',(65.28163486585,-11.92890367352));
#1504 = DIRECTION('',(-0.961347199371,-0.27533899517));
#1505 = ( GEOMETRIC_REPRESENTATION_CONTEXT(2) 
PARAMETRIC_REPRESENTATION_CONTEXT() REPRESENTATION_CONTEXT('2D SPACE',''
  ) );
#1506 = PCURVE('',#1507,#1512);
#1507 = CONICAL_SURFACE('',#1508,73.800000001594,0.785398163397);
#1508 = AXIS2_PLACEMENT_3D('',#1509,#1510,#1511);
#1509 = CARTESIAN_POINT('',(28.2,-78.31126629444,-133.1614463953));
#1510 = DIRECTION('',(1.,0.,0.));
#1511 = DIRECTION('',(0.,-0.27533899517,0.961347199371));
#1512 = DEFINITIONAL_REPRESENTATION('',(#1513),#1517);
#1513 = LINE('',#1514,#1515);
#1514 = CARTESIAN_POINT('',(0.,-0.2));
#1515 = VECTOR('',#1516,1.);
#1516 = DIRECTION('',(1.,0.));
#1517 = ( GEOMETRIC_REPRESENTATION_CONTEXT(2) 
PARAMETRIC_REPRESENTATION_CONTEXT() REPRESENTATION_CONTEXT('2D SPACE',''
  ) );
#1518 = ORIENTED_EDGE('',*,*,#1519,.F.);
#1519 = EDGE_CURVE('',#1520,#1491,#1522,.T.);
#1520 = VERTEX_POINT('',#1521);
#1521 = CARTESIAN_POINT('',(28.,-34.97979376266,-67.82429395913));
#1522 = SURFACE_CURVE('',#1523,(#1528,#1539),.PCURVE_S1.);
#1523 = CIRCLE('',#1524,2.4);
#1524 = AXIS2_PLACEMENT_3D('',#1525,#1526,#1527);
#1525 = CARTESIAN_POINT('',(28.,-36.30626741157,-69.82441087041));
#1526 = DIRECTION('',(-1.,-2.775557561563E-17,5.645285852988E-30));
#1527 = DIRECTION('',(-2.775557561563E-17,1.,1.566881583645E-46));
#1528 = PCURVE('',#120,#1529);
#1529 = DEFINITIONAL_REPRESENTATION('',(#1530),#1538);
#1530 = ( BOUNDED_CURVE() B_SPLINE_CURVE(2,(#1531,#1532,#1533,#1534,
#1535,#1536,#1537),.UNSPECIFIED.,.T.,.F.) B_SPLINE_CURVE_WITH_KNOTS((1,2
    ,2,2,2,1),(-2.094395102393,0.,2.094395102393,4.188790204786,
6.28318530718,8.377580409573),.UNSPECIFIED.) CURVE() 
GEOMETRIC_REPRESENTATION_ITEM() RATIONAL_B_SPLINE_CURVE((1.,0.5,1.,0.5,
1.,0.5,1.)) REPRESENTATION_ITEM('') );
#1531 = CARTESIAN_POINT('',(1.944599340871,32.476095209349));
#1532 = CARTESIAN_POINT('',(6.101521279036,32.476095209349));
#1533 = CARTESIAN_POINT('',(4.023060309953,28.876095209349));
#1534 = CARTESIAN_POINT('',(1.944599340871,25.276095209349));
#1535 = CARTESIAN_POINT('',(-0.133861628212,28.876095209349));
#1536 = CARTESIAN_POINT('',(-2.212322597295,32.476095209349));
#1537 = CARTESIAN_POINT('',(1.944599340871,32.476095209349));
#1538 = ( GEOMETRIC_REPRESENTATION_CONTEXT(2) 
PARAMETRIC_REPRESENTATION_CONTEXT() REPRESENTATION_CONTEXT('2D SPACE',''
  ) );
#1539 = PCURVE('',#1540,#1545);
#1540 = CONICAL_SURFACE('',#1541,2.2,0.785398163397);
#1541 = AXIS2_PLACEMENT_3D('',#1542,#1543,#1544);
#1542 = CARTESIAN_POINT('',(28.2,-36.30626741157,-69.82441087041));
#1543 = DIRECTION('',(-1.,0.,0.));
#1544 = DIRECTION('',(0.,1.,8.546626819881E-47));
#1545 = DEFINITIONAL_REPRESENTATION('',(#1546),#1550);
#1546 = LINE('',#1547,#1548);
#1547 = CARTESIAN_POINT('',(-6.28318530718,0.2));
#1548 = VECTOR('',#1549,1.);
#1549 = DIRECTION('',(1.,6.247199397771E-16));
#1550 = ( GEOMETRIC_REPRESENTATION_CONTEXT(2) 
PARAMETRIC_REPRESENTATION_CONTEXT() REPRESENTATION_CONTEXT('2D SPACE',''
  ) );
#1551 = ORIENTED_EDGE('',*,*,#1552,.F.);
#1552 = EDGE_CURVE('',#1458,#1520,#1553,.T.);
#1553 = SURFACE_CURVE('',#1554,(#1559,#1570),.PCURVE_S1.);
#1554 = CIRCLE('',#1555,78.400000001594);
#1555 = AXIS2_PLACEMENT_3D('',#1556,#1557,#1558);
#1556 = CARTESIAN_POINT('',(28.,-78.31126629444,-133.1614463953));
#1557 = DIRECTION('',(-1.,-2.775557561563E-17,5.645285852988E-30));
#1558 = DIRECTION('',(7.642192300389E-18,-0.27533899517,0.961347199371)
  );
#1559 = PCURVE('',#120,#1560);
#1560 = DEFINITIONAL_REPRESENTATION('',(#1561),#1569);
#1561 = ( BOUNDED_CURVE() B_SPLINE_CURVE(2,(#1562,#1563,#1564,#1565,
#1566,#1567,#1568),.UNSPECIFIED.,.T.,.F.) B_SPLINE_CURVE_WITH_KNOTS((1,2
    ,2,2,2,1),(-2.094395102393,0.,2.094395102393,4.188790204786,
6.28318530718,8.377580409573),.UNSPECIFIED.) CURVE() 
GEOMETRIC_REPRESENTATION_ITEM() RATIONAL_B_SPLINE_CURVE((1.,0.5,1.,0.5,
1.,0.5,1.)) REPRESENTATION_ITEM('') );
#1562 = CARTESIAN_POINT('',(-10.08798556637,-33.51548089531));
#1563 = CARTESIAN_POINT('',(-47.47703407603,97.028531040476));
#1564 = CARTESIAN_POINT('',(84.271920827132,64.136390905274));
#1565 = CARTESIAN_POINT('',(216.02087573029,31.244250770071));
#1566 = CARTESIAN_POINT('',(121.66096933679,-66.40762103051));
#1567 = CARTESIAN_POINT('',(27.301062943286,-164.0594928311));
#1568 = CARTESIAN_POINT('',(-10.08798556637,-33.51548089531));
#1569 = ( GEOMETRIC_REPRESENTATION_CONTEXT(2) 
PARAMETRIC_REPRESENTATION_CONTEXT() REPRESENTATION_CONTEXT('2D SPACE',''
  ) );
#1570 = PCURVE('',#1571,#1576);
#1571 = CONICAL_SURFACE('',#1572,78.200000001594,0.785398163397);
#1572 = AXIS2_PLACEMENT_3D('',#1573,#1574,#1575);
#1573 = CARTESIAN_POINT('',(28.2,-78.31126629444,-133.1614463953));
#1574 = DIRECTION('',(-1.,0.,0.));
#1575 = DIRECTION('',(0.,-0.27533899517,0.961347199371));
#1576 = DEFINITIONAL_REPRESENTATION('',(#1577),#1581);
#1577 = LINE('',#1578,#1579);
#1578 = CARTESIAN_POINT('',(0.,0.2));
#1579 = VECTOR('',#1580,1.);
#1580 = DIRECTION('',(1.,2.122784534703E-14));
#1581 = ( GEOMETRIC_REPRESENTATION_CONTEXT(2) 
PARAMETRIC_REPRESENTATION_CONTEXT() REPRESENTATION_CONTEXT('2D SPACE',''
  ) );
#1582 = FACE_BOUND('',#1583,.T.);
#1583 = EDGE_LOOP('',(#1584));
#1584 = ORIENTED_EDGE('',*,*,#1585,.T.);
#1585 = EDGE_CURVE('',#1586,#1586,#1588,.T.);
#1586 = VERTEX_POINT('',#1587);
#1587 = CARTESIAN_POINT('',(28.,-32.9569547038,-73.95784357578));
#1588 = SURFACE_CURVE('',#1589,(#1594,#1601),.PCURVE_S1.);
#1589 = CIRCLE('',#1590,2.3);
#1590 = AXIS2_PLACEMENT_3D('',#1591,#1592,#1593);
#1591 = CARTESIAN_POINT('',(28.,-30.6569547038,-73.95784357578));
#1592 = DIRECTION('',(1.,2.775557561563E-17,-5.645285852988E-30));
#1593 = DIRECTION('',(-2.775557561563E-17,1.,1.572013291888E-46));
#1594 = PCURVE('',#120,#1595);
#1595 = DEFINITIONAL_REPRESENTATION('',(#1596),#1600);
#1596 = CIRCLE('',#1597,2.3);
#1597 = AXIS2_PLACEMENT_2D('',#1598,#1599);
#1598 = CARTESIAN_POINT('',(6.07803204624,35.725407917121));
#1599 = DIRECTION('',(-5.131708243377E-49,1.));
#1600 = ( GEOMETRIC_REPRESENTATION_CONTEXT(2) 
PARAMETRIC_REPRESENTATION_CONTEXT() REPRESENTATION_CONTEXT('2D SPACE',''
  ) );
#1601 = PCURVE('',#1602,#1607);
#1602 = CYLINDRICAL_SURFACE('',#1603,2.3);
#1603 = AXIS2_PLACEMENT_3D('',#1604,#1605,#1606);
#1604 = CARTESIAN_POINT('',(28.,-30.6569547038,-73.95784357578));
#1605 = DIRECTION('',(1.,0.,0.));
#1606 = DIRECTION('',(-0.,1.,5.131708243377E-49));
#1607 = DEFINITIONAL_REPRESENTATION('',(#1608),#1612);
#1608 = LINE('',#1609,#1610);
#1609 = CARTESIAN_POINT('',(0.,-9.947598300641E-14));
#1610 = VECTOR('',#1611,1.);
#1611 = DIRECTION('',(1.,0.));
#1612 = ( GEOMETRIC_REPRESENTATION_CONTEXT(2) 
PARAMETRIC_REPRESENTATION_CONTEXT() REPRESENTATION_CONTEXT('2D SPACE',''
  ) );
#1613 = FACE_BOUND('',#1614,.T.);
#1614 = EDGE_LOOP('',(#1615));
#1615 = ORIENTED_EDGE('',*,*,#1616,.T.);
#1616 = EDGE_CURVE('',#1617,#1617,#1619,.T.);
#1617 = VERTEX_POINT('',#1618);
#1618 = CARTESIAN_POINT('',(28.,-68.59513072684,-58.11737610318));
#1619 = SURFACE_CURVE('',#1620,(#1625,#1632),.PCURVE_S1.);
#1620 = CIRCLE('',#1621,2.3);
#1621 = AXIS2_PLACEMENT_3D('',#1622,#1623,#1624);
#1622 = CARTESIAN_POINT('',(28.,-66.29513072684,-58.11737610318));
#1623 = DIRECTION('',(1.,2.775557561563E-17,-5.645285852988E-30));
#1624 = DIRECTION('',(-2.775557561563E-17,1.,1.572013291888E-46));
#1625 = PCURVE('',#120,#1626);
#1626 = DEFINITIONAL_REPRESENTATION('',(#1627),#1631);
#1627 = CIRCLE('',#1628,2.3);
#1628 = AXIS2_PLACEMENT_2D('',#1629,#1630);
#1629 = CARTESIAN_POINT('',(-9.762435426354,8.72318940733E-02));
#1630 = DIRECTION('',(-5.131708243377E-49,1.));
#1631 = ( GEOMETRIC_REPRESENTATION_CONTEXT(2) 
PARAMETRIC_REPRESENTATION_CONTEXT() REPRESENTATION_CONTEXT('2D SPACE',''
  ) );
#1632 = PCURVE('',#1633,#1638);
#1633 = CYLINDRICAL_SURFACE('',#1634,2.3);
#1634 = AXIS2_PLACEMENT_3D('',#1635,#1636,#1637);
#1635 = CARTESIAN_POINT('',(28.,-66.29513072684,-58.11737610318));
#1636 = DIRECTION('',(1.,0.,0.));
#1637 = DIRECTION('',(-0.,1.,5.131708243377E-49));
#1638 = DEFINITIONAL_REPRESENTATION('',(#1639),#1643);
#1639 = LINE('',#1640,#1641);
#1640 = CARTESIAN_POINT('',(0.,-9.947598300641E-14));
#1641 = VECTOR('',#1642,1.);
#1642 = DIRECTION('',(1.,0.));
#1643 = ( GEOMETRIC_REPRESENTATION_CONTEXT(2) 
PARAMETRIC_REPRESENTATION_CONTEXT() REPRESENTATION_CONTEXT('2D SPACE',''
  ) );
#1644 = FACE_BOUND('',#1645,.T.);
#1645 = EDGE_LOOP('',(#1646));
#1646 = ORIENTED_EDGE('',*,*,#1647,.T.);
#1647 = EDGE_CURVE('',#1648,#1648,#1650,.T.);
#1648 = VERTEX_POINT('',#1649);
#1649 = CARTESIAN_POINT('',(28.,-103.1379010774,-60.57666338027));
#1650 = SURFACE_CURVE('',#1651,(#1656,#1663),.PCURVE_S1.);
#1651 = CIRCLE('',#1652,2.3);
#1652 = AXIS2_PLACEMENT_3D('',#1653,#1654,#1655);
#1653 = CARTESIAN_POINT('',(28.,-100.8379010774,-60.57666338027));
#1654 = DIRECTION('',(1.,2.775557561563E-17,-5.645285852988E-30));
#1655 = DIRECTION('',(-2.775557561563E-17,1.,1.572013291888E-46));
#1656 = PCURVE('',#120,#1657);
#1657 = DEFINITIONAL_REPRESENTATION('',(#1658),#1662);
#1658 = CIRCLE('',#1659,2.3);
#1659 = AXIS2_PLACEMENT_2D('',#1660,#1661);
#1660 = CARTESIAN_POINT('',(-7.303148149264,-34.45553845656));
#1661 = DIRECTION('',(-5.131708243377E-49,1.));
#1662 = ( GEOMETRIC_REPRESENTATION_CONTEXT(2) 
PARAMETRIC_REPRESENTATION_CONTEXT() REPRESENTATION_CONTEXT('2D SPACE',''
  ) );
#1663 = PCURVE('',#1664,#1669);
#1664 = CYLINDRICAL_SURFACE('',#1665,2.3);
#1665 = AXIS2_PLACEMENT_3D('',#1666,#1667,#1668);
#1666 = CARTESIAN_POINT('',(28.,-100.8379010774,-60.57666338027));
#1667 = DIRECTION('',(1.,0.,0.));
#1668 = DIRECTION('',(-0.,1.,5.131708243377E-49));
#1669 = DEFINITIONAL_REPRESENTATION('',(#1670),#1674);
#1670 = LINE('',#1671,#1672);
#1671 = CARTESIAN_POINT('',(0.,-9.947598300641E-14));
#1672 = VECTOR('',#1673,1.);
#1673 = DIRECTION('',(1.,0.));
#1674 = ( GEOMETRIC_REPRESENTATION_CONTEXT(2) 
PARAMETRIC_REPRESENTATION_CONTEXT() REPRESENTATION_CONTEXT('2D SPACE',''
  ) );
#1675 = FACE_BOUND('',#1676,.T.);
#1676 = EDGE_LOOP('',(#1677,#1678,#1679,#1680));
#1677 = ORIENTED_EDGE('',*,*,#103,.F.);
#1678 = ORIENTED_EDGE('',*,*,#195,.F.);
#1679 = ORIENTED_EDGE('',*,*,#282,.F.);
#1680 = ORIENTED_EDGE('',*,*,#335,.F.);
#1681 = ADVANCED_FACE('',(#1682),#1478,.F.);
#1682 = FACE_BOUND('',#1683,.F.);
#1683 = EDGE_LOOP('',(#1684,#1715,#1736,#1737));
#1684 = ORIENTED_EDGE('',*,*,#1685,.F.);
#1685 = EDGE_CURVE('',#1686,#1688,#1690,.T.);
#1686 = VERTEX_POINT('',#1687);
#1687 = CARTESIAN_POINT('',(28.4,-58.94490573657,-57.60389165073));
#1688 = VERTEX_POINT('',#1689);
#1689 = CARTESIAN_POINT('',(28.4,-59.93805243182,-61.47863804781));
#1690 = SURFACE_CURVE('',#1691,(#1696,#1703),.PCURVE_S1.);
#1691 = CIRCLE('',#1692,2.);
#1692 = AXIS2_PLACEMENT_3D('',#1693,#1694,#1695);
#1693 = CARTESIAN_POINT('',(28.4,-59.4414790842,-59.54126484927));
#1694 = DIRECTION('',(1.,2.775557561563E-17,-5.645285852988E-30));
#1695 = DIRECTION('',(2.775557561563E-17,-1.,-1.566881583645E-46));
#1696 = PCURVE('',#1478,#1697);
#1697 = DEFINITIONAL_REPRESENTATION('',(#1698),#1702);
#1698 = LINE('',#1699,#1700);
#1699 = CARTESIAN_POINT('',(6.28318530718,-0.2));
#1700 = VECTOR('',#1701,1.);
#1701 = DIRECTION('',(-1.,-1.499327855465E-16));
#1702 = ( GEOMETRIC_REPRESENTATION_CONTEXT(2) 
PARAMETRIC_REPRESENTATION_CONTEXT() REPRESENTATION_CONTEXT('2D SPACE',''
  ) );
#1703 = PCURVE('',#1704,#1709);
#1704 = CYLINDRICAL_SURFACE('',#1705,2.);
#1705 = AXIS2_PLACEMENT_3D('',#1706,#1707,#1708);
#1706 = CARTESIAN_POINT('',(28.,-59.4414790842,-59.54126484927));
#1707 = DIRECTION('',(1.,0.,0.));
#1708 = DIRECTION('',(0.,-1.,0.));
#1709 = DEFINITIONAL_REPRESENTATION('',(#1710),#1714);
#1710 = LINE('',#1711,#1712);
#1711 = CARTESIAN_POINT('',(8.881784197001E-16,0.4));
#1712 = VECTOR('',#1713,1.);
#1713 = DIRECTION('',(1.,0.));
#1714 = ( GEOMETRIC_REPRESENTATION_CONTEXT(2) 
PARAMETRIC_REPRESENTATION_CONTEXT() REPRESENTATION_CONTEXT('2D SPACE',''
  ) );
#1715 = ORIENTED_EDGE('',*,*,#1716,.F.);
#1716 = EDGE_CURVE('',#1458,#1686,#1717,.T.);
#1717 = SURFACE_CURVE('',#1718,(#1722,#1729),.PCURVE_S1.);
#1718 = LINE('',#1719,#1720);
#1719 = CARTESIAN_POINT('',(28.,-58.84559106704,-57.21641701102));
#1720 = VECTOR('',#1721,1.);
#1721 = DIRECTION('',(0.707106781187,-0.175565190732,-0.684964863189));
#1722 = PCURVE('',#1478,#1723);
#1723 = DEFINITIONAL_REPRESENTATION('',(#1724),#1728);
#1724 = LINE('',#1725,#1726);
#1725 = CARTESIAN_POINT('',(1.821707469388,0.2));
#1726 = VECTOR('',#1727,1.);
#1727 = DIRECTION('',(1.942890293094E-14,-1.));
#1728 = ( GEOMETRIC_REPRESENTATION_CONTEXT(2) 
PARAMETRIC_REPRESENTATION_CONTEXT() REPRESENTATION_CONTEXT('2D SPACE',''
  ) );
#1729 = PCURVE('',#1571,#1730);
#1730 = DEFINITIONAL_REPRESENTATION('',(#1731),#1735);
#1731 = LINE('',#1732,#1733);
#1732 = CARTESIAN_POINT('',(0.529853452306,0.2));
#1733 = VECTOR('',#1734,1.);
#1734 = DIRECTION('',(0.,-1.));
#1735 = ( GEOMETRIC_REPRESENTATION_CONTEXT(2) 
PARAMETRIC_REPRESENTATION_CONTEXT() REPRESENTATION_CONTEXT('2D SPACE',''
  ) );
#1736 = ORIENTED_EDGE('',*,*,#1455,.F.);
#1737 = ORIENTED_EDGE('',*,*,#1738,.F.);
#1738 = EDGE_CURVE('',#1688,#1456,#1739,.T.);
#1739 = SURFACE_CURVE('',#1740,(#1744,#1751),.PCURVE_S1.);
#1740 = LINE('',#1741,#1742);
#1741 = CARTESIAN_POINT('',(28.4,-59.93805243182,-61.47863804781));
#1742 = VECTOR('',#1743,1.);
#1743 = DIRECTION('',(-0.707106781187,-0.175565190732,-0.684964863189));
#1744 = PCURVE('',#1478,#1745);
#1745 = DEFINITIONAL_REPRESENTATION('',(#1746),#1750);
#1746 = LINE('',#1747,#1748);
#1747 = CARTESIAN_POINT('',(-1.319885184202,-0.2));
#1748 = VECTOR('',#1749,1.);
#1749 = DIRECTION('',(4.4408920985E-15,1.));
#1750 = ( GEOMETRIC_REPRESENTATION_CONTEXT(2) 
PARAMETRIC_REPRESENTATION_CONTEXT() REPRESENTATION_CONTEXT('2D SPACE',''
  ) );
#1751 = PCURVE('',#1507,#1752);
#1752 = DEFINITIONAL_REPRESENTATION('',(#1753),#1757);
#1753 = LINE('',#1754,#1755);
#1754 = CARTESIAN_POINT('',(5.753331854874,0.2));
#1755 = VECTOR('',#1756,1.);
#1756 = DIRECTION('',(0.,-1.));
#1757 = ( GEOMETRIC_REPRESENTATION_CONTEXT(2) 
PARAMETRIC_REPRESENTATION_CONTEXT() REPRESENTATION_CONTEXT('2D SPACE',''
  ) );
#1758 = ADVANCED_FACE('',(#1759),#1507,.T.);
#1759 = FACE_BOUND('',#1760,.T.);
#1760 = EDGE_LOOP('',(#1761,#1784,#1785,#1786));
#1761 = ORIENTED_EDGE('',*,*,#1762,.T.);
#1762 = EDGE_CURVE('',#1763,#1491,#1765,.T.);
#1763 = VERTEX_POINT('',#1764);
#1764 = CARTESIAN_POINT('',(28.4,-37.41166211899,-71.49117496313));
#1765 = SURFACE_CURVE('',#1766,(#1770,#1777),.PCURVE_S1.);
#1766 = LINE('',#1767,#1768);
#1767 = CARTESIAN_POINT('',(28.4,-37.41166211899,-71.49117496313));
#1768 = VECTOR('',#1769,1.);
#1769 = DIRECTION('',(-0.707106781187,-0.390816046752,-0.589290096303));
#1770 = PCURVE('',#1507,#1771);
#1771 = DEFINITIONAL_REPRESENTATION('',(#1772),#1776);
#1772 = LINE('',#1773,#1774);
#1773 = CARTESIAN_POINT('',(5.418645585052,0.2));
#1774 = VECTOR('',#1775,1.);
#1775 = DIRECTION('',(2.22044604925E-15,-1.));
#1776 = ( GEOMETRIC_REPRESENTATION_CONTEXT(2) 
PARAMETRIC_REPRESENTATION_CONTEXT() REPRESENTATION_CONTEXT('2D SPACE',''
  ) );
#1777 = PCURVE('',#1540,#1778);
#1778 = DEFINITIONAL_REPRESENTATION('',(#1779),#1783);
#1779 = LINE('',#1780,#1781);
#1780 = CARTESIAN_POINT('',(2.156393739209,-0.2));
#1781 = VECTOR('',#1782,1.);
#1782 = DIRECTION('',(1.221245327088E-14,1.));
#1783 = ( GEOMETRIC_REPRESENTATION_CONTEXT(2) 
PARAMETRIC_REPRESENTATION_CONTEXT() REPRESENTATION_CONTEXT('2D SPACE',''
  ) );
#1784 = ORIENTED_EDGE('',*,*,#1490,.T.);
#1785 = ORIENTED_EDGE('',*,*,#1738,.F.);
#1786 = ORIENTED_EDGE('',*,*,#1787,.T.);
#1787 = EDGE_CURVE('',#1688,#1763,#1788,.T.);
#1788 = SURFACE_CURVE('',#1789,(#1794,#1801),.PCURVE_S1.);
#1789 = CIRCLE('',#1790,74.000000001594);
#1790 = AXIS2_PLACEMENT_3D('',#1791,#1792,#1793);
#1791 = CARTESIAN_POINT('',(28.4,-78.31126629444,-133.1614463953));
#1792 = DIRECTION('',(-1.,-2.775557561563E-17,5.645285852988E-30));
#1793 = DIRECTION('',(7.642192300389E-18,-0.27533899517,0.961347199371)
  );
#1794 = PCURVE('',#1507,#1795);
#1795 = DEFINITIONAL_REPRESENTATION('',(#1796),#1800);
#1796 = LINE('',#1797,#1798);
#1797 = CARTESIAN_POINT('',(6.28318530718,0.2));
#1798 = VECTOR('',#1799,1.);
#1799 = DIRECTION('',(-1.,0.));
#1800 = ( GEOMETRIC_REPRESENTATION_CONTEXT(2) 
PARAMETRIC_REPRESENTATION_CONTEXT() REPRESENTATION_CONTEXT('2D SPACE',''
  ) );
#1801 = PCURVE('',#1802,#1807);
#1802 = CYLINDRICAL_SURFACE('',#1803,74.000000001594);
#1803 = AXIS2_PLACEMENT_3D('',#1804,#1805,#1806);
#1804 = CARTESIAN_POINT('',(28.,-78.31126629444,-133.1614463953));
#1805 = DIRECTION('',(1.,0.,0.));
#1806 = DIRECTION('',(0.,-0.27533899517,0.961347199371));
#1807 = DEFINITIONAL_REPRESENTATION('',(#1808),#1812);
#1808 = LINE('',#1809,#1810);
#1809 = CARTESIAN_POINT('',(6.28318530718,0.4));
#1810 = VECTOR('',#1811,1.);
#1811 = DIRECTION('',(-1.,0.));
#1812 = ( GEOMETRIC_REPRESENTATION_CONTEXT(2) 
PARAMETRIC_REPRESENTATION_CONTEXT() REPRESENTATION_CONTEXT('2D SPACE',''
  ) );
#1813 = ADVANCED_FACE('',(#1814),#1540,.F.);
#1814 = FACE_BOUND('',#1815,.F.);
#1815 = EDGE_LOOP('',(#1816,#1845,#1846,#1847));
#1816 = ORIENTED_EDGE('',*,*,#1817,.F.);
#1817 = EDGE_CURVE('',#1763,#1818,#1820,.T.);
#1818 = VERTEX_POINT('',#1819);
#1819 = CARTESIAN_POINT('',(28.4,-35.20087270415,-68.15764677768));
#1820 = SURFACE_CURVE('',#1821,(#1826,#1833),.PCURVE_S1.);
#1821 = CIRCLE('',#1822,2.);
#1822 = AXIS2_PLACEMENT_3D('',#1823,#1824,#1825);
#1823 = CARTESIAN_POINT('',(28.4,-36.30626741157,-69.82441087041));
#1824 = DIRECTION('',(1.,2.775557561563E-17,-5.645285852988E-30));
#1825 = DIRECTION('',(-2.775557561563E-17,1.,1.566881583645E-46));
#1826 = PCURVE('',#1540,#1827);
#1827 = DEFINITIONAL_REPRESENTATION('',(#1828),#1832);
#1828 = LINE('',#1829,#1830);
#1829 = CARTESIAN_POINT('',(6.28318530718,-0.2));
#1830 = VECTOR('',#1831,1.);
#1831 = DIRECTION('',(-1.,0.));
#1832 = ( GEOMETRIC_REPRESENTATION_CONTEXT(2) 
PARAMETRIC_REPRESENTATION_CONTEXT() REPRESENTATION_CONTEXT('2D SPACE',''
  ) );
#1833 = PCURVE('',#1834,#1839);
#1834 = CYLINDRICAL_SURFACE('',#1835,2.);
#1835 = AXIS2_PLACEMENT_3D('',#1836,#1837,#1838);
#1836 = CARTESIAN_POINT('',(28.,-36.30626741157,-69.82441087041));
#1837 = DIRECTION('',(1.,0.,0.));
#1838 = DIRECTION('',(0.,0.833382046364,-0.55269735371));
#1839 = DEFINITIONAL_REPRESENTATION('',(#1840),#1844);
#1840 = LINE('',#1841,#1842);
#1841 = CARTESIAN_POINT('',(-5.697587894765,0.4));
#1842 = VECTOR('',#1843,1.);
#1843 = DIRECTION('',(1.,0.));
#1844 = ( GEOMETRIC_REPRESENTATION_CONTEXT(2) 
PARAMETRIC_REPRESENTATION_CONTEXT() REPRESENTATION_CONTEXT('2D SPACE',''
  ) );
#1845 = ORIENTED_EDGE('',*,*,#1762,.T.);
#1846 = ORIENTED_EDGE('',*,*,#1519,.F.);
#1847 = ORIENTED_EDGE('',*,*,#1848,.F.);
#1848 = EDGE_CURVE('',#1818,#1520,#1849,.T.);
#1849 = SURFACE_CURVE('',#1850,(#1854,#1861),.PCURVE_S1.);
#1850 = LINE('',#1851,#1852);
#1851 = CARTESIAN_POINT('',(28.4,-35.20087270415,-68.15764677768));
#1852 = VECTOR('',#1853,1.);
#1853 = DIRECTION('',(-0.707106781187,0.390816046752,0.589290096303));
#1854 = PCURVE('',#1540,#1855);
#1855 = DEFINITIONAL_REPRESENTATION('',(#1856),#1860);
#1856 = LINE('',#1857,#1858);
#1857 = CARTESIAN_POINT('',(-0.98519891438,-0.2));
#1858 = VECTOR('',#1859,1.);
#1859 = DIRECTION('',(-2.22044604925E-15,1.));
#1860 = ( GEOMETRIC_REPRESENTATION_CONTEXT(2) 
PARAMETRIC_REPRESENTATION_CONTEXT() REPRESENTATION_CONTEXT('2D SPACE',''
  ) );
#1861 = PCURVE('',#1571,#1862);
#1862 = DEFINITIONAL_REPRESENTATION('',(#1863),#1867);
#1863 = LINE('',#1864,#1865);
#1864 = CARTESIAN_POINT('',(0.864539722127,-0.2));
#1865 = VECTOR('',#1866,1.);
#1866 = DIRECTION('',(-2.775557561563E-16,1.));
#1867 = ( GEOMETRIC_REPRESENTATION_CONTEXT(2) 
PARAMETRIC_REPRESENTATION_CONTEXT() REPRESENTATION_CONTEXT('2D SPACE',''
  ) );
#1868 = ADVANCED_FACE('',(#1869),#1571,.F.);
#1869 = FACE_BOUND('',#1870,.F.);
#1870 = EDGE_LOOP('',(#1871,#1898,#1899,#1900));
#1871 = ORIENTED_EDGE('',*,*,#1872,.F.);
#1872 = EDGE_CURVE('',#1818,#1686,#1873,.T.);
#1873 = SURFACE_CURVE('',#1874,(#1879,#1886),.PCURVE_S1.);
#1874 = CIRCLE('',#1875,78.000000001594);
#1875 = AXIS2_PLACEMENT_3D('',#1876,#1877,#1878);
#1876 = CARTESIAN_POINT('',(28.4,-78.31126629444,-133.1614463953));
#1877 = DIRECTION('',(1.,2.775557561563E-17,-5.645285852988E-30));
#1878 = DIRECTION('',(7.642192300389E-18,-0.27533899517,0.961347199371)
  );
#1879 = PCURVE('',#1571,#1880);
#1880 = DEFINITIONAL_REPRESENTATION('',(#1881),#1885);
#1881 = LINE('',#1882,#1883);
#1882 = CARTESIAN_POINT('',(6.28318530718,-0.2));
#1883 = VECTOR('',#1884,1.);
#1884 = DIRECTION('',(-1.,2.122784534703E-14));
#1885 = ( GEOMETRIC_REPRESENTATION_CONTEXT(2) 
PARAMETRIC_REPRESENTATION_CONTEXT() REPRESENTATION_CONTEXT('2D SPACE',''
  ) );
#1886 = PCURVE('',#1887,#1892);
#1887 = CYLINDRICAL_SURFACE('',#1888,78.000000001594);
#1888 = AXIS2_PLACEMENT_3D('',#1889,#1890,#1891);
#1889 = CARTESIAN_POINT('',(28.,-78.31126629444,-133.1614463953));
#1890 = DIRECTION('',(1.,0.,0.));
#1891 = DIRECTION('',(0.,-0.27533899517,0.961347199371));
#1892 = DEFINITIONAL_REPRESENTATION('',(#1893),#1897);
#1893 = LINE('',#1894,#1895);
#1894 = CARTESIAN_POINT('',(0.,0.4));
#1895 = VECTOR('',#1896,1.);
#1896 = DIRECTION('',(1.,0.));
#1897 = ( GEOMETRIC_REPRESENTATION_CONTEXT(2) 
PARAMETRIC_REPRESENTATION_CONTEXT() REPRESENTATION_CONTEXT('2D SPACE',''
  ) );
#1898 = ORIENTED_EDGE('',*,*,#1848,.T.);
#1899 = ORIENTED_EDGE('',*,*,#1552,.F.);
#1900 = ORIENTED_EDGE('',*,*,#1716,.T.);
#1901 = ADVANCED_FACE('',(#1902),#1802,.T.);
#1902 = FACE_BOUND('',#1903,.T.);
#1903 = EDGE_LOOP('',(#1904,#1905,#1928,#1957));
#1904 = ORIENTED_EDGE('',*,*,#1787,.F.);
#1905 = ORIENTED_EDGE('',*,*,#1906,.T.);
#1906 = EDGE_CURVE('',#1688,#1907,#1909,.T.);
#1907 = VERTEX_POINT('',#1908);
#1908 = CARTESIAN_POINT('',(31.,-59.93805243182,-61.47863804781));
#1909 = SURFACE_CURVE('',#1910,(#1914,#1921),.PCURVE_S1.);
#1910 = LINE('',#1911,#1912);
#1911 = CARTESIAN_POINT('',(28.,-59.93805243182,-61.47863804781));
#1912 = VECTOR('',#1913,1.);
#1913 = DIRECTION('',(1.,0.,0.));
#1914 = PCURVE('',#1802,#1915);
#1915 = DEFINITIONAL_REPRESENTATION('',(#1916),#1920);
#1916 = LINE('',#1917,#1918);
#1917 = CARTESIAN_POINT('',(5.753331854874,0.));
#1918 = VECTOR('',#1919,1.);
#1919 = DIRECTION('',(0.,1.));
#1920 = ( GEOMETRIC_REPRESENTATION_CONTEXT(2) 
PARAMETRIC_REPRESENTATION_CONTEXT() REPRESENTATION_CONTEXT('2D SPACE',''
  ) );
#1921 = PCURVE('',#1704,#1922);
#1922 = DEFINITIONAL_REPRESENTATION('',(#1923),#1927);
#1923 = LINE('',#1924,#1925);
#1924 = CARTESIAN_POINT('',(7.603070491381,0.));
#1925 = VECTOR('',#1926,1.);
#1926 = DIRECTION('',(0.,1.));
#1927 = ( GEOMETRIC_REPRESENTATION_CONTEXT(2) 
PARAMETRIC_REPRESENTATION_CONTEXT() REPRESENTATION_CONTEXT('2D SPACE',''
  ) );
#1928 = ORIENTED_EDGE('',*,*,#1929,.T.);
#1929 = EDGE_CURVE('',#1907,#1930,#1932,.T.);
#1930 = VERTEX_POINT('',#1931);
#1931 = CARTESIAN_POINT('',(31.,-37.41166211899,-71.49117496313));
#1932 = SURFACE_CURVE('',#1933,(#1938,#1945),.PCURVE_S1.);
#1933 = CIRCLE('',#1934,74.000000001594);
#1934 = AXIS2_PLACEMENT_3D('',#1935,#1936,#1937);
#1935 = CARTESIAN_POINT('',(31.,-78.31126629444,-133.1614463953));
#1936 = DIRECTION('',(-1.,-2.775557561563E-17,5.622174693655E-30));
#1937 = DIRECTION('',(7.642192300389E-18,-0.27533899517,0.961347199371)
  );
#1938 = PCURVE('',#1802,#1939);
#1939 = DEFINITIONAL_REPRESENTATION('',(#1940),#1944);
#1940 = LINE('',#1941,#1942);
#1941 = CARTESIAN_POINT('',(6.28318530718,3.));
#1942 = VECTOR('',#1943,1.);
#1943 = DIRECTION('',(-1.,0.));
#1944 = ( GEOMETRIC_REPRESENTATION_CONTEXT(2) 
PARAMETRIC_REPRESENTATION_CONTEXT() REPRESENTATION_CONTEXT('2D SPACE',''
  ) );
#1945 = PCURVE('',#1946,#1951);
#1946 = PLANE('',#1947);
#1947 = AXIS2_PLACEMENT_3D('',#1948,#1949,#1950);
#1948 = CARTESIAN_POINT('',(31.,-47.87387324788,-64.68283785984));
#1949 = DIRECTION('',(-1.,-2.775557561563E-17,5.6206339497E-30));
#1950 = DIRECTION('',(2.775557561563E-17,-1.,0.));
#1951 = DEFINITIONAL_REPRESENTATION('',(#1952),#1956);
#1952 = CIRCLE('',#1953,74.000000001594);
#1953 = AXIS2_PLACEMENT_2D('',#1954,#1955);
#1954 = CARTESIAN_POINT('',(30.437393046555,-68.47860853554));
#1955 = DIRECTION('',(0.27533899517,0.961347199371));
#1956 = ( GEOMETRIC_REPRESENTATION_CONTEXT(2) 
PARAMETRIC_REPRESENTATION_CONTEXT() REPRESENTATION_CONTEXT('2D SPACE',''
  ) );
#1957 = ORIENTED_EDGE('',*,*,#1958,.F.);
#1958 = EDGE_CURVE('',#1763,#1930,#1959,.T.);
#1959 = SURFACE_CURVE('',#1960,(#1964,#1971),.PCURVE_S1.);
#1960 = LINE('',#1961,#1962);
#1961 = CARTESIAN_POINT('',(28.,-37.41166211899,-71.49117496313));
#1962 = VECTOR('',#1963,1.);
#1963 = DIRECTION('',(1.,0.,0.));
#1964 = PCURVE('',#1802,#1965);
#1965 = DEFINITIONAL_REPRESENTATION('',(#1966),#1970);
#1966 = LINE('',#1967,#1968);
#1967 = CARTESIAN_POINT('',(5.418645585052,0.));
#1968 = VECTOR('',#1969,1.);
#1969 = DIRECTION('',(0.,1.));
#1970 = ( GEOMETRIC_REPRESENTATION_CONTEXT(2) 
PARAMETRIC_REPRESENTATION_CONTEXT() REPRESENTATION_CONTEXT('2D SPACE',''
  ) );
#1971 = PCURVE('',#1834,#1972);
#1972 = DEFINITIONAL_REPRESENTATION('',(#1973),#1977);
#1973 = LINE('',#1974,#1975);
#1974 = CARTESIAN_POINT('',(-1.570796326795,0.));
#1975 = VECTOR('',#1976,1.);
#1976 = DIRECTION('',(0.,1.));
#1977 = ( GEOMETRIC_REPRESENTATION_CONTEXT(2) 
PARAMETRIC_REPRESENTATION_CONTEXT() REPRESENTATION_CONTEXT('2D SPACE',''
  ) );
#1978 = ADVANCED_FACE('',(#1979),#1704,.F.);
#1979 = FACE_BOUND('',#1980,.F.);
#1980 = EDGE_LOOP('',(#1981,#1982,#2010,#2031));
#1981 = ORIENTED_EDGE('',*,*,#1906,.T.);
#1982 = ORIENTED_EDGE('',*,*,#1983,.F.);
#1983 = EDGE_CURVE('',#1984,#1907,#1986,.T.);
#1984 = VERTEX_POINT('',#1985);
#1985 = CARTESIAN_POINT('',(31.,-58.94490573657,-57.60389165073));
#1986 = SURFACE_CURVE('',#1987,(#1992,#1999),.PCURVE_S1.);
#1987 = CIRCLE('',#1988,2.);
#1988 = AXIS2_PLACEMENT_3D('',#1989,#1990,#1991);
#1989 = CARTESIAN_POINT('',(31.,-59.4414790842,-59.54126484927));
#1990 = DIRECTION('',(1.,2.775557561563E-17,-5.6206339497E-30));
#1991 = DIRECTION('',(2.775557561563E-17,-1.,0.));
#1992 = PCURVE('',#1704,#1993);
#1993 = DEFINITIONAL_REPRESENTATION('',(#1994),#1998);
#1994 = LINE('',#1995,#1996);
#1995 = CARTESIAN_POINT('',(8.881784197001E-16,3.));
#1996 = VECTOR('',#1997,1.);
#1997 = DIRECTION('',(1.,0.));
#1998 = ( GEOMETRIC_REPRESENTATION_CONTEXT(2) 
PARAMETRIC_REPRESENTATION_CONTEXT() REPRESENTATION_CONTEXT('2D SPACE',''
  ) );
#1999 = PCURVE('',#1946,#2000);
#2000 = DEFINITIONAL_REPRESENTATION('',(#2001),#2009);
#2001 = ( BOUNDED_CURVE() B_SPLINE_CURVE(2,(#2002,#2003,#2004,#2005,
#2006,#2007,#2008),.UNSPECIFIED.,.T.,.F.) B_SPLINE_CURVE_WITH_KNOTS((1,2
    ,2,2,2,1),(-2.094395102393,0.,2.094395102393,4.188790204786,
6.28318530718,8.377580409573),.UNSPECIFIED.) CURVE() 
GEOMETRIC_REPRESENTATION_ITEM() RATIONAL_B_SPLINE_CURVE((1.,0.5,1.,0.5,
1.,0.5,1.)) REPRESENTATION_ITEM('') );
#2002 = CARTESIAN_POINT('',(13.567605836315,5.141573010567));
#2003 = CARTESIAN_POINT('',(13.567605836315,1.677471395429));
#2004 = CARTESIAN_POINT('',(10.567605836315,3.409522202998));
#2005 = CARTESIAN_POINT('',(7.567605836315,5.141573010567));
#2006 = CARTESIAN_POINT('',(10.567605836315,6.873623818136));
#2007 = CARTESIAN_POINT('',(13.567605836315,8.605674625705));
#2008 = CARTESIAN_POINT('',(13.567605836315,5.141573010567));
#2009 = ( GEOMETRIC_REPRESENTATION_CONTEXT(2) 
PARAMETRIC_REPRESENTATION_CONTEXT() REPRESENTATION_CONTEXT('2D SPACE',''
  ) );
#2010 = ORIENTED_EDGE('',*,*,#2011,.F.);
#2011 = EDGE_CURVE('',#1686,#1984,#2012,.T.);
#2012 = SURFACE_CURVE('',#2013,(#2017,#2024),.PCURVE_S1.);
#2013 = LINE('',#2014,#2015);
#2014 = CARTESIAN_POINT('',(28.,-58.94490573657,-57.60389165073));
#2015 = VECTOR('',#2016,1.);
#2016 = DIRECTION('',(1.,0.,0.));
#2017 = PCURVE('',#1704,#2018);
#2018 = DEFINITIONAL_REPRESENTATION('',(#2019),#2023);
#2019 = LINE('',#2020,#2021);
#2020 = CARTESIAN_POINT('',(4.461477837792,0.));
#2021 = VECTOR('',#2022,1.);
#2022 = DIRECTION('',(0.,1.));
#2023 = ( GEOMETRIC_REPRESENTATION_CONTEXT(2) 
PARAMETRIC_REPRESENTATION_CONTEXT() REPRESENTATION_CONTEXT('2D SPACE',''
  ) );
#2024 = PCURVE('',#1887,#2025);
#2025 = DEFINITIONAL_REPRESENTATION('',(#2026),#2030);
#2026 = LINE('',#2027,#2028);
#2027 = CARTESIAN_POINT('',(5.753331854874,0.));
#2028 = VECTOR('',#2029,1.);
#2029 = DIRECTION('',(0.,1.));
#2030 = ( GEOMETRIC_REPRESENTATION_CONTEXT(2) 
PARAMETRIC_REPRESENTATION_CONTEXT() REPRESENTATION_CONTEXT('2D SPACE',''
  ) );
#2031 = ORIENTED_EDGE('',*,*,#1685,.T.);
#2032 = ADVANCED_FACE('',(#2033),#1887,.F.);
#2033 = FACE_BOUND('',#2034,.F.);
#2034 = EDGE_LOOP('',(#2035,#2036,#2064,#2085));
#2035 = ORIENTED_EDGE('',*,*,#2011,.T.);
#2036 = ORIENTED_EDGE('',*,*,#2037,.F.);
#2037 = EDGE_CURVE('',#2038,#1984,#2040,.T.);
#2038 = VERTEX_POINT('',#2039);
#2039 = CARTESIAN_POINT('',(31.,-35.20087270415,-68.15764677768));
#2040 = SURFACE_CURVE('',#2041,(#2046,#2053),.PCURVE_S1.);
#2041 = CIRCLE('',#2042,78.000000001594);
#2042 = AXIS2_PLACEMENT_3D('',#2043,#2044,#2045);
#2043 = CARTESIAN_POINT('',(31.,-78.31126629444,-133.1614463953));
#2044 = DIRECTION('',(1.,2.775557561563E-17,-5.622174693655E-30));
#2045 = DIRECTION('',(7.642192300389E-18,-0.27533899517,0.961347199371)
  );
#2046 = PCURVE('',#1887,#2047);
#2047 = DEFINITIONAL_REPRESENTATION('',(#2048),#2052);
#2048 = LINE('',#2049,#2050);
#2049 = CARTESIAN_POINT('',(0.,3.));
#2050 = VECTOR('',#2051,1.);
#2051 = DIRECTION('',(1.,0.));
#2052 = ( GEOMETRIC_REPRESENTATION_CONTEXT(2) 
PARAMETRIC_REPRESENTATION_CONTEXT() REPRESENTATION_CONTEXT('2D SPACE',''
  ) );
#2053 = PCURVE('',#1946,#2054);
#2054 = DEFINITIONAL_REPRESENTATION('',(#2055),#2063);
#2055 = ( BOUNDED_CURVE() B_SPLINE_CURVE(2,(#2056,#2057,#2058,#2059,
#2060,#2061,#2062),.UNSPECIFIED.,.T.,.F.) B_SPLINE_CURVE_WITH_KNOTS((1,2
    ,2,2,2,1),(-2.094395102393,0.,2.094395102393,4.188790204786,
6.28318530718,8.377580409573),.UNSPECIFIED.) CURVE() 
GEOMETRIC_REPRESENTATION_ITEM() RATIONAL_B_SPLINE_CURVE((1.,0.5,1.,0.5,
1.,0.5,1.)) REPRESENTATION_ITEM('') );
#2056 = CARTESIAN_POINT('',(51.913834670282,6.506473016929));
#2057 = CARTESIAN_POINT('',(181.79180572886,-30.69181504115));
#2058 = CARTESIAN_POINT('',(84.638157763982,-124.5702933408));
#2059 = CARTESIAN_POINT('',(-12.5154902009,-218.4487716404));
#2060 = CARTESIAN_POINT('',(-45.2398132946,-87.37200528274));
#2061 = CARTESIAN_POINT('',(-77.9641363883,43.704761075012));
#2062 = CARTESIAN_POINT('',(51.913834670282,6.506473016929));
#2063 = ( GEOMETRIC_REPRESENTATION_CONTEXT(2) 
PARAMETRIC_REPRESENTATION_CONTEXT() REPRESENTATION_CONTEXT('2D SPACE',''
  ) );
#2064 = ORIENTED_EDGE('',*,*,#2065,.F.);
#2065 = EDGE_CURVE('',#1818,#2038,#2066,.T.);
#2066 = SURFACE_CURVE('',#2067,(#2071,#2078),.PCURVE_S1.);
#2067 = LINE('',#2068,#2069);
#2068 = CARTESIAN_POINT('',(28.,-35.20087270415,-68.15764677768));
#2069 = VECTOR('',#2070,1.);
#2070 = DIRECTION('',(1.,0.,0.));
#2071 = PCURVE('',#1887,#2072);
#2072 = DEFINITIONAL_REPRESENTATION('',(#2073),#2077);
#2073 = LINE('',#2074,#2075);
#2074 = CARTESIAN_POINT('',(5.418645585052,0.));
#2075 = VECTOR('',#2076,1.);
#2076 = DIRECTION('',(0.,1.));
#2077 = ( GEOMETRIC_REPRESENTATION_CONTEXT(2) 
PARAMETRIC_REPRESENTATION_CONTEXT() REPRESENTATION_CONTEXT('2D SPACE',''
  ) );
#2078 = PCURVE('',#1834,#2079);
#2079 = DEFINITIONAL_REPRESENTATION('',(#2080),#2084);
#2080 = LINE('',#2081,#2082);
#2081 = CARTESIAN_POINT('',(1.570796326795,0.));
#2082 = VECTOR('',#2083,1.);
#2083 = DIRECTION('',(0.,1.));
#2084 = ( GEOMETRIC_REPRESENTATION_CONTEXT(2) 
PARAMETRIC_REPRESENTATION_CONTEXT() REPRESENTATION_CONTEXT('2D SPACE',''
  ) );
#2085 = ORIENTED_EDGE('',*,*,#1872,.T.);
#2086 = ADVANCED_FACE('',(#2087),#1834,.F.);
#2087 = FACE_BOUND('',#2088,.F.);
#2088 = EDGE_LOOP('',(#2089,#2090,#2116,#2117));
#2089 = ORIENTED_EDGE('',*,*,#2065,.T.);
#2090 = ORIENTED_EDGE('',*,*,#2091,.F.);
#2091 = EDGE_CURVE('',#1930,#2038,#2092,.T.);
#2092 = SURFACE_CURVE('',#2093,(#2098,#2105),.PCURVE_S1.);
#2093 = CIRCLE('',#2094,2.);
#2094 = AXIS2_PLACEMENT_3D('',#2095,#2096,#2097);
#2095 = CARTESIAN_POINT('',(31.,-36.30626741157,-69.82441087041));
#2096 = DIRECTION('',(1.,2.775557561563E-17,-5.6206339497E-30));
#2097 = DIRECTION('',(2.775557561563E-17,-1.,0.));
#2098 = PCURVE('',#1834,#2099);
#2099 = DEFINITIONAL_REPRESENTATION('',(#2100),#2104);
#2100 = LINE('',#2101,#2102);
#2101 = CARTESIAN_POINT('',(-2.555995241175,3.));
#2102 = VECTOR('',#2103,1.);
#2103 = DIRECTION('',(1.,0.));
#2104 = ( GEOMETRIC_REPRESENTATION_CONTEXT(2) 
PARAMETRIC_REPRESENTATION_CONTEXT() REPRESENTATION_CONTEXT('2D SPACE',''
  ) );
#2105 = PCURVE('',#1946,#2106);
#2106 = DEFINITIONAL_REPRESENTATION('',(#2107),#2115);
#2107 = ( BOUNDED_CURVE() B_SPLINE_CURVE(2,(#2108,#2109,#2110,#2111,
#2112,#2113,#2114),.UNSPECIFIED.,.T.,.F.) B_SPLINE_CURVE_WITH_KNOTS((1,2
    ,2,2,2,1),(-2.094395102393,0.,2.094395102393,4.188790204786,
6.28318530718,8.377580409573),.UNSPECIFIED.) CURVE() 
GEOMETRIC_REPRESENTATION_ITEM() RATIONAL_B_SPLINE_CURVE((1.,0.5,1.,0.5,
1.,0.5,1.)) REPRESENTATION_ITEM('') );
#2108 = CARTESIAN_POINT('',(-9.567605836315,-5.141573010567));
#2109 = CARTESIAN_POINT('',(-9.567605836315,-8.605674625704));
#2110 = CARTESIAN_POINT('',(-12.56760583631,-6.873623818136));
#2111 = CARTESIAN_POINT('',(-15.56760583631,-5.141573010567));
#2112 = CARTESIAN_POINT('',(-12.56760583631,-3.409522202998));
#2113 = CARTESIAN_POINT('',(-9.567605836315,-1.677471395429));
#2114 = CARTESIAN_POINT('',(-9.567605836315,-5.141573010567));
#2115 = ( GEOMETRIC_REPRESENTATION_CONTEXT(2) 
PARAMETRIC_REPRESENTATION_CONTEXT() REPRESENTATION_CONTEXT('2D SPACE',''
  ) );
#2116 = ORIENTED_EDGE('',*,*,#1958,.F.);
#2117 = ORIENTED_EDGE('',*,*,#1817,.T.);
#2118 = ADVANCED_FACE('',(#2119),#1946,.T.);
#2119 = FACE_BOUND('',#2120,.T.);
#2120 = EDGE_LOOP('',(#2121,#2122,#2123,#2124));
#2121 = ORIENTED_EDGE('',*,*,#1983,.F.);
#2122 = ORIENTED_EDGE('',*,*,#2037,.F.);
#2123 = ORIENTED_EDGE('',*,*,#2091,.F.);
#2124 = ORIENTED_EDGE('',*,*,#1929,.F.);
#2125 = ADVANCED_FACE('',(#2126),#373,.T.);
#2126 = FACE_BOUND('',#2127,.T.);
#2127 = EDGE_LOOP('',(#2128,#2129,#2152,#2174));
#2128 = ORIENTED_EDGE('',*,*,#358,.F.);
#2129 = ORIENTED_EDGE('',*,*,#2130,.T.);
#2130 = EDGE_CURVE('',#253,#2131,#2133,.T.);
#2131 = VERTEX_POINT('',#2132);
#2132 = CARTESIAN_POINT('',(31.,-93.64945700042,-60.76849158552));
#2133 = SURFACE_CURVE('',#2134,(#2138,#2145),.PCURVE_S1.);
#2134 = LINE('',#2135,#2136);
#2135 = CARTESIAN_POINT('',(28.,-93.64945700042,-60.76849158552));
#2136 = VECTOR('',#2137,1.);
#2137 = DIRECTION('',(1.,0.,0.));
#2138 = PCURVE('',#373,#2139);
#2139 = DEFINITIONAL_REPRESENTATION('',(#2140),#2144);
#2140 = LINE('',#2141,#2142);
#2141 = CARTESIAN_POINT('',(6.213029437401,0.));
#2142 = VECTOR('',#2143,1.);
#2143 = DIRECTION('',(0.,1.));
#2144 = ( GEOMETRIC_REPRESENTATION_CONTEXT(2) 
PARAMETRIC_REPRESENTATION_CONTEXT() REPRESENTATION_CONTEXT('2D SPACE',''
  ) );
#2145 = PCURVE('',#269,#2146);
#2146 = DEFINITIONAL_REPRESENTATION('',(#2147),#2151);
#2147 = LINE('',#2148,#2149);
#2148 = CARTESIAN_POINT('',(1.779582766729,0.));
#2149 = VECTOR('',#2150,1.);
#2150 = DIRECTION('',(0.,1.));
#2151 = ( GEOMETRIC_REPRESENTATION_CONTEXT(2) 
PARAMETRIC_REPRESENTATION_CONTEXT() REPRESENTATION_CONTEXT('2D SPACE',''
  ) );
#2152 = ORIENTED_EDGE('',*,*,#2153,.T.);
#2153 = EDGE_CURVE('',#2131,#471,#2154,.T.);
#2154 = SURFACE_CURVE('',#2155,(#2160,#2167),.PCURVE_S1.);
#2155 = CIRCLE('',#2156,74.000000001594);
#2156 = AXIS2_PLACEMENT_3D('',#2157,#2158,#2159);
#2157 = CARTESIAN_POINT('',(31.,-78.31126629444,-133.1614463953));
#2158 = DIRECTION('',(-1.,-2.775557561563E-17,5.622174693655E-30));
#2159 = DIRECTION('',(7.642192300389E-18,-0.27533899517,0.961347199371)
  );
#2160 = PCURVE('',#373,#2161);
#2161 = DEFINITIONAL_REPRESENTATION('',(#2162),#2166);
#2162 = LINE('',#2163,#2164);
#2163 = CARTESIAN_POINT('',(6.28318530718,3.));
#2164 = VECTOR('',#2165,1.);
#2165 = DIRECTION('',(-1.,0.));
#2166 = ( GEOMETRIC_REPRESENTATION_CONTEXT(2) 
PARAMETRIC_REPRESENTATION_CONTEXT() REPRESENTATION_CONTEXT('2D SPACE',''
  ) );
#2167 = PCURVE('',#428,#2168);
#2168 = DEFINITIONAL_REPRESENTATION('',(#2169),#2173);
#2169 = CIRCLE('',#2170,74.000000001594);
#2170 = AXIS2_PLACEMENT_2D('',#2171,#2172);
#2171 = CARTESIAN_POINT('',(-5.34609495672,-75.17476057881));
#2172 = DIRECTION('',(0.27533899517,0.961347199371));
#2173 = ( GEOMETRIC_REPRESENTATION_CONTEXT(2) 
PARAMETRIC_REPRESENTATION_CONTEXT() REPRESENTATION_CONTEXT('2D SPACE',''
  ) );
#2174 = ORIENTED_EDGE('',*,*,#498,.F.);
#2175 = ADVANCED_FACE('',(#2176),#269,.F.);
#2176 = FACE_BOUND('',#2177,.F.);
#2177 = EDGE_LOOP('',(#2178,#2179,#2205,#2206));
#2178 = ORIENTED_EDGE('',*,*,#2130,.T.);
#2179 = ORIENTED_EDGE('',*,*,#2180,.F.);
#2180 = EDGE_CURVE('',#389,#2131,#2181,.T.);
#2181 = SURFACE_CURVE('',#2182,(#2187,#2194),.PCURVE_S1.);
#2182 = CIRCLE('',#2183,2.);
#2183 = AXIS2_PLACEMENT_3D('',#2184,#2185,#2186);
#2184 = CARTESIAN_POINT('',(31.,-94.06400269517,-58.81192523935));
#2185 = DIRECTION('',(1.,2.775557561563E-17,-5.6206339497E-30));
#2186 = DIRECTION('',(2.775557561563E-17,-1.,0.));
#2187 = PCURVE('',#269,#2188);
#2188 = DEFINITIONAL_REPRESENTATION('',(#2189),#2193);
#2189 = LINE('',#2190,#2191);
#2190 = CARTESIAN_POINT('',(-6.28318530718,3.));
#2191 = VECTOR('',#2192,1.);
#2192 = DIRECTION('',(1.,0.));
#2193 = ( GEOMETRIC_REPRESENTATION_CONTEXT(2) 
PARAMETRIC_REPRESENTATION_CONTEXT() REPRESENTATION_CONTEXT('2D SPACE',''
  ) );
#2194 = PCURVE('',#428,#2195);
#2195 = DEFINITIONAL_REPRESENTATION('',(#2196),#2204);
#2196 = ( BOUNDED_CURVE() B_SPLINE_CURVE(2,(#2197,#2198,#2199,#2200,
#2201,#2202,#2203),.UNSPECIFIED.,.T.,.F.) B_SPLINE_CURVE_WITH_KNOTS((1,2
    ,2,2,2,1),(-2.094395102393,0.,2.094395102393,4.188790204786,
6.28318530718,8.377580409573),.UNSPECIFIED.) CURVE() 
GEOMETRIC_REPRESENTATION_ITEM() RATIONAL_B_SPLINE_CURVE((1.,0.5,1.,0.5,
1.,0.5,1.)) REPRESENTATION_ITEM('') );
#2197 = CARTESIAN_POINT('',(12.40664144401,-0.82523942278));
#2198 = CARTESIAN_POINT('',(12.40664144401,-4.289341037918));
#2199 = CARTESIAN_POINT('',(9.40664144401,-2.557290230349));
#2200 = CARTESIAN_POINT('',(6.40664144401,-0.82523942278));
#2201 = CARTESIAN_POINT('',(9.40664144401,0.906811384788));
#2202 = CARTESIAN_POINT('',(12.40664144401,2.638862192357));
#2203 = CARTESIAN_POINT('',(12.40664144401,-0.82523942278));
#2204 = ( GEOMETRIC_REPRESENTATION_CONTEXT(2) 
PARAMETRIC_REPRESENTATION_CONTEXT() REPRESENTATION_CONTEXT('2D SPACE',''
  ) );
#2205 = ORIENTED_EDGE('',*,*,#388,.F.);
#2206 = ORIENTED_EDGE('',*,*,#252,.T.);
#2207 = ADVANCED_FACE('',(#2208),#428,.T.);
#2208 = FACE_BOUND('',#2209,.T.);
#2209 = EDGE_LOOP('',(#2210,#2211,#2212,#2213));
#2210 = ORIENTED_EDGE('',*,*,#2180,.F.);
#2211 = ORIENTED_EDGE('',*,*,#411,.F.);
#2212 = ORIENTED_EDGE('',*,*,#470,.F.);
#2213 = ORIENTED_EDGE('',*,*,#2153,.F.);
#2214 = ADVANCED_FACE('',(#2215),#2229,.F.);
#2215 = FACE_BOUND('',#2216,.F.);
#2216 = EDGE_LOOP('',(#2217,#2247,#2274,#2275));
#2217 = ORIENTED_EDGE('',*,*,#2218,.T.);
#2218 = EDGE_CURVE('',#2219,#2221,#2223,.T.);
#2219 = VERTEX_POINT('',#2220);
#2220 = CARTESIAN_POINT('',(145.,70.2,-140.));
#2221 = VERTEX_POINT('',#2222);
#2222 = CARTESIAN_POINT('',(143.8,69.,-140.));
#2223 = SEAM_CURVE('',#2224,(#2228,#2240),.PCURVE_S1.);
#2224 = LINE('',#2225,#2226);
#2225 = CARTESIAN_POINT('',(144.4,69.6,-140.));
#2226 = VECTOR('',#2227,1.);
#2227 = DIRECTION('',(-0.707106781187,-0.707106781187,
    -8.659560562355E-17));
#2228 = PCURVE('',#2229,#2234);
#2229 = CONICAL_SURFACE('',#2230,9.6,0.785398163397);
#2230 = AXIS2_PLACEMENT_3D('',#2231,#2232,#2233);
#2231 = CARTESIAN_POINT('',(144.4,60.,-140.));
#2232 = DIRECTION('',(1.,0.,0.));
#2233 = DIRECTION('',(0.,-1.,8.185202263647E-34));
#2234 = DEFINITIONAL_REPRESENTATION('',(#2235),#2239);
#2235 = LINE('',#2236,#2237);
#2236 = CARTESIAN_POINT('',(3.14159265359,-2.747661802697E-15));
#2237 = VECTOR('',#2238,1.);
#2238 = DIRECTION('',(0.,-1.));
#2239 = ( GEOMETRIC_REPRESENTATION_CONTEXT(2) 
PARAMETRIC_REPRESENTATION_CONTEXT() REPRESENTATION_CONTEXT('2D SPACE',''
  ) );
#2240 = PCURVE('',#2229,#2241);
#2241 = DEFINITIONAL_REPRESENTATION('',(#2242),#2246);
#2242 = LINE('',#2243,#2244);
#2243 = CARTESIAN_POINT('',(9.424777960769,-2.747661802697E-15));
#2244 = VECTOR('',#2245,1.);
#2245 = DIRECTION('',(0.,-1.));
#2246 = ( GEOMETRIC_REPRESENTATION_CONTEXT(2) 
PARAMETRIC_REPRESENTATION_CONTEXT() REPRESENTATION_CONTEXT('2D SPACE',''
  ) );
#2247 = ORIENTED_EDGE('',*,*,#2248,.F.);
#2248 = EDGE_CURVE('',#2221,#2221,#2249,.T.);
#2249 = SURFACE_CURVE('',#2250,(#2255,#2262),.PCURVE_S1.);
#2250 = CIRCLE('',#2251,9.);
#2251 = AXIS2_PLACEMENT_3D('',#2252,#2253,#2254);
#2252 = CARTESIAN_POINT('',(143.8,60.,-140.));
#2253 = DIRECTION('',(-1.,-2.775557561563E-17,-5.551115123126E-17));
#2254 = DIRECTION('',(2.775557561563E-17,-1.,1.54074395551E-33));
#2255 = PCURVE('',#2229,#2256);
#2256 = DEFINITIONAL_REPRESENTATION('',(#2257),#2261);
#2257 = LINE('',#2258,#2259);
#2258 = CARTESIAN_POINT('',(12.566370614359,-0.6));
#2259 = VECTOR('',#2260,1.);
#2260 = DIRECTION('',(-1.,0.));
#2261 = ( GEOMETRIC_REPRESENTATION_CONTEXT(2) 
PARAMETRIC_REPRESENTATION_CONTEXT() REPRESENTATION_CONTEXT('2D SPACE',''
  ) );
#2262 = PCURVE('',#2263,#2268);
#2263 = CYLINDRICAL_SURFACE('',#2264,9.);
#2264 = AXIS2_PLACEMENT_3D('',#2265,#2266,#2267);
#2265 = CARTESIAN_POINT('',(143.,60.,-140.));
#2266 = DIRECTION('',(1.,0.,0.));
#2267 = DIRECTION('',(0.,-1.,0.));
#2268 = DEFINITIONAL_REPRESENTATION('',(#2269),#2273);
#2269 = LINE('',#2270,#2271);
#2270 = CARTESIAN_POINT('',(6.28318530718,0.8));
#2271 = VECTOR('',#2272,1.);
#2272 = DIRECTION('',(-1.,0.));
#2273 = ( GEOMETRIC_REPRESENTATION_CONTEXT(2) 
PARAMETRIC_REPRESENTATION_CONTEXT() REPRESENTATION_CONTEXT('2D SPACE',''
  ) );
#2274 = ORIENTED_EDGE('',*,*,#2218,.F.);
#2275 = ORIENTED_EDGE('',*,*,#2276,.F.);
#2276 = EDGE_CURVE('',#2219,#2219,#2277,.T.);
#2277 = SURFACE_CURVE('',#2278,(#2283,#2290),.PCURVE_S1.);
#2278 = CIRCLE('',#2279,10.2);
#2279 = AXIS2_PLACEMENT_3D('',#2280,#2281,#2282);
#2280 = CARTESIAN_POINT('',(145.,60.,-140.));
#2281 = DIRECTION('',(1.,2.775557561563E-17,5.551115123126E-17));
#2282 = DIRECTION('',(2.775557561563E-17,-1.,1.54074395551E-33));
#2283 = PCURVE('',#2229,#2284);
#2284 = DEFINITIONAL_REPRESENTATION('',(#2285),#2289);
#2285 = LINE('',#2286,#2287);
#2286 = CARTESIAN_POINT('',(0.,0.6));
#2287 = VECTOR('',#2288,1.);
#2288 = DIRECTION('',(1.,0.));
#2289 = ( GEOMETRIC_REPRESENTATION_CONTEXT(2) 
PARAMETRIC_REPRESENTATION_CONTEXT() REPRESENTATION_CONTEXT('2D SPACE',''
  ) );
#2290 = PCURVE('',#2291,#2296);
#2291 = PLANE('',#2292);
#2292 = AXIS2_PLACEMENT_3D('',#2293,#2294,#2295);
#2293 = CARTESIAN_POINT('',(145.,-105.616595241,-64.38340475886));
#2294 = DIRECTION('',(-1.,-2.775557561563E-17,-5.551115123126E-17));
#2295 = DIRECTION('',(2.775557561563E-17,-1.,0.));
#2296 = DEFINITIONAL_REPRESENTATION('',(#2297),#2305);
#2297 = ( BOUNDED_CURVE() B_SPLINE_CURVE(2,(#2298,#2299,#2300,#2301,
#2302,#2303,#2304),.UNSPECIFIED.,.T.,.F.) B_SPLINE_CURVE_WITH_KNOTS((1,2
    ,2,2,2,1),(-2.094395102393,0.,2.094395102393,4.188790204786,
6.28318530718,8.377580409573),.UNSPECIFIED.) CURVE() 
GEOMETRIC_REPRESENTATION_ITEM() RATIONAL_B_SPLINE_CURVE((1.,0.5,1.,0.5,
1.,0.5,1.)) REPRESENTATION_ITEM('') );
#2298 = CARTESIAN_POINT('',(-155.416595241,-75.61659524113));
#2299 = CARTESIAN_POINT('',(-155.416595241,-93.28351347833));
#2300 = CARTESIAN_POINT('',(-170.716595241,-84.45005435973));
#2301 = CARTESIAN_POINT('',(-186.016595241,-75.61659524113));
#2302 = CARTESIAN_POINT('',(-170.716595241,-66.78313612253));
#2303 = CARTESIAN_POINT('',(-155.416595241,-57.94967700393));
#2304 = CARTESIAN_POINT('',(-155.416595241,-75.61659524113));
#2305 = ( GEOMETRIC_REPRESENTATION_CONTEXT(2) 
PARAMETRIC_REPRESENTATION_CONTEXT() REPRESENTATION_CONTEXT('2D SPACE',''
  ) );
#2306 = ADVANCED_FACE('',(#2307,#2519),#2291,.F.);
#2307 = FACE_BOUND('',#2308,.T.);
#2308 = EDGE_LOOP('',(#2309,#2340,#2373,#2402,#2431,#2464,#2493));
#2309 = ORIENTED_EDGE('',*,*,#2310,.F.);
#2310 = EDGE_CURVE('',#2311,#2313,#2315,.T.);
#2311 = VERTEX_POINT('',#2312);
#2312 = CARTESIAN_POINT('',(145.,18.531972202074,-86.82030093482));
#2313 = VERTEX_POINT('',#2314);
#2314 = CARTESIAN_POINT('',(145.,33.500048158514,-90.77860580467));
#2315 = SURFACE_CURVE('',#2316,(#2321,#2328),.PCURVE_S1.);
#2316 = CIRCLE('',#2317,14.8);
#2317 = AXIS2_PLACEMENT_3D('',#2318,#2319,#2320);
#2318 = CARTESIAN_POINT('',(145.,22.791108528693,-100.9942121011));
#2319 = DIRECTION('',(-1.,-2.775557561563E-17,-5.551115123126E-17));
#2320 = DIRECTION('',(-6.076234190253E-17,0.255661203086,0.966766439859)
  );
#2321 = PCURVE('',#2291,#2322);
#2322 = DEFINITIONAL_REPRESENTATION('',(#2323),#2327);
#2323 = CIRCLE('',#2324,14.8);
#2324 = AXIS2_PLACEMENT_2D('',#2325,#2326);
#2325 = CARTESIAN_POINT('',(-128.4077037697,-36.6108073423));
#2326 = DIRECTION('',(-0.255661203086,0.966766439859));
#2327 = ( GEOMETRIC_REPRESENTATION_CONTEXT(2) 
PARAMETRIC_REPRESENTATION_CONTEXT() REPRESENTATION_CONTEXT('2D SPACE',''
  ) );
#2328 = PCURVE('',#2329,#2334);
#2329 = CONICAL_SURFACE('',#2330,15.4,0.785398163397);
#2330 = AXIS2_PLACEMENT_3D('',#2331,#2332,#2333);
#2331 = CARTESIAN_POINT('',(144.4,22.791108528693,-100.9942121011));
#2332 = DIRECTION('',(-1.,0.,0.));
#2333 = DIRECTION('',(0.,0.255661203086,0.966766439859));
#2334 = DEFINITIONAL_REPRESENTATION('',(#2335),#2339);
#2335 = LINE('',#2336,#2337);
#2336 = CARTESIAN_POINT('',(-6.28318530718,-0.6));
#2337 = VECTOR('',#2338,1.);
#2338 = DIRECTION('',(1.,3.993411528965E-15));
#2339 = ( GEOMETRIC_REPRESENTATION_CONTEXT(2) 
PARAMETRIC_REPRESENTATION_CONTEXT() REPRESENTATION_CONTEXT('2D SPACE',''
  ) );
#2340 = ORIENTED_EDGE('',*,*,#2341,.F.);
#2341 = EDGE_CURVE('',#2342,#2311,#2344,.T.);
#2342 = VERTEX_POINT('',#2343);
#2343 = CARTESIAN_POINT('',(145.,-23.45801104043,-76.58795093779));
#2344 = SURFACE_CURVE('',#2345,(#2350,#2361),.PCURVE_S1.);
#2345 = CIRCLE('',#2346,42.677657657282);
#2346 = AXIS2_PLACEMENT_3D('',#2347,#2348,#2349);
#2347 = CARTESIAN_POINT('',(145.,6.250218008621,-45.94804901443));
#2348 = DIRECTION('',(1.,2.775557561563E-17,5.551115123126E-17));
#2349 = DIRECTION('',(3.450269790663E-17,0.494857536946,-0.868974118215)
  );
#2350 = PCURVE('',#2291,#2351);
#2351 = DEFINITIONAL_REPRESENTATION('',(#2352),#2360);
#2352 = ( BOUNDED_CURVE() B_SPLINE_CURVE(2,(#2353,#2354,#2355,#2356,
#2357,#2358,#2359),.UNSPECIFIED.,.T.,.F.) B_SPLINE_CURVE_WITH_KNOTS((1,2
    ,2,2,2,1),(-2.094395102393,0.,2.094395102393,4.188790204786,
6.28318530718,8.377580409573),.UNSPECIFIED.) CURVE() 
GEOMETRIC_REPRESENTATION_ITEM() RATIONAL_B_SPLINE_CURVE((1.,0.5,1.,0.5,
1.,0.5,1.)) REPRESENTATION_ITEM('') );
#2353 = CARTESIAN_POINT('',(-132.9861738005,-18.65042418579));
#2354 = CARTESIAN_POINT('',(-197.2206288779,17.929381311727));
#2355 = CARTESIAN_POINT('',(-133.4243605129,55.268148458304));
#2356 = CARTESIAN_POINT('',(-69.62809214782,92.606915604881));
#2357 = CARTESIAN_POINT('',(-69.18990543544,18.688342960778));
#2358 = CARTESIAN_POINT('',(-68.75171872305,-55.23022968332));
#2359 = CARTESIAN_POINT('',(-132.9861738005,-18.65042418579));
#2360 = ( GEOMETRIC_REPRESENTATION_CONTEXT(2) 
PARAMETRIC_REPRESENTATION_CONTEXT() REPRESENTATION_CONTEXT('2D SPACE',''
  ) );
#2361 = PCURVE('',#2362,#2367);
#2362 = CONICAL_SURFACE('',#2363,42.077657657282,0.785398163397);
#2363 = AXIS2_PLACEMENT_3D('',#2364,#2365,#2366);
#2364 = CARTESIAN_POINT('',(144.4,6.250218008621,-45.94804901443));
#2365 = DIRECTION('',(1.,0.,0.));
#2366 = DIRECTION('',(0.,0.494857536946,-0.868974118215));
#2367 = DEFINITIONAL_REPRESENTATION('',(#2368),#2372);
#2368 = LINE('',#2369,#2370);
#2369 = CARTESIAN_POINT('',(0.,0.6));
#2370 = VECTOR('',#2371,1.);
#2371 = DIRECTION('',(1.,0.));
#2372 = ( GEOMETRIC_REPRESENTATION_CONTEXT(2) 
PARAMETRIC_REPRESENTATION_CONTEXT() REPRESENTATION_CONTEXT('2D SPACE',''
  ) );
#2373 = ORIENTED_EDGE('',*,*,#2374,.F.);
#2374 = EDGE_CURVE('',#2375,#2342,#2377,.T.);
#2375 = VERTEX_POINT('',#2376);
#2376 = CARTESIAN_POINT('',(145.,-107.3877517131,-59.92212638253));
#2377 = SURFACE_CURVE('',#2378,(#2383,#2390),.PCURVE_S1.);
#2378 = CIRCLE('',#2379,78.800000001594);
#2379 = AXIS2_PLACEMENT_3D('',#2380,#2381,#2382);
#2380 = CARTESIAN_POINT('',(145.,-78.31126629444,-133.1614463953));
#2381 = DIRECTION('',(-1.,-2.775557561563E-17,-5.551115123126E-17));
#2382 = DIRECTION('',(-4.135233984221E-17,-0.368990931702,0.929432995068
    ));
#2383 = PCURVE('',#2291,#2384);
#2384 = DEFINITIONAL_REPRESENTATION('',(#2385),#2389);
#2385 = CIRCLE('',#2386,78.800000001594);
#2386 = AXIS2_PLACEMENT_2D('',#2387,#2388);
#2387 = CARTESIAN_POINT('',(-27.30532894656,-68.77804163652));
#2388 = DIRECTION('',(0.368990931702,0.929432995068));
#2389 = ( GEOMETRIC_REPRESENTATION_CONTEXT(2) 
PARAMETRIC_REPRESENTATION_CONTEXT() REPRESENTATION_CONTEXT('2D SPACE',''
  ) );
#2390 = PCURVE('',#2391,#2396);
#2391 = CONICAL_SURFACE('',#2392,79.400000001594,0.785398163397);
#2392 = AXIS2_PLACEMENT_3D('',#2393,#2394,#2395);
#2393 = CARTESIAN_POINT('',(144.4,-78.31126629444,-133.1614463953));
#2394 = DIRECTION('',(-1.,0.,0.));
#2395 = DIRECTION('',(0.,-0.368990931702,0.929432995068));
#2396 = DEFINITIONAL_REPRESENTATION('',(#2397),#2401);
#2397 = LINE('',#2398,#2399);
#2398 = CARTESIAN_POINT('',(0.,-0.6));
#2399 = VECTOR('',#2400,1.);
#2400 = DIRECTION('',(1.,6.155164545869E-15));
#2401 = ( GEOMETRIC_REPRESENTATION_CONTEXT(2) 
PARAMETRIC_REPRESENTATION_CONTEXT() REPRESENTATION_CONTEXT('2D SPACE',''
  ) );
#2402 = ORIENTED_EDGE('',*,*,#2403,.F.);
#2403 = EDGE_CURVE('',#2404,#2375,#2406,.T.);
#2404 = VERTEX_POINT('',#2405);
#2405 = CARTESIAN_POINT('',(145.,-106.5720626969,-69.08734799201));
#2406 = SURFACE_CURVE('',#2407,(#2412,#2419),.PCURVE_S1.);
#2407 = CIRCLE('',#2408,4.8);
#2408 = AXIS2_PLACEMENT_3D('',#2409,#2410,#2411);
#2409 = CARTESIAN_POINT('',(145.,-105.616595241,-64.38340475886));
#2410 = DIRECTION('',(-1.,-2.775557561563E-17,-5.551115123126E-17));
#2411 = DIRECTION('',(2.775557561563E-17,-1.,1.54074395551E-33));
#2412 = PCURVE('',#2291,#2413);
#2413 = DEFINITIONAL_REPRESENTATION('',(#2414),#2418);
#2414 = CIRCLE('',#2415,4.8);
#2415 = AXIS2_PLACEMENT_2D('',#2416,#2417);
#2416 = CARTESIAN_POINT('',(0.,0.));
#2417 = DIRECTION('',(1.,1.54074395551E-33));
#2418 = ( GEOMETRIC_REPRESENTATION_CONTEXT(2) 
PARAMETRIC_REPRESENTATION_CONTEXT() REPRESENTATION_CONTEXT('2D SPACE',''
  ) );
#2419 = PCURVE('',#2420,#2425);
#2420 = CONICAL_SURFACE('',#2421,5.4,0.785398163397);
#2421 = AXIS2_PLACEMENT_3D('',#2422,#2423,#2424);
#2422 = CARTESIAN_POINT('',(144.4,-105.616595241,-64.38340475886));
#2423 = DIRECTION('',(-1.,0.,0.));
#2424 = DIRECTION('',(0.,-1.,6.847750913378E-34));
#2425 = DEFINITIONAL_REPRESENTATION('',(#2426),#2430);
#2426 = LINE('',#2427,#2428);
#2427 = CARTESIAN_POINT('',(-1.7763568394E-15,-0.6));
#2428 = VECTOR('',#2429,1.);
#2429 = DIRECTION('',(1.,-1.592587583657E-15));
#2430 = ( GEOMETRIC_REPRESENTATION_CONTEXT(2) 
PARAMETRIC_REPRESENTATION_CONTEXT() REPRESENTATION_CONTEXT('2D SPACE',''
  ) );
#2431 = ORIENTED_EDGE('',*,*,#2432,.F.);
#2432 = EDGE_CURVE('',#2433,#2404,#2435,.T.);
#2433 = VERTEX_POINT('',#2434);
#2434 = CARTESIAN_POINT('',(145.,49.784393703512,-150.7089396298));
#2435 = SURFACE_CURVE('',#2436,(#2441,#2452),.PCURVE_S1.);
#2436 = CIRCLE('',#2437,318.32307126795);
#2437 = AXIS2_PLACEMENT_3D('',#2438,#2439,#2440);
#2438 = CARTESIAN_POINT('',(145.,-169.9360908344,-381.04019321));
#2439 = DIRECTION('',(1.,2.775557561563E-17,5.551115123126E-17));
#2440 = DIRECTION('',(-5.99251777957E-17,0.19905571998,0.979988173573));
#2441 = PCURVE('',#2291,#2442);
#2442 = DEFINITIONAL_REPRESENTATION('',(#2443),#2451);
#2443 = ( BOUNDED_CURVE() B_SPLINE_CURVE(2,(#2444,#2445,#2446,#2447,
#2448,#2449,#2450),.UNSPECIFIED.,.T.,.F.) B_SPLINE_CURVE_WITH_KNOTS((1,2
    ,2,2,2,1),(-2.094395102393,0.,2.094395102393,4.188790204786,
6.28318530718,8.377580409573),.UNSPECIFIED.) CURVE() 
GEOMETRIC_REPRESENTATION_ITEM() RATIONAL_B_SPLINE_CURVE((1.,0.5,1.,0.5,
1.,0.5,1.)) REPRESENTATION_ITEM('') );
#2444 = CARTESIAN_POINT('',(0.955467455905,-4.70394323315));
#2445 = CARTESIAN_POINT('',(541.27364493925,105.04577287333));
#2446 = CARTESIAN_POINT('',(366.16059840392,-417.7583530069));
#2447 = CARTESIAN_POINT('',(191.0475518686,-940.5624788873));
#2448 = CARTESIAN_POINT('',(-174.1575790794,-527.5080691134));
#2449 = CARTESIAN_POINT('',(-539.3627100274,-114.4536593396));
#2450 = CARTESIAN_POINT('',(0.955467455905,-4.70394323315));
#2451 = ( GEOMETRIC_REPRESENTATION_CONTEXT(2) 
PARAMETRIC_REPRESENTATION_CONTEXT() REPRESENTATION_CONTEXT('2D SPACE',''
  ) );
#2452 = PCURVE('',#2453,#2458);
#2453 = CONICAL_SURFACE('',#2454,317.72307126795,0.785398163397);
#2454 = AXIS2_PLACEMENT_3D('',#2455,#2456,#2457);
#2455 = CARTESIAN_POINT('',(144.4,-169.9360908344,-381.04019321));
#2456 = DIRECTION('',(1.,0.,0.));
#2457 = DIRECTION('',(-0.,0.19905571998,0.979988173573));
#2458 = DEFINITIONAL_REPRESENTATION('',(#2459),#2463);
#2459 = LINE('',#2460,#2461);
#2460 = CARTESIAN_POINT('',(0.,0.6));
#2461 = VECTOR('',#2462,1.);
#2462 = DIRECTION('',(1.,0.));
#2463 = ( GEOMETRIC_REPRESENTATION_CONTEXT(2) 
PARAMETRIC_REPRESENTATION_CONTEXT() REPRESENTATION_CONTEXT('2D SPACE',''
  ) );
#2464 = ORIENTED_EDGE('',*,*,#2465,.F.);
#2465 = EDGE_CURVE('',#2466,#2433,#2468,.T.);
#2466 = VERTEX_POINT('',#2467);
#2467 = CARTESIAN_POINT('',(145.,70.708939629821,-129.7843937035));
#2468 = SURFACE_CURVE('',#2469,(#2474,#2481),.PCURVE_S1.);
#2469 = CIRCLE('',#2470,14.8);
#2470 = AXIS2_PLACEMENT_3D('',#2471,#2472,#2473);
#2471 = CARTESIAN_POINT('',(145.,60.,-140.));
#2472 = DIRECTION('',(-1.,-2.775557561563E-17,-5.551115123126E-17));
#2473 = DIRECTION('',(-2.775557561563E-17,1.,-1.54074395551E-33));
#2474 = PCURVE('',#2291,#2475);
#2475 = DEFINITIONAL_REPRESENTATION('',(#2476),#2480);
#2476 = CIRCLE('',#2477,14.8);
#2477 = AXIS2_PLACEMENT_2D('',#2478,#2479);
#2478 = CARTESIAN_POINT('',(-165.616595241,-75.61659524113));
#2479 = DIRECTION('',(-1.,-1.54074395551E-33));
#2480 = ( GEOMETRIC_REPRESENTATION_CONTEXT(2) 
PARAMETRIC_REPRESENTATION_CONTEXT() REPRESENTATION_CONTEXT('2D SPACE',''
  ) );
#2481 = PCURVE('',#2482,#2487);
#2482 = CONICAL_SURFACE('',#2483,15.4,0.785398163397);
#2483 = AXIS2_PLACEMENT_3D('',#2484,#2485,#2486);
#2484 = CARTESIAN_POINT('',(144.4,60.,-140.));
#2485 = DIRECTION('',(-1.,0.,0.));
#2486 = DIRECTION('',(0.,1.,-7.403574851152E-34));
#2487 = DEFINITIONAL_REPRESENTATION('',(#2488),#2492);
#2488 = LINE('',#2489,#2490);
#2489 = CARTESIAN_POINT('',(-6.28318530718,-0.6));
#2490 = VECTOR('',#2491,1.);
#2491 = DIRECTION('',(1.,1.166997424701E-15));
#2492 = ( GEOMETRIC_REPRESENTATION_CONTEXT(2) 
PARAMETRIC_REPRESENTATION_CONTEXT() REPRESENTATION_CONTEXT('2D SPACE',''
  ) );
#2493 = ORIENTED_EDGE('',*,*,#2494,.F.);
#2494 = EDGE_CURVE('',#2313,#2466,#2495,.T.);
#2495 = SURFACE_CURVE('',#2496,(#2500,#2507),.PCURVE_S1.);
#2496 = LINE('',#2497,#2498);
#2497 = CARTESIAN_POINT('',(145.,12.372914667093,-68.63119814776));
#2498 = VECTOR('',#2499,1.);
#2499 = DIRECTION('',(2.100848204701E-17,0.690243668682,-0.723577002015)
  );
#2500 = PCURVE('',#2291,#2501);
#2501 = DEFINITIONAL_REPRESENTATION('',(#2502),#2506);
#2502 = LINE('',#2503,#2504);
#2503 = CARTESIAN_POINT('',(-117.9895099081,-4.247793388903));
#2504 = VECTOR('',#2505,1.);
#2505 = DIRECTION('',(-0.690243668682,-0.723577002015));
#2506 = ( GEOMETRIC_REPRESENTATION_CONTEXT(2) 
PARAMETRIC_REPRESENTATION_CONTEXT() REPRESENTATION_CONTEXT('2D SPACE',''
  ) );
#2507 = PCURVE('',#2508,#2513);
#2508 = PLANE('',#2509);
#2509 = AXIS2_PLACEMENT_3D('',#2510,#2511,#2512);
#2510 = CARTESIAN_POINT('',(144.4,12.807060868302,-68.21705194656));
#2511 = DIRECTION('',(0.707106781187,0.511646204835,0.488075978796));
#2512 = DIRECTION('',(0.568061127298,-3.885780586188E-16,-0.822986364196
    ));
#2513 = DEFINITIONAL_REPRESENTATION('',(#2514),#2518);
#2514 = LINE('',#2515,#2516);
#2515 = CARTESIAN_POINT('',(0.681673352757,-0.505293419847));
#2516 = VECTOR('',#2517,1.);
#2517 = DIRECTION('',(0.595494006104,0.803359750482));
#2518 = ( GEOMETRIC_REPRESENTATION_CONTEXT(2) 
PARAMETRIC_REPRESENTATION_CONTEXT() REPRESENTATION_CONTEXT('2D SPACE',''
  ) );
#2519 = FACE_BOUND('',#2520,.T.);
#2520 = EDGE_LOOP('',(#2521));
#2521 = ORIENTED_EDGE('',*,*,#2276,.F.);
#2522 = ADVANCED_FACE('',(#2523),#2263,.F.);
#2523 = FACE_BOUND('',#2524,.F.);
#2524 = EDGE_LOOP('',(#2525,#2548,#2579,#2580));
#2525 = ORIENTED_EDGE('',*,*,#2526,.T.);
#2526 = EDGE_CURVE('',#2221,#2527,#2529,.T.);
#2527 = VERTEX_POINT('',#2528);
#2528 = CARTESIAN_POINT('',(143.,69.,-140.));
#2529 = SEAM_CURVE('',#2530,(#2534,#2541),.PCURVE_S1.);
#2530 = LINE('',#2531,#2532);
#2531 = CARTESIAN_POINT('',(143.,69.,-140.));
#2532 = VECTOR('',#2533,1.);
#2533 = DIRECTION('',(-1.,0.,0.));
#2534 = PCURVE('',#2263,#2535);
#2535 = DEFINITIONAL_REPRESENTATION('',(#2536),#2540);
#2536 = LINE('',#2537,#2538);
#2537 = CARTESIAN_POINT('',(-3.14159265359,0.));
#2538 = VECTOR('',#2539,1.);
#2539 = DIRECTION('',(0.,-1.));
#2540 = ( GEOMETRIC_REPRESENTATION_CONTEXT(2) 
PARAMETRIC_REPRESENTATION_CONTEXT() REPRESENTATION_CONTEXT('2D SPACE',''
  ) );
#2541 = PCURVE('',#2263,#2542);
#2542 = DEFINITIONAL_REPRESENTATION('',(#2543),#2547);
#2543 = LINE('',#2544,#2545);
#2544 = CARTESIAN_POINT('',(3.14159265359,0.));
#2545 = VECTOR('',#2546,1.);
#2546 = DIRECTION('',(0.,-1.));
#2547 = ( GEOMETRIC_REPRESENTATION_CONTEXT(2) 
PARAMETRIC_REPRESENTATION_CONTEXT() REPRESENTATION_CONTEXT('2D SPACE',''
  ) );
#2548 = ORIENTED_EDGE('',*,*,#2549,.T.);
#2549 = EDGE_CURVE('',#2527,#2527,#2550,.T.);
#2550 = SURFACE_CURVE('',#2551,(#2556,#2563),.PCURVE_S1.);
#2551 = CIRCLE('',#2552,9.);
#2552 = AXIS2_PLACEMENT_3D('',#2553,#2554,#2555);
#2553 = CARTESIAN_POINT('',(143.,60.,-140.));
#2554 = DIRECTION('',(1.,2.775557561563E-17,5.551115123126E-17));
#2555 = DIRECTION('',(2.775557561563E-17,-1.,0.));
#2556 = PCURVE('',#2263,#2557);
#2557 = DEFINITIONAL_REPRESENTATION('',(#2558),#2562);
#2558 = LINE('',#2559,#2560);
#2559 = CARTESIAN_POINT('',(-6.28318530718,0.));
#2560 = VECTOR('',#2561,1.);
#2561 = DIRECTION('',(1.,0.));
#2562 = ( GEOMETRIC_REPRESENTATION_CONTEXT(2) 
PARAMETRIC_REPRESENTATION_CONTEXT() REPRESENTATION_CONTEXT('2D SPACE',''
  ) );
#2563 = PCURVE('',#2564,#2569);
#2564 = PLANE('',#2565);
#2565 = AXIS2_PLACEMENT_3D('',#2566,#2567,#2568);
#2566 = CARTESIAN_POINT('',(143.,-105.616595241,-64.38340475886));
#2567 = DIRECTION('',(-1.,-2.775557561563E-17,-5.551115123126E-17));
#2568 = DIRECTION('',(2.775557561563E-17,-1.,0.));
#2569 = DEFINITIONAL_REPRESENTATION('',(#2570),#2578);
#2570 = ( BOUNDED_CURVE() B_SPLINE_CURVE(2,(#2571,#2572,#2573,#2574,
#2575,#2576,#2577),.UNSPECIFIED.,.T.,.F.) B_SPLINE_CURVE_WITH_KNOTS((1,2
    ,2,2,2,1),(-2.094395102393,0.,2.094395102393,4.188790204786,
6.28318530718,8.377580409573),.UNSPECIFIED.) CURVE() 
GEOMETRIC_REPRESENTATION_ITEM() RATIONAL_B_SPLINE_CURVE((1.,0.5,1.,0.5,
1.,0.5,1.)) REPRESENTATION_ITEM('') );
#2571 = CARTESIAN_POINT('',(-156.616595241,-75.61659524113));
#2572 = CARTESIAN_POINT('',(-156.616595241,-91.20505250925));
#2573 = CARTESIAN_POINT('',(-170.116595241,-83.41082387519));
#2574 = CARTESIAN_POINT('',(-183.616595241,-75.61659524113));
#2575 = CARTESIAN_POINT('',(-170.116595241,-67.82236660707));
#2576 = CARTESIAN_POINT('',(-156.616595241,-60.02813797301));
#2577 = CARTESIAN_POINT('',(-156.616595241,-75.61659524113));
#2578 = ( GEOMETRIC_REPRESENTATION_CONTEXT(2) 
PARAMETRIC_REPRESENTATION_CONTEXT() REPRESENTATION_CONTEXT('2D SPACE',''
  ) );
#2579 = ORIENTED_EDGE('',*,*,#2526,.F.);
#2580 = ORIENTED_EDGE('',*,*,#2248,.T.);
#2581 = ADVANCED_FACE('',(#2582),#2329,.T.);
#2582 = FACE_BOUND('',#2583,.T.);
#2583 = EDGE_LOOP('',(#2584,#2607,#2636,#2657));
#2584 = ORIENTED_EDGE('',*,*,#2585,.T.);
#2585 = EDGE_CURVE('',#2313,#2586,#2588,.T.);
#2586 = VERTEX_POINT('',#2587);
#2587 = CARTESIAN_POINT('',(143.8,34.368340560932,-89.95031340226));
#2588 = SURFACE_CURVE('',#2589,(#2593,#2600),.PCURVE_S1.);
#2589 = LINE('',#2590,#2591);
#2590 = CARTESIAN_POINT('',(145.,33.500048158514,-90.77860580467));
#2591 = VECTOR('',#2592,1.);
#2592 = DIRECTION('',(-0.707106781187,0.511646204835,0.488075978796));
#2593 = PCURVE('',#2329,#2594);
#2594 = DEFINITIONAL_REPRESENTATION('',(#2595),#2599);
#2595 = LINE('',#2596,#2597);
#2596 = CARTESIAN_POINT('',(0.550438998389,-0.6));
#2597 = VECTOR('',#2598,1.);
#2598 = DIRECTION('',(-1.01770443924E-15,1.));
#2599 = ( GEOMETRIC_REPRESENTATION_CONTEXT(2) 
PARAMETRIC_REPRESENTATION_CONTEXT() REPRESENTATION_CONTEXT('2D SPACE',''
  ) );
#2600 = PCURVE('',#2508,#2601);
#2601 = DEFINITIONAL_REPRESENTATION('',(#2602),#2606);
#2602 = LINE('',#2603,#2604);
#2603 = CARTESIAN_POINT('',(18.908687856691,24.084122550424));
#2604 = VECTOR('',#2605,1.);
#2605 = DIRECTION('',(-0.803359750482,0.595494006104));
#2606 = ( GEOMETRIC_REPRESENTATION_CONTEXT(2) 
PARAMETRIC_REPRESENTATION_CONTEXT() REPRESENTATION_CONTEXT('2D SPACE',''
  ) );
#2607 = ORIENTED_EDGE('',*,*,#2608,.T.);
#2608 = EDGE_CURVE('',#2586,#2609,#2611,.T.);
#2609 = VERTEX_POINT('',#2610);
#2610 = CARTESIAN_POINT('',(143.8,18.186636824241,-85.67106489431));
#2611 = SURFACE_CURVE('',#2612,(#2617,#2624),.PCURVE_S1.);
#2612 = CIRCLE('',#2613,16.);
#2613 = AXIS2_PLACEMENT_3D('',#2614,#2615,#2616);
#2614 = CARTESIAN_POINT('',(143.8,22.791108528693,-100.9942121011));
#2615 = DIRECTION('',(1.,2.775557561563E-17,5.551115123126E-17));
#2616 = DIRECTION('',(-6.076234190253E-17,0.255661203086,0.966766439859)
  );
#2617 = PCURVE('',#2329,#2618);
#2618 = DEFINITIONAL_REPRESENTATION('',(#2619),#2623);
#2619 = LINE('',#2620,#2621);
#2620 = CARTESIAN_POINT('',(6.28318530718,0.6));
#2621 = VECTOR('',#2622,1.);
#2622 = DIRECTION('',(-1.,0.));
#2623 = ( GEOMETRIC_REPRESENTATION_CONTEXT(2) 
PARAMETRIC_REPRESENTATION_CONTEXT() REPRESENTATION_CONTEXT('2D SPACE',''
  ) );
#2624 = PCURVE('',#2625,#2630);
#2625 = CYLINDRICAL_SURFACE('',#2626,16.);
#2626 = AXIS2_PLACEMENT_3D('',#2627,#2628,#2629);
#2627 = CARTESIAN_POINT('',(143.,22.791108528693,-100.9942121011));
#2628 = DIRECTION('',(-1.,0.,0.));
#2629 = DIRECTION('',(0.,0.255661203086,0.966766439859));
#2630 = DEFINITIONAL_REPRESENTATION('',(#2631),#2635);
#2631 = LINE('',#2632,#2633);
#2632 = CARTESIAN_POINT('',(6.28318530718,-0.8));
#2633 = VECTOR('',#2634,1.);
#2634 = DIRECTION('',(-1.,0.));
#2635 = ( GEOMETRIC_REPRESENTATION_CONTEXT(2) 
PARAMETRIC_REPRESENTATION_CONTEXT() REPRESENTATION_CONTEXT('2D SPACE',''
  ) );
#2636 = ORIENTED_EDGE('',*,*,#2637,.T.);
#2637 = EDGE_CURVE('',#2609,#2311,#2638,.T.);
#2638 = SURFACE_CURVE('',#2639,(#2643,#2650),.PCURVE_S1.);
#2639 = LINE('',#2640,#2641);
#2640 = CARTESIAN_POINT('',(143.8,18.186636824241,-85.67106489431));
#2641 = VECTOR('',#2642,1.);
#2642 = DIRECTION('',(0.707106781187,0.203490822875,-0.677193831193));
#2643 = PCURVE('',#2329,#2644);
#2644 = DEFINITIONAL_REPRESENTATION('',(#2645),#2649);
#2645 = LINE('',#2646,#2647);
#2646 = CARTESIAN_POINT('',(-0.550438998389,0.6));
#2647 = VECTOR('',#2648,1.);
#2648 = DIRECTION('',(0.,-1.));
#2649 = ( GEOMETRIC_REPRESENTATION_CONTEXT(2) 
PARAMETRIC_REPRESENTATION_CONTEXT() REPRESENTATION_CONTEXT('2D SPACE',''
  ) );
#2650 = PCURVE('',#2362,#2651);
#2651 = DEFINITIONAL_REPRESENTATION('',(#2652),#2656);
#2652 = LINE('',#2653,#2654);
#2653 = CARTESIAN_POINT('',(6.057421851523,-0.6));
#2654 = VECTOR('',#2655,1.);
#2655 = DIRECTION('',(0.,1.));
#2656 = ( GEOMETRIC_REPRESENTATION_CONTEXT(2) 
PARAMETRIC_REPRESENTATION_CONTEXT() REPRESENTATION_CONTEXT('2D SPACE',''
  ) );
#2657 = ORIENTED_EDGE('',*,*,#2310,.T.);
#2658 = ADVANCED_FACE('',(#2659),#2508,.T.);
#2659 = FACE_BOUND('',#2660,.T.);
#2660 = EDGE_LOOP('',(#2661,#2662,#2663,#2686));
#2661 = ORIENTED_EDGE('',*,*,#2585,.F.);
#2662 = ORIENTED_EDGE('',*,*,#2494,.T.);
#2663 = ORIENTED_EDGE('',*,*,#2664,.T.);
#2664 = EDGE_CURVE('',#2466,#2665,#2667,.T.);
#2665 = VERTEX_POINT('',#2666);
#2666 = CARTESIAN_POINT('',(143.8,71.577232032239,-128.956101301));
#2667 = SURFACE_CURVE('',#2668,(#2672,#2679),.PCURVE_S1.);
#2668 = LINE('',#2669,#2670);
#2669 = CARTESIAN_POINT('',(145.,70.708939629821,-129.7843937035));
#2670 = VECTOR('',#2671,1.);
#2671 = DIRECTION('',(-0.707106781187,0.511646204835,0.488075978796));
#2672 = PCURVE('',#2508,#2673);
#2673 = DEFINITIONAL_REPRESENTATION('',(#2674),#2678);
#2674 = LINE('',#2675,#2676);
#2675 = CARTESIAN_POINT('',(51.009919422166,67.390750520195));
#2676 = VECTOR('',#2677,1.);
#2677 = DIRECTION('',(-0.803359750482,0.595494006104));
#2678 = ( GEOMETRIC_REPRESENTATION_CONTEXT(2) 
PARAMETRIC_REPRESENTATION_CONTEXT() REPRESENTATION_CONTEXT('2D SPACE',''
  ) );
#2679 = PCURVE('',#2482,#2680);
#2680 = DEFINITIONAL_REPRESENTATION('',(#2681),#2685);
#2681 = LINE('',#2682,#2683);
#2682 = CARTESIAN_POINT('',(-0.761825754384,-0.6));
#2683 = VECTOR('',#2684,1.);
#2684 = DIRECTION('',(-1.480297366167E-15,1.));
#2685 = ( GEOMETRIC_REPRESENTATION_CONTEXT(2) 
PARAMETRIC_REPRESENTATION_CONTEXT() REPRESENTATION_CONTEXT('2D SPACE',''
  ) );
#2686 = ORIENTED_EDGE('',*,*,#2687,.T.);
#2687 = EDGE_CURVE('',#2665,#2586,#2688,.T.);
#2688 = SURFACE_CURVE('',#2689,(#2693,#2700),.PCURVE_S1.);
#2689 = LINE('',#2690,#2691);
#2690 = CARTESIAN_POINT('',(143.8,13.241207069511,-67.80290574535));
#2691 = VECTOR('',#2692,1.);
#2692 = DIRECTION('',(-2.100848204701E-17,-0.690243668682,0.723577002015
    ));
#2693 = PCURVE('',#2508,#2694);
#2694 = DEFINITIONAL_REPRESENTATION('',(#2695),#2699);
#2695 = LINE('',#2696,#2697);
#2696 = CARTESIAN_POINT('',(-0.681673352757,0.505293419847));
#2697 = VECTOR('',#2698,1.);
#2698 = DIRECTION('',(-0.595494006104,-0.803359750482));
#2699 = ( GEOMETRIC_REPRESENTATION_CONTEXT(2) 
PARAMETRIC_REPRESENTATION_CONTEXT() REPRESENTATION_CONTEXT('2D SPACE',''
  ) );
#2700 = PCURVE('',#2701,#2706);
#2701 = PLANE('',#2702);
#2702 = AXIS2_PLACEMENT_3D('',#2703,#2704,#2705);
#2703 = CARTESIAN_POINT('',(143.,71.577232032239,-128.956101301));
#2704 = DIRECTION('',(0.,0.723577002015,0.690243668682));
#2705 = DIRECTION('',(-2.100848204701E-17,-0.690243668682,0.723577002015
    ));
#2706 = DEFINITIONAL_REPRESENTATION('',(#2707),#2711);
#2707 = LINE('',#2708,#2709);
#2708 = CARTESIAN_POINT('',(84.515117790434,0.8));
#2709 = VECTOR('',#2710,1.);
#2710 = DIRECTION('',(1.,4.622231866529E-33));
#2711 = ( GEOMETRIC_REPRESENTATION_CONTEXT(2) 
PARAMETRIC_REPRESENTATION_CONTEXT() REPRESENTATION_CONTEXT('2D SPACE',''
  ) );
#2712 = ADVANCED_FACE('',(#2713),#2482,.T.);
#2713 = FACE_BOUND('',#2714,.T.);
#2714 = EDGE_LOOP('',(#2715,#2716,#2717,#2740));
#2715 = ORIENTED_EDGE('',*,*,#2664,.F.);
#2716 = ORIENTED_EDGE('',*,*,#2465,.T.);
#2717 = ORIENTED_EDGE('',*,*,#2718,.T.);
#2718 = EDGE_CURVE('',#2433,#2719,#2721,.T.);
#2719 = VERTEX_POINT('',#2720);
#2720 = CARTESIAN_POINT('',(143.8,48.956101301094,-151.5772320322));
#2721 = SURFACE_CURVE('',#2722,(#2726,#2733),.PCURVE_S1.);
#2722 = LINE('',#2723,#2724);
#2723 = CARTESIAN_POINT('',(145.,49.784393703512,-150.7089396298));
#2724 = VECTOR('',#2725,1.);
#2725 = DIRECTION('',(-0.707106781187,-0.488075978796,-0.511646204835));
#2726 = PCURVE('',#2482,#2727);
#2727 = DEFINITIONAL_REPRESENTATION('',(#2728),#2732);
#2728 = LINE('',#2729,#2730);
#2729 = CARTESIAN_POINT('',(2.332622081179,-0.6));
#2730 = VECTOR('',#2731,1.);
#2731 = DIRECTION('',(-1.480297366167E-15,1.));
#2732 = ( GEOMETRIC_REPRESENTATION_CONTEXT(2) 
PARAMETRIC_REPRESENTATION_CONTEXT() REPRESENTATION_CONTEXT('2D SPACE',''
  ) );
#2733 = PCURVE('',#2453,#2734);
#2734 = DEFINITIONAL_REPRESENTATION('',(#2735),#2739);
#2735 = LINE('',#2736,#2737);
#2736 = CARTESIAN_POINT('',(5.721753816456,0.6));
#2737 = VECTOR('',#2738,1.);
#2738 = DIRECTION('',(0.,-1.));
#2739 = ( GEOMETRIC_REPRESENTATION_CONTEXT(2) 
PARAMETRIC_REPRESENTATION_CONTEXT() REPRESENTATION_CONTEXT('2D SPACE',''
  ) );
#2740 = ORIENTED_EDGE('',*,*,#2741,.T.);
#2741 = EDGE_CURVE('',#2719,#2665,#2742,.T.);
#2742 = SURFACE_CURVE('',#2743,(#2748,#2755),.PCURVE_S1.);
#2743 = CIRCLE('',#2744,16.);
#2744 = AXIS2_PLACEMENT_3D('',#2745,#2746,#2747);
#2745 = CARTESIAN_POINT('',(143.8,60.,-140.));
#2746 = DIRECTION('',(1.,2.775557561563E-17,5.551115123126E-17));
#2747 = DIRECTION('',(-2.775557561563E-17,1.,-1.54074395551E-33));
#2748 = PCURVE('',#2482,#2749);
#2749 = DEFINITIONAL_REPRESENTATION('',(#2750),#2754);
#2750 = LINE('',#2751,#2752);
#2751 = CARTESIAN_POINT('',(6.28318530718,0.6));
#2752 = VECTOR('',#2753,1.);
#2753 = DIRECTION('',(-1.,-1.116258406236E-15));
#2754 = ( GEOMETRIC_REPRESENTATION_CONTEXT(2) 
PARAMETRIC_REPRESENTATION_CONTEXT() REPRESENTATION_CONTEXT('2D SPACE',''
  ) );
#2755 = PCURVE('',#2756,#2761);
#2756 = CYLINDRICAL_SURFACE('',#2757,16.);
#2757 = AXIS2_PLACEMENT_3D('',#2758,#2759,#2760);
#2758 = CARTESIAN_POINT('',(143.,60.,-140.));
#2759 = DIRECTION('',(1.,0.,0.));
#2760 = DIRECTION('',(0.,0.707106781187,-0.707106781187));
#2761 = DEFINITIONAL_REPRESENTATION('',(#2762),#2766);
#2762 = LINE('',#2763,#2764);
#2763 = CARTESIAN_POINT('',(0.785398163397,0.8));
#2764 = VECTOR('',#2765,1.);
#2765 = DIRECTION('',(1.,0.));
#2766 = ( GEOMETRIC_REPRESENTATION_CONTEXT(2) 
PARAMETRIC_REPRESENTATION_CONTEXT() REPRESENTATION_CONTEXT('2D SPACE',''
  ) );
#2767 = ADVANCED_FACE('',(#2768),#2453,.F.);
#2768 = FACE_BOUND('',#2769,.F.);
#2769 = EDGE_LOOP('',(#2770,#2799,#2820,#2821));
#2770 = ORIENTED_EDGE('',*,*,#2771,.F.);
#2771 = EDGE_CURVE('',#2772,#2719,#2774,.T.);
#2772 = VERTEX_POINT('',#2773);
#2773 = CARTESIAN_POINT('',(143.8,-106.8109295608,-70.2633338003));
#2774 = SURFACE_CURVE('',#2775,(#2780,#2787),.PCURVE_S1.);
#2775 = CIRCLE('',#2776,317.12307126795);
#2776 = AXIS2_PLACEMENT_3D('',#2777,#2778,#2779);
#2777 = CARTESIAN_POINT('',(143.8,-169.9360908344,-381.04019321));
#2778 = DIRECTION('',(-1.,-2.775557561563E-17,-5.551115123126E-17));
#2779 = DIRECTION('',(-5.99251777957E-17,0.19905571998,0.979988173573));
#2780 = PCURVE('',#2453,#2781);
#2781 = DEFINITIONAL_REPRESENTATION('',(#2782),#2786);
#2782 = LINE('',#2783,#2784);
#2783 = CARTESIAN_POINT('',(6.28318530718,-0.6));
#2784 = VECTOR('',#2785,1.);
#2785 = DIRECTION('',(-1.,-5.061823921837E-14));
#2786 = ( GEOMETRIC_REPRESENTATION_CONTEXT(2) 
PARAMETRIC_REPRESENTATION_CONTEXT() REPRESENTATION_CONTEXT('2D SPACE',''
  ) );
#2787 = PCURVE('',#2788,#2793);
#2788 = CYLINDRICAL_SURFACE('',#2789,317.12307126795);
#2789 = AXIS2_PLACEMENT_3D('',#2790,#2791,#2792);
#2790 = CARTESIAN_POINT('',(143.,-169.9360908344,-381.04019321));
#2791 = DIRECTION('',(1.,0.,0.));
#2792 = DIRECTION('',(-0.,0.19905571998,0.979988173573));
#2793 = DEFINITIONAL_REPRESENTATION('',(#2794),#2798);
#2794 = LINE('',#2795,#2796);
#2795 = CARTESIAN_POINT('',(6.28318530718,0.8));
#2796 = VECTOR('',#2797,1.);
#2797 = DIRECTION('',(-1.,0.));
#2798 = ( GEOMETRIC_REPRESENTATION_CONTEXT(2) 
PARAMETRIC_REPRESENTATION_CONTEXT() REPRESENTATION_CONTEXT('2D SPACE',''
  ) );
#2799 = ORIENTED_EDGE('',*,*,#2800,.F.);
#2800 = EDGE_CURVE('',#2404,#2772,#2801,.T.);
#2801 = SURFACE_CURVE('',#2802,(#2806,#2813),.PCURVE_S1.);
#2802 = LINE('',#2803,#2804);
#2803 = CARTESIAN_POINT('',(145.,-106.5720626969,-69.08734799201));
#2804 = VECTOR('',#2805,1.);
#2805 = DIRECTION('',(-0.707106781187,-0.140753649432,-0.692956283016));
#2806 = PCURVE('',#2453,#2807);
#2807 = DEFINITIONAL_REPRESENTATION('',(#2808),#2812);
#2808 = LINE('',#2809,#2810);
#2809 = CARTESIAN_POINT('',(6.28318530718,0.6));
#2810 = VECTOR('',#2811,1.);
#2811 = DIRECTION('',(0.,-1.));
#2812 = ( GEOMETRIC_REPRESENTATION_CONTEXT(2) 
PARAMETRIC_REPRESENTATION_CONTEXT() REPRESENTATION_CONTEXT('2D SPACE',''
  ) );
#2813 = PCURVE('',#2420,#2814);
#2814 = DEFINITIONAL_REPRESENTATION('',(#2815),#2819);
#2815 = LINE('',#2816,#2817);
#2816 = CARTESIAN_POINT('',(4.912783244045,-0.6));
#2817 = VECTOR('',#2818,1.);
#2818 = DIRECTION('',(5.921189464667E-15,1.));
#2819 = ( GEOMETRIC_REPRESENTATION_CONTEXT(2) 
PARAMETRIC_REPRESENTATION_CONTEXT() REPRESENTATION_CONTEXT('2D SPACE',''
  ) );
#2820 = ORIENTED_EDGE('',*,*,#2432,.F.);
#2821 = ORIENTED_EDGE('',*,*,#2718,.T.);
#2822 = ADVANCED_FACE('',(#2823),#2420,.T.);
#2823 = FACE_BOUND('',#2824,.T.);
#2824 = EDGE_LOOP('',(#2825,#2826,#2827,#2850));
#2825 = ORIENTED_EDGE('',*,*,#2800,.F.);
#2826 = ORIENTED_EDGE('',*,*,#2403,.T.);
#2827 = ORIENTED_EDGE('',*,*,#2828,.T.);
#2828 = EDGE_CURVE('',#2375,#2829,#2831,.T.);
#2829 = VERTEX_POINT('',#2830);
#2830 = CARTESIAN_POINT('',(143.8,-107.8305408312,-58.80680678845));
#2831 = SURFACE_CURVE('',#2832,(#2836,#2843),.PCURVE_S1.);
#2832 = LINE('',#2833,#2834);
#2833 = CARTESIAN_POINT('',(145.,-107.3877517131,-59.92212638253));
#2834 = VECTOR('',#2835,1.);
#2835 = DIRECTION('',(-0.707106781186,-0.260915990003,0.657208373472));
#2836 = PCURVE('',#2420,#2837);
#2837 = DEFINITIONAL_REPRESENTATION('',(#2838),#2842);
#2838 = LINE('',#2839,#2840);
#2839 = CARTESIAN_POINT('',(7.476058529166,-0.6));
#2840 = VECTOR('',#2841,1.);
#2841 = DIRECTION('',(1.258252761241E-14,1.));
#2842 = ( GEOMETRIC_REPRESENTATION_CONTEXT(2) 
PARAMETRIC_REPRESENTATION_CONTEXT() REPRESENTATION_CONTEXT('2D SPACE',''
  ) );
#2843 = PCURVE('',#2391,#2844);
#2844 = DEFINITIONAL_REPRESENTATION('',(#2845),#2849);
#2845 = LINE('',#2846,#2847);
#2846 = CARTESIAN_POINT('',(0.,-0.600000000001));
#2847 = VECTOR('',#2848,1.);
#2848 = DIRECTION('',(0.,1.));
#2849 = ( GEOMETRIC_REPRESENTATION_CONTEXT(2) 
PARAMETRIC_REPRESENTATION_CONTEXT() REPRESENTATION_CONTEXT('2D SPACE',''
  ) );
#2850 = ORIENTED_EDGE('',*,*,#2851,.T.);
#2851 = EDGE_CURVE('',#2829,#2772,#2852,.T.);
#2852 = SURFACE_CURVE('',#2853,(#2858,#2865),.PCURVE_S1.);
#2853 = CIRCLE('',#2854,6.);
#2854 = AXIS2_PLACEMENT_3D('',#2855,#2856,#2857);
#2855 = CARTESIAN_POINT('',(143.8,-105.616595241,-64.38340475886));
#2856 = DIRECTION('',(1.,2.775557561563E-17,5.551115123126E-17));
#2857 = DIRECTION('',(2.775557561563E-17,-1.,1.54074395551E-33));
#2858 = PCURVE('',#2420,#2859);
#2859 = DEFINITIONAL_REPRESENTATION('',(#2860),#2864);
#2860 = LINE('',#2861,#2862);
#2861 = CARTESIAN_POINT('',(12.566370614359,0.6));
#2862 = VECTOR('',#2863,1.);
#2863 = DIRECTION('',(-1.,0.));
#2864 = ( GEOMETRIC_REPRESENTATION_CONTEXT(2) 
PARAMETRIC_REPRESENTATION_CONTEXT() REPRESENTATION_CONTEXT('2D SPACE',''
  ) );
#2865 = PCURVE('',#636,#2866);
#2866 = DEFINITIONAL_REPRESENTATION('',(#2867),#2871);
#2867 = LINE('',#2868,#2869);
#2868 = CARTESIAN_POINT('',(-6.28318530718,0.8));
#2869 = VECTOR('',#2870,1.);
#2870 = DIRECTION('',(1.,0.));
#2871 = ( GEOMETRIC_REPRESENTATION_CONTEXT(2) 
PARAMETRIC_REPRESENTATION_CONTEXT() REPRESENTATION_CONTEXT('2D SPACE',''
  ) );
#2872 = ADVANCED_FACE('',(#2873),#2391,.T.);
#2873 = FACE_BOUND('',#2874,.T.);
#2874 = EDGE_LOOP('',(#2875,#2876,#2877,#2900));
#2875 = ORIENTED_EDGE('',*,*,#2828,.F.);
#2876 = ORIENTED_EDGE('',*,*,#2374,.T.);
#2877 = ORIENTED_EDGE('',*,*,#2878,.T.);
#2878 = EDGE_CURVE('',#2342,#2879,#2881,.T.);
#2879 = VERTEX_POINT('',#2880);
#2880 = CARTESIAN_POINT('',(143.8,-22.62268228024,-75.72642562627));
#2881 = SURFACE_CURVE('',#2882,(#2886,#2893),.PCURVE_S1.);
#2882 = LINE('',#2883,#2884);
#2883 = CARTESIAN_POINT('',(145.,-23.45801104043,-76.58795093779));
#2884 = VECTOR('',#2885,1.);
#2885 = DIRECTION('',(-0.707106781187,0.492222192379,0.507658658283));
#2886 = PCURVE('',#2391,#2887);
#2887 = DEFINITIONAL_REPRESENTATION('',(#2888),#2892);
#2888 = LINE('',#2889,#2890);
#2889 = CARTESIAN_POINT('',(1.147884189192,-0.6));
#2890 = VECTOR('',#2891,1.);
#2891 = DIRECTION('',(0.,1.));
#2892 = ( GEOMETRIC_REPRESENTATION_CONTEXT(2) 
PARAMETRIC_REPRESENTATION_CONTEXT() REPRESENTATION_CONTEXT('2D SPACE',''
  ) );
#2893 = PCURVE('',#2362,#2894);
#2894 = DEFINITIONAL_REPRESENTATION('',(#2895),#2899);
#2895 = LINE('',#2896,#2897);
#2896 = CARTESIAN_POINT('',(4.995553342774,0.599999999954));
#2897 = VECTOR('',#2898,1.);
#2898 = DIRECTION('',(-2.22044604925E-15,-1.));
#2899 = ( GEOMETRIC_REPRESENTATION_CONTEXT(2) 
PARAMETRIC_REPRESENTATION_CONTEXT() REPRESENTATION_CONTEXT('2D SPACE',''
  ) );
#2900 = ORIENTED_EDGE('',*,*,#2901,.T.);
#2901 = EDGE_CURVE('',#2879,#2829,#2902,.T.);
#2902 = SURFACE_CURVE('',#2903,(#2908,#2915),.PCURVE_S1.);
#2903 = CIRCLE('',#2904,80.000000001594);
#2904 = AXIS2_PLACEMENT_3D('',#2905,#2906,#2907);
#2905 = CARTESIAN_POINT('',(143.8,-78.31126629444,-133.1614463953));
#2906 = DIRECTION('',(1.,2.775557561563E-17,5.551115123126E-17));
#2907 = DIRECTION('',(-4.135233984221E-17,-0.368990931702,0.929432995068
    ));
#2908 = PCURVE('',#2391,#2909);
#2909 = DEFINITIONAL_REPRESENTATION('',(#2910),#2914);
#2910 = LINE('',#2911,#2912);
#2911 = CARTESIAN_POINT('',(6.28318530718,0.6));
#2912 = VECTOR('',#2913,1.);
#2913 = DIRECTION('',(-1.,1.231032909174E-14));
#2914 = ( GEOMETRIC_REPRESENTATION_CONTEXT(2) 
PARAMETRIC_REPRESENTATION_CONTEXT() REPRESENTATION_CONTEXT('2D SPACE',''
  ) );
#2915 = PCURVE('',#669,#2916);
#2916 = DEFINITIONAL_REPRESENTATION('',(#2917),#2921);
#2917 = LINE('',#2918,#2919);
#2918 = CARTESIAN_POINT('',(0.,0.8));
#2919 = VECTOR('',#2920,1.);
#2920 = DIRECTION('',(1.,0.));
#2921 = ( GEOMETRIC_REPRESENTATION_CONTEXT(2) 
PARAMETRIC_REPRESENTATION_CONTEXT() REPRESENTATION_CONTEXT('2D SPACE',''
  ) );
#2922 = ADVANCED_FACE('',(#2923),#2362,.F.);
#2923 = FACE_BOUND('',#2924,.F.);
#2924 = EDGE_LOOP('',(#2925,#2952,#2953,#2954));
#2925 = ORIENTED_EDGE('',*,*,#2926,.F.);
#2926 = EDGE_CURVE('',#2609,#2879,#2927,.T.);
#2927 = SURFACE_CURVE('',#2928,(#2933,#2940),.PCURVE_S1.);
#2928 = CIRCLE('',#2929,41.477657657282);
#2929 = AXIS2_PLACEMENT_3D('',#2930,#2931,#2932);
#2930 = CARTESIAN_POINT('',(143.8,6.250218008621,-45.94804901443));
#2931 = DIRECTION('',(-1.,-2.775557561563E-17,-5.551115123126E-17));
#2932 = DIRECTION('',(3.450269790663E-17,0.494857536946,-0.868974118215)
  );
#2933 = PCURVE('',#2362,#2934);
#2934 = DEFINITIONAL_REPRESENTATION('',(#2935),#2939);
#2935 = LINE('',#2936,#2937);
#2936 = CARTESIAN_POINT('',(6.28318530718,-0.6));
#2937 = VECTOR('',#2938,1.);
#2938 = DIRECTION('',(-1.,3.326878990129E-15));
#2939 = ( GEOMETRIC_REPRESENTATION_CONTEXT(2) 
PARAMETRIC_REPRESENTATION_CONTEXT() REPRESENTATION_CONTEXT('2D SPACE',''
  ) );
#2940 = PCURVE('',#2941,#2946);
#2941 = CYLINDRICAL_SURFACE('',#2942,41.477657657282);
#2942 = AXIS2_PLACEMENT_3D('',#2943,#2944,#2945);
#2943 = CARTESIAN_POINT('',(143.,6.250218008621,-45.94804901443));
#2944 = DIRECTION('',(1.,0.,0.));
#2945 = DIRECTION('',(0.,0.494857536946,-0.868974118215));
#2946 = DEFINITIONAL_REPRESENTATION('',(#2947),#2951);
#2947 = LINE('',#2948,#2949);
#2948 = CARTESIAN_POINT('',(6.28318530718,0.8));
#2949 = VECTOR('',#2950,1.);
#2950 = DIRECTION('',(-1.,0.));
#2951 = ( GEOMETRIC_REPRESENTATION_CONTEXT(2) 
PARAMETRIC_REPRESENTATION_CONTEXT() REPRESENTATION_CONTEXT('2D SPACE',''
  ) );
#2952 = ORIENTED_EDGE('',*,*,#2637,.T.);
#2953 = ORIENTED_EDGE('',*,*,#2341,.F.);
#2954 = ORIENTED_EDGE('',*,*,#2878,.T.);
#2955 = ADVANCED_FACE('',(#2956),#636,.T.);
#2956 = FACE_BOUND('',#2957,.T.);
#2957 = EDGE_LOOP('',(#2958,#2959,#2980,#2981,#3004,#3133));
#2958 = ORIENTED_EDGE('',*,*,#2851,.F.);
#2959 = ORIENTED_EDGE('',*,*,#2960,.F.);
#2960 = EDGE_CURVE('',#616,#2829,#2961,.T.);
#2961 = SURFACE_CURVE('',#2962,(#2966,#2973),.PCURVE_S1.);
#2962 = LINE('',#2963,#2964);
#2963 = CARTESIAN_POINT('',(143.,-107.8305408312,-58.80680678845));
#2964 = VECTOR('',#2965,1.);
#2965 = DIRECTION('',(1.,0.,0.));
#2966 = PCURVE('',#636,#2967);
#2967 = DEFINITIONAL_REPRESENTATION('',(#2968),#2972);
#2968 = LINE('',#2969,#2970);
#2969 = CARTESIAN_POINT('',(-1.192873221986,0.));
#2970 = VECTOR('',#2971,1.);
#2971 = DIRECTION('',(0.,1.));
#2972 = ( GEOMETRIC_REPRESENTATION_CONTEXT(2) 
PARAMETRIC_REPRESENTATION_CONTEXT() REPRESENTATION_CONTEXT('2D SPACE',''
  ) );
#2973 = PCURVE('',#669,#2974);
#2974 = DEFINITIONAL_REPRESENTATION('',(#2975),#2979);
#2975 = LINE('',#2976,#2977);
#2976 = CARTESIAN_POINT('',(6.28318530718,0.));
#2977 = VECTOR('',#2978,1.);
#2978 = DIRECTION('',(0.,1.));
#2979 = ( GEOMETRIC_REPRESENTATION_CONTEXT(2) 
PARAMETRIC_REPRESENTATION_CONTEXT() REPRESENTATION_CONTEXT('2D SPACE',''
  ) );
#2980 = ORIENTED_EDGE('',*,*,#615,.F.);
#2981 = ORIENTED_EDGE('',*,*,#2982,.F.);
#2982 = EDGE_CURVE('',#2983,#583,#2985,.T.);
#2983 = VERTEX_POINT('',#2984);
#2984 = CARTESIAN_POINT('',(128.,-111.0235446923,-61.78246307737));
#2985 = SURFACE_CURVE('',#2986,(#2990,#2997),.PCURVE_S1.);
#2986 = LINE('',#2987,#2988);
#2987 = CARTESIAN_POINT('',(128.,-111.0235446924,-61.78246307735));
#2988 = VECTOR('',#2989,1.);
#2989 = DIRECTION('',(-1.,0.,-8.074349270001E-17));
#2990 = PCURVE('',#636,#2991);
#2991 = DEFINITIONAL_REPRESENTATION('',(#2992),#2996);
#2992 = LINE('',#2993,#2994);
#2993 = CARTESIAN_POINT('',(-0.448362290012,-15.));
#2994 = VECTOR('',#2995,1.);
#2995 = DIRECTION('',(1.7763568394E-17,-1.));
#2996 = ( GEOMETRIC_REPRESENTATION_CONTEXT(2) 
PARAMETRIC_REPRESENTATION_CONTEXT() REPRESENTATION_CONTEXT('2D SPACE',''
  ) );
#2997 = PCURVE('',#603,#2998);
#2998 = DEFINITIONAL_REPRESENTATION('',(#2999),#3003);
#2999 = LINE('',#3000,#3001);
#3000 = CARTESIAN_POINT('',(2.29810092652,-2.091198545113E-27));
#3001 = VECTOR('',#3002,1.);
#3002 = DIRECTION('',(0.,1.));
#3003 = ( GEOMETRIC_REPRESENTATION_CONTEXT(2) 
PARAMETRIC_REPRESENTATION_CONTEXT() REPRESENTATION_CONTEXT('2D SPACE',''
  ) );
#3004 = ORIENTED_EDGE('',*,*,#3005,.F.);
#3005 = EDGE_CURVE('',#3006,#2983,#3008,.T.);
#3006 = VERTEX_POINT('',#3007);
#3007 = CARTESIAN_POINT('',(134.76657637804,-106.8109294883,
    -70.26333381503));
#3008 = SURFACE_CURVE('',#3009,(#3026,#3077),.PCURVE_S1.);
#3009 = B_SPLINE_CURVE_WITH_KNOTS('',3,(#3010,#3011,#3012,#3013,#3014,
    #3015,#3016,#3017,#3018,#3019,#3020,#3021,#3022,#3023,#3024,#3025),
  .UNSPECIFIED.,.F.,.F.,(4,2,2,2,2,2,2,4),(2.925244892277,3.036509426437
    ,3.267774176039,3.510738204326,3.78049384965,4.01529263154,
    4.23584441965,4.23747460074),.UNSPECIFIED.);
#3010 = CARTESIAN_POINT('',(134.76657637804,-106.8109294883,
    -70.26333381503));
#3011 = CARTESIAN_POINT('',(134.68611331961,-107.1609971691,
    -70.19222788567));
#3012 = CARTESIAN_POINT('',(134.5970524603,-107.5029452003,
    -70.09020526728));
#3013 = CARTESIAN_POINT('',(134.291623382,-108.5179915121,
    -69.68677763249));
#3014 = CARTESIAN_POINT('',(134.04693038205,-109.1328656613,
    -69.29631967578));
#3015 = CARTESIAN_POINT('',(133.4416839247,-110.2059444395,
    -68.31923056923));
#3016 = CARTESIAN_POINT('',(133.0847504262,-110.6385661597,
    -67.7393123485));
#3017 = CARTESIAN_POINT('',(132.21421696645,-111.3073315755,
    -66.43524789397));
#3018 = CARTESIAN_POINT('',(131.70112265035,-111.5065888162,
    -65.72448565897));
#3019 = CARTESIAN_POINT('',(130.64328351442,-111.6473607518,
    -64.42208473211));
#3020 = CARTESIAN_POINT('',(130.11730565916,-111.6180749671,
    -63.83406553383));
#3021 = CARTESIAN_POINT('',(129.06488349547,-111.41619357,
    -62.75657000712));
#3022 = CARTESIAN_POINT('',(128.53575046547,-111.2510809414,
    -62.25776618321));
#3023 = CARTESIAN_POINT('',(128.00774827645,-111.0268451312,
    -61.78933254615));
#3024 = CARTESIAN_POINT('',(128.00387402726,-111.0251964885,
    -61.78589690222));
#3025 = CARTESIAN_POINT('',(128.,-111.0235446924,-61.78246307735));
#3026 = PCURVE('',#636,#3027);
#3027 = DEFINITIONAL_REPRESENTATION('',(#3028),#3076);
#3028 = B_SPLINE_CURVE_WITH_KNOTS('',3,(#3029,#3030,#3031,#3032,#3033,
    #3034,#3035,#3036,#3037,#3038,#3039,#3040,#3041,#3042,#3043,#3044,
    #3045,#3046,#3047,#3048,#3049,#3050,#3051,#3052,#3053,#3054,#3055,
    #3056,#3057,#3058,#3059,#3060,#3061,#3062,#3063,#3064,#3065,#3066,
    #3067,#3068,#3069,#3070,#3071,#3072,#3073,#3074,#3075),
  .UNSPECIFIED.,.F.,.F.,(4,1,1,1,1,1,1,1,1,1,1,1,1,1,1,1,1,1,1,1,1,1,1,1
    ,1,1,1,1,1,1,1,1,1,1,1,1,1,1,1,1,1,1,1,1,4),(2.925244892277,
    2.955068294742,2.984891697207,3.014715099672,3.044538502137,
    3.074361904602,3.104185307067,3.134008709532,3.163832111997,
    3.193655514462,3.223478916927,3.253302319392,3.283125721858,
    3.312949124323,3.342772526788,3.372595929253,3.402419331718,
    3.432242734183,3.462066136648,3.491889539113,3.521712941578,
    3.551536344043,3.581359746508,3.611183148973,3.641006551438,
    3.670829953904,3.700653356369,3.730476758834,3.760300161299,
    3.790123563764,3.819946966229,3.849770368694,3.879593771159,
    3.909417173624,3.939240576089,3.969063978554,3.998887381019,
    4.028710783484,4.05853418595,4.088357588415,4.11818099088,
    4.148004393345,4.17782779581,4.207651198275,4.23747460074),
  .QUASI_UNIFORM_KNOTS.);
#3029 = CARTESIAN_POINT('',(1.37040207547,-8.233423621959));
#3030 = CARTESIAN_POINT('',(1.354444130304,-8.254990981163));
#3031 = CARTESIAN_POINT('',(1.322571651468,-8.299359879566));
#3032 = CARTESIAN_POINT('',(1.274864256225,-8.369806639064));
#3033 = CARTESIAN_POINT('',(1.227254655762,-8.444292671247));
#3034 = CARTESIAN_POINT('',(1.179650480456,-8.523121375827));
#3035 = CARTESIAN_POINT('',(1.132364663034,-8.605893718639));
#3036 = CARTESIAN_POINT('',(1.085404283105,-8.692684298007));
#3037 = CARTESIAN_POINT('',(1.038725147999,-8.783668589286));
#3038 = CARTESIAN_POINT('',(0.992301344088,-8.878995577814));
#3039 = CARTESIAN_POINT('',(0.946107211537,-8.97881933197));
#3040 = CARTESIAN_POINT('',(0.900118339255,-9.083300077992));
#3041 = CARTESIAN_POINT('',(0.854323714616,-9.192568327632));
#3042 = CARTESIAN_POINT('',(0.808673941412,-9.306867292732));
#3043 = CARTESIAN_POINT('',(0.763538428079,-9.425374972745));
#3044 = CARTESIAN_POINT('',(0.718831484749,-9.54828495623));
#3045 = CARTESIAN_POINT('',(0.674530338545,-9.675668143037));
#3046 = CARTESIAN_POINT('',(0.630600754961,-9.807629547523));
#3047 = CARTESIAN_POINT('',(0.587018488379,-9.944260414732));
#3048 = CARTESIAN_POINT('',(0.54375734735,-10.08567295243));
#3049 = CARTESIAN_POINT('',(0.500814537502,-10.23190928682));
#3050 = CARTESIAN_POINT('',(0.458119899817,-10.38327090769));
#3051 = CARTESIAN_POINT('',(0.415991018986,-10.53868558436));
#3052 = CARTESIAN_POINT('',(0.374385999304,-10.69810523626));
#3053 = CARTESIAN_POINT('',(0.333266350969,-10.86151593144));
#3054 = CARTESIAN_POINT('',(0.292597962783,-11.02889436212));
#3055 = CARTESIAN_POINT('',(0.252350827149,-11.20022057522));
#3056 = CARTESIAN_POINT('',(0.212499846148,-11.37547057469));
#3057 = CARTESIAN_POINT('',(0.173022113822,-11.55463318166));
#3058 = CARTESIAN_POINT('',(0.133906823743,-11.73764999151));
#3059 = CARTESIAN_POINT('',(9.511785817344E-02,-11.92463868548));
#3060 = CARTESIAN_POINT('',(5.67681102004E-02,-12.1148703531));
#3061 = CARTESIAN_POINT('',(1.883340470457E-02,-12.30807499261));
#3062 = CARTESIAN_POINT('',(-1.871471418571E-02,-12.50405991544));
#3063 = CARTESIAN_POINT('',(-5.589971963375E-02,-12.70261133061));
#3064 = CARTESIAN_POINT('',(-9.274299383698E-02,-12.90352254355));
#3065 = CARTESIAN_POINT('',(-0.129261282946,-13.10657957653));
#3066 = CARTESIAN_POINT('',(-0.165473987946,-13.311590488));
#3067 = CARTESIAN_POINT('',(-0.201376764024,-13.51828247484));
#3068 = CARTESIAN_POINT('',(-0.237103717016,-13.72698027428));
#3069 = CARTESIAN_POINT('',(-0.272662444078,-13.93726906746));
#3070 = CARTESIAN_POINT('',(-0.30806798257,-14.14880121464));
#3071 = CARTESIAN_POINT('',(-0.34333189327,-14.36121104277));
#3072 = CARTESIAN_POINT('',(-0.378465276794,-14.57413783283));
#3073 = CARTESIAN_POINT('',(-0.413478054704,-14.78721908307));
#3074 = CARTESIAN_POINT('',(-0.436745565157,-14.92913600675));
#3075 = CARTESIAN_POINT('',(-0.448362290012,-15.));
#3076 = ( GEOMETRIC_REPRESENTATION_CONTEXT(2) 
PARAMETRIC_REPRESENTATION_CONTEXT() REPRESENTATION_CONTEXT('2D SPACE',''
  ) );
#3077 = PCURVE('',#3078,#3083);
#3078 = TOROIDAL_SURFACE('',#3079,11.379837378808,8.);
#3079 = AXIS2_PLACEMENT_3D('',#3080,#3081,#3082);
#3080 = CARTESIAN_POINT('',(128.,-107.9777763822,-63.24758972988));
#3081 = DIRECTION('',(1.,2.775557561563E-17,5.551115123126E-17));
#3082 = DIRECTION('',(5.551115123126E-17,1.54074395551E-33,-1.));
#3083 = DEFINITIONAL_REPRESENTATION('',(#3084),#3132);
#3084 = B_SPLINE_CURVE_WITH_KNOTS('',3,(#3085,#3086,#3087,#3088,#3089,
    #3090,#3091,#3092,#3093,#3094,#3095,#3096,#3097,#3098,#3099,#3100,
    #3101,#3102,#3103,#3104,#3105,#3106,#3107,#3108,#3109,#3110,#3111,
    #3112,#3113,#3114,#3115,#3116,#3117,#3118,#3119,#3120,#3121,#3122,
    #3123,#3124,#3125,#3126,#3127,#3128,#3129,#3130,#3131),
  .UNSPECIFIED.,.F.,.F.,(4,1,1,1,1,1,1,1,1,1,1,1,1,1,1,1,1,1,1,1,1,1,1,1
    ,1,1,1,1,1,1,1,1,1,1,1,1,1,1,1,1,1,1,1,1,4),(2.925244892277,
    2.955068294742,2.984891697207,3.014715099672,3.044538502137,
    3.074361904602,3.104185307067,3.134008709532,3.163832111997,
    3.193655514462,3.223478916927,3.253302319392,3.283125721858,
    3.312949124323,3.342772526788,3.372595929253,3.402419331718,
    3.432242734183,3.462066136648,3.491889539113,3.521712941578,
    3.551536344043,3.581359746508,3.611183148973,3.641006551438,
    3.670829953904,3.700653356369,3.730476758834,3.760300161299,
    3.790123563764,3.819946966229,3.849770368694,3.879593771159,
    3.909417173624,3.939240576089,3.969063978554,3.998887381019,
    4.028710783484,4.05853418595,4.088357588415,4.11818099088,
    4.148004393345,4.17782779581,4.207651198275,4.23747460074),
  .QUASI_UNIFORM_KNOTS.);
#3085 = CARTESIAN_POINT('',(6.447995050781,2.133488406034));
#3086 = CARTESIAN_POINT('',(6.435420091212,2.138542081299));
#3087 = CARTESIAN_POINT('',(6.410172653344,2.148817643737));
#3088 = CARTESIAN_POINT('',(6.371957319294,2.164744937901));
#3089 = CARTESIAN_POINT('',(6.333368126373,2.181185432121));
#3090 = CARTESIAN_POINT('',(6.294298604942,2.198173604252));
#3091 = CARTESIAN_POINT('',(6.254974727209,2.215593355681));
#3092 = CARTESIAN_POINT('',(6.21537836262,2.233435844479));
#3093 = CARTESIAN_POINT('',(6.175444687228,2.251712626172));
#3094 = CARTESIAN_POINT('',(6.135120893334,2.270429178274));
#3095 = CARTESIAN_POINT('',(6.094351242613,2.289591930321));
#3096 = CARTESIAN_POINT('',(6.053077534311,2.309208385558));
#3097 = CARTESIAN_POINT('',(6.011251390667,2.329281194479));
#3098 = CARTESIAN_POINT('',(5.968783662442,2.34983314145));
#3099 = CARTESIAN_POINT('',(5.92597839111,2.370692895355));
#3100 = CARTESIAN_POINT('',(5.882730278357,2.391890869819));
#3101 = CARTESIAN_POINT('',(5.838984632393,2.413430034356));
#3102 = CARTESIAN_POINT('',(5.79467293648,2.435318945002));
#3103 = CARTESIAN_POINT('',(5.749732561182,2.457562566571));
#3104 = CARTESIAN_POINT('',(5.704095415686,2.480168704281));
#3105 = CARTESIAN_POINT('',(5.657717041333,2.503134148111));
#3106 = CARTESIAN_POINT('',(5.610475379559,2.526496279009));
#3107 = CARTESIAN_POINT('',(5.562681256375,2.550077408036));
#3108 = CARTESIAN_POINT('',(5.514277408375,2.573883243573));
#3109 = CARTESIAN_POINT('',(5.465202666658,2.597919095382));
#3110 = CARTESIAN_POINT('',(5.415399928217,2.622187564774));
#3111 = CARTESIAN_POINT('',(5.364815691612,2.646690089463));
#3112 = CARTESIAN_POINT('',(5.313403297498,2.671426810164));
#3113 = CARTESIAN_POINT('',(5.261120746669,2.696399305776));
#3114 = CARTESIAN_POINT('',(5.207947380308,2.721603477416));
#3115 = CARTESIAN_POINT('',(5.153831229153,2.747058832754));
#3116 = CARTESIAN_POINT('',(5.09894566557,2.772676699983));
#3117 = CARTESIAN_POINT('',(5.043292727747,2.798438216956));
#3118 = CARTESIAN_POINT('',(4.986871747264,2.824332292409));
#3119 = CARTESIAN_POINT('',(4.929697716244,2.850345019307));
#3120 = CARTESIAN_POINT('',(4.871797690525,2.876463410509));
#3121 = CARTESIAN_POINT('',(4.813216570018,2.902674082019));
#3122 = CARTESIAN_POINT('',(4.754005832513,2.928967384586));
#3123 = CARTESIAN_POINT('',(4.694268880817,2.955324234519));
#3124 = CARTESIAN_POINT('',(4.63388874822,2.981804497224));
#3125 = CARTESIAN_POINT('',(4.572963438845,3.008372905269));
#3126 = CARTESIAN_POINT('',(4.511590511895,3.03500342825));
#3127 = CARTESIAN_POINT('',(4.449882566765,3.061668320592));
#3128 = CARTESIAN_POINT('',(4.387960914407,3.08834100302));
#3129 = CARTESIAN_POINT('',(4.325954375591,3.114995050085));
#3130 = CARTESIAN_POINT('',(4.284649149433,3.132734649913));
#3131 = CARTESIAN_POINT('',(4.264026690373,3.14159265359));
#3132 = ( GEOMETRIC_REPRESENTATION_CONTEXT(2) 
PARAMETRIC_REPRESENTATION_CONTEXT() REPRESENTATION_CONTEXT('2D SPACE',''
  ) );
#3133 = ORIENTED_EDGE('',*,*,#3134,.T.);
#3134 = EDGE_CURVE('',#3006,#2772,#3135,.T.);
#3135 = SURFACE_CURVE('',#3136,(#3140,#3147),.PCURVE_S1.);
#3136 = LINE('',#3137,#3138);
#3137 = CARTESIAN_POINT('',(143.,-106.8109295608,-70.2633338003));
#3138 = VECTOR('',#3139,1.);
#3139 = DIRECTION('',(1.,0.,0.));
#3140 = PCURVE('',#636,#3141);
#3141 = DEFINITIONAL_REPRESENTATION('',(#3142),#3146);
#3142 = LINE('',#3143,#3144);
#3143 = CARTESIAN_POINT('',(1.370402063135,0.));
#3144 = VECTOR('',#3145,1.);
#3145 = DIRECTION('',(0.,1.));
#3146 = ( GEOMETRIC_REPRESENTATION_CONTEXT(2) 
PARAMETRIC_REPRESENTATION_CONTEXT() REPRESENTATION_CONTEXT('2D SPACE',''
  ) );
#3147 = PCURVE('',#2788,#3148);
#3148 = DEFINITIONAL_REPRESENTATION('',(#3149),#3153);
#3149 = LINE('',#3150,#3151);
#3150 = CARTESIAN_POINT('',(6.28318530718,0.));
#3151 = VECTOR('',#3152,1.);
#3152 = DIRECTION('',(0.,1.));
#3153 = ( GEOMETRIC_REPRESENTATION_CONTEXT(2) 
PARAMETRIC_REPRESENTATION_CONTEXT() REPRESENTATION_CONTEXT('2D SPACE',''
  ) );
#3154 = ADVANCED_FACE('',(#3155),#669,.T.);
#3155 = FACE_BOUND('',#3156,.T.);
#3156 = EDGE_LOOP('',(#3157,#3158,#3181,#3202,#3203,#3226,#3255,#3276,
    #3277,#3300,#3329,#3350,#3351,#3374,#3403,#3424,#3425,#3448,#3477,
    #3498,#3499,#3522,#3551,#3572,#3573,#3596,#3625,#3646,#3647,#3670,
    #3699,#3720,#3721,#3744,#3773,#3794,#3795,#3818,#3847,#3868,#3869,
    #3892,#3921,#3942,#3943,#3966,#3995,#4016,#4017,#4040,#4069,#4090,
    #4091,#4114,#4143,#4164,#4165));
#3157 = ORIENTED_EDGE('',*,*,#2901,.F.);
#3158 = ORIENTED_EDGE('',*,*,#3159,.T.);
#3159 = EDGE_CURVE('',#2879,#3160,#3162,.T.);
#3160 = VERTEX_POINT('',#3161);
#3161 = CARTESIAN_POINT('',(128.,-22.62268228024,-75.72642562627));
#3162 = SURFACE_CURVE('',#3163,(#3167,#3174),.PCURVE_S1.);
#3163 = LINE('',#3164,#3165);
#3164 = CARTESIAN_POINT('',(145.,-22.62268228024,-75.72642562627));
#3165 = VECTOR('',#3166,1.);
#3166 = DIRECTION('',(-1.,0.,0.));
#3167 = PCURVE('',#669,#3168);
#3168 = DEFINITIONAL_REPRESENTATION('',(#3169),#3173);
#3169 = LINE('',#3170,#3171);
#3170 = CARTESIAN_POINT('',(5.135301117988,2.));
#3171 = VECTOR('',#3172,1.);
#3172 = DIRECTION('',(0.,-1.));
#3173 = ( GEOMETRIC_REPRESENTATION_CONTEXT(2) 
PARAMETRIC_REPRESENTATION_CONTEXT() REPRESENTATION_CONTEXT('2D SPACE',''
  ) );
#3174 = PCURVE('',#2941,#3175);
#3175 = DEFINITIONAL_REPRESENTATION('',(#3176),#3180);
#3176 = LINE('',#3177,#3178);
#3177 = CARTESIAN_POINT('',(4.995553342774,2.));
#3178 = VECTOR('',#3179,1.);
#3179 = DIRECTION('',(0.,-1.));
#3180 = ( GEOMETRIC_REPRESENTATION_CONTEXT(2) 
PARAMETRIC_REPRESENTATION_CONTEXT() REPRESENTATION_CONTEXT('2D SPACE',''
  ) );
#3181 = ORIENTED_EDGE('',*,*,#3182,.T.);
#3182 = EDGE_CURVE('',#3160,#1395,#3183,.T.);
#3183 = SURFACE_CURVE('',#3184,(#3188,#3195),.PCURVE_S1.);
#3184 = LINE('',#3185,#3186);
#3185 = CARTESIAN_POINT('',(128.,-22.62268228024,-75.72642562627));
#3186 = VECTOR('',#3187,1.);
#3187 = DIRECTION('',(-1.,0.,-8.074349270001E-17));
#3188 = PCURVE('',#669,#3189);
#3189 = DEFINITIONAL_REPRESENTATION('',(#3190),#3194);
#3190 = LINE('',#3191,#3192);
#3191 = CARTESIAN_POINT('',(5.135301117988,-15.));
#3192 = VECTOR('',#3193,1.);
#3193 = DIRECTION('',(0.,-1.));
#3194 = ( GEOMETRIC_REPRESENTATION_CONTEXT(2) 
PARAMETRIC_REPRESENTATION_CONTEXT() REPRESENTATION_CONTEXT('2D SPACE',''
  ) );
#3195 = PCURVE('',#1441,#3196);
#3196 = DEFINITIONAL_REPRESENTATION('',(#3197),#3201);
#3197 = LINE('',#3198,#3199);
#3198 = CARTESIAN_POINT('',(0.,1.124485363079E-28));
#3199 = VECTOR('',#3200,1.);
#3200 = DIRECTION('',(0.,1.));
#3201 = ( GEOMETRIC_REPRESENTATION_CONTEXT(2) 
PARAMETRIC_REPRESENTATION_CONTEXT() REPRESENTATION_CONTEXT('2D SPACE',''
  ) );
#3202 = ORIENTED_EDGE('',*,*,#1394,.F.);
#3203 = ORIENTED_EDGE('',*,*,#3204,.F.);
#3204 = EDGE_CURVE('',#3205,#1366,#3207,.T.);
#3205 = VERTEX_POINT('',#3206);
#3206 = CARTESIAN_POINT('',(128.,-24.46471724209,-73.99600753613));
#3207 = SURFACE_CURVE('',#3208,(#3212,#3219),.PCURVE_S1.);
#3208 = LINE('',#3209,#3210);
#3209 = CARTESIAN_POINT('',(128.,-24.46471724209,-73.99600753613));
#3210 = VECTOR('',#3211,1.);
#3211 = DIRECTION('',(-1.,0.,-8.074349270001E-17));
#3212 = PCURVE('',#669,#3213);
#3213 = DEFINITIONAL_REPRESENTATION('',(#3214),#3218);
#3214 = LINE('',#3215,#3216);
#3215 = CARTESIAN_POINT('',(5.166894162317,-15.));
#3216 = VECTOR('',#3217,1.);
#3217 = DIRECTION('',(0.,-1.));
#3218 = ( GEOMETRIC_REPRESENTATION_CONTEXT(2) 
PARAMETRIC_REPRESENTATION_CONTEXT() REPRESENTATION_CONTEXT('2D SPACE',''
  ) );
#3219 = PCURVE('',#1382,#3220);
#3220 = DEFINITIONAL_REPRESENTATION('',(#3221),#3225);
#3221 = LINE('',#3222,#3223);
#3222 = CARTESIAN_POINT('',(3.870585556311,0.));
#3223 = VECTOR('',#3224,1.);
#3224 = DIRECTION('',(0.,1.));
#3225 = ( GEOMETRIC_REPRESENTATION_CONTEXT(2) 
PARAMETRIC_REPRESENTATION_CONTEXT() REPRESENTATION_CONTEXT('2D SPACE',''
  ) );
#3226 = ORIENTED_EDGE('',*,*,#3227,.F.);
#3227 = EDGE_CURVE('',#3228,#3205,#3230,.T.);
#3228 = VERTEX_POINT('',#3229);
#3229 = CARTESIAN_POINT('',(128.,-26.72079123326,-72.01880265784));
#3230 = SURFACE_CURVE('',#3231,(#3236,#3243),.PCURVE_S1.);
#3231 = CIRCLE('',#3232,80.000000001594);
#3232 = AXIS2_PLACEMENT_3D('',#3233,#3234,#3235);
#3233 = CARTESIAN_POINT('',(128.,-78.31126629444,-133.1614463953));
#3234 = DIRECTION('',(-1.,-3.354906615575E-17,-5.781120457944E-17));
#3235 = DIRECTION('',(-4.135233984221E-17,-0.368990931702,0.929432995068
    ));
#3236 = PCURVE('',#669,#3237);
#3237 = DEFINITIONAL_REPRESENTATION('',(#3238),#3242);
#3238 = LINE('',#3239,#3240);
#3239 = CARTESIAN_POINT('',(6.28318530718,-15.));
#3240 = VECTOR('',#3241,1.);
#3241 = DIRECTION('',(-1.,0.));
#3242 = ( GEOMETRIC_REPRESENTATION_CONTEXT(2) 
PARAMETRIC_REPRESENTATION_CONTEXT() REPRESENTATION_CONTEXT('2D SPACE',''
  ) );
#3243 = PCURVE('',#3244,#3249);
#3244 = PLANE('',#3245);
#3245 = AXIS2_PLACEMENT_3D('',#3246,#3247,#3248);
#3246 = CARTESIAN_POINT('',(128.,-25.40711148114,-78.59817666492));
#3247 = DIRECTION('',(-1.,-2.775557561563E-17,-5.551115123126E-17));
#3248 = DIRECTION('',(2.775557561563E-17,-1.,0.));
#3249 = DEFINITIONAL_REPRESENTATION('',(#3250),#3254);
#3250 = CIRCLE('',#3251,80.000000001594);
#3251 = AXIS2_PLACEMENT_2D('',#3252,#3253);
#3252 = CARTESIAN_POINT('',(52.9041548133,-54.56326973046));
#3253 = DIRECTION('',(0.368990931702,0.929432995068));
#3254 = ( GEOMETRIC_REPRESENTATION_CONTEXT(2) 
PARAMETRIC_REPRESENTATION_CONTEXT() REPRESENTATION_CONTEXT('2D SPACE',''
  ) );
#3255 = ORIENTED_EDGE('',*,*,#3256,.T.);
#3256 = EDGE_CURVE('',#3228,#1338,#3257,.T.);
#3257 = SURFACE_CURVE('',#3258,(#3262,#3269),.PCURVE_S1.);
#3258 = LINE('',#3259,#3260);
#3259 = CARTESIAN_POINT('',(128.,-26.72079123326,-72.01880265784));
#3260 = VECTOR('',#3261,1.);
#3261 = DIRECTION('',(-1.,0.,-8.074349270001E-17));
#3262 = PCURVE('',#669,#3263);
#3263 = DEFINITIONAL_REPRESENTATION('',(#3264),#3268);
#3264 = LINE('',#3265,#3266);
#3265 = CARTESIAN_POINT('',(5.204394711654,-15.));
#3266 = VECTOR('',#3267,1.);
#3267 = DIRECTION('',(0.,-1.));
#3268 = ( GEOMETRIC_REPRESENTATION_CONTEXT(2) 
PARAMETRIC_REPRESENTATION_CONTEXT() REPRESENTATION_CONTEXT('2D SPACE',''
  ) );
#3269 = PCURVE('',#1382,#3270);
#3270 = DEFINITIONAL_REPRESENTATION('',(#3271),#3275);
#3271 = LINE('',#3272,#3273);
#3272 = CARTESIAN_POINT('',(6.993427935229,0.));
#3273 = VECTOR('',#3274,1.);
#3274 = DIRECTION('',(0.,1.));
#3275 = ( GEOMETRIC_REPRESENTATION_CONTEXT(2) 
PARAMETRIC_REPRESENTATION_CONTEXT() REPRESENTATION_CONTEXT('2D SPACE',''
  ) );
#3276 = ORIENTED_EDGE('',*,*,#1337,.F.);
#3277 = ORIENTED_EDGE('',*,*,#3278,.F.);
#3278 = EDGE_CURVE('',#3279,#1309,#3281,.T.);
#3279 = VERTEX_POINT('',#3280);
#3280 = CARTESIAN_POINT('',(128.,-29.82622738672,-69.52811391647));
#3281 = SURFACE_CURVE('',#3282,(#3286,#3293),.PCURVE_S1.);
#3282 = LINE('',#3283,#3284);
#3283 = CARTESIAN_POINT('',(128.,-29.82622738672,-69.52811391647));
#3284 = VECTOR('',#3285,1.);
#3285 = DIRECTION('',(-1.,0.,-8.074349270001E-17));
#3286 = PCURVE('',#669,#3287);
#3287 = DEFINITIONAL_REPRESENTATION('',(#3288),#3292);
#3288 = LINE('',#3289,#3290);
#3289 = CARTESIAN_POINT('',(5.254160624916,-15.));
#3290 = VECTOR('',#3291,1.);
#3291 = DIRECTION('',(0.,-1.));
#3292 = ( GEOMETRIC_REPRESENTATION_CONTEXT(2) 
PARAMETRIC_REPRESENTATION_CONTEXT() REPRESENTATION_CONTEXT('2D SPACE',''
  ) );
#3293 = PCURVE('',#1325,#3294);
#3294 = DEFINITIONAL_REPRESENTATION('',(#3295),#3299);
#3295 = LINE('',#3296,#3297);
#3296 = CARTESIAN_POINT('',(3.783319093711,0.));
#3297 = VECTOR('',#3298,1.);
#3298 = DIRECTION('',(0.,1.));
#3299 = ( GEOMETRIC_REPRESENTATION_CONTEXT(2) 
PARAMETRIC_REPRESENTATION_CONTEXT() REPRESENTATION_CONTEXT('2D SPACE',''
  ) );
#3300 = ORIENTED_EDGE('',*,*,#3301,.F.);
#3301 = EDGE_CURVE('',#3302,#3279,#3304,.T.);
#3302 = VERTEX_POINT('',#3303);
#3303 = CARTESIAN_POINT('',(128.,-32.24604109496,-67.75506270407));
#3304 = SURFACE_CURVE('',#3305,(#3310,#3317),.PCURVE_S1.);
#3305 = CIRCLE('',#3306,80.000000001594);
#3306 = AXIS2_PLACEMENT_3D('',#3307,#3308,#3309);
#3307 = CARTESIAN_POINT('',(128.,-78.31126629444,-133.1614463953));
#3308 = DIRECTION('',(-1.,-3.354906615575E-17,-5.781120457944E-17));
#3309 = DIRECTION('',(-4.135233984221E-17,-0.368990931702,0.929432995068
    ));
#3310 = PCURVE('',#669,#3311);
#3311 = DEFINITIONAL_REPRESENTATION('',(#3312),#3316);
#3312 = LINE('',#3313,#3314);
#3313 = CARTESIAN_POINT('',(6.28318530718,-15.));
#3314 = VECTOR('',#3315,1.);
#3315 = DIRECTION('',(-1.,0.));
#3316 = ( GEOMETRIC_REPRESENTATION_CONTEXT(2) 
PARAMETRIC_REPRESENTATION_CONTEXT() REPRESENTATION_CONTEXT('2D SPACE',''
  ) );
#3317 = PCURVE('',#3318,#3323);
#3318 = PLANE('',#3319);
#3319 = AXIS2_PLACEMENT_3D('',#3320,#3321,#3322);
#3320 = CARTESIAN_POINT('',(128.,-25.40711148114,-78.59817666492));
#3321 = DIRECTION('',(-1.,-2.775557561563E-17,-5.551115123126E-17));
#3322 = DIRECTION('',(2.775557561563E-17,-1.,0.));
#3323 = DEFINITIONAL_REPRESENTATION('',(#3324),#3328);
#3324 = CIRCLE('',#3325,80.000000001594);
#3325 = AXIS2_PLACEMENT_2D('',#3326,#3327);
#3326 = CARTESIAN_POINT('',(52.9041548133,-54.56326973046));
#3327 = DIRECTION('',(0.368990931702,0.929432995068));
#3328 = ( GEOMETRIC_REPRESENTATION_CONTEXT(2) 
PARAMETRIC_REPRESENTATION_CONTEXT() REPRESENTATION_CONTEXT('2D SPACE',''
  ) );
#3329 = ORIENTED_EDGE('',*,*,#3330,.T.);
#3330 = EDGE_CURVE('',#3302,#1281,#3331,.T.);
#3331 = SURFACE_CURVE('',#3332,(#3336,#3343),.PCURVE_S1.);
#3332 = LINE('',#3333,#3334);
#3333 = CARTESIAN_POINT('',(128.,-32.24604109496,-67.75506270407));
#3334 = VECTOR('',#3335,1.);
#3335 = DIRECTION('',(-1.,0.,-8.074349270001E-17));
#3336 = PCURVE('',#669,#3337);
#3337 = DEFINITIONAL_REPRESENTATION('',(#3338),#3342);
#3338 = LINE('',#3339,#3340);
#3339 = CARTESIAN_POINT('',(5.291661174254,-15.));
#3340 = VECTOR('',#3341,1.);
#3341 = DIRECTION('',(0.,-1.));
#3342 = ( GEOMETRIC_REPRESENTATION_CONTEXT(2) 
PARAMETRIC_REPRESENTATION_CONTEXT() REPRESENTATION_CONTEXT('2D SPACE',''
  ) );
#3343 = PCURVE('',#1325,#3344);
#3344 = DEFINITIONAL_REPRESENTATION('',(#3345),#3349);
#3345 = LINE('',#3346,#3347);
#3346 = CARTESIAN_POINT('',(6.90616147263,0.));
#3347 = VECTOR('',#3348,1.);
#3348 = DIRECTION('',(0.,1.));
#3349 = ( GEOMETRIC_REPRESENTATION_CONTEXT(2) 
PARAMETRIC_REPRESENTATION_CONTEXT() REPRESENTATION_CONTEXT('2D SPACE',''
  ) );
#3350 = ORIENTED_EDGE('',*,*,#1280,.F.);
#3351 = ORIENTED_EDGE('',*,*,#3352,.F.);
#3352 = EDGE_CURVE('',#3353,#1252,#3355,.T.);
#3353 = VERTEX_POINT('',#3354);
#3354 = CARTESIAN_POINT('',(128.,-35.55673795351,-65.54450837983));
#3355 = SURFACE_CURVE('',#3356,(#3360,#3367),.PCURVE_S1.);
#3356 = LINE('',#3357,#3358);
#3357 = CARTESIAN_POINT('',(128.,-35.55673795351,-65.54450837983));
#3358 = VECTOR('',#3359,1.);
#3359 = DIRECTION('',(-1.,0.,-8.074349270001E-17));
#3360 = PCURVE('',#669,#3361);
#3361 = DEFINITIONAL_REPRESENTATION('',(#3362),#3366);
#3362 = LINE('',#3363,#3364);
#3363 = CARTESIAN_POINT('',(5.341427087516,-15.));
#3364 = VECTOR('',#3365,1.);
#3365 = DIRECTION('',(0.,-1.));
#3366 = ( GEOMETRIC_REPRESENTATION_CONTEXT(2) 
PARAMETRIC_REPRESENTATION_CONTEXT() REPRESENTATION_CONTEXT('2D SPACE',''
  ) );
#3367 = PCURVE('',#1268,#3368);
#3368 = DEFINITIONAL_REPRESENTATION('',(#3369),#3373);
#3369 = LINE('',#3370,#3371);
#3370 = CARTESIAN_POINT('',(3.696052631112,0.));
#3371 = VECTOR('',#3372,1.);
#3372 = DIRECTION('',(0.,1.));
#3373 = ( GEOMETRIC_REPRESENTATION_CONTEXT(2) 
PARAMETRIC_REPRESENTATION_CONTEXT() REPRESENTATION_CONTEXT('2D SPACE',''
  ) );
#3374 = ORIENTED_EDGE('',*,*,#3375,.F.);
#3375 = EDGE_CURVE('',#3376,#3353,#3378,.T.);
#3376 = VERTEX_POINT('',#3377);
#3377 = CARTESIAN_POINT('',(128.,-38.12187513537,-63.98910482364));
#3378 = SURFACE_CURVE('',#3379,(#3384,#3391),.PCURVE_S1.);
#3379 = CIRCLE('',#3380,80.000000001594);
#3380 = AXIS2_PLACEMENT_3D('',#3381,#3382,#3383);
#3381 = CARTESIAN_POINT('',(128.,-78.31126629444,-133.1614463953));
#3382 = DIRECTION('',(-1.,-3.354906615575E-17,-5.781120457944E-17));
#3383 = DIRECTION('',(-4.135233984221E-17,-0.368990931702,0.929432995068
    ));
#3384 = PCURVE('',#669,#3385);
#3385 = DEFINITIONAL_REPRESENTATION('',(#3386),#3390);
#3386 = LINE('',#3387,#3388);
#3387 = CARTESIAN_POINT('',(6.28318530718,-15.));
#3388 = VECTOR('',#3389,1.);
#3389 = DIRECTION('',(-1.,0.));
#3390 = ( GEOMETRIC_REPRESENTATION_CONTEXT(2) 
PARAMETRIC_REPRESENTATION_CONTEXT() REPRESENTATION_CONTEXT('2D SPACE',''
  ) );
#3391 = PCURVE('',#3392,#3397);
#3392 = PLANE('',#3393);
#3393 = AXIS2_PLACEMENT_3D('',#3394,#3395,#3396);
#3394 = CARTESIAN_POINT('',(128.,-25.40711148114,-78.59817666492));
#3395 = DIRECTION('',(-1.,-2.775557561563E-17,-5.551115123126E-17));
#3396 = DIRECTION('',(2.775557561563E-17,-1.,0.));
#3397 = DEFINITIONAL_REPRESENTATION('',(#3398),#3402);
#3398 = CIRCLE('',#3399,80.000000001594);
#3399 = AXIS2_PLACEMENT_2D('',#3400,#3401);
#3400 = CARTESIAN_POINT('',(52.9041548133,-54.56326973046));
#3401 = DIRECTION('',(0.368990931702,0.929432995068));
#3402 = ( GEOMETRIC_REPRESENTATION_CONTEXT(2) 
PARAMETRIC_REPRESENTATION_CONTEXT() REPRESENTATION_CONTEXT('2D SPACE',''
  ) );
#3403 = ORIENTED_EDGE('',*,*,#3404,.T.);
#3404 = EDGE_CURVE('',#3376,#1224,#3405,.T.);
#3405 = SURFACE_CURVE('',#3406,(#3410,#3417),.PCURVE_S1.);
#3406 = LINE('',#3407,#3408);
#3407 = CARTESIAN_POINT('',(128.,-38.12187513537,-63.98910482364));
#3408 = VECTOR('',#3409,1.);
#3409 = DIRECTION('',(-1.,0.,-8.074349270001E-17));
#3410 = PCURVE('',#669,#3411);
#3411 = DEFINITIONAL_REPRESENTATION('',(#3412),#3416);
#3412 = LINE('',#3413,#3414);
#3413 = CARTESIAN_POINT('',(5.378927636854,-15.));
#3414 = VECTOR('',#3415,1.);
#3415 = DIRECTION('',(0.,-1.));
#3416 = ( GEOMETRIC_REPRESENTATION_CONTEXT(2) 
PARAMETRIC_REPRESENTATION_CONTEXT() REPRESENTATION_CONTEXT('2D SPACE',''
  ) );
#3417 = PCURVE('',#1268,#3418);
#3418 = DEFINITIONAL_REPRESENTATION('',(#3419),#3423);
#3419 = LINE('',#3420,#3421);
#3420 = CARTESIAN_POINT('',(6.81889501003,0.));
#3421 = VECTOR('',#3422,1.);
#3422 = DIRECTION('',(0.,1.));
#3423 = ( GEOMETRIC_REPRESENTATION_CONTEXT(2) 
PARAMETRIC_REPRESENTATION_CONTEXT() REPRESENTATION_CONTEXT('2D SPACE',''
  ) );
#3424 = ORIENTED_EDGE('',*,*,#1223,.F.);
#3425 = ORIENTED_EDGE('',*,*,#3426,.F.);
#3426 = EDGE_CURVE('',#3427,#1195,#3429,.T.);
#3427 = VERTEX_POINT('',#3428);
#3428 = CARTESIAN_POINT('',(128.,-41.61263629686,-62.07550856971));
#3429 = SURFACE_CURVE('',#3430,(#3434,#3441),.PCURVE_S1.);
#3430 = LINE('',#3431,#3432);
#3431 = CARTESIAN_POINT('',(128.,-41.61263629686,-62.07550856971));
#3432 = VECTOR('',#3433,1.);
#3433 = DIRECTION('',(-1.,0.,-8.074349270001E-17));
#3434 = PCURVE('',#669,#3435);
#3435 = DEFINITIONAL_REPRESENTATION('',(#3436),#3440);
#3436 = LINE('',#3437,#3438);
#3437 = CARTESIAN_POINT('',(5.428693550116,-15.));
#3438 = VECTOR('',#3439,1.);
#3439 = DIRECTION('',(0.,-1.));
#3440 = ( GEOMETRIC_REPRESENTATION_CONTEXT(2) 
PARAMETRIC_REPRESENTATION_CONTEXT() REPRESENTATION_CONTEXT('2D SPACE',''
  ) );
#3441 = PCURVE('',#1211,#3442);
#3442 = DEFINITIONAL_REPRESENTATION('',(#3443),#3447);
#3443 = LINE('',#3444,#3445);
#3444 = CARTESIAN_POINT('',(3.608786168512,0.));
#3445 = VECTOR('',#3446,1.);
#3446 = DIRECTION('',(0.,1.));
#3447 = ( GEOMETRIC_REPRESENTATION_CONTEXT(2) 
PARAMETRIC_REPRESENTATION_CONTEXT() REPRESENTATION_CONTEXT('2D SPACE',''
  ) );
#3448 = ORIENTED_EDGE('',*,*,#3449,.F.);
#3449 = EDGE_CURVE('',#3450,#3427,#3452,.T.);
#3450 = VERTEX_POINT('',#3451);
#3451 = CARTESIAN_POINT('',(128.,-44.30357470952,-60.74959022998));
#3452 = SURFACE_CURVE('',#3453,(#3458,#3465),.PCURVE_S1.);
#3453 = CIRCLE('',#3454,80.000000001594);
#3454 = AXIS2_PLACEMENT_3D('',#3455,#3456,#3457);
#3455 = CARTESIAN_POINT('',(128.,-78.31126629444,-133.1614463953));
#3456 = DIRECTION('',(-1.,-3.354906615575E-17,-5.781120457944E-17));
#3457 = DIRECTION('',(-4.135233984221E-17,-0.368990931702,0.929432995068
    ));
#3458 = PCURVE('',#669,#3459);
#3459 = DEFINITIONAL_REPRESENTATION('',(#3460),#3464);
#3460 = LINE('',#3461,#3462);
#3461 = CARTESIAN_POINT('',(6.28318530718,-15.));
#3462 = VECTOR('',#3463,1.);
#3463 = DIRECTION('',(-1.,0.));
#3464 = ( GEOMETRIC_REPRESENTATION_CONTEXT(2) 
PARAMETRIC_REPRESENTATION_CONTEXT() REPRESENTATION_CONTEXT('2D SPACE',''
  ) );
#3465 = PCURVE('',#3466,#3471);
#3466 = PLANE('',#3467);
#3467 = AXIS2_PLACEMENT_3D('',#3468,#3469,#3470);
#3468 = CARTESIAN_POINT('',(128.,-25.40711148114,-78.59817666492));
#3469 = DIRECTION('',(-1.,-2.775557561563E-17,-5.551115123126E-17));
#3470 = DIRECTION('',(2.775557561563E-17,-1.,0.));
#3471 = DEFINITIONAL_REPRESENTATION('',(#3472),#3476);
#3472 = CIRCLE('',#3473,80.000000001594);
#3473 = AXIS2_PLACEMENT_2D('',#3474,#3475);
#3474 = CARTESIAN_POINT('',(52.9041548133,-54.56326973046));
#3475 = DIRECTION('',(0.368990931702,0.929432995068));
#3476 = ( GEOMETRIC_REPRESENTATION_CONTEXT(2) 
PARAMETRIC_REPRESENTATION_CONTEXT() REPRESENTATION_CONTEXT('2D SPACE',''
  ) );
#3477 = ORIENTED_EDGE('',*,*,#3478,.T.);
#3478 = EDGE_CURVE('',#3450,#1167,#3479,.T.);
#3479 = SURFACE_CURVE('',#3480,(#3484,#3491),.PCURVE_S1.);
#3480 = LINE('',#3481,#3482);
#3481 = CARTESIAN_POINT('',(128.,-44.30357470952,-60.74959022998));
#3482 = VECTOR('',#3483,1.);
#3483 = DIRECTION('',(-1.,0.,-8.074349270001E-17));
#3484 = PCURVE('',#669,#3485);
#3485 = DEFINITIONAL_REPRESENTATION('',(#3486),#3490);
#3486 = LINE('',#3487,#3488);
#3487 = CARTESIAN_POINT('',(5.466194099453,-15.));
#3488 = VECTOR('',#3489,1.);
#3489 = DIRECTION('',(0.,-1.));
#3490 = ( GEOMETRIC_REPRESENTATION_CONTEXT(2) 
PARAMETRIC_REPRESENTATION_CONTEXT() REPRESENTATION_CONTEXT('2D SPACE',''
  ) );
#3491 = PCURVE('',#1211,#3492);
#3492 = DEFINITIONAL_REPRESENTATION('',(#3493),#3497);
#3493 = LINE('',#3494,#3495);
#3494 = CARTESIAN_POINT('',(6.73162854743,0.));
#3495 = VECTOR('',#3496,1.);
#3496 = DIRECTION('',(0.,1.));
#3497 = ( GEOMETRIC_REPRESENTATION_CONTEXT(2) 
PARAMETRIC_REPRESENTATION_CONTEXT() REPRESENTATION_CONTEXT('2D SPACE',''
  ) );
#3498 = ORIENTED_EDGE('',*,*,#1166,.F.);
#3499 = ORIENTED_EDGE('',*,*,#3500,.F.);
#3500 = EDGE_CURVE('',#3501,#1138,#3503,.T.);
#3501 = VERTEX_POINT('',#3502);
#3502 = CARTESIAN_POINT('',(128.,-47.94783337373,-59.14751566931));
#3503 = SURFACE_CURVE('',#3504,(#3508,#3515),.PCURVE_S1.);
#3504 = LINE('',#3505,#3506);
#3505 = CARTESIAN_POINT('',(128.,-47.94783337373,-59.14751566931));
#3506 = VECTOR('',#3507,1.);
#3507 = DIRECTION('',(-1.,0.,-8.074349270001E-17));
#3508 = PCURVE('',#669,#3509);
#3509 = DEFINITIONAL_REPRESENTATION('',(#3510),#3514);
#3510 = LINE('',#3511,#3512);
#3511 = CARTESIAN_POINT('',(5.515960012716,-15.));
#3512 = VECTOR('',#3513,1.);
#3513 = DIRECTION('',(0.,-1.));
#3514 = ( GEOMETRIC_REPRESENTATION_CONTEXT(2) 
PARAMETRIC_REPRESENTATION_CONTEXT() REPRESENTATION_CONTEXT('2D SPACE',''
  ) );
#3515 = PCURVE('',#1154,#3516);
#3516 = DEFINITIONAL_REPRESENTATION('',(#3517),#3521);
#3517 = LINE('',#3518,#3519);
#3518 = CARTESIAN_POINT('',(3.521519705912,0.));
#3519 = VECTOR('',#3520,1.);
#3520 = DIRECTION('',(0.,1.));
#3521 = ( GEOMETRIC_REPRESENTATION_CONTEXT(2) 
PARAMETRIC_REPRESENTATION_CONTEXT() REPRESENTATION_CONTEXT('2D SPACE',''
  ) );
#3522 = ORIENTED_EDGE('',*,*,#3523,.F.);
#3523 = EDGE_CURVE('',#3524,#3501,#3526,.T.);
#3524 = VERTEX_POINT('',#3525);
#3525 = CARTESIAN_POINT('',(128.,-50.74409335103,-58.06117358521));
#3526 = SURFACE_CURVE('',#3527,(#3532,#3539),.PCURVE_S1.);
#3527 = CIRCLE('',#3528,80.000000001594);
#3528 = AXIS2_PLACEMENT_3D('',#3529,#3530,#3531);
#3529 = CARTESIAN_POINT('',(128.,-78.31126629444,-133.1614463953));
#3530 = DIRECTION('',(-1.,-3.354906615575E-17,-5.781120457944E-17));
#3531 = DIRECTION('',(-4.135233984221E-17,-0.368990931702,0.929432995068
    ));
#3532 = PCURVE('',#669,#3533);
#3533 = DEFINITIONAL_REPRESENTATION('',(#3534),#3538);
#3534 = LINE('',#3535,#3536);
#3535 = CARTESIAN_POINT('',(6.28318530718,-15.));
#3536 = VECTOR('',#3537,1.);
#3537 = DIRECTION('',(-1.,0.));
#3538 = ( GEOMETRIC_REPRESENTATION_CONTEXT(2) 
PARAMETRIC_REPRESENTATION_CONTEXT() REPRESENTATION_CONTEXT('2D SPACE',''
  ) );
#3539 = PCURVE('',#3540,#3545);
#3540 = PLANE('',#3541);
#3541 = AXIS2_PLACEMENT_3D('',#3542,#3543,#3544);
#3542 = CARTESIAN_POINT('',(128.,-25.40711148114,-78.59817666492));
#3543 = DIRECTION('',(-1.,-2.775557561563E-17,-5.551115123126E-17));
#3544 = DIRECTION('',(2.775557561563E-17,-1.,0.));
#3545 = DEFINITIONAL_REPRESENTATION('',(#3546),#3550);
#3546 = CIRCLE('',#3547,80.000000001594);
#3547 = AXIS2_PLACEMENT_2D('',#3548,#3549);
#3548 = CARTESIAN_POINT('',(52.9041548133,-54.56326973046));
#3549 = DIRECTION('',(0.368990931702,0.929432995068));
#3550 = ( GEOMETRIC_REPRESENTATION_CONTEXT(2) 
PARAMETRIC_REPRESENTATION_CONTEXT() REPRESENTATION_CONTEXT('2D SPACE',''
  ) );
#3551 = ORIENTED_EDGE('',*,*,#3552,.T.);
#3552 = EDGE_CURVE('',#3524,#1110,#3553,.T.);
#3553 = SURFACE_CURVE('',#3554,(#3558,#3565),.PCURVE_S1.);
#3554 = LINE('',#3555,#3556);
#3555 = CARTESIAN_POINT('',(128.,-50.74409335103,-58.06117358521));
#3556 = VECTOR('',#3557,1.);
#3557 = DIRECTION('',(-1.,0.,-8.074349270001E-17));
#3558 = PCURVE('',#669,#3559);
#3559 = DEFINITIONAL_REPRESENTATION('',(#3560),#3564);
#3560 = LINE('',#3561,#3562);
#3561 = CARTESIAN_POINT('',(5.553460562053,-15.));
#3562 = VECTOR('',#3563,1.);
#3563 = DIRECTION('',(0.,-1.));
#3564 = ( GEOMETRIC_REPRESENTATION_CONTEXT(2) 
PARAMETRIC_REPRESENTATION_CONTEXT() REPRESENTATION_CONTEXT('2D SPACE',''
  ) );
#3565 = PCURVE('',#1154,#3566);
#3566 = DEFINITIONAL_REPRESENTATION('',(#3567),#3571);
#3567 = LINE('',#3568,#3569);
#3568 = CARTESIAN_POINT('',(6.64436208483,0.));
#3569 = VECTOR('',#3570,1.);
#3570 = DIRECTION('',(0.,1.));
#3571 = ( GEOMETRIC_REPRESENTATION_CONTEXT(2) 
PARAMETRIC_REPRESENTATION_CONTEXT() REPRESENTATION_CONTEXT('2D SPACE',''
  ) );
#3572 = ORIENTED_EDGE('',*,*,#1109,.F.);
#3573 = ORIENTED_EDGE('',*,*,#3574,.F.);
#3574 = EDGE_CURVE('',#3575,#1081,#3577,.T.);
#3575 = VERTEX_POINT('',#3576);
#3576 = CARTESIAN_POINT('',(128.,-54.51411450907,-56.78281347257));
#3577 = SURFACE_CURVE('',#3578,(#3582,#3589),.PCURVE_S1.);
#3578 = LINE('',#3579,#3580);
#3579 = CARTESIAN_POINT('',(128.,-54.51411450907,-56.78281347257));
#3580 = VECTOR('',#3581,1.);
#3581 = DIRECTION('',(-1.,0.,-8.074349270001E-17));
#3582 = PCURVE('',#669,#3583);
#3583 = DEFINITIONAL_REPRESENTATION('',(#3584),#3588);
#3584 = LINE('',#3585,#3586);
#3585 = CARTESIAN_POINT('',(5.603226475315,-15.));
#3586 = VECTOR('',#3587,1.);
#3587 = DIRECTION('',(0.,-1.));
#3588 = ( GEOMETRIC_REPRESENTATION_CONTEXT(2) 
PARAMETRIC_REPRESENTATION_CONTEXT() REPRESENTATION_CONTEXT('2D SPACE',''
  ) );
#3589 = PCURVE('',#1097,#3590);
#3590 = DEFINITIONAL_REPRESENTATION('',(#3591),#3595);
#3591 = LINE('',#3592,#3593);
#3592 = CARTESIAN_POINT('',(3.434253243312,0.));
#3593 = VECTOR('',#3594,1.);
#3594 = DIRECTION('',(0.,1.));
#3595 = ( GEOMETRIC_REPRESENTATION_CONTEXT(2) 
PARAMETRIC_REPRESENTATION_CONTEXT() REPRESENTATION_CONTEXT('2D SPACE',''
  ) );
#3596 = ORIENTED_EDGE('',*,*,#3597,.F.);
#3597 = EDGE_CURVE('',#3598,#3575,#3600,.T.);
#3598 = VERTEX_POINT('',#3599);
#3599 = CARTESIAN_POINT('',(128.,-57.39441482416,-55.94431536331));
#3600 = SURFACE_CURVE('',#3601,(#3606,#3613),.PCURVE_S1.);
#3601 = CIRCLE('',#3602,80.000000001594);
#3602 = AXIS2_PLACEMENT_3D('',#3603,#3604,#3605);
#3603 = CARTESIAN_POINT('',(128.,-78.31126629444,-133.1614463953));
#3604 = DIRECTION('',(-1.,-3.354906615575E-17,-5.781120457944E-17));
#3605 = DIRECTION('',(-4.135233984221E-17,-0.368990931702,0.929432995068
    ));
#3606 = PCURVE('',#669,#3607);
#3607 = DEFINITIONAL_REPRESENTATION('',(#3608),#3612);
#3608 = LINE('',#3609,#3610);
#3609 = CARTESIAN_POINT('',(6.28318530718,-15.));
#3610 = VECTOR('',#3611,1.);
#3611 = DIRECTION('',(-1.,0.));
#3612 = ( GEOMETRIC_REPRESENTATION_CONTEXT(2) 
PARAMETRIC_REPRESENTATION_CONTEXT() REPRESENTATION_CONTEXT('2D SPACE',''
  ) );
#3613 = PCURVE('',#3614,#3619);
#3614 = PLANE('',#3615);
#3615 = AXIS2_PLACEMENT_3D('',#3616,#3617,#3618);
#3616 = CARTESIAN_POINT('',(128.,-25.40711148114,-78.59817666492));
#3617 = DIRECTION('',(-1.,-2.775557561563E-17,-5.551115123126E-17));
#3618 = DIRECTION('',(2.775557561563E-17,-1.,0.));
#3619 = DEFINITIONAL_REPRESENTATION('',(#3620),#3624);
#3620 = CIRCLE('',#3621,80.000000001594);
#3621 = AXIS2_PLACEMENT_2D('',#3622,#3623);
#3622 = CARTESIAN_POINT('',(52.9041548133,-54.56326973046));
#3623 = DIRECTION('',(0.368990931702,0.929432995068));
#3624 = ( GEOMETRIC_REPRESENTATION_CONTEXT(2) 
PARAMETRIC_REPRESENTATION_CONTEXT() REPRESENTATION_CONTEXT('2D SPACE',''
  ) );
#3625 = ORIENTED_EDGE('',*,*,#3626,.T.);
#3626 = EDGE_CURVE('',#3598,#1053,#3627,.T.);
#3627 = SURFACE_CURVE('',#3628,(#3632,#3639),.PCURVE_S1.);
#3628 = LINE('',#3629,#3630);
#3629 = CARTESIAN_POINT('',(128.,-57.39441482416,-55.94431536331));
#3630 = VECTOR('',#3631,1.);
#3631 = DIRECTION('',(-1.,0.,-8.074349270001E-17));
#3632 = PCURVE('',#669,#3633);
#3633 = DEFINITIONAL_REPRESENTATION('',(#3634),#3638);
#3634 = LINE('',#3635,#3636);
#3635 = CARTESIAN_POINT('',(5.640727024653,-15.));
#3636 = VECTOR('',#3637,1.);
#3637 = DIRECTION('',(0.,-1.));
#3638 = ( GEOMETRIC_REPRESENTATION_CONTEXT(2) 
PARAMETRIC_REPRESENTATION_CONTEXT() REPRESENTATION_CONTEXT('2D SPACE',''
  ) );
#3639 = PCURVE('',#1097,#3640);
#3640 = DEFINITIONAL_REPRESENTATION('',(#3641),#3645);
#3641 = LINE('',#3642,#3643);
#3642 = CARTESIAN_POINT('',(6.557095622231,0.));
#3643 = VECTOR('',#3644,1.);
#3644 = DIRECTION('',(0.,1.));
#3645 = ( GEOMETRIC_REPRESENTATION_CONTEXT(2) 
PARAMETRIC_REPRESENTATION_CONTEXT() REPRESENTATION_CONTEXT('2D SPACE',''
  ) );
#3646 = ORIENTED_EDGE('',*,*,#1052,.F.);
#3647 = ORIENTED_EDGE('',*,*,#3648,.F.);
#3648 = EDGE_CURVE('',#3649,#1024,#3651,.T.);
#3649 = VERTEX_POINT('',#3650);
#3650 = CARTESIAN_POINT('',(128.,-61.2615063386,-54.99939879104));
#3651 = SURFACE_CURVE('',#3652,(#3656,#3663),.PCURVE_S1.);
#3652 = LINE('',#3653,#3654);
#3653 = CARTESIAN_POINT('',(128.,-61.2615063386,-54.99939879104));
#3654 = VECTOR('',#3655,1.);
#3655 = DIRECTION('',(-1.,0.,-8.074349270001E-17));
#3656 = PCURVE('',#669,#3657);
#3657 = DEFINITIONAL_REPRESENTATION('',(#3658),#3662);
#3658 = LINE('',#3659,#3660);
#3659 = CARTESIAN_POINT('',(5.690492937915,-15.));
#3660 = VECTOR('',#3661,1.);
#3661 = DIRECTION('',(0.,-1.));
#3662 = ( GEOMETRIC_REPRESENTATION_CONTEXT(2) 
PARAMETRIC_REPRESENTATION_CONTEXT() REPRESENTATION_CONTEXT('2D SPACE',''
  ) );
#3663 = PCURVE('',#1040,#3664);
#3664 = DEFINITIONAL_REPRESENTATION('',(#3665),#3669);
#3665 = LINE('',#3666,#3667);
#3666 = CARTESIAN_POINT('',(3.346986780713,0.));
#3667 = VECTOR('',#3668,1.);
#3668 = DIRECTION('',(0.,1.));
#3669 = ( GEOMETRIC_REPRESENTATION_CONTEXT(2) 
PARAMETRIC_REPRESENTATION_CONTEXT() REPRESENTATION_CONTEXT('2D SPACE',''
  ) );
#3670 = ORIENTED_EDGE('',*,*,#3671,.F.);
#3671 = EDGE_CURVE('',#3672,#3649,#3674,.T.);
#3672 = VERTEX_POINT('',#3673);
#3673 = CARTESIAN_POINT('',(128.,-64.20392616692,-54.41512613354));
#3674 = SURFACE_CURVE('',#3675,(#3680,#3687),.PCURVE_S1.);
#3675 = CIRCLE('',#3676,80.000000001594);
#3676 = AXIS2_PLACEMENT_3D('',#3677,#3678,#3679);
#3677 = CARTESIAN_POINT('',(128.,-78.31126629444,-133.1614463953));
#3678 = DIRECTION('',(-1.,-3.354906615575E-17,-5.781120457944E-17));
#3679 = DIRECTION('',(-4.135233984221E-17,-0.368990931702,0.929432995068
    ));
#3680 = PCURVE('',#669,#3681);
#3681 = DEFINITIONAL_REPRESENTATION('',(#3682),#3686);
#3682 = LINE('',#3683,#3684);
#3683 = CARTESIAN_POINT('',(6.28318530718,-15.));
#3684 = VECTOR('',#3685,1.);
#3685 = DIRECTION('',(-1.,0.));
#3686 = ( GEOMETRIC_REPRESENTATION_CONTEXT(2) 
PARAMETRIC_REPRESENTATION_CONTEXT() REPRESENTATION_CONTEXT('2D SPACE',''
  ) );
#3687 = PCURVE('',#3688,#3693);
#3688 = PLANE('',#3689);
#3689 = AXIS2_PLACEMENT_3D('',#3690,#3691,#3692);
#3690 = CARTESIAN_POINT('',(128.,-25.40711148114,-78.59817666492));
#3691 = DIRECTION('',(-1.,-2.775557561563E-17,-5.551115123126E-17));
#3692 = DIRECTION('',(2.775557561563E-17,-1.,0.));
#3693 = DEFINITIONAL_REPRESENTATION('',(#3694),#3698);
#3694 = CIRCLE('',#3695,80.000000001594);
#3695 = AXIS2_PLACEMENT_2D('',#3696,#3697);
#3696 = CARTESIAN_POINT('',(52.9041548133,-54.56326973046));
#3697 = DIRECTION('',(0.368990931702,0.929432995068));
#3698 = ( GEOMETRIC_REPRESENTATION_CONTEXT(2) 
PARAMETRIC_REPRESENTATION_CONTEXT() REPRESENTATION_CONTEXT('2D SPACE',''
  ) );
#3699 = ORIENTED_EDGE('',*,*,#3700,.T.);
#3700 = EDGE_CURVE('',#3672,#996,#3701,.T.);
#3701 = SURFACE_CURVE('',#3702,(#3706,#3713),.PCURVE_S1.);
#3702 = LINE('',#3703,#3704);
#3703 = CARTESIAN_POINT('',(128.,-64.20392616692,-54.41512613354));
#3704 = VECTOR('',#3705,1.);
#3705 = DIRECTION('',(-1.,0.,-8.074349270001E-17));
#3706 = PCURVE('',#669,#3707);
#3707 = DEFINITIONAL_REPRESENTATION('',(#3708),#3712);
#3708 = LINE('',#3709,#3710);
#3709 = CARTESIAN_POINT('',(5.727993487252,-15.));
#3710 = VECTOR('',#3711,1.);
#3711 = DIRECTION('',(0.,-1.));
#3712 = ( GEOMETRIC_REPRESENTATION_CONTEXT(2) 
PARAMETRIC_REPRESENTATION_CONTEXT() REPRESENTATION_CONTEXT('2D SPACE',''
  ) );
#3713 = PCURVE('',#1040,#3714);
#3714 = DEFINITIONAL_REPRESENTATION('',(#3715),#3719);
#3715 = LINE('',#3716,#3717);
#3716 = CARTESIAN_POINT('',(6.469829159631,0.));
#3717 = VECTOR('',#3718,1.);
#3718 = DIRECTION('',(0.,1.));
#3719 = ( GEOMETRIC_REPRESENTATION_CONTEXT(2) 
PARAMETRIC_REPRESENTATION_CONTEXT() REPRESENTATION_CONTEXT('2D SPACE',''
  ) );
#3720 = ORIENTED_EDGE('',*,*,#995,.F.);
#3721 = ORIENTED_EDGE('',*,*,#3722,.F.);
#3722 = EDGE_CURVE('',#3723,#967,#3725,.T.);
#3723 = VERTEX_POINT('',#3724);
#3724 = CARTESIAN_POINT('',(128.,-68.13865713633,-53.81084448733));
#3725 = SURFACE_CURVE('',#3726,(#3730,#3737),.PCURVE_S1.);
#3726 = LINE('',#3727,#3728);
#3727 = CARTESIAN_POINT('',(128.,-68.13865713633,-53.81084448733));
#3728 = VECTOR('',#3729,1.);
#3729 = DIRECTION('',(-1.,0.,-8.074349270001E-17));
#3730 = PCURVE('',#669,#3731);
#3731 = DEFINITIONAL_REPRESENTATION('',(#3732),#3736);
#3732 = LINE('',#3733,#3734);
#3733 = CARTESIAN_POINT('',(5.777759400515,-15.));
#3734 = VECTOR('',#3735,1.);
#3735 = DIRECTION('',(0.,-1.));
#3736 = ( GEOMETRIC_REPRESENTATION_CONTEXT(2) 
PARAMETRIC_REPRESENTATION_CONTEXT() REPRESENTATION_CONTEXT('2D SPACE',''
  ) );
#3737 = PCURVE('',#983,#3738);
#3738 = DEFINITIONAL_REPRESENTATION('',(#3739),#3743);
#3739 = LINE('',#3740,#3741);
#3740 = CARTESIAN_POINT('',(3.259720318113,0.));
#3741 = VECTOR('',#3742,1.);
#3742 = DIRECTION('',(0.,1.));
#3743 = ( GEOMETRIC_REPRESENTATION_CONTEXT(2) 
PARAMETRIC_REPRESENTATION_CONTEXT() REPRESENTATION_CONTEXT('2D SPACE',''
  ) );
#3744 = ORIENTED_EDGE('',*,*,#3745,.F.);
#3745 = EDGE_CURVE('',#3746,#3723,#3748,.T.);
#3746 = VERTEX_POINT('',#3747);
#3747 = CARTESIAN_POINT('',(128.,-71.12080288629,-53.48524394929));
#3748 = SURFACE_CURVE('',#3749,(#3754,#3761),.PCURVE_S1.);
#3749 = CIRCLE('',#3750,80.000000001594);
#3750 = AXIS2_PLACEMENT_3D('',#3751,#3752,#3753);
#3751 = CARTESIAN_POINT('',(128.,-78.31126629444,-133.1614463953));
#3752 = DIRECTION('',(-1.,-3.354906615575E-17,-5.781120457944E-17));
#3753 = DIRECTION('',(-4.135233984221E-17,-0.368990931702,0.929432995068
    ));
#3754 = PCURVE('',#669,#3755);
#3755 = DEFINITIONAL_REPRESENTATION('',(#3756),#3760);
#3756 = LINE('',#3757,#3758);
#3757 = CARTESIAN_POINT('',(6.28318530718,-15.));
#3758 = VECTOR('',#3759,1.);
#3759 = DIRECTION('',(-1.,0.));
#3760 = ( GEOMETRIC_REPRESENTATION_CONTEXT(2) 
PARAMETRIC_REPRESENTATION_CONTEXT() REPRESENTATION_CONTEXT('2D SPACE',''
  ) );
#3761 = PCURVE('',#3762,#3767);
#3762 = PLANE('',#3763);
#3763 = AXIS2_PLACEMENT_3D('',#3764,#3765,#3766);
#3764 = CARTESIAN_POINT('',(128.,-25.40711148114,-78.59817666492));
#3765 = DIRECTION('',(-1.,-2.775557561563E-17,-5.551115123126E-17));
#3766 = DIRECTION('',(2.775557561563E-17,-1.,0.));
#3767 = DEFINITIONAL_REPRESENTATION('',(#3768),#3772);
#3768 = CIRCLE('',#3769,80.000000001594);
#3769 = AXIS2_PLACEMENT_2D('',#3770,#3771);
#3770 = CARTESIAN_POINT('',(52.9041548133,-54.56326973046));
#3771 = DIRECTION('',(0.368990931702,0.929432995068));
#3772 = ( GEOMETRIC_REPRESENTATION_CONTEXT(2) 
PARAMETRIC_REPRESENTATION_CONTEXT() REPRESENTATION_CONTEXT('2D SPACE',''
  ) );
#3773 = ORIENTED_EDGE('',*,*,#3774,.T.);
#3774 = EDGE_CURVE('',#3746,#939,#3775,.T.);
#3775 = SURFACE_CURVE('',#3776,(#3780,#3787),.PCURVE_S1.);
#3776 = LINE('',#3777,#3778);
#3777 = CARTESIAN_POINT('',(128.,-71.12080288629,-53.48524394929));
#3778 = VECTOR('',#3779,1.);
#3779 = DIRECTION('',(-1.,0.,-8.074349270001E-17));
#3780 = PCURVE('',#669,#3781);
#3781 = DEFINITIONAL_REPRESENTATION('',(#3782),#3786);
#3782 = LINE('',#3783,#3784);
#3783 = CARTESIAN_POINT('',(5.815259949852,-15.));
#3784 = VECTOR('',#3785,1.);
#3785 = DIRECTION('',(0.,-1.));
#3786 = ( GEOMETRIC_REPRESENTATION_CONTEXT(2) 
PARAMETRIC_REPRESENTATION_CONTEXT() REPRESENTATION_CONTEXT('2D SPACE',''
  ) );
#3787 = PCURVE('',#983,#3788);
#3788 = DEFINITIONAL_REPRESENTATION('',(#3789),#3793);
#3789 = LINE('',#3790,#3791);
#3790 = CARTESIAN_POINT('',(6.382562697031,0.));
#3791 = VECTOR('',#3792,1.);
#3792 = DIRECTION('',(0.,1.));
#3793 = ( GEOMETRIC_REPRESENTATION_CONTEXT(2) 
PARAMETRIC_REPRESENTATION_CONTEXT() REPRESENTATION_CONTEXT('2D SPACE',''
  ) );
#3794 = ORIENTED_EDGE('',*,*,#938,.F.);
#3795 = ORIENTED_EDGE('',*,*,#3796,.F.);
#3796 = EDGE_CURVE('',#3797,#910,#3799,.T.);
#3797 = VERTEX_POINT('',#3798);
#3798 = CARTESIAN_POINT('',(128.,-75.09322763215,-53.22619617733));
#3799 = SURFACE_CURVE('',#3800,(#3804,#3811),.PCURVE_S1.);
#3800 = LINE('',#3801,#3802);
#3801 = CARTESIAN_POINT('',(128.,-75.09322763215,-53.22619617733));
#3802 = VECTOR('',#3803,1.);
#3803 = DIRECTION('',(-1.,0.,-8.074349270001E-17));
#3804 = PCURVE('',#669,#3805);
#3805 = DEFINITIONAL_REPRESENTATION('',(#3806),#3810);
#3806 = LINE('',#3807,#3808);
#3807 = CARTESIAN_POINT('',(5.865025863114,-15.));
#3808 = VECTOR('',#3809,1.);
#3809 = DIRECTION('',(0.,-1.));
#3810 = ( GEOMETRIC_REPRESENTATION_CONTEXT(2) 
PARAMETRIC_REPRESENTATION_CONTEXT() REPRESENTATION_CONTEXT('2D SPACE',''
  ) );
#3811 = PCURVE('',#926,#3812);
#3812 = DEFINITIONAL_REPRESENTATION('',(#3813),#3817);
#3813 = LINE('',#3814,#3815);
#3814 = CARTESIAN_POINT('',(3.172453855513,0.));
#3815 = VECTOR('',#3816,1.);
#3816 = DIRECTION('',(0.,1.));
#3817 = ( GEOMETRIC_REPRESENTATION_CONTEXT(2) 
PARAMETRIC_REPRESENTATION_CONTEXT() REPRESENTATION_CONTEXT('2D SPACE',''
  ) );
#3818 = ORIENTED_EDGE('',*,*,#3819,.F.);
#3819 = EDGE_CURVE('',#3820,#3797,#3822,.T.);
#3820 = VERTEX_POINT('',#3821);
#3821 = CARTESIAN_POINT('',(128.,-78.09240337392,-53.16174577547));
#3822 = SURFACE_CURVE('',#3823,(#3828,#3835),.PCURVE_S1.);
#3823 = CIRCLE('',#3824,80.000000001594);
#3824 = AXIS2_PLACEMENT_3D('',#3825,#3826,#3827);
#3825 = CARTESIAN_POINT('',(128.,-78.31126629444,-133.1614463953));
#3826 = DIRECTION('',(-1.,-3.354906615575E-17,-5.781120457944E-17));
#3827 = DIRECTION('',(-4.135233984221E-17,-0.368990931702,0.929432995068
    ));
#3828 = PCURVE('',#669,#3829);
#3829 = DEFINITIONAL_REPRESENTATION('',(#3830),#3834);
#3830 = LINE('',#3831,#3832);
#3831 = CARTESIAN_POINT('',(6.28318530718,-15.));
#3832 = VECTOR('',#3833,1.);
#3833 = DIRECTION('',(-1.,0.));
#3834 = ( GEOMETRIC_REPRESENTATION_CONTEXT(2) 
PARAMETRIC_REPRESENTATION_CONTEXT() REPRESENTATION_CONTEXT('2D SPACE',''
  ) );
#3835 = PCURVE('',#3836,#3841);
#3836 = PLANE('',#3837);
#3837 = AXIS2_PLACEMENT_3D('',#3838,#3839,#3840);
#3838 = CARTESIAN_POINT('',(128.,-25.40711148114,-78.59817666492));
#3839 = DIRECTION('',(-1.,-2.775557561563E-17,-5.551115123126E-17));
#3840 = DIRECTION('',(2.775557561563E-17,-1.,0.));
#3841 = DEFINITIONAL_REPRESENTATION('',(#3842),#3846);
#3842 = CIRCLE('',#3843,80.000000001594);
#3843 = AXIS2_PLACEMENT_2D('',#3844,#3845);
#3844 = CARTESIAN_POINT('',(52.9041548133,-54.56326973046));
#3845 = DIRECTION('',(0.368990931702,0.929432995068));
#3846 = ( GEOMETRIC_REPRESENTATION_CONTEXT(2) 
PARAMETRIC_REPRESENTATION_CONTEXT() REPRESENTATION_CONTEXT('2D SPACE',''
  ) );
#3847 = ORIENTED_EDGE('',*,*,#3848,.T.);
#3848 = EDGE_CURVE('',#3820,#882,#3849,.T.);
#3849 = SURFACE_CURVE('',#3850,(#3854,#3861),.PCURVE_S1.);
#3850 = LINE('',#3851,#3852);
#3851 = CARTESIAN_POINT('',(128.,-78.09240337392,-53.16174577547));
#3852 = VECTOR('',#3853,1.);
#3853 = DIRECTION('',(-1.,0.,-8.074349270001E-17));
#3854 = PCURVE('',#669,#3855);
#3855 = DEFINITIONAL_REPRESENTATION('',(#3856),#3860);
#3856 = LINE('',#3857,#3858);
#3857 = CARTESIAN_POINT('',(5.902526412452,-15.));
#3858 = VECTOR('',#3859,1.);
#3859 = DIRECTION('',(0.,-1.));
#3860 = ( GEOMETRIC_REPRESENTATION_CONTEXT(2) 
PARAMETRIC_REPRESENTATION_CONTEXT() REPRESENTATION_CONTEXT('2D SPACE',''
  ) );
#3861 = PCURVE('',#926,#3862);
#3862 = DEFINITIONAL_REPRESENTATION('',(#3863),#3867);
#3863 = LINE('',#3864,#3865);
#3864 = CARTESIAN_POINT('',(6.295296234432,0.));
#3865 = VECTOR('',#3866,1.);
#3866 = DIRECTION('',(0.,1.));
#3867 = ( GEOMETRIC_REPRESENTATION_CONTEXT(2) 
PARAMETRIC_REPRESENTATION_CONTEXT() REPRESENTATION_CONTEXT('2D SPACE',''
  ) );
#3868 = ORIENTED_EDGE('',*,*,#881,.F.);
#3869 = ORIENTED_EDGE('',*,*,#3870,.F.);
#3870 = EDGE_CURVE('',#3871,#853,#3873,.T.);
#3871 = VERTEX_POINT('',#3872);
#3872 = CARTESIAN_POINT('',(128.,-82.07228934528,-53.24990338772));
#3873 = SURFACE_CURVE('',#3874,(#3878,#3885),.PCURVE_S1.);
#3874 = LINE('',#3875,#3876);
#3875 = CARTESIAN_POINT('',(128.,-82.07228934528,-53.24990338772));
#3876 = VECTOR('',#3877,1.);
#3877 = DIRECTION('',(-1.,0.,-8.074349270001E-17));
#3878 = PCURVE('',#669,#3879);
#3879 = DEFINITIONAL_REPRESENTATION('',(#3880),#3884);
#3880 = LINE('',#3881,#3882);
#3881 = CARTESIAN_POINT('',(5.952292325714,-15.));
#3882 = VECTOR('',#3883,1.);
#3883 = DIRECTION('',(0.,-1.));
#3884 = ( GEOMETRIC_REPRESENTATION_CONTEXT(2) 
PARAMETRIC_REPRESENTATION_CONTEXT() REPRESENTATION_CONTEXT('2D SPACE',''
  ) );
#3885 = PCURVE('',#869,#3886);
#3886 = DEFINITIONAL_REPRESENTATION('',(#3887),#3891);
#3887 = LINE('',#3888,#3889);
#3888 = CARTESIAN_POINT('',(4.72176411772,0.));
#3889 = VECTOR('',#3890,1.);
#3890 = DIRECTION('',(0.,1.));
#3891 = ( GEOMETRIC_REPRESENTATION_CONTEXT(2) 
PARAMETRIC_REPRESENTATION_CONTEXT() REPRESENTATION_CONTEXT('2D SPACE',''
  ) );
#3892 = ORIENTED_EDGE('',*,*,#3893,.F.);
#3893 = EDGE_CURVE('',#3894,#3871,#3896,.T.);
#3894 = VERTEX_POINT('',#3895);
#3895 = CARTESIAN_POINT('',(128.,-85.06566954053,-53.4470936285));
#3896 = SURFACE_CURVE('',#3897,(#3902,#3909),.PCURVE_S1.);
#3897 = CIRCLE('',#3898,80.000000001594);
#3898 = AXIS2_PLACEMENT_3D('',#3899,#3900,#3901);
#3899 = CARTESIAN_POINT('',(128.,-78.31126629444,-133.1614463953));
#3900 = DIRECTION('',(-1.,-3.354906615575E-17,-5.781120457944E-17));
#3901 = DIRECTION('',(-4.135233984221E-17,-0.368990931702,0.929432995068
    ));
#3902 = PCURVE('',#669,#3903);
#3903 = DEFINITIONAL_REPRESENTATION('',(#3904),#3908);
#3904 = LINE('',#3905,#3906);
#3905 = CARTESIAN_POINT('',(6.28318530718,-15.));
#3906 = VECTOR('',#3907,1.);
#3907 = DIRECTION('',(-1.,0.));
#3908 = ( GEOMETRIC_REPRESENTATION_CONTEXT(2) 
PARAMETRIC_REPRESENTATION_CONTEXT() REPRESENTATION_CONTEXT('2D SPACE',''
  ) );
#3909 = PCURVE('',#3910,#3915);
#3910 = PLANE('',#3911);
#3911 = AXIS2_PLACEMENT_3D('',#3912,#3913,#3914);
#3912 = CARTESIAN_POINT('',(128.,-25.40711148114,-78.59817666492));
#3913 = DIRECTION('',(-1.,-2.775557561563E-17,-5.551115123126E-17));
#3914 = DIRECTION('',(2.775557561563E-17,-1.,0.));
#3915 = DEFINITIONAL_REPRESENTATION('',(#3916),#3920);
#3916 = CIRCLE('',#3917,80.000000001594);
#3917 = AXIS2_PLACEMENT_2D('',#3918,#3919);
#3918 = CARTESIAN_POINT('',(52.9041548133,-54.56326973046));
#3919 = DIRECTION('',(0.368990931702,0.929432995068));
#3920 = ( GEOMETRIC_REPRESENTATION_CONTEXT(2) 
PARAMETRIC_REPRESENTATION_CONTEXT() REPRESENTATION_CONTEXT('2D SPACE',''
  ) );
#3921 = ORIENTED_EDGE('',*,*,#3922,.T.);
#3922 = EDGE_CURVE('',#3894,#825,#3923,.T.);
#3923 = SURFACE_CURVE('',#3924,(#3928,#3935),.PCURVE_S1.);
#3924 = LINE('',#3925,#3926);
#3925 = CARTESIAN_POINT('',(128.,-85.06566954053,-53.4470936285));
#3926 = VECTOR('',#3927,1.);
#3927 = DIRECTION('',(-1.,0.,-8.074349270001E-17));
#3928 = PCURVE('',#669,#3929);
#3929 = DEFINITIONAL_REPRESENTATION('',(#3930),#3934);
#3930 = LINE('',#3931,#3932);
#3931 = CARTESIAN_POINT('',(5.989792875052,-15.));
#3932 = VECTOR('',#3933,1.);
#3933 = DIRECTION('',(0.,-1.));
#3934 = ( GEOMETRIC_REPRESENTATION_CONTEXT(2) 
PARAMETRIC_REPRESENTATION_CONTEXT() REPRESENTATION_CONTEXT('2D SPACE',''
  ) );
#3935 = PCURVE('',#869,#3936);
#3936 = DEFINITIONAL_REPRESENTATION('',(#3937),#3941);
#3937 = LINE('',#3938,#3939);
#3938 = CARTESIAN_POINT('',(7.844606496639,0.));
#3939 = VECTOR('',#3940,1.);
#3940 = DIRECTION('',(0.,1.));
#3941 = ( GEOMETRIC_REPRESENTATION_CONTEXT(2) 
PARAMETRIC_REPRESENTATION_CONTEXT() REPRESENTATION_CONTEXT('2D SPACE',''
  ) );
#3942 = ORIENTED_EDGE('',*,*,#824,.F.);
#3943 = ORIENTED_EDGE('',*,*,#3944,.F.);
#3944 = EDGE_CURVE('',#3945,#796,#3947,.T.);
#3945 = VERTEX_POINT('',#3946);
#3946 = CARTESIAN_POINT('',(128.,-89.02272740203,-53.88178569231));
#3947 = SURFACE_CURVE('',#3948,(#3952,#3959),.PCURVE_S1.);
#3948 = LINE('',#3949,#3950);
#3949 = CARTESIAN_POINT('',(128.,-89.02272740203,-53.88178569231));
#3950 = VECTOR('',#3951,1.);
#3951 = DIRECTION('',(-1.,0.,-8.074349270001E-17));
#3952 = PCURVE('',#669,#3953);
#3953 = DEFINITIONAL_REPRESENTATION('',(#3954),#3958);
#3954 = LINE('',#3955,#3956);
#3955 = CARTESIAN_POINT('',(6.039558788314,-15.));
#3956 = VECTOR('',#3957,1.);
#3957 = DIRECTION('',(0.,-1.));
#3958 = ( GEOMETRIC_REPRESENTATION_CONTEXT(2) 
PARAMETRIC_REPRESENTATION_CONTEXT() REPRESENTATION_CONTEXT('2D SPACE',''
  ) );
#3959 = PCURVE('',#812,#3960);
#3960 = DEFINITIONAL_REPRESENTATION('',(#3961),#3965);
#3961 = LINE('',#3962,#3963);
#3962 = CARTESIAN_POINT('',(-1.561421189459,0.));
#3963 = VECTOR('',#3964,1.);
#3964 = DIRECTION('',(0.,1.));
#3965 = ( GEOMETRIC_REPRESENTATION_CONTEXT(2) 
PARAMETRIC_REPRESENTATION_CONTEXT() REPRESENTATION_CONTEXT('2D SPACE',''
  ) );
#3966 = ORIENTED_EDGE('',*,*,#3967,.F.);
#3967 = EDGE_CURVE('',#3968,#3945,#3970,.T.);
#3968 = VERTEX_POINT('',#3969);
#3969 = CARTESIAN_POINT('',(128.,-91.98753062002,-54.33911583893));
#3970 = SURFACE_CURVE('',#3971,(#3976,#3983),.PCURVE_S1.);
#3971 = CIRCLE('',#3972,80.000000001594);
#3972 = AXIS2_PLACEMENT_3D('',#3973,#3974,#3975);
#3973 = CARTESIAN_POINT('',(128.,-78.31126629444,-133.1614463953));
#3974 = DIRECTION('',(-1.,-3.354906615575E-17,-5.781120457944E-17));
#3975 = DIRECTION('',(-4.135233984221E-17,-0.368990931702,0.929432995068
    ));
#3976 = PCURVE('',#669,#3977);
#3977 = DEFINITIONAL_REPRESENTATION('',(#3978),#3982);
#3978 = LINE('',#3979,#3980);
#3979 = CARTESIAN_POINT('',(6.28318530718,-15.));
#3980 = VECTOR('',#3981,1.);
#3981 = DIRECTION('',(-1.,0.));
#3982 = ( GEOMETRIC_REPRESENTATION_CONTEXT(2) 
PARAMETRIC_REPRESENTATION_CONTEXT() REPRESENTATION_CONTEXT('2D SPACE',''
  ) );
#3983 = PCURVE('',#3984,#3989);
#3984 = PLANE('',#3985);
#3985 = AXIS2_PLACEMENT_3D('',#3986,#3987,#3988);
#3986 = CARTESIAN_POINT('',(128.,-25.40711148114,-78.59817666492));
#3987 = DIRECTION('',(-1.,-2.775557561563E-17,-5.551115123126E-17));
#3988 = DIRECTION('',(2.775557561563E-17,-1.,0.));
#3989 = DEFINITIONAL_REPRESENTATION('',(#3990),#3994);
#3990 = CIRCLE('',#3991,80.000000001594);
#3991 = AXIS2_PLACEMENT_2D('',#3992,#3993);
#3992 = CARTESIAN_POINT('',(52.9041548133,-54.56326973046));
#3993 = DIRECTION('',(0.368990931702,0.929432995068));
#3994 = ( GEOMETRIC_REPRESENTATION_CONTEXT(2) 
PARAMETRIC_REPRESENTATION_CONTEXT() REPRESENTATION_CONTEXT('2D SPACE',''
  ) );
#3995 = ORIENTED_EDGE('',*,*,#3996,.T.);
#3996 = EDGE_CURVE('',#3968,#768,#3997,.T.);
#3997 = SURFACE_CURVE('',#3998,(#4002,#4009),.PCURVE_S1.);
#3998 = LINE('',#3999,#4000);
#3999 = CARTESIAN_POINT('',(128.,-91.98753062002,-54.33911583893));
#4000 = VECTOR('',#4001,1.);
#4001 = DIRECTION('',(-1.,0.,-8.074349270001E-17));
#4002 = PCURVE('',#669,#4003);
#4003 = DEFINITIONAL_REPRESENTATION('',(#4004),#4008);
#4004 = LINE('',#4005,#4006);
#4005 = CARTESIAN_POINT('',(6.077059337651,-15.));
#4006 = VECTOR('',#4007,1.);
#4007 = DIRECTION('',(0.,-1.));
#4008 = ( GEOMETRIC_REPRESENTATION_CONTEXT(2) 
PARAMETRIC_REPRESENTATION_CONTEXT() REPRESENTATION_CONTEXT('2D SPACE',''
  ) );
#4009 = PCURVE('',#812,#4010);
#4010 = DEFINITIONAL_REPRESENTATION('',(#4011),#4015);
#4011 = LINE('',#4012,#4013);
#4012 = CARTESIAN_POINT('',(1.561421189459,0.));
#4013 = VECTOR('',#4014,1.);
#4014 = DIRECTION('',(0.,1.));
#4015 = ( GEOMETRIC_REPRESENTATION_CONTEXT(2) 
PARAMETRIC_REPRESENTATION_CONTEXT() REPRESENTATION_CONTEXT('2D SPACE',''
  ) );
#4016 = ORIENTED_EDGE('',*,*,#767,.F.);
#4017 = ORIENTED_EDGE('',*,*,#4018,.F.);
#4018 = EDGE_CURVE('',#4019,#739,#4021,.T.);
#4019 = VERTEX_POINT('',#4020);
#4020 = CARTESIAN_POINT('',(128.,-95.891644772,-55.11703408521));
#4021 = SURFACE_CURVE('',#4022,(#4026,#4033),.PCURVE_S1.);
#4022 = LINE('',#4023,#4024);
#4023 = CARTESIAN_POINT('',(128.,-95.891644772,-55.11703408521));
#4024 = VECTOR('',#4025,1.);
#4025 = DIRECTION('',(-1.,0.,-8.074349270001E-17));
#4026 = PCURVE('',#669,#4027);
#4027 = DEFINITIONAL_REPRESENTATION('',(#4028),#4032);
#4028 = LINE('',#4029,#4030);
#4029 = CARTESIAN_POINT('',(6.126825250914,-15.));
#4030 = VECTOR('',#4031,1.);
#4031 = DIRECTION('',(0.,-1.));
#4032 = ( GEOMETRIC_REPRESENTATION_CONTEXT(2) 
PARAMETRIC_REPRESENTATION_CONTEXT() REPRESENTATION_CONTEXT('2D SPACE',''
  ) );
#4033 = PCURVE('',#755,#4034);
#4034 = DEFINITIONAL_REPRESENTATION('',(#4035),#4039);
#4035 = LINE('',#4036,#4037);
#4036 = CARTESIAN_POINT('',(-1.561421189459,0.));
#4037 = VECTOR('',#4038,1.);
#4038 = DIRECTION('',(0.,1.));
#4039 = ( GEOMETRIC_REPRESENTATION_CONTEXT(2) 
PARAMETRIC_REPRESENTATION_CONTEXT() REPRESENTATION_CONTEXT('2D SPACE',''
  ) );
#4040 = ORIENTED_EDGE('',*,*,#4041,.F.);
#4041 = EDGE_CURVE('',#4042,#4019,#4044,.T.);
#4042 = VERTEX_POINT('',#4043);
#4043 = CARTESIAN_POINT('',(128.,-98.80530707003,-55.83102357912));
#4044 = SURFACE_CURVE('',#4045,(#4050,#4057),.PCURVE_S1.);
#4045 = CIRCLE('',#4046,80.000000001594);
#4046 = AXIS2_PLACEMENT_3D('',#4047,#4048,#4049);
#4047 = CARTESIAN_POINT('',(128.,-78.31126629444,-133.1614463953));
#4048 = DIRECTION('',(-1.,-3.354906615575E-17,-5.781120457944E-17));
#4049 = DIRECTION('',(-4.135233984221E-17,-0.368990931702,0.929432995068
    ));
#4050 = PCURVE('',#669,#4051);
#4051 = DEFINITIONAL_REPRESENTATION('',(#4052),#4056);
#4052 = LINE('',#4053,#4054);
#4053 = CARTESIAN_POINT('',(6.28318530718,-15.));
#4054 = VECTOR('',#4055,1.);
#4055 = DIRECTION('',(-1.,0.));
#4056 = ( GEOMETRIC_REPRESENTATION_CONTEXT(2) 
PARAMETRIC_REPRESENTATION_CONTEXT() REPRESENTATION_CONTEXT('2D SPACE',''
  ) );
#4057 = PCURVE('',#4058,#4063);
#4058 = PLANE('',#4059);
#4059 = AXIS2_PLACEMENT_3D('',#4060,#4061,#4062);
#4060 = CARTESIAN_POINT('',(128.,-25.40711148114,-78.59817666492));
#4061 = DIRECTION('',(-1.,-2.775557561563E-17,-5.551115123126E-17));
#4062 = DIRECTION('',(2.775557561563E-17,-1.,0.));
#4063 = DEFINITIONAL_REPRESENTATION('',(#4064),#4068);
#4064 = CIRCLE('',#4065,80.000000001594);
#4065 = AXIS2_PLACEMENT_2D('',#4066,#4067);
#4066 = CARTESIAN_POINT('',(52.9041548133,-54.56326973046));
#4067 = DIRECTION('',(0.368990931702,0.929432995068));
#4068 = ( GEOMETRIC_REPRESENTATION_CONTEXT(2) 
PARAMETRIC_REPRESENTATION_CONTEXT() REPRESENTATION_CONTEXT('2D SPACE',''
  ) );
#4069 = ORIENTED_EDGE('',*,*,#4070,.T.);
#4070 = EDGE_CURVE('',#4042,#711,#4071,.T.);
#4071 = SURFACE_CURVE('',#4072,(#4076,#4083),.PCURVE_S1.);
#4072 = LINE('',#4073,#4074);
#4073 = CARTESIAN_POINT('',(128.,-98.80530707003,-55.83102357912));
#4074 = VECTOR('',#4075,1.);
#4075 = DIRECTION('',(-1.,0.,-8.074349270001E-17));
#4076 = PCURVE('',#669,#4077);
#4077 = DEFINITIONAL_REPRESENTATION('',(#4078),#4082);
#4078 = LINE('',#4079,#4080);
#4079 = CARTESIAN_POINT('',(6.164325800251,-15.));
#4080 = VECTOR('',#4081,1.);
#4081 = DIRECTION('',(0.,-1.));
#4082 = ( GEOMETRIC_REPRESENTATION_CONTEXT(2) 
PARAMETRIC_REPRESENTATION_CONTEXT() REPRESENTATION_CONTEXT('2D SPACE',''
  ) );
#4083 = PCURVE('',#755,#4084);
#4084 = DEFINITIONAL_REPRESENTATION('',(#4085),#4089);
#4085 = LINE('',#4086,#4087);
#4086 = CARTESIAN_POINT('',(1.561421189459,0.));
#4087 = VECTOR('',#4088,1.);
#4088 = DIRECTION('',(0.,1.));
#4089 = ( GEOMETRIC_REPRESENTATION_CONTEXT(2) 
PARAMETRIC_REPRESENTATION_CONTEXT() REPRESENTATION_CONTEXT('2D SPACE',''
  ) );
#4090 = ORIENTED_EDGE('',*,*,#710,.F.);
#4091 = ORIENTED_EDGE('',*,*,#4092,.F.);
#4092 = EDGE_CURVE('',#4093,#682,#4095,.T.);
#4093 = VERTEX_POINT('',#4094);
#4094 = CARTESIAN_POINT('',(128.,-102.6267648464,-56.9462475803));
#4095 = SURFACE_CURVE('',#4096,(#4100,#4107),.PCURVE_S1.);
#4096 = LINE('',#4097,#4098);
#4097 = CARTESIAN_POINT('',(128.,-102.6267648464,-56.9462475803));
#4098 = VECTOR('',#4099,1.);
#4099 = DIRECTION('',(-1.,0.,-8.074349270001E-17));
#4100 = PCURVE('',#669,#4101);
#4101 = DEFINITIONAL_REPRESENTATION('',(#4102),#4106);
#4102 = LINE('',#4103,#4104);
#4103 = CARTESIAN_POINT('',(6.214091713513,-15.));
#4104 = VECTOR('',#4105,1.);
#4105 = DIRECTION('',(0.,-1.));
#4106 = ( GEOMETRIC_REPRESENTATION_CONTEXT(2) 
PARAMETRIC_REPRESENTATION_CONTEXT() REPRESENTATION_CONTEXT('2D SPACE',''
  ) );
#4107 = PCURVE('',#698,#4108);
#4108 = DEFINITIONAL_REPRESENTATION('',(#4109),#4113);
#4109 = LINE('',#4110,#4111);
#4110 = CARTESIAN_POINT('',(4.72176411772,0.));
#4111 = VECTOR('',#4112,1.);
#4112 = DIRECTION('',(0.,1.));
#4113 = ( GEOMETRIC_REPRESENTATION_CONTEXT(2) 
PARAMETRIC_REPRESENTATION_CONTEXT() REPRESENTATION_CONTEXT('2D SPACE',''
  ) );
#4114 = ORIENTED_EDGE('',*,*,#4115,.F.);
#4115 = EDGE_CURVE('',#4116,#4093,#4118,.T.);
#4116 = VERTEX_POINT('',#4117);
#4117 = CARTESIAN_POINT('',(128.,-105.4671114951,-57.91146253032));
#4118 = SURFACE_CURVE('',#4119,(#4124,#4131),.PCURVE_S1.);
#4119 = CIRCLE('',#4120,80.000000001594);
#4120 = AXIS2_PLACEMENT_3D('',#4121,#4122,#4123);
#4121 = CARTESIAN_POINT('',(128.,-78.31126629444,-133.1614463953));
#4122 = DIRECTION('',(-1.,-3.354906615575E-17,-5.781120457944E-17));
#4123 = DIRECTION('',(-4.135233984221E-17,-0.368990931702,0.929432995068
    ));
#4124 = PCURVE('',#669,#4125);
#4125 = DEFINITIONAL_REPRESENTATION('',(#4126),#4130);
#4126 = LINE('',#4127,#4128);
#4127 = CARTESIAN_POINT('',(6.28318530718,-15.));
#4128 = VECTOR('',#4129,1.);
#4129 = DIRECTION('',(-1.,0.));
#4130 = ( GEOMETRIC_REPRESENTATION_CONTEXT(2) 
PARAMETRIC_REPRESENTATION_CONTEXT() REPRESENTATION_CONTEXT('2D SPACE',''
  ) );
#4131 = PCURVE('',#4132,#4137);
#4132 = PLANE('',#4133);
#4133 = AXIS2_PLACEMENT_3D('',#4134,#4135,#4136);
#4134 = CARTESIAN_POINT('',(128.,-25.40711148114,-78.59817666492));
#4135 = DIRECTION('',(-1.,-2.775557561563E-17,-5.551115123126E-17));
#4136 = DIRECTION('',(2.775557561563E-17,-1.,0.));
#4137 = DEFINITIONAL_REPRESENTATION('',(#4138),#4142);
#4138 = CIRCLE('',#4139,80.000000001594);
#4139 = AXIS2_PLACEMENT_2D('',#4140,#4141);
#4140 = CARTESIAN_POINT('',(52.9041548133,-54.56326973046));
#4141 = DIRECTION('',(0.368990931702,0.929432995068));
#4142 = ( GEOMETRIC_REPRESENTATION_CONTEXT(2) 
PARAMETRIC_REPRESENTATION_CONTEXT() REPRESENTATION_CONTEXT('2D SPACE',''
  ) );
#4143 = ORIENTED_EDGE('',*,*,#4144,.T.);
#4144 = EDGE_CURVE('',#4116,#649,#4145,.T.);
#4145 = SURFACE_CURVE('',#4146,(#4150,#4157),.PCURVE_S1.);
#4146 = LINE('',#4147,#4148);
#4147 = CARTESIAN_POINT('',(128.,-105.4671114951,-57.91146253032));
#4148 = VECTOR('',#4149,1.);
#4149 = DIRECTION('',(-1.,0.,-8.074349270001E-17));
#4150 = PCURVE('',#669,#4151);
#4151 = DEFINITIONAL_REPRESENTATION('',(#4152),#4156);
#4152 = LINE('',#4153,#4154);
#4153 = CARTESIAN_POINT('',(6.251592262851,-15.));
#4154 = VECTOR('',#4155,1.);
#4155 = DIRECTION('',(0.,-1.));
#4156 = ( GEOMETRIC_REPRESENTATION_CONTEXT(2) 
PARAMETRIC_REPRESENTATION_CONTEXT() REPRESENTATION_CONTEXT('2D SPACE',''
  ) );
#4157 = PCURVE('',#698,#4158);
#4158 = DEFINITIONAL_REPRESENTATION('',(#4159),#4163);
#4159 = LINE('',#4160,#4161);
#4160 = CARTESIAN_POINT('',(7.844606496639,0.));
#4161 = VECTOR('',#4162,1.);
#4162 = DIRECTION('',(0.,1.));
#4163 = ( GEOMETRIC_REPRESENTATION_CONTEXT(2) 
PARAMETRIC_REPRESENTATION_CONTEXT() REPRESENTATION_CONTEXT('2D SPACE',''
  ) );
#4164 = ORIENTED_EDGE('',*,*,#648,.F.);
#4165 = ORIENTED_EDGE('',*,*,#2960,.T.);
#4166 = ADVANCED_FACE('',(#4167),#2941,.F.);
#4167 = FACE_BOUND('',#4168,.F.);
#4168 = EDGE_LOOP('',(#4169,#4170,#4251,#4280,#4301));
#4169 = ORIENTED_EDGE('',*,*,#3159,.T.);
#4170 = ORIENTED_EDGE('',*,*,#4171,.T.);
#4171 = EDGE_CURVE('',#3160,#4172,#4174,.T.);
#4172 = VERTEX_POINT('',#4173);
#4173 = CARTESIAN_POINT('',(136.,-13.95203179772,-82.17325001452));
#4174 = SURFACE_CURVE('',#4175,(#4188,#4217),.PCURVE_S1.);
#4175 = B_SPLINE_CURVE_WITH_KNOTS('',3,(#4176,#4177,#4178,#4179,#4180,
    #4181,#4182,#4183,#4184,#4185,#4186,#4187),.UNSPECIFIED.,.F.,.F.,(4,
    2,2,2,2,4),(-1.215237096804E-03,0.,0.335258496867,0.730571179241,
    1.075037657101,1.367895317469),.UNSPECIFIED.);
#4176 = CARTESIAN_POINT('',(128.,-22.62268228024,-75.72642562627));
#4177 = CARTESIAN_POINT('',(128.00335703401,-22.62105472549,
    -75.72800369168));
#4178 = CARTESIAN_POINT('',(128.00680876968,-22.61938107697,
    -75.72962618071));
#4179 = CARTESIAN_POINT('',(128.93630279902,-22.16867452343,
    -76.16648331893));
#4180 = CARTESIAN_POINT('',(129.93312777624,-21.67495532307,
    -76.62524395319));
#4181 = CARTESIAN_POINT('',(131.92971868496,-20.50684820558,
    -77.65236869143));
#4182 = CARTESIAN_POINT('',(132.92720445359,-19.80405395937,
    -78.23909712903));
#4183 = CARTESIAN_POINT('',(134.50295784146,-18.21669396426,
    -79.45375754626));
#4184 = CARTESIAN_POINT('',(135.09532994425,-17.3881643188,
    -80.04878327205));
#4185 = CARTESIAN_POINT('',(135.82158036692,-15.6660821559,
    -81.17539717044));
#4186 = CARTESIAN_POINT('',(135.99999999999,-14.82383752473,
    -81.68705707167));
#4187 = CARTESIAN_POINT('',(136.,-13.95203179774,-82.17325001451));
#4188 = PCURVE('',#2941,#4189);
#4189 = DEFINITIONAL_REPRESENTATION('',(#4190),#4216);
#4190 = B_SPLINE_CURVE_WITH_KNOTS('',3,(#4191,#4192,#4193,#4194,#4195,
    #4196,#4197,#4198,#4199,#4200,#4201,#4202,#4203,#4204,#4205,#4206,
    #4207,#4208,#4209,#4210,#4211,#4212,#4213,#4214,#4215),
  .UNSPECIFIED.,.F.,.F.,(4,1,1,1,1,1,1,1,1,1,1,1,1,1,1,1,1,1,1,1,1,1,4),
  (-1.215237096804E-03,6.1017060838E-02,0.123249358773,0.185481656708,
    0.247713954642,0.309946252577,0.372178550512,0.434410848447,
    0.496643146382,0.558875444316,0.621107742251,0.683340040186,
    0.745572338121,0.807804636056,0.870036933991,0.932269231925,
    0.99450152986,1.056733827795,1.11896612573,1.181198423665,
    1.243430721599,1.305663019534,1.367895317469),.UNSPECIFIED.);
#4191 = CARTESIAN_POINT('',(4.995553342774,-15.));
#4192 = CARTESIAN_POINT('',(4.998351654726,-14.82812190845));
#4193 = CARTESIAN_POINT('',(5.004027676256,-14.47951983612));
#4194 = CARTESIAN_POINT('',(5.012773442315,-13.94780288188));
#4195 = CARTESIAN_POINT('',(5.021745426657,-13.41293260673));
#4196 = CARTESIAN_POINT('',(5.030934811087,-12.88079107538));
#4197 = CARTESIAN_POINT('',(5.040336120657,-12.35702239491));
#4198 = CARTESIAN_POINT('',(5.049934463027,-11.84800096312));
#4199 = CARTESIAN_POINT('',(5.059828115472,-11.35197943574));
#4200 = CARTESIAN_POINT('',(5.070054710862,-10.87107235563));
#4201 = CARTESIAN_POINT('',(5.080660295135,-10.40688670751));
#4202 = CARTESIAN_POINT('',(5.091691803002,-9.961074825488));
#4203 = CARTESIAN_POINT('',(5.103186106763,-9.535615204222));
#4204 = CARTESIAN_POINT('',(5.115221058938,-9.131136346733));
#4205 = CARTESIAN_POINT('',(5.127698587167,-8.754141632696));
#4206 = CARTESIAN_POINT('',(5.140593011731,-8.407584874528));
#4207 = CARTESIAN_POINT('',(5.153915395881,-8.093291379658));
#4208 = CARTESIAN_POINT('',(5.167666227144,-7.813422238928));
#4209 = CARTESIAN_POINT('',(5.181854322729,-7.569923914507));
#4210 = CARTESIAN_POINT('',(5.196468499133,-7.36526559985));
#4211 = CARTESIAN_POINT('',(5.211283798048,-7.204176564846));
#4212 = CARTESIAN_POINT('',(5.226302077696,-7.087286796268));
#4213 = CARTESIAN_POINT('',(5.24147702289,-7.016115446398));
#4214 = CARTESIAN_POINT('',(5.251676146582,-7.000000000001));
#4215 = CARTESIAN_POINT('',(5.256790206667,-7.));
#4216 = ( GEOMETRIC_REPRESENTATION_CONTEXT(2) 
PARAMETRIC_REPRESENTATION_CONTEXT() REPRESENTATION_CONTEXT('2D SPACE',''
  ) );
#4217 = PCURVE('',#4218,#4223);
#4218 = TOROIDAL_SURFACE('',#4219,12.000000000353,8.);
#4219 = AXIS2_PLACEMENT_3D('',#4220,#4221,#4222);
#4220 = CARTESIAN_POINT('',(128.,-25.40711148114,-78.59817666492));
#4221 = DIRECTION('',(1.,2.775557561563E-17,5.551115123126E-17));
#4222 = DIRECTION('',(5.551115123126E-17,1.54074395551E-33,-1.));
#4223 = DEFINITIONAL_REPRESENTATION('',(#4224),#4250);
#4224 = B_SPLINE_CURVE_WITH_KNOTS('',3,(#4225,#4226,#4227,#4228,#4229,
    #4230,#4231,#4232,#4233,#4234,#4235,#4236,#4237,#4238,#4239,#4240,
    #4241,#4242,#4243,#4244,#4245,#4246,#4247,#4248,#4249),
  .UNSPECIFIED.,.F.,.F.,(4,1,1,1,1,1,1,1,1,1,1,1,1,1,1,1,1,1,1,1,1,1,4),
  (-1.215237096804E-03,6.1017060838E-02,0.123249358773,0.185481656708,
    0.247713954642,0.309946252577,0.372178550512,0.434410848447,
    0.496643146382,0.558875444316,0.621107742251,0.683340040186,
    0.745572338121,0.807804636056,0.870036933991,0.932269231925,
    0.99450152986,1.056733827795,1.11896612573,1.181198423665,
    1.243430721599,1.305663019534,1.367895317469),.UNSPECIFIED.);
#4225 = CARTESIAN_POINT('',(2.371631569207,3.14159265359));
#4226 = CARTESIAN_POINT('',(2.342618577168,3.120105870936));
#4227 = CARTESIAN_POINT('',(2.283749696922,3.076534764931));
#4228 = CARTESIAN_POINT('',(2.194665106214,3.009784816312));
#4229 = CARTESIAN_POINT('',(2.106564567621,2.942037242387));
#4230 = CARTESIAN_POINT('',(2.021150738577,2.873700546048));
#4231 = CARTESIAN_POINT('',(1.939823222791,2.805167123957));
#4232 = CARTESIAN_POINT('',(1.863656505666,2.736946113269));
#4233 = CARTESIAN_POINT('',(1.792513749992,2.668505609445));
#4234 = CARTESIAN_POINT('',(1.726661066772,2.599780977168));
#4235 = CARTESIAN_POINT('',(1.666097663519,2.530632649459));
#4236 = CARTESIAN_POINT('',(1.610701901092,2.460900221358));
#4237 = CARTESIAN_POINT('',(1.560288304404,2.390456285941));
#4238 = CARTESIAN_POINT('',(1.514458901586,2.318903090378));
#4239 = CARTESIAN_POINT('',(1.473431049112,2.246844917225));
#4240 = CARTESIAN_POINT('',(1.436947583102,2.174364405355));
#4241 = CARTESIAN_POINT('',(1.404607367127,2.10130928995));
#4242 = CARTESIAN_POINT('',(1.376048098245,2.027554947034));
#4243 = CARTESIAN_POINT('',(1.350899844432,1.95289447842));
#4244 = CARTESIAN_POINT('',(1.328872500324,1.877190084681));
#4245 = CARTESIAN_POINT('',(1.309934050202,1.801362079696));
#4246 = CARTESIAN_POINT('',(1.293660463889,1.725112445319));
#4247 = CARTESIAN_POINT('',(1.279761208219,1.648367144257));
#4248 = CARTESIAN_POINT('',(1.271902810027,1.596746796048));
#4249 = CARTESIAN_POINT('',(1.268280448574,1.570796326797));
#4250 = ( GEOMETRIC_REPRESENTATION_CONTEXT(2) 
PARAMETRIC_REPRESENTATION_CONTEXT() REPRESENTATION_CONTEXT('2D SPACE',''
  ) );
#4251 = ORIENTED_EDGE('',*,*,#4252,.T.);
#4252 = EDGE_CURVE('',#4172,#4253,#4255,.T.);
#4253 = VERTEX_POINT('',#4254);
#4254 = CARTESIAN_POINT('',(136.,18.186636824241,-85.67106489431));
#4255 = SURFACE_CURVE('',#4256,(#4261,#4268),.PCURVE_S1.);
#4256 = CIRCLE('',#4257,41.477657657282);
#4257 = AXIS2_PLACEMENT_3D('',#4258,#4259,#4260);
#4258 = CARTESIAN_POINT('',(136.,6.250218008621,-45.94804901443));
#4259 = DIRECTION('',(1.,2.775557561563E-17,5.551115123126E-17));
#4260 = DIRECTION('',(3.450269790663E-17,0.494857536946,-0.868974118215)
  );
#4261 = PCURVE('',#2941,#4262);
#4262 = DEFINITIONAL_REPRESENTATION('',(#4263),#4267);
#4263 = LINE('',#4264,#4265);
#4264 = CARTESIAN_POINT('',(0.,-7.));
#4265 = VECTOR('',#4266,1.);
#4266 = DIRECTION('',(1.,0.));
#4267 = ( GEOMETRIC_REPRESENTATION_CONTEXT(2) 
PARAMETRIC_REPRESENTATION_CONTEXT() REPRESENTATION_CONTEXT('2D SPACE',''
  ) );
#4268 = PCURVE('',#4269,#4274);
#4269 = PLANE('',#4270);
#4270 = AXIS2_PLACEMENT_3D('',#4271,#4272,#4273);
#4271 = CARTESIAN_POINT('',(136.,-17.8082976205,-104.5807231968));
#4272 = DIRECTION('',(1.,2.775557561563E-17,5.551115123126E-17));
#4273 = DIRECTION('',(5.551115123126E-17,0.,-1.));
#4274 = DEFINITIONAL_REPRESENTATION('',(#4275),#4279);
#4275 = CIRCLE('',#4276,41.477657657282);
#4276 = AXIS2_PLACEMENT_2D('',#4277,#4278);
#4277 = CARTESIAN_POINT('',(-58.63267418246,24.058515629125));
#4278 = DIRECTION('',(0.868974118215,0.494857536946));
#4279 = ( GEOMETRIC_REPRESENTATION_CONTEXT(2) 
PARAMETRIC_REPRESENTATION_CONTEXT() REPRESENTATION_CONTEXT('2D SPACE',''
  ) );
#4280 = ORIENTED_EDGE('',*,*,#4281,.T.);
#4281 = EDGE_CURVE('',#4253,#2609,#4282,.T.);
#4282 = SURFACE_CURVE('',#4283,(#4287,#4294),.PCURVE_S1.);
#4283 = LINE('',#4284,#4285);
#4284 = CARTESIAN_POINT('',(143.,18.186636824241,-85.67106489431));
#4285 = VECTOR('',#4286,1.);
#4286 = DIRECTION('',(1.,0.,0.));
#4287 = PCURVE('',#2941,#4288);
#4288 = DEFINITIONAL_REPRESENTATION('',(#4289),#4293);
#4289 = LINE('',#4290,#4291);
#4290 = CARTESIAN_POINT('',(6.057421851523,0.));
#4291 = VECTOR('',#4292,1.);
#4292 = DIRECTION('',(0.,1.));
#4293 = ( GEOMETRIC_REPRESENTATION_CONTEXT(2) 
PARAMETRIC_REPRESENTATION_CONTEXT() REPRESENTATION_CONTEXT('2D SPACE',''
  ) );
#4294 = PCURVE('',#2625,#4295);
#4295 = DEFINITIONAL_REPRESENTATION('',(#4296),#4300);
#4296 = LINE('',#4297,#4298);
#4297 = CARTESIAN_POINT('',(-0.550438998389,0.));
#4298 = VECTOR('',#4299,1.);
#4299 = DIRECTION('',(0.,-1.));
#4300 = ( GEOMETRIC_REPRESENTATION_CONTEXT(2) 
PARAMETRIC_REPRESENTATION_CONTEXT() REPRESENTATION_CONTEXT('2D SPACE',''
  ) );
#4301 = ORIENTED_EDGE('',*,*,#2926,.T.);
#4302 = ADVANCED_FACE('',(#4303),#2625,.T.);
#4303 = FACE_BOUND('',#4304,.T.);
#4304 = EDGE_LOOP('',(#4305,#4306,#4329,#4351));
#4305 = ORIENTED_EDGE('',*,*,#2608,.F.);
#4306 = ORIENTED_EDGE('',*,*,#4307,.T.);
#4307 = EDGE_CURVE('',#2586,#4308,#4310,.T.);
#4308 = VERTEX_POINT('',#4309);
#4309 = CARTESIAN_POINT('',(136.,34.368340560932,-89.95031340226));
#4310 = SURFACE_CURVE('',#4311,(#4315,#4322),.PCURVE_S1.);
#4311 = LINE('',#4312,#4313);
#4312 = CARTESIAN_POINT('',(143.,34.368340560932,-89.95031340226));
#4313 = VECTOR('',#4314,1.);
#4314 = DIRECTION('',(-1.,0.,0.));
#4315 = PCURVE('',#2625,#4316);
#4316 = DEFINITIONAL_REPRESENTATION('',(#4317),#4321);
#4317 = LINE('',#4318,#4319);
#4318 = CARTESIAN_POINT('',(0.550438998389,0.));
#4319 = VECTOR('',#4320,1.);
#4320 = DIRECTION('',(0.,1.));
#4321 = ( GEOMETRIC_REPRESENTATION_CONTEXT(2) 
PARAMETRIC_REPRESENTATION_CONTEXT() REPRESENTATION_CONTEXT('2D SPACE',''
  ) );
#4322 = PCURVE('',#2701,#4323);
#4323 = DEFINITIONAL_REPRESENTATION('',(#4324),#4328);
#4324 = LINE('',#4325,#4326);
#4325 = CARTESIAN_POINT('',(53.9068928258,1.132501990141E-15));
#4326 = VECTOR('',#4327,1.);
#4327 = DIRECTION('',(2.100848204701E-17,-1.));
#4328 = ( GEOMETRIC_REPRESENTATION_CONTEXT(2) 
PARAMETRIC_REPRESENTATION_CONTEXT() REPRESENTATION_CONTEXT('2D SPACE',''
  ) );
#4329 = ORIENTED_EDGE('',*,*,#4330,.T.);
#4330 = EDGE_CURVE('',#4308,#4253,#4331,.T.);
#4331 = SURFACE_CURVE('',#4332,(#4337,#4344),.PCURVE_S1.);
#4332 = CIRCLE('',#4333,16.);
#4333 = AXIS2_PLACEMENT_3D('',#4334,#4335,#4336);
#4334 = CARTESIAN_POINT('',(136.,22.791108528693,-100.9942121011));
#4335 = DIRECTION('',(1.,2.775557561563E-17,5.551115123126E-17));
#4336 = DIRECTION('',(-6.076234190253E-17,0.255661203086,0.966766439859)
  );
#4337 = PCURVE('',#2625,#4338);
#4338 = DEFINITIONAL_REPRESENTATION('',(#4339),#4343);
#4339 = LINE('',#4340,#4341);
#4340 = CARTESIAN_POINT('',(6.28318530718,7.));
#4341 = VECTOR('',#4342,1.);
#4342 = DIRECTION('',(-1.,0.));
#4343 = ( GEOMETRIC_REPRESENTATION_CONTEXT(2) 
PARAMETRIC_REPRESENTATION_CONTEXT() REPRESENTATION_CONTEXT('2D SPACE',''
  ) );
#4344 = PCURVE('',#4269,#4345);
#4345 = DEFINITIONAL_REPRESENTATION('',(#4346),#4350);
#4346 = CIRCLE('',#4347,16.);
#4347 = AXIS2_PLACEMENT_2D('',#4348,#4349);
#4348 = CARTESIAN_POINT('',(-3.586511095732,40.599406149196));
#4349 = DIRECTION('',(-0.966766439859,0.255661203086));
#4350 = ( GEOMETRIC_REPRESENTATION_CONTEXT(2) 
PARAMETRIC_REPRESENTATION_CONTEXT() REPRESENTATION_CONTEXT('2D SPACE',''
  ) );
#4351 = ORIENTED_EDGE('',*,*,#4281,.T.);
#4352 = ADVANCED_FACE('',(#4353),#1602,.F.);
#4353 = FACE_BOUND('',#4354,.F.);
#4354 = EDGE_LOOP('',(#4355,#4378,#4405,#4406));
#4355 = ORIENTED_EDGE('',*,*,#4356,.T.);
#4356 = EDGE_CURVE('',#1586,#4357,#4359,.T.);
#4357 = VERTEX_POINT('',#4358);
#4358 = CARTESIAN_POINT('',(38.,-32.9569547038,-73.95784357578));
#4359 = SEAM_CURVE('',#4360,(#4364,#4371),.PCURVE_S1.);
#4360 = LINE('',#4361,#4362);
#4361 = CARTESIAN_POINT('',(28.,-32.9569547038,-73.95784357578));
#4362 = VECTOR('',#4363,1.);
#4363 = DIRECTION('',(1.,0.,0.));
#4364 = PCURVE('',#1602,#4365);
#4365 = DEFINITIONAL_REPRESENTATION('',(#4366),#4370);
#4366 = LINE('',#4367,#4368);
#4367 = CARTESIAN_POINT('',(9.424777960769,0.));
#4368 = VECTOR('',#4369,1.);
#4369 = DIRECTION('',(0.,1.));
#4370 = ( GEOMETRIC_REPRESENTATION_CONTEXT(2) 
PARAMETRIC_REPRESENTATION_CONTEXT() REPRESENTATION_CONTEXT('2D SPACE',''
  ) );
#4371 = PCURVE('',#1602,#4372);
#4372 = DEFINITIONAL_REPRESENTATION('',(#4373),#4377);
#4373 = LINE('',#4374,#4375);
#4374 = CARTESIAN_POINT('',(3.14159265359,0.));
#4375 = VECTOR('',#4376,1.);
#4376 = DIRECTION('',(0.,1.));
#4377 = ( GEOMETRIC_REPRESENTATION_CONTEXT(2) 
PARAMETRIC_REPRESENTATION_CONTEXT() REPRESENTATION_CONTEXT('2D SPACE',''
  ) );
#4378 = ORIENTED_EDGE('',*,*,#4379,.F.);
#4379 = EDGE_CURVE('',#4357,#4357,#4380,.T.);
#4380 = SURFACE_CURVE('',#4381,(#4386,#4393),.PCURVE_S1.);
#4381 = CIRCLE('',#4382,2.3);
#4382 = AXIS2_PLACEMENT_3D('',#4383,#4384,#4385);
#4383 = CARTESIAN_POINT('',(38.,-30.6569547038,-73.95784357578));
#4384 = DIRECTION('',(1.,2.775557561563E-17,-5.632959901344E-30));
#4385 = DIRECTION('',(-2.775557561563E-17,1.,5.131708243377E-49));
#4386 = PCURVE('',#1602,#4387);
#4387 = DEFINITIONAL_REPRESENTATION('',(#4388),#4392);
#4388 = LINE('',#4389,#4390);
#4389 = CARTESIAN_POINT('',(0.,10.));
#4390 = VECTOR('',#4391,1.);
#4391 = DIRECTION('',(1.,0.));
#4392 = ( GEOMETRIC_REPRESENTATION_CONTEXT(2) 
PARAMETRIC_REPRESENTATION_CONTEXT() REPRESENTATION_CONTEXT('2D SPACE',''
  ) );
#4393 = PCURVE('',#4394,#4399);
#4394 = PLANE('',#4395);
#4395 = AXIS2_PLACEMENT_3D('',#4396,#4397,#4398);
#4396 = CARTESIAN_POINT('',(38.,-30.6569547038,-73.95784357578));
#4397 = DIRECTION('',(1.,2.775557561563E-17,-5.632959901344E-30));
#4398 = DIRECTION('',(-2.775557561563E-17,1.,5.131708243377E-49));
#4399 = DEFINITIONAL_REPRESENTATION('',(#4400),#4404);
#4400 = CIRCLE('',#4401,2.3);
#4401 = AXIS2_PLACEMENT_2D('',#4402,#4403);
#4402 = CARTESIAN_POINT('',(0.,0.));
#4403 = DIRECTION('',(1.,0.));
#4404 = ( GEOMETRIC_REPRESENTATION_CONTEXT(2) 
PARAMETRIC_REPRESENTATION_CONTEXT() REPRESENTATION_CONTEXT('2D SPACE',''
  ) );
#4405 = ORIENTED_EDGE('',*,*,#4356,.F.);
#4406 = ORIENTED_EDGE('',*,*,#1585,.T.);
#4407 = ADVANCED_FACE('',(#4408),#4394,.F.);
#4408 = FACE_BOUND('',#4409,.T.);
#4409 = EDGE_LOOP('',(#4410));
#4410 = ORIENTED_EDGE('',*,*,#4379,.F.);
#4411 = ADVANCED_FACE('',(#4412),#1633,.F.);
#4412 = FACE_BOUND('',#4413,.F.);
#4413 = EDGE_LOOP('',(#4414,#4437,#4464,#4465));
#4414 = ORIENTED_EDGE('',*,*,#4415,.T.);
#4415 = EDGE_CURVE('',#1617,#4416,#4418,.T.);
#4416 = VERTEX_POINT('',#4417);
#4417 = CARTESIAN_POINT('',(38.,-68.59513072684,-58.11737610318));
#4418 = SEAM_CURVE('',#4419,(#4423,#4430),.PCURVE_S1.);
#4419 = LINE('',#4420,#4421);
#4420 = CARTESIAN_POINT('',(28.,-68.59513072684,-58.11737610318));
#4421 = VECTOR('',#4422,1.);
#4422 = DIRECTION('',(1.,0.,0.));
#4423 = PCURVE('',#1633,#4424);
#4424 = DEFINITIONAL_REPRESENTATION('',(#4425),#4429);
#4425 = LINE('',#4426,#4427);
#4426 = CARTESIAN_POINT('',(9.424777960769,0.));
#4427 = VECTOR('',#4428,1.);
#4428 = DIRECTION('',(0.,1.));
#4429 = ( GEOMETRIC_REPRESENTATION_CONTEXT(2) 
PARAMETRIC_REPRESENTATION_CONTEXT() REPRESENTATION_CONTEXT('2D SPACE',''
  ) );
#4430 = PCURVE('',#1633,#4431);
#4431 = DEFINITIONAL_REPRESENTATION('',(#4432),#4436);
#4432 = LINE('',#4433,#4434);
#4433 = CARTESIAN_POINT('',(3.14159265359,0.));
#4434 = VECTOR('',#4435,1.);
#4435 = DIRECTION('',(0.,1.));
#4436 = ( GEOMETRIC_REPRESENTATION_CONTEXT(2) 
PARAMETRIC_REPRESENTATION_CONTEXT() REPRESENTATION_CONTEXT('2D SPACE',''
  ) );
#4437 = ORIENTED_EDGE('',*,*,#4438,.F.);
#4438 = EDGE_CURVE('',#4416,#4416,#4439,.T.);
#4439 = SURFACE_CURVE('',#4440,(#4445,#4452),.PCURVE_S1.);
#4440 = CIRCLE('',#4441,2.3);
#4441 = AXIS2_PLACEMENT_3D('',#4442,#4443,#4444);
#4442 = CARTESIAN_POINT('',(38.,-66.29513072684,-58.11737610318));
#4443 = DIRECTION('',(1.,2.775557561563E-17,-5.632959901344E-30));
#4444 = DIRECTION('',(-2.775557561563E-17,1.,5.131708243377E-49));
#4445 = PCURVE('',#1633,#4446);
#4446 = DEFINITIONAL_REPRESENTATION('',(#4447),#4451);
#4447 = LINE('',#4448,#4449);
#4448 = CARTESIAN_POINT('',(0.,10.));
#4449 = VECTOR('',#4450,1.);
#4450 = DIRECTION('',(1.,0.));
#4451 = ( GEOMETRIC_REPRESENTATION_CONTEXT(2) 
PARAMETRIC_REPRESENTATION_CONTEXT() REPRESENTATION_CONTEXT('2D SPACE',''
  ) );
#4452 = PCURVE('',#4453,#4458);
#4453 = PLANE('',#4454);
#4454 = AXIS2_PLACEMENT_3D('',#4455,#4456,#4457);
#4455 = CARTESIAN_POINT('',(38.,-66.29513072684,-58.11737610318));
#4456 = DIRECTION('',(1.,2.775557561563E-17,-5.632959901344E-30));
#4457 = DIRECTION('',(-2.775557561563E-17,1.,5.131708243377E-49));
#4458 = DEFINITIONAL_REPRESENTATION('',(#4459),#4463);
#4459 = CIRCLE('',#4460,2.3);
#4460 = AXIS2_PLACEMENT_2D('',#4461,#4462);
#4461 = CARTESIAN_POINT('',(0.,0.));
#4462 = DIRECTION('',(1.,0.));
#4463 = ( GEOMETRIC_REPRESENTATION_CONTEXT(2) 
PARAMETRIC_REPRESENTATION_CONTEXT() REPRESENTATION_CONTEXT('2D SPACE',''
  ) );
#4464 = ORIENTED_EDGE('',*,*,#4415,.F.);
#4465 = ORIENTED_EDGE('',*,*,#1616,.T.);
#4466 = ADVANCED_FACE('',(#4467),#4453,.F.);
#4467 = FACE_BOUND('',#4468,.T.);
#4468 = EDGE_LOOP('',(#4469));
#4469 = ORIENTED_EDGE('',*,*,#4438,.F.);
#4470 = ADVANCED_FACE('',(#4471),#1664,.F.);
#4471 = FACE_BOUND('',#4472,.F.);
#4472 = EDGE_LOOP('',(#4473,#4496,#4523,#4524));
#4473 = ORIENTED_EDGE('',*,*,#4474,.T.);
#4474 = EDGE_CURVE('',#1648,#4475,#4477,.T.);
#4475 = VERTEX_POINT('',#4476);
#4476 = CARTESIAN_POINT('',(38.,-103.1379010774,-60.57666338027));
#4477 = SEAM_CURVE('',#4478,(#4482,#4489),.PCURVE_S1.);
#4478 = LINE('',#4479,#4480);
#4479 = CARTESIAN_POINT('',(28.,-103.1379010774,-60.57666338027));
#4480 = VECTOR('',#4481,1.);
#4481 = DIRECTION('',(1.,0.,0.));
#4482 = PCURVE('',#1664,#4483);
#4483 = DEFINITIONAL_REPRESENTATION('',(#4484),#4488);
#4484 = LINE('',#4485,#4486);
#4485 = CARTESIAN_POINT('',(9.424777960769,0.));
#4486 = VECTOR('',#4487,1.);
#4487 = DIRECTION('',(0.,1.));
#4488 = ( GEOMETRIC_REPRESENTATION_CONTEXT(2) 
PARAMETRIC_REPRESENTATION_CONTEXT() REPRESENTATION_CONTEXT('2D SPACE',''
  ) );
#4489 = PCURVE('',#1664,#4490);
#4490 = DEFINITIONAL_REPRESENTATION('',(#4491),#4495);
#4491 = LINE('',#4492,#4493);
#4492 = CARTESIAN_POINT('',(3.14159265359,0.));
#4493 = VECTOR('',#4494,1.);
#4494 = DIRECTION('',(0.,1.));
#4495 = ( GEOMETRIC_REPRESENTATION_CONTEXT(2) 
PARAMETRIC_REPRESENTATION_CONTEXT() REPRESENTATION_CONTEXT('2D SPACE',''
  ) );
#4496 = ORIENTED_EDGE('',*,*,#4497,.F.);
#4497 = EDGE_CURVE('',#4475,#4475,#4498,.T.);
#4498 = SURFACE_CURVE('',#4499,(#4504,#4511),.PCURVE_S1.);
#4499 = CIRCLE('',#4500,2.3);
#4500 = AXIS2_PLACEMENT_3D('',#4501,#4502,#4503);
#4501 = CARTESIAN_POINT('',(38.,-100.8379010774,-60.57666338027));
#4502 = DIRECTION('',(1.,2.775557561563E-17,-5.632959901344E-30));
#4503 = DIRECTION('',(-2.775557561563E-17,1.,5.131708243377E-49));
#4504 = PCURVE('',#1664,#4505);
#4505 = DEFINITIONAL_REPRESENTATION('',(#4506),#4510);
#4506 = LINE('',#4507,#4508);
#4507 = CARTESIAN_POINT('',(0.,10.));
#4508 = VECTOR('',#4509,1.);
#4509 = DIRECTION('',(1.,0.));
#4510 = ( GEOMETRIC_REPRESENTATION_CONTEXT(2) 
PARAMETRIC_REPRESENTATION_CONTEXT() REPRESENTATION_CONTEXT('2D SPACE',''
  ) );
#4511 = PCURVE('',#4512,#4517);
#4512 = PLANE('',#4513);
#4513 = AXIS2_PLACEMENT_3D('',#4514,#4515,#4516);
#4514 = CARTESIAN_POINT('',(38.,-100.8379010774,-60.57666338027));
#4515 = DIRECTION('',(1.,2.775557561563E-17,-5.632959901344E-30));
#4516 = DIRECTION('',(-2.775557561563E-17,1.,5.131708243377E-49));
#4517 = DEFINITIONAL_REPRESENTATION('',(#4518),#4522);
#4518 = CIRCLE('',#4519,2.3);
#4519 = AXIS2_PLACEMENT_2D('',#4520,#4521);
#4520 = CARTESIAN_POINT('',(0.,0.));
#4521 = DIRECTION('',(1.,0.));
#4522 = ( GEOMETRIC_REPRESENTATION_CONTEXT(2) 
PARAMETRIC_REPRESENTATION_CONTEXT() REPRESENTATION_CONTEXT('2D SPACE',''
  ) );
#4523 = ORIENTED_EDGE('',*,*,#4474,.F.);
#4524 = ORIENTED_EDGE('',*,*,#1647,.T.);
#4525 = ADVANCED_FACE('',(#4526),#4512,.F.);
#4526 = FACE_BOUND('',#4527,.T.);
#4527 = EDGE_LOOP('',(#4528));
#4528 = ORIENTED_EDGE('',*,*,#4497,.F.);
#4529 = ADVANCED_FACE('',(#4530),#983,.F.);
#4530 = FACE_BOUND('',#4531,.F.);
#4531 = EDGE_LOOP('',(#4532,#4533,#4555,#4556));
#4532 = ORIENTED_EDGE('',*,*,#3722,.F.);
#4533 = ORIENTED_EDGE('',*,*,#4534,.T.);
#4534 = EDGE_CURVE('',#3723,#3746,#4535,.T.);
#4535 = SURFACE_CURVE('',#4536,(#4541,#4548),.PCURVE_S1.);
#4536 = CIRCLE('',#4537,1.5);
#4537 = AXIS2_PLACEMENT_3D('',#4538,#4539,#4540);
#4538 = CARTESIAN_POINT('',(128.,-69.62820369172,-53.63406479576));
#4539 = DIRECTION('',(-1.,-2.775557561563E-17,-5.551115123126E-17));
#4540 = DIRECTION('',(2.775557561563E-17,-1.,-7.003381615952E-34));
#4541 = PCURVE('',#983,#4542);
#4542 = DEFINITIONAL_REPRESENTATION('',(#4543),#4547);
#4543 = LINE('',#4544,#4545);
#4544 = CARTESIAN_POINT('',(-4.440892098501E-16,0.));
#4545 = VECTOR('',#4546,1.);
#4546 = DIRECTION('',(1.,0.));
#4547 = ( GEOMETRIC_REPRESENTATION_CONTEXT(2) 
PARAMETRIC_REPRESENTATION_CONTEXT() REPRESENTATION_CONTEXT('2D SPACE',''
  ) );
#4548 = PCURVE('',#3762,#4549);
#4549 = DEFINITIONAL_REPRESENTATION('',(#4550),#4554);
#4550 = CIRCLE('',#4551,1.5);
#4551 = AXIS2_PLACEMENT_2D('',#4552,#4553);
#4552 = CARTESIAN_POINT('',(44.221092210579,24.964111869164));
#4553 = DIRECTION('',(1.,-7.003381615952E-34));
#4554 = ( GEOMETRIC_REPRESENTATION_CONTEXT(2) 
PARAMETRIC_REPRESENTATION_CONTEXT() REPRESENTATION_CONTEXT('2D SPACE',''
  ) );
#4555 = ORIENTED_EDGE('',*,*,#3774,.T.);
#4556 = ORIENTED_EDGE('',*,*,#966,.T.);
#4557 = ADVANCED_FACE('',(#4558),#926,.F.);
#4558 = FACE_BOUND('',#4559,.F.);
#4559 = EDGE_LOOP('',(#4560,#4561,#4583,#4584));
#4560 = ORIENTED_EDGE('',*,*,#3796,.F.);
#4561 = ORIENTED_EDGE('',*,*,#4562,.T.);
#4562 = EDGE_CURVE('',#3797,#3820,#4563,.T.);
#4563 = SURFACE_CURVE('',#4564,(#4569,#4576),.PCURVE_S1.);
#4564 = CIRCLE('',#4565,1.5);
#4565 = AXIS2_PLACEMENT_3D('',#4566,#4567,#4568);
#4566 = CARTESIAN_POINT('',(128.,-76.5925133785,-53.17991172226));
#4567 = DIRECTION('',(-1.,-2.775557561563E-17,-5.551115123126E-17));
#4568 = DIRECTION('',(2.775557561563E-17,-1.,-7.003381615952E-34));
#4569 = PCURVE('',#926,#4570);
#4570 = DEFINITIONAL_REPRESENTATION('',(#4571),#4575);
#4571 = LINE('',#4572,#4573);
#4572 = CARTESIAN_POINT('',(8.881784197001E-16,0.));
#4573 = VECTOR('',#4574,1.);
#4574 = DIRECTION('',(1.,0.));
#4575 = ( GEOMETRIC_REPRESENTATION_CONTEXT(2) 
PARAMETRIC_REPRESENTATION_CONTEXT() REPRESENTATION_CONTEXT('2D SPACE',''
  ) );
#4576 = PCURVE('',#3836,#4577);
#4577 = DEFINITIONAL_REPRESENTATION('',(#4578),#4582);
#4578 = CIRCLE('',#4579,1.5);
#4579 = AXIS2_PLACEMENT_2D('',#4580,#4581);
#4580 = CARTESIAN_POINT('',(51.185401897363,25.418264942669));
#4581 = DIRECTION('',(1.,-7.003381615952E-34));
#4582 = ( GEOMETRIC_REPRESENTATION_CONTEXT(2) 
PARAMETRIC_REPRESENTATION_CONTEXT() REPRESENTATION_CONTEXT('2D SPACE',''
  ) );
#4583 = ORIENTED_EDGE('',*,*,#3848,.T.);
#4584 = ORIENTED_EDGE('',*,*,#909,.T.);
#4585 = ADVANCED_FACE('',(#4586),#869,.F.);
#4586 = FACE_BOUND('',#4587,.F.);
#4587 = EDGE_LOOP('',(#4588,#4589,#4611,#4612));
#4588 = ORIENTED_EDGE('',*,*,#3870,.F.);
#4589 = ORIENTED_EDGE('',*,*,#4590,.T.);
#4590 = EDGE_CURVE('',#3871,#3894,#4591,.T.);
#4591 = SURFACE_CURVE('',#4592,(#4597,#4604),.PCURVE_S1.);
#4592 = CIRCLE('',#4593,1.5);
#4593 = AXIS2_PLACEMENT_3D('',#4594,#4595,#4596);
#4594 = CARTESIAN_POINT('',(128.,-83.56990381278,-53.33446642178));
#4595 = DIRECTION('',(-1.,-2.775557561563E-17,-5.551115123126E-17));
#4596 = DIRECTION('',(2.775557561563E-17,-1.,-7.003381615952E-34));
#4597 = PCURVE('',#869,#4598);
#4598 = DEFINITIONAL_REPRESENTATION('',(#4599),#4603);
#4599 = LINE('',#4600,#4601);
#4600 = CARTESIAN_POINT('',(1.636576724807,0.));
#4601 = VECTOR('',#4602,1.);
#4602 = DIRECTION('',(1.,0.));
#4603 = ( GEOMETRIC_REPRESENTATION_CONTEXT(2) 
PARAMETRIC_REPRESENTATION_CONTEXT() REPRESENTATION_CONTEXT('2D SPACE',''
  ) );
#4604 = PCURVE('',#3910,#4605);
#4605 = DEFINITIONAL_REPRESENTATION('',(#4606),#4610);
#4606 = CIRCLE('',#4607,1.5);
#4607 = AXIS2_PLACEMENT_2D('',#4608,#4609);
#4608 = CARTESIAN_POINT('',(58.162792331648,25.263710243141));
#4609 = DIRECTION('',(1.,-7.003381615952E-34));
#4610 = ( GEOMETRIC_REPRESENTATION_CONTEXT(2) 
PARAMETRIC_REPRESENTATION_CONTEXT() REPRESENTATION_CONTEXT('2D SPACE',''
  ) );
#4611 = ORIENTED_EDGE('',*,*,#3922,.T.);
#4612 = ORIENTED_EDGE('',*,*,#852,.T.);
#4613 = ADVANCED_FACE('',(#4614),#812,.F.);
#4614 = FACE_BOUND('',#4615,.F.);
#4615 = EDGE_LOOP('',(#4616,#4617,#4639,#4640));
#4616 = ORIENTED_EDGE('',*,*,#3944,.F.);
#4617 = ORIENTED_EDGE('',*,*,#4618,.T.);
#4618 = EDGE_CURVE('',#3945,#3968,#4619,.T.);
#4619 = SURFACE_CURVE('',#4620,(#4625,#4632),.PCURVE_S1.);
#4620 = CIRCLE('',#4621,1.5);
#4621 = AXIS2_PLACEMENT_3D('',#4622,#4623,#4624);
#4622 = CARTESIAN_POINT('',(128.,-90.5072728403,-54.09655263976));
#4623 = DIRECTION('',(-1.,-2.775557561563E-17,-5.551115123126E-17));
#4624 = DIRECTION('',(2.775557561563E-17,-1.,-7.003381615952E-34));
#4625 = PCURVE('',#812,#4626);
#4626 = DEFINITIONAL_REPRESENTATION('',(#4627),#4631);
#4627 = LINE('',#4628,#4629);
#4628 = CARTESIAN_POINT('',(-4.559342119773,0.));
#4629 = VECTOR('',#4630,1.);
#4630 = DIRECTION('',(1.,0.));
#4631 = ( GEOMETRIC_REPRESENTATION_CONTEXT(2) 
PARAMETRIC_REPRESENTATION_CONTEXT() REPRESENTATION_CONTEXT('2D SPACE',''
  ) );
#4632 = PCURVE('',#3984,#4633);
#4633 = DEFINITIONAL_REPRESENTATION('',(#4634),#4638);
#4634 = CIRCLE('',#4635,1.5);
#4635 = AXIS2_PLACEMENT_2D('',#4636,#4637);
#4636 = CARTESIAN_POINT('',(65.100161359166,24.501624025165));
#4637 = DIRECTION('',(1.,-7.003381615952E-34));
#4638 = ( GEOMETRIC_REPRESENTATION_CONTEXT(2) 
PARAMETRIC_REPRESENTATION_CONTEXT() REPRESENTATION_CONTEXT('2D SPACE',''
  ) );
#4639 = ORIENTED_EDGE('',*,*,#3996,.T.);
#4640 = ORIENTED_EDGE('',*,*,#795,.T.);
#4641 = ADVANCED_FACE('',(#4642),#755,.F.);
#4642 = FACE_BOUND('',#4643,.F.);
#4643 = EDGE_LOOP('',(#4644,#4645,#4667,#4668));
#4644 = ORIENTED_EDGE('',*,*,#4018,.F.);
#4645 = ORIENTED_EDGE('',*,*,#4646,.T.);
#4646 = EDGE_CURVE('',#4019,#4042,#4647,.T.);
#4647 = SURFACE_CURVE('',#4648,(#4653,#4660),.PCURVE_S1.);
#4648 = CIRCLE('',#4649,1.5);
#4649 = AXIS2_PLACEMENT_3D('',#4650,#4651,#4652);
#4650 = CARTESIAN_POINT('',(128.,-97.35182289386,-55.4603704399));
#4651 = DIRECTION('',(-1.,-2.775557561563E-17,-5.551115123126E-17));
#4652 = DIRECTION('',(2.775557561563E-17,-1.,-7.003381615952E-34));
#4653 = PCURVE('',#755,#4654);
#4654 = DEFINITIONAL_REPRESENTATION('',(#4655),#4659);
#4655 = LINE('',#4656,#4657);
#4656 = CARTESIAN_POINT('',(-4.472075657173,0.));
#4657 = VECTOR('',#4658,1.);
#4658 = DIRECTION('',(1.,0.));
#4659 = ( GEOMETRIC_REPRESENTATION_CONTEXT(2) 
PARAMETRIC_REPRESENTATION_CONTEXT() REPRESENTATION_CONTEXT('2D SPACE',''
  ) );
#4660 = PCURVE('',#4058,#4661);
#4661 = DEFINITIONAL_REPRESENTATION('',(#4662),#4666);
#4662 = CIRCLE('',#4663,1.5);
#4663 = AXIS2_PLACEMENT_2D('',#4664,#4665);
#4664 = CARTESIAN_POINT('',(71.94471141272,23.13780622502));
#4665 = DIRECTION('',(1.,-7.003381615952E-34));
#4666 = ( GEOMETRIC_REPRESENTATION_CONTEXT(2) 
PARAMETRIC_REPRESENTATION_CONTEXT() REPRESENTATION_CONTEXT('2D SPACE',''
  ) );
#4667 = ORIENTED_EDGE('',*,*,#4070,.T.);
#4668 = ORIENTED_EDGE('',*,*,#738,.T.);
#4669 = ADVANCED_FACE('',(#4670),#698,.F.);
#4670 = FACE_BOUND('',#4671,.F.);
#4671 = EDGE_LOOP('',(#4672,#4673,#4695,#4696));
#4672 = ORIENTED_EDGE('',*,*,#4092,.F.);
#4673 = ORIENTED_EDGE('',*,*,#4674,.T.);
#4674 = EDGE_CURVE('',#4093,#4116,#4675,.T.);
#4675 = SURFACE_CURVE('',#4676,(#4681,#4688),.PCURVE_S1.);
#4676 = CIRCLE('',#4677,1.5);
#4677 = AXIS2_PLACEMENT_3D('',#4678,#4679,#4680);
#4678 = CARTESIAN_POINT('',(128.,-104.0514628146,-57.41554034526));
#4679 = DIRECTION('',(-1.,-2.775557561563E-17,-5.551115123126E-17));
#4680 = DIRECTION('',(2.775557561563E-17,-1.,-7.003381615952E-34));
#4681 = PCURVE('',#698,#4682);
#4682 = DEFINITIONAL_REPRESENTATION('',(#4683),#4687);
#4683 = LINE('',#4684,#4685);
#4684 = CARTESIAN_POINT('',(1.898376112606,0.));
#4685 = VECTOR('',#4686,1.);
#4686 = DIRECTION('',(1.,0.));
#4687 = ( GEOMETRIC_REPRESENTATION_CONTEXT(2) 
PARAMETRIC_REPRESENTATION_CONTEXT() REPRESENTATION_CONTEXT('2D SPACE',''
  ) );
#4688 = PCURVE('',#4132,#4689);
#4689 = DEFINITIONAL_REPRESENTATION('',(#4690),#4694);
#4690 = CIRCLE('',#4691,1.5);
#4691 = AXIS2_PLACEMENT_2D('',#4692,#4693);
#4692 = CARTESIAN_POINT('',(78.644351333551,21.182636319662));
#4693 = DIRECTION('',(1.,-7.003381615952E-34));
#4694 = ( GEOMETRIC_REPRESENTATION_CONTEXT(2) 
PARAMETRIC_REPRESENTATION_CONTEXT() REPRESENTATION_CONTEXT('2D SPACE',''
  ) );
#4695 = ORIENTED_EDGE('',*,*,#4144,.T.);
#4696 = ORIENTED_EDGE('',*,*,#681,.T.);
#4697 = ADVANCED_FACE('',(#4698),#603,.T.);
#4698 = FACE_BOUND('',#4699,.T.);
#4699 = EDGE_LOOP('',(#4700,#4701,#4724,#4746));
#4700 = ORIENTED_EDGE('',*,*,#582,.F.);
#4701 = ORIENTED_EDGE('',*,*,#4702,.F.);
#4702 = EDGE_CURVE('',#4703,#555,#4705,.T.);
#4703 = VERTEX_POINT('',#4704);
#4704 = CARTESIAN_POINT('',(128.,-107.0471753545,-66.49678692833));
#4705 = SURFACE_CURVE('',#4706,(#4710,#4717),.PCURVE_S1.);
#4706 = LINE('',#4707,#4708);
#4707 = CARTESIAN_POINT('',(128.,-107.0471753545,-66.49678692833));
#4708 = VECTOR('',#4709,1.);
#4709 = DIRECTION('',(-1.,0.,-8.074349270001E-17));
#4710 = PCURVE('',#603,#4711);
#4711 = DEFINITIONAL_REPRESENTATION('',(#4712),#4716);
#4712 = LINE('',#4713,#4714);
#4713 = CARTESIAN_POINT('',(0.,0.));
#4714 = VECTOR('',#4715,1.);
#4715 = DIRECTION('',(0.,1.));
#4716 = ( GEOMETRIC_REPRESENTATION_CONTEXT(2) 
PARAMETRIC_REPRESENTATION_CONTEXT() REPRESENTATION_CONTEXT('2D SPACE',''
  ) );
#4717 = PCURVE('',#570,#4718);
#4718 = DEFINITIONAL_REPRESENTATION('',(#4719),#4723);
#4719 = LINE('',#4720,#4721);
#4720 = CARTESIAN_POINT('',(9.269805345259,-7.941948446689E-14));
#4721 = VECTOR('',#4722,1.);
#4722 = DIRECTION('',(8.589777914169E-15,1.));
#4723 = ( GEOMETRIC_REPRESENTATION_CONTEXT(2) 
PARAMETRIC_REPRESENTATION_CONTEXT() REPRESENTATION_CONTEXT('2D SPACE',''
  ) );
#4724 = ORIENTED_EDGE('',*,*,#4725,.T.);
#4725 = EDGE_CURVE('',#4703,#2983,#4726,.T.);
#4726 = SURFACE_CURVE('',#4727,(#4732,#4739),.PCURVE_S1.);
#4727 = CIRCLE('',#4728,3.379837378808);
#4728 = AXIS2_PLACEMENT_3D('',#4729,#4730,#4731);
#4729 = CARTESIAN_POINT('',(128.,-107.9777763822,-63.24758972988));
#4730 = DIRECTION('',(-1.,-2.775557561563E-17,-5.551115123126E-17));
#4731 = DIRECTION('',(2.775557561563E-17,-1.,0.));
#4732 = PCURVE('',#603,#4733);
#4733 = DEFINITIONAL_REPRESENTATION('',(#4734),#4738);
#4734 = LINE('',#4735,#4736);
#4735 = CARTESIAN_POINT('',(-4.433446670672,0.));
#4736 = VECTOR('',#4737,1.);
#4737 = DIRECTION('',(1.,0.));
#4738 = ( GEOMETRIC_REPRESENTATION_CONTEXT(2) 
PARAMETRIC_REPRESENTATION_CONTEXT() REPRESENTATION_CONTEXT('2D SPACE',''
  ) );
#4739 = PCURVE('',#3078,#4740);
#4740 = DEFINITIONAL_REPRESENTATION('',(#4741),#4745);
#4741 = LINE('',#4742,#4743);
#4742 = CARTESIAN_POINT('',(10.995574287564,3.14159265359));
#4743 = VECTOR('',#4744,1.);
#4744 = DIRECTION('',(-1.,0.));
#4745 = ( GEOMETRIC_REPRESENTATION_CONTEXT(2) 
PARAMETRIC_REPRESENTATION_CONTEXT() REPRESENTATION_CONTEXT('2D SPACE',''
  ) );
#4746 = ORIENTED_EDGE('',*,*,#2982,.T.);
#4747 = ADVANCED_FACE('',(#4748),#570,.T.);
#4748 = FACE_BOUND('',#4749,.T.);
#4749 = EDGE_LOOP('',(#4750,#4751,#4774,#4802,#4828));
#4750 = ORIENTED_EDGE('',*,*,#554,.F.);
#4751 = ORIENTED_EDGE('',*,*,#4752,.F.);
#4752 = EDGE_CURVE('',#4753,#526,#4755,.T.);
#4753 = VERTEX_POINT('',#4754);
#4754 = CARTESIAN_POINT('',(128.,-98.13567394714,-63.94444803914));
#4755 = SURFACE_CURVE('',#4756,(#4760,#4767),.PCURVE_S1.);
#4756 = LINE('',#4757,#4758);
#4757 = CARTESIAN_POINT('',(128.,-98.13567394714,-63.94444803914));
#4758 = VECTOR('',#4759,1.);
#4759 = DIRECTION('',(-1.,0.,-8.074349270001E-17));
#4760 = PCURVE('',#570,#4761);
#4761 = DEFINITIONAL_REPRESENTATION('',(#4762),#4766);
#4762 = LINE('',#4763,#4764);
#4763 = CARTESIAN_POINT('',(-0.,0.));
#4764 = VECTOR('',#4765,1.);
#4765 = DIRECTION('',(8.589777914169E-15,1.));
#4766 = ( GEOMETRIC_REPRESENTATION_CONTEXT(2) 
PARAMETRIC_REPRESENTATION_CONTEXT() REPRESENTATION_CONTEXT('2D SPACE',''
  ) );
#4767 = PCURVE('',#542,#4768);
#4768 = DEFINITIONAL_REPRESENTATION('',(#4769),#4773);
#4769 = LINE('',#4770,#4771);
#4770 = CARTESIAN_POINT('',(0.,-1.42108547152E-14));
#4771 = VECTOR('',#4772,1.);
#4772 = DIRECTION('',(0.,1.));
#4773 = ( GEOMETRIC_REPRESENTATION_CONTEXT(2) 
PARAMETRIC_REPRESENTATION_CONTEXT() REPRESENTATION_CONTEXT('2D SPACE',''
  ) );
#4774 = ORIENTED_EDGE('',*,*,#4775,.T.);
#4775 = EDGE_CURVE('',#4753,#4776,#4778,.T.);
#4776 = VERTEX_POINT('',#4777);
#4777 = CARTESIAN_POINT('',(128.,-100.1191724687,-64.51254090944));
#4778 = SURFACE_CURVE('',#4779,(#4783,#4790),.PCURVE_S1.);
#4779 = LINE('',#4780,#4781);
#4780 = CARTESIAN_POINT('',(128.,-98.13567394714,-63.94444803914));
#4781 = VECTOR('',#4782,1.);
#4782 = DIRECTION('',(-1.502348552312E-16,-0.961347199371,-0.27533899517
    ));
#4783 = PCURVE('',#570,#4784);
#4784 = DEFINITIONAL_REPRESENTATION('',(#4785),#4789);
#4785 = LINE('',#4786,#4787);
#4786 = CARTESIAN_POINT('',(-0.,0.));
#4787 = VECTOR('',#4788,1.);
#4788 = DIRECTION('',(1.,-8.417311226792E-15));
#4789 = ( GEOMETRIC_REPRESENTATION_CONTEXT(2) 
PARAMETRIC_REPRESENTATION_CONTEXT() REPRESENTATION_CONTEXT('2D SPACE',''
  ) );
#4790 = PCURVE('',#4791,#4796);
#4791 = CYLINDRICAL_SURFACE('',#4792,8.);
#4792 = AXIS2_PLACEMENT_3D('',#4793,#4794,#4795);
#4793 = CARTESIAN_POINT('',(128.,-64.19228306888,-62.54439284786));
#4794 = DIRECTION('',(-4.196712948578E-17,0.961347199371,0.27533899517)
  );
#4795 = DIRECTION('',(0.707106781187,-0.19469407061,0.67977512375));
#4796 = DEFINITIONAL_REPRESENTATION('',(#4797),#4801);
#4797 = LINE('',#4798,#4799);
#4798 = CARTESIAN_POINT('',(-0.785398163397,-33.01687354752));
#4799 = VECTOR('',#4800,1.);
#4800 = DIRECTION('',(-4.304756605754E-16,-1.));
#4801 = ( GEOMETRIC_REPRESENTATION_CONTEXT(2) 
PARAMETRIC_REPRESENTATION_CONTEXT() REPRESENTATION_CONTEXT('2D SPACE',''
  ) );
#4802 = ORIENTED_EDGE('',*,*,#4803,.T.);
#4803 = EDGE_CURVE('',#4776,#4703,#4804,.T.);
#4804 = SURFACE_CURVE('',#4805,(#4809,#4816),.PCURVE_S1.);
#4805 = LINE('',#4806,#4807);
#4806 = CARTESIAN_POINT('',(128.,-98.13567394714,-63.94444803914));
#4807 = VECTOR('',#4808,1.);
#4808 = DIRECTION('',(-1.502348552312E-16,-0.961347199371,-0.27533899517
    ));
#4809 = PCURVE('',#570,#4810);
#4810 = DEFINITIONAL_REPRESENTATION('',(#4811),#4815);
#4811 = LINE('',#4812,#4813);
#4812 = CARTESIAN_POINT('',(-0.,0.));
#4813 = VECTOR('',#4814,1.);
#4814 = DIRECTION('',(1.,-8.417311226792E-15));
#4815 = ( GEOMETRIC_REPRESENTATION_CONTEXT(2) 
PARAMETRIC_REPRESENTATION_CONTEXT() REPRESENTATION_CONTEXT('2D SPACE',''
  ) );
#4816 = PCURVE('',#4817,#4822);
#4817 = CYLINDRICAL_SURFACE('',#4818,8.);
#4818 = AXIS2_PLACEMENT_3D('',#4819,#4820,#4821);
#4819 = CARTESIAN_POINT('',(128.,-64.19228306888,-62.54439284786));
#4820 = DIRECTION('',(-4.196712948578E-17,0.961347199371,0.27533899517)
  );
#4821 = DIRECTION('',(0.707106781187,-0.19469407061,0.67977512375));
#4822 = DEFINITIONAL_REPRESENTATION('',(#4823),#4827);
#4823 = LINE('',#4824,#4825);
#4824 = CARTESIAN_POINT('',(5.497787143782,-33.01687354752));
#4825 = VECTOR('',#4826,1.);
#4826 = DIRECTION('',(0.,-1.));
#4827 = ( GEOMETRIC_REPRESENTATION_CONTEXT(2) 
PARAMETRIC_REPRESENTATION_CONTEXT() REPRESENTATION_CONTEXT('2D SPACE',''
  ) );
#4828 = ORIENTED_EDGE('',*,*,#4702,.T.);
#4829 = ADVANCED_FACE('',(#4830),#542,.F.);
#4830 = FACE_BOUND('',#4831,.F.);
#4831 = EDGE_LOOP('',(#4832,#4833,#4862,#4883));
#4832 = ORIENTED_EDGE('',*,*,#4752,.F.);
#4833 = ORIENTED_EDGE('',*,*,#4834,.F.);
#4834 = EDGE_CURVE('',#4835,#4753,#4837,.T.);
#4835 = VERTEX_POINT('',#4836);
#4836 = CARTESIAN_POINT('',(128.,-28.19154068154,-81.46992770307));
#4837 = SURFACE_CURVE('',#4838,(#4843,#4850),.PCURVE_S1.);
#4838 = CIRCLE('',#4839,72.000000001594);
#4839 = AXIS2_PLACEMENT_3D('',#4840,#4841,#4842);
#4840 = CARTESIAN_POINT('',(128.,-78.31126629444,-133.1614463953));
#4841 = DIRECTION('',(1.,-4.217775886894E-17,2.663770775785E-16));
#4842 = DIRECTION('',(-2.676940392523E-16,-0.27533899517,0.961347199371)
  );
#4843 = PCURVE('',#542,#4844);
#4844 = DEFINITIONAL_REPRESENTATION('',(#4845),#4849);
#4845 = LINE('',#4846,#4847);
#4846 = CARTESIAN_POINT('',(6.28318530718,0.));
#4847 = VECTOR('',#4848,1.);
#4848 = DIRECTION('',(-1.,0.));
#4849 = ( GEOMETRIC_REPRESENTATION_CONTEXT(2) 
PARAMETRIC_REPRESENTATION_CONTEXT() REPRESENTATION_CONTEXT('2D SPACE',''
  ) );
#4850 = PCURVE('',#4851,#4856);
#4851 = TOROIDAL_SURFACE('',#4852,64.000000001594,8.);
#4852 = AXIS2_PLACEMENT_3D('',#4853,#4854,#4855);
#4853 = CARTESIAN_POINT('',(128.,-78.31126629444,-133.1614463953));
#4854 = DIRECTION('',(-1.,-2.775557561563E-17,-5.551115123126E-17));
#4855 = DIRECTION('',(-5.551115123126E-17,-1.54074395551E-33,1.));
#4856 = DEFINITIONAL_REPRESENTATION('',(#4857),#4861);
#4857 = LINE('',#4858,#4859);
#4858 = CARTESIAN_POINT('',(6.004242997467,6.28318530718));
#4859 = VECTOR('',#4860,1.);
#4860 = DIRECTION('',(-1.,0.));
#4861 = ( GEOMETRIC_REPRESENTATION_CONTEXT(2) 
PARAMETRIC_REPRESENTATION_CONTEXT() REPRESENTATION_CONTEXT('2D SPACE',''
  ) );
#4862 = ORIENTED_EDGE('',*,*,#4863,.T.);
#4863 = EDGE_CURVE('',#4835,#524,#4864,.T.);
#4864 = SURFACE_CURVE('',#4865,(#4869,#4876),.PCURVE_S1.);
#4865 = LINE('',#4866,#4867);
#4866 = CARTESIAN_POINT('',(128.,-28.19154068154,-81.46992770307));
#4867 = VECTOR('',#4868,1.);
#4868 = DIRECTION('',(-1.,0.,-8.074349270001E-17));
#4869 = PCURVE('',#542,#4870);
#4870 = DEFINITIONAL_REPRESENTATION('',(#4871),#4875);
#4871 = LINE('',#4872,#4873);
#4872 = CARTESIAN_POINT('',(1.048903394096,-1.42108547152E-14));
#4873 = VECTOR('',#4874,1.);
#4874 = DIRECTION('',(2.22044604925E-18,1.));
#4875 = ( GEOMETRIC_REPRESENTATION_CONTEXT(2) 
PARAMETRIC_REPRESENTATION_CONTEXT() REPRESENTATION_CONTEXT('2D SPACE',''
  ) );
#4876 = PCURVE('',#1441,#4877);
#4877 = DEFINITIONAL_REPRESENTATION('',(#4878),#4882);
#4878 = LINE('',#4879,#4880);
#4879 = CARTESIAN_POINT('',(3.14159265359,0.));
#4880 = VECTOR('',#4881,1.);
#4881 = DIRECTION('',(0.,1.));
#4882 = ( GEOMETRIC_REPRESENTATION_CONTEXT(2) 
PARAMETRIC_REPRESENTATION_CONTEXT() REPRESENTATION_CONTEXT('2D SPACE',''
  ) );
#4883 = ORIENTED_EDGE('',*,*,#523,.T.);
#4884 = ADVANCED_FACE('',(#4885),#1441,.T.);
#4885 = FACE_BOUND('',#4886,.T.);
#4886 = EDGE_LOOP('',(#4887,#4888,#4889,#4911));
#4887 = ORIENTED_EDGE('',*,*,#1422,.F.);
#4888 = ORIENTED_EDGE('',*,*,#3182,.F.);
#4889 = ORIENTED_EDGE('',*,*,#4890,.T.);
#4890 = EDGE_CURVE('',#3160,#4835,#4891,.T.);
#4891 = SURFACE_CURVE('',#4892,(#4897,#4904),.PCURVE_S1.);
#4892 = CIRCLE('',#4893,4.000000000353);
#4893 = AXIS2_PLACEMENT_3D('',#4894,#4895,#4896);
#4894 = CARTESIAN_POINT('',(128.,-25.40711148114,-78.59817666492));
#4895 = DIRECTION('',(-1.,-2.775557561563E-17,-5.551115123126E-17));
#4896 = DIRECTION('',(2.775557561563E-17,-1.,0.));
#4897 = PCURVE('',#1441,#4898);
#4898 = DEFINITIONAL_REPRESENTATION('',(#4899),#4903);
#4899 = LINE('',#4900,#4901);
#4900 = CARTESIAN_POINT('',(-2.340757411178,0.));
#4901 = VECTOR('',#4902,1.);
#4902 = DIRECTION('',(1.,0.));
#4903 = ( GEOMETRIC_REPRESENTATION_CONTEXT(2) 
PARAMETRIC_REPRESENTATION_CONTEXT() REPRESENTATION_CONTEXT('2D SPACE',''
  ) );
#4904 = PCURVE('',#4218,#4905);
#4905 = DEFINITIONAL_REPRESENTATION('',(#4906),#4910);
#4906 = LINE('',#4907,#4908);
#4907 = CARTESIAN_POINT('',(4.712388980385,3.14159265359));
#4908 = VECTOR('',#4909,1.);
#4909 = DIRECTION('',(-1.,-1.413579858428E-16));
#4910 = ( GEOMETRIC_REPRESENTATION_CONTEXT(2) 
PARAMETRIC_REPRESENTATION_CONTEXT() REPRESENTATION_CONTEXT('2D SPACE',''
  ) );
#4911 = ORIENTED_EDGE('',*,*,#4863,.T.);
#4912 = ADVANCED_FACE('',(#4913),#1382,.F.);
#4913 = FACE_BOUND('',#4914,.F.);
#4914 = EDGE_LOOP('',(#4915,#4916,#4938,#4939));
#4915 = ORIENTED_EDGE('',*,*,#3204,.F.);
#4916 = ORIENTED_EDGE('',*,*,#4917,.T.);
#4917 = EDGE_CURVE('',#3205,#3228,#4918,.T.);
#4918 = SURFACE_CURVE('',#4919,(#4924,#4931),.PCURVE_S1.);
#4919 = CIRCLE('',#4920,1.5);
#4920 = AXIS2_PLACEMENT_3D('',#4921,#4922,#4923);
#4921 = CARTESIAN_POINT('',(128.,-25.58348568249,-72.99682928538));
#4922 = DIRECTION('',(-1.,-2.775557561563E-17,-5.551115123126E-17));
#4923 = DIRECTION('',(2.775557561563E-17,-1.,-7.003381615952E-34));
#4924 = PCURVE('',#1382,#4925);
#4925 = DEFINITIONAL_REPRESENTATION('',(#4926),#4930);
#4926 = LINE('',#4927,#4928);
#4927 = CARTESIAN_POINT('',(0.,0.));
#4928 = VECTOR('',#4929,1.);
#4929 = DIRECTION('',(1.,0.));
#4930 = ( GEOMETRIC_REPRESENTATION_CONTEXT(2) 
PARAMETRIC_REPRESENTATION_CONTEXT() REPRESENTATION_CONTEXT('2D SPACE',''
  ) );
#4931 = PCURVE('',#3244,#4932);
#4932 = DEFINITIONAL_REPRESENTATION('',(#4933),#4937);
#4933 = CIRCLE('',#4934,1.5);
#4934 = AXIS2_PLACEMENT_2D('',#4935,#4936);
#4935 = CARTESIAN_POINT('',(0.17637420135,5.601347379541));
#4936 = DIRECTION('',(1.,-7.003381615952E-34));
#4937 = ( GEOMETRIC_REPRESENTATION_CONTEXT(2) 
PARAMETRIC_REPRESENTATION_CONTEXT() REPRESENTATION_CONTEXT('2D SPACE',''
  ) );
#4938 = ORIENTED_EDGE('',*,*,#3256,.T.);
#4939 = ORIENTED_EDGE('',*,*,#1365,.T.);
#4940 = ADVANCED_FACE('',(#4941),#1325,.F.);
#4941 = FACE_BOUND('',#4942,.F.);
#4942 = EDGE_LOOP('',(#4943,#4944,#4966,#4967));
#4943 = ORIENTED_EDGE('',*,*,#3278,.F.);
#4944 = ORIENTED_EDGE('',*,*,#4945,.T.);
#4945 = EDGE_CURVE('',#3279,#3302,#4946,.T.);
#4946 = SURFACE_CURVE('',#4947,(#4952,#4959),.PCURVE_S1.);
#4947 = CIRCLE('',#4948,1.5);
#4948 = AXIS2_PLACEMENT_3D('',#4949,#4950,#4951);
#4949 = CARTESIAN_POINT('',(128.,-31.02782269802,-68.63024493501));
#4950 = DIRECTION('',(-1.,-2.775557561563E-17,-5.551115123126E-17));
#4951 = DIRECTION('',(2.775557561563E-17,-1.,-7.003381615952E-34));
#4952 = PCURVE('',#1325,#4953);
#4953 = DEFINITIONAL_REPRESENTATION('',(#4954),#4958);
#4954 = LINE('',#4955,#4956);
#4955 = CARTESIAN_POINT('',(8.881784197001E-16,0.));
#4956 = VECTOR('',#4957,1.);
#4957 = DIRECTION('',(1.,0.));
#4958 = ( GEOMETRIC_REPRESENTATION_CONTEXT(2) 
PARAMETRIC_REPRESENTATION_CONTEXT() REPRESENTATION_CONTEXT('2D SPACE',''
  ) );
#4959 = PCURVE('',#3318,#4960);
#4960 = DEFINITIONAL_REPRESENTATION('',(#4961),#4965);
#4961 = CIRCLE('',#4962,1.5);
#4962 = AXIS2_PLACEMENT_2D('',#4963,#4964);
#4963 = CARTESIAN_POINT('',(5.620711216881,9.967931729913));
#4964 = DIRECTION('',(1.,-7.003381615952E-34));
#4965 = ( GEOMETRIC_REPRESENTATION_CONTEXT(2) 
PARAMETRIC_REPRESENTATION_CONTEXT() REPRESENTATION_CONTEXT('2D SPACE',''
  ) );
#4966 = ORIENTED_EDGE('',*,*,#3330,.T.);
#4967 = ORIENTED_EDGE('',*,*,#1308,.T.);
#4968 = ADVANCED_FACE('',(#4969),#1268,.F.);
#4969 = FACE_BOUND('',#4970,.F.);
#4970 = EDGE_LOOP('',(#4971,#4972,#4994,#4995));
#4971 = ORIENTED_EDGE('',*,*,#3352,.F.);
#4972 = ORIENTED_EDGE('',*,*,#4973,.T.);
#4973 = EDGE_CURVE('',#3353,#3376,#4974,.T.);
#4974 = SURFACE_CURVE('',#4975,(#4980,#4987),.PCURVE_S1.);
#4975 = CIRCLE('',#4976,1.5);
#4976 = AXIS2_PLACEMENT_3D('',#4977,#4978,#4979);
#4977 = CARTESIAN_POINT('',(128.,-36.83201526984,-64.75478199276));
#4978 = DIRECTION('',(-1.,-2.775557561563E-17,-5.551115123126E-17));
#4979 = DIRECTION('',(2.775557561563E-17,-1.,-7.003381615952E-34));
#4980 = PCURVE('',#1268,#4981);
#4981 = DEFINITIONAL_REPRESENTATION('',(#4982),#4986);
#4982 = LINE('',#4983,#4984);
#4983 = CARTESIAN_POINT('',(-2.6645352591E-15,0.));
#4984 = VECTOR('',#4985,1.);
#4985 = DIRECTION('',(1.,0.));
#4986 = ( GEOMETRIC_REPRESENTATION_CONTEXT(2) 
PARAMETRIC_REPRESENTATION_CONTEXT() REPRESENTATION_CONTEXT('2D SPACE',''
  ) );
#4987 = PCURVE('',#3392,#4988);
#4988 = DEFINITIONAL_REPRESENTATION('',(#4989),#4993);
#4989 = CIRCLE('',#4990,1.5);
#4990 = AXIS2_PLACEMENT_2D('',#4991,#4992);
#4991 = CARTESIAN_POINT('',(11.424903788705,13.843394672167));
#4992 = DIRECTION('',(1.,-7.003381615952E-34));
#4993 = ( GEOMETRIC_REPRESENTATION_CONTEXT(2) 
PARAMETRIC_REPRESENTATION_CONTEXT() REPRESENTATION_CONTEXT('2D SPACE',''
  ) );
#4994 = ORIENTED_EDGE('',*,*,#3404,.T.);
#4995 = ORIENTED_EDGE('',*,*,#1251,.T.);
#4996 = ADVANCED_FACE('',(#4997),#1211,.F.);
#4997 = FACE_BOUND('',#4998,.F.);
#4998 = EDGE_LOOP('',(#4999,#5000,#5022,#5023));
#4999 = ORIENTED_EDGE('',*,*,#3426,.F.);
#5000 = ORIENTED_EDGE('',*,*,#5001,.T.);
#5001 = EDGE_CURVE('',#3427,#3450,#5002,.T.);
#5002 = SURFACE_CURVE('',#5003,(#5008,#5015),.PCURVE_S1.);
#5003 = CIRCLE('',#5004,1.5);
#5004 = AXIS2_PLACEMENT_3D('',#5005,#5006,#5007);
#5005 = CARTESIAN_POINT('',(128.,-42.95188998782,-61.39993507168));
#5006 = DIRECTION('',(-1.,-2.775557561563E-17,-5.551115123126E-17));
#5007 = DIRECTION('',(2.775557561563E-17,-1.,-7.003381615952E-34));
#5008 = PCURVE('',#1211,#5009);
#5009 = DEFINITIONAL_REPRESENTATION('',(#5010),#5014);
#5010 = LINE('',#5011,#5012);
#5011 = CARTESIAN_POINT('',(1.7763568394E-15,0.));
#5012 = VECTOR('',#5013,1.);
#5013 = DIRECTION('',(1.,0.));
#5014 = ( GEOMETRIC_REPRESENTATION_CONTEXT(2) 
PARAMETRIC_REPRESENTATION_CONTEXT() REPRESENTATION_CONTEXT('2D SPACE',''
  ) );
#5015 = PCURVE('',#3466,#5016);
#5016 = DEFINITIONAL_REPRESENTATION('',(#5017),#5021);
#5017 = CIRCLE('',#5018,1.5);
#5018 = AXIS2_PLACEMENT_2D('',#5019,#5020);
#5019 = CARTESIAN_POINT('',(17.544778506683,17.198241593243));
#5020 = DIRECTION('',(1.,-7.003381615952E-34));
#5021 = ( GEOMETRIC_REPRESENTATION_CONTEXT(2) 
PARAMETRIC_REPRESENTATION_CONTEXT() REPRESENTATION_CONTEXT('2D SPACE',''
  ) );
#5022 = ORIENTED_EDGE('',*,*,#3478,.T.);
#5023 = ORIENTED_EDGE('',*,*,#1194,.T.);
#5024 = ADVANCED_FACE('',(#5025),#1154,.F.);
#5025 = FACE_BOUND('',#5026,.F.);
#5026 = EDGE_LOOP('',(#5027,#5028,#5050,#5051));
#5027 = ORIENTED_EDGE('',*,*,#3500,.F.);
#5028 = ORIENTED_EDGE('',*,*,#5029,.T.);
#5029 = EDGE_CURVE('',#3501,#3524,#5030,.T.);
#5030 = SURFACE_CURVE('',#5031,(#5036,#5043),.PCURVE_S1.);
#5031 = CIRCLE('',#5032,1.5);
#5032 = AXIS2_PLACEMENT_3D('',#5033,#5034,#5035);
#5033 = CARTESIAN_POINT('',(128.,-49.34087091006,-58.59123658256));
#5034 = DIRECTION('',(-1.,-2.775557561563E-17,-5.551115123126E-17));
#5035 = DIRECTION('',(2.775557561563E-17,-1.,-7.003381615952E-34));
#5036 = PCURVE('',#1154,#5037);
#5037 = DEFINITIONAL_REPRESENTATION('',(#5038),#5042);
#5038 = LINE('',#5039,#5040);
#5039 = CARTESIAN_POINT('',(-4.440892098501E-16,0.));
#5040 = VECTOR('',#5041,1.);
#5041 = DIRECTION('',(1.,0.));
#5042 = ( GEOMETRIC_REPRESENTATION_CONTEXT(2) 
PARAMETRIC_REPRESENTATION_CONTEXT() REPRESENTATION_CONTEXT('2D SPACE',''
  ) );
#5043 = PCURVE('',#3540,#5044);
#5044 = DEFINITIONAL_REPRESENTATION('',(#5045),#5049);
#5045 = CIRCLE('',#5046,1.5);
#5046 = AXIS2_PLACEMENT_2D('',#5047,#5048);
#5047 = CARTESIAN_POINT('',(23.933759428929,20.006940082361));
#5048 = DIRECTION('',(1.,-7.003381615952E-34));
#5049 = ( GEOMETRIC_REPRESENTATION_CONTEXT(2) 
PARAMETRIC_REPRESENTATION_CONTEXT() REPRESENTATION_CONTEXT('2D SPACE',''
  ) );
#5050 = ORIENTED_EDGE('',*,*,#3552,.T.);
#5051 = ORIENTED_EDGE('',*,*,#1137,.T.);
#5052 = ADVANCED_FACE('',(#5053),#1097,.F.);
#5053 = FACE_BOUND('',#5054,.F.);
#5054 = EDGE_LOOP('',(#5055,#5056,#5078,#5079));
#5055 = ORIENTED_EDGE('',*,*,#3574,.F.);
#5056 = ORIENTED_EDGE('',*,*,#5057,.T.);
#5057 = EDGE_CURVE('',#3575,#3598,#5058,.T.);
#5058 = SURFACE_CURVE('',#5059,(#5064,#5071),.PCURVE_S1.);
#5059 = CIRCLE('',#5060,1.5);
#5060 = AXIS2_PLACEMENT_3D('',#5061,#5062,#5063);
#5061 = CARTESIAN_POINT('',(128.,-55.95033403399,-56.35006241685));
#5062 = DIRECTION('',(-1.,-2.775557561563E-17,-5.551115123126E-17));
#5063 = DIRECTION('',(2.775557561563E-17,-1.,-7.003381615952E-34));
#5064 = PCURVE('',#1097,#5065);
#5065 = DEFINITIONAL_REPRESENTATION('',(#5066),#5070);
#5066 = LINE('',#5067,#5068);
#5067 = CARTESIAN_POINT('',(8.881784197001E-16,0.));
#5068 = VECTOR('',#5069,1.);
#5069 = DIRECTION('',(1.,0.));
#5070 = ( GEOMETRIC_REPRESENTATION_CONTEXT(2) 
PARAMETRIC_REPRESENTATION_CONTEXT() REPRESENTATION_CONTEXT('2D SPACE',''
  ) );
#5071 = PCURVE('',#3614,#5072);
#5072 = DEFINITIONAL_REPRESENTATION('',(#5073),#5077);
#5073 = CIRCLE('',#5074,1.5);
#5074 = AXIS2_PLACEMENT_2D('',#5075,#5076);
#5075 = CARTESIAN_POINT('',(30.543222552853,22.24811424808));
#5076 = DIRECTION('',(1.,-7.003381615952E-34));
#5077 = ( GEOMETRIC_REPRESENTATION_CONTEXT(2) 
PARAMETRIC_REPRESENTATION_CONTEXT() REPRESENTATION_CONTEXT('2D SPACE',''
  ) );
#5078 = ORIENTED_EDGE('',*,*,#3626,.T.);
#5079 = ORIENTED_EDGE('',*,*,#1080,.T.);
#5080 = ADVANCED_FACE('',(#5081),#1040,.F.);
#5081 = FACE_BOUND('',#5082,.F.);
#5082 = EDGE_LOOP('',(#5083,#5084,#5106,#5107));
#5083 = ORIENTED_EDGE('',*,*,#3648,.F.);
#5084 = ORIENTED_EDGE('',*,*,#5085,.T.);
#5085 = EDGE_CURVE('',#3649,#3672,#5086,.T.);
#5086 = SURFACE_CURVE('',#5087,(#5092,#5099),.PCURVE_S1.);
#5087 = CIRCLE('',#5088,1.5);
#5088 = AXIS2_PLACEMENT_3D('',#5089,#5090,#5091);
#5089 = CARTESIAN_POINT('',(128.,-62.72997735432,-54.69346926318));
#5090 = DIRECTION('',(-1.,-2.775557561563E-17,-5.551115123126E-17));
#5091 = DIRECTION('',(2.775557561563E-17,-1.,-7.003381615952E-34));
#5092 = PCURVE('',#1040,#5093);
#5093 = DEFINITIONAL_REPRESENTATION('',(#5094),#5098);
#5094 = LINE('',#5095,#5096);
#5095 = CARTESIAN_POINT('',(-4.440892098501E-16,0.));
#5096 = VECTOR('',#5097,1.);
#5097 = DIRECTION('',(1.,0.));
#5098 = ( GEOMETRIC_REPRESENTATION_CONTEXT(2) 
PARAMETRIC_REPRESENTATION_CONTEXT() REPRESENTATION_CONTEXT('2D SPACE',''
  ) );
#5099 = PCURVE('',#3688,#5100);
#5100 = DEFINITIONAL_REPRESENTATION('',(#5101),#5105);
#5101 = CIRCLE('',#5102,1.5);
#5102 = AXIS2_PLACEMENT_2D('',#5103,#5104);
#5103 = CARTESIAN_POINT('',(37.322865873179,23.90470740174));
#5104 = DIRECTION('',(1.,-7.003381615952E-34));
#5105 = ( GEOMETRIC_REPRESENTATION_CONTEXT(2) 
PARAMETRIC_REPRESENTATION_CONTEXT() REPRESENTATION_CONTEXT('2D SPACE',''
  ) );
#5106 = ORIENTED_EDGE('',*,*,#3700,.T.);
#5107 = ORIENTED_EDGE('',*,*,#1023,.T.);
#5108 = ADVANCED_FACE('',(#5109),#4132,.T.);
#5109 = FACE_BOUND('',#5110,.T.);
#5110 = EDGE_LOOP('',(#5111,#5112));
#5111 = ORIENTED_EDGE('',*,*,#4674,.T.);
#5112 = ORIENTED_EDGE('',*,*,#4115,.T.);
#5113 = ADVANCED_FACE('',(#5114),#3244,.T.);
#5114 = FACE_BOUND('',#5115,.T.);
#5115 = EDGE_LOOP('',(#5116,#5117));
#5116 = ORIENTED_EDGE('',*,*,#4917,.T.);
#5117 = ORIENTED_EDGE('',*,*,#3227,.T.);
#5118 = ADVANCED_FACE('',(#5119),#4058,.T.);
#5119 = FACE_BOUND('',#5120,.T.);
#5120 = EDGE_LOOP('',(#5121,#5122));
#5121 = ORIENTED_EDGE('',*,*,#4646,.T.);
#5122 = ORIENTED_EDGE('',*,*,#4041,.T.);
#5123 = ADVANCED_FACE('',(#5124),#3318,.T.);
#5124 = FACE_BOUND('',#5125,.T.);
#5125 = EDGE_LOOP('',(#5126,#5127));
#5126 = ORIENTED_EDGE('',*,*,#4945,.T.);
#5127 = ORIENTED_EDGE('',*,*,#3301,.T.);
#5128 = ADVANCED_FACE('',(#5129),#3984,.T.);
#5129 = FACE_BOUND('',#5130,.T.);
#5130 = EDGE_LOOP('',(#5131,#5132));
#5131 = ORIENTED_EDGE('',*,*,#4618,.T.);
#5132 = ORIENTED_EDGE('',*,*,#3967,.T.);
#5133 = ADVANCED_FACE('',(#5134),#3392,.T.);
#5134 = FACE_BOUND('',#5135,.T.);
#5135 = EDGE_LOOP('',(#5136,#5137));
#5136 = ORIENTED_EDGE('',*,*,#4973,.T.);
#5137 = ORIENTED_EDGE('',*,*,#3375,.T.);
#5138 = ADVANCED_FACE('',(#5139),#3910,.T.);
#5139 = FACE_BOUND('',#5140,.T.);
#5140 = EDGE_LOOP('',(#5141,#5142));
#5141 = ORIENTED_EDGE('',*,*,#4590,.T.);
#5142 = ORIENTED_EDGE('',*,*,#3893,.T.);
#5143 = ADVANCED_FACE('',(#5144),#3466,.T.);
#5144 = FACE_BOUND('',#5145,.T.);
#5145 = EDGE_LOOP('',(#5146,#5147));
#5146 = ORIENTED_EDGE('',*,*,#5001,.T.);
#5147 = ORIENTED_EDGE('',*,*,#3449,.T.);
#5148 = ADVANCED_FACE('',(#5149),#3836,.T.);
#5149 = FACE_BOUND('',#5150,.T.);
#5150 = EDGE_LOOP('',(#5151,#5152));
#5151 = ORIENTED_EDGE('',*,*,#4562,.T.);
#5152 = ORIENTED_EDGE('',*,*,#3819,.T.);
#5153 = ADVANCED_FACE('',(#5154),#3540,.T.);
#5154 = FACE_BOUND('',#5155,.T.);
#5155 = EDGE_LOOP('',(#5156,#5157));
#5156 = ORIENTED_EDGE('',*,*,#5029,.T.);
#5157 = ORIENTED_EDGE('',*,*,#3523,.T.);
#5158 = ADVANCED_FACE('',(#5159),#3762,.T.);
#5159 = FACE_BOUND('',#5160,.T.);
#5160 = EDGE_LOOP('',(#5161,#5162));
#5161 = ORIENTED_EDGE('',*,*,#4534,.T.);
#5162 = ORIENTED_EDGE('',*,*,#3745,.T.);
#5163 = ADVANCED_FACE('',(#5164),#3614,.T.);
#5164 = FACE_BOUND('',#5165,.T.);
#5165 = EDGE_LOOP('',(#5166,#5167));
#5166 = ORIENTED_EDGE('',*,*,#5057,.T.);
#5167 = ORIENTED_EDGE('',*,*,#3597,.T.);
#5168 = ADVANCED_FACE('',(#5169),#4791,.F.);
#5169 = FACE_BOUND('',#5170,.F.);
#5170 = EDGE_LOOP('',(#5171,#5196,#5218,#5219));
#5171 = ORIENTED_EDGE('',*,*,#5172,.F.);
#5172 = EDGE_CURVE('',#5173,#5175,#5177,.T.);
#5173 = VERTEX_POINT('',#5174);
#5174 = CARTESIAN_POINT('',(136.,-95.93296198578,-71.63522563411));
#5175 = VERTEX_POINT('',#5176);
#5176 = CARTESIAN_POINT('',(136.,-97.91646050734,-72.20331850441));
#5177 = SURFACE_CURVE('',#5178,(#5182,#5189),.PCURVE_S1.);
#5178 = LINE('',#5179,#5180);
#5179 = CARTESIAN_POINT('',(136.,-64.19228306888,-62.54439284786));
#5180 = VECTOR('',#5181,1.);
#5181 = DIRECTION('',(4.196712948578E-17,-0.961347199371,-0.27533899517)
  );
#5182 = PCURVE('',#4791,#5183);
#5183 = DEFINITIONAL_REPRESENTATION('',(#5184),#5188);
#5184 = LINE('',#5185,#5186);
#5185 = CARTESIAN_POINT('',(0.785398163397,7.105427357601E-15));
#5186 = VECTOR('',#5187,1.);
#5187 = DIRECTION('',(6.457134908631E-16,-1.));
#5188 = ( GEOMETRIC_REPRESENTATION_CONTEXT(2) 
PARAMETRIC_REPRESENTATION_CONTEXT() REPRESENTATION_CONTEXT('2D SPACE',''
  ) );
#5189 = PCURVE('',#4269,#5190);
#5190 = DEFINITIONAL_REPRESENTATION('',(#5191),#5195);
#5191 = LINE('',#5192,#5193);
#5192 = CARTESIAN_POINT('',(-42.03633034902,-46.38398544838));
#5193 = VECTOR('',#5194,1.);
#5194 = DIRECTION('',(0.27533899517,-0.961347199371));
#5195 = ( GEOMETRIC_REPRESENTATION_CONTEXT(2) 
PARAMETRIC_REPRESENTATION_CONTEXT() REPRESENTATION_CONTEXT('2D SPACE',''
  ) );
#5196 = ORIENTED_EDGE('',*,*,#5197,.F.);
#5197 = EDGE_CURVE('',#4753,#5173,#5198,.T.);
#5198 = SURFACE_CURVE('',#5199,(#5204,#5211),.PCURVE_S1.);
#5199 = CIRCLE('',#5200,8.);
#5200 = AXIS2_PLACEMENT_3D('',#5201,#5202,#5203);
#5201 = CARTESIAN_POINT('',(128.,-95.93296198578,-71.63522563411));
#5202 = DIRECTION('',(0.,0.961347199371,0.27533899517));
#5203 = DIRECTION('',(0.,-0.27533899517,0.961347199371));
#5204 = PCURVE('',#4791,#5205);
#5205 = DEFINITIONAL_REPRESENTATION('',(#5206),#5210);
#5206 = LINE('',#5207,#5208);
#5207 = CARTESIAN_POINT('',(-0.785398163397,-33.01687354752));
#5208 = VECTOR('',#5209,1.);
#5209 = DIRECTION('',(1.,0.));
#5210 = ( GEOMETRIC_REPRESENTATION_CONTEXT(2) 
PARAMETRIC_REPRESENTATION_CONTEXT() REPRESENTATION_CONTEXT('2D SPACE',''
  ) );
#5211 = PCURVE('',#4851,#5212);
#5212 = DEFINITIONAL_REPRESENTATION('',(#5213),#5217);
#5213 = LINE('',#5214,#5215);
#5214 = CARTESIAN_POINT('',(-0.278942309713,6.28318530718));
#5215 = VECTOR('',#5216,1.);
#5216 = DIRECTION('',(-5.654319433713E-16,-1.));
#5217 = ( GEOMETRIC_REPRESENTATION_CONTEXT(2) 
PARAMETRIC_REPRESENTATION_CONTEXT() REPRESENTATION_CONTEXT('2D SPACE',''
  ) );
#5218 = ORIENTED_EDGE('',*,*,#4775,.T.);
#5219 = ORIENTED_EDGE('',*,*,#5220,.F.);
#5220 = EDGE_CURVE('',#5175,#4776,#5221,.T.);
#5221 = SURFACE_CURVE('',#5222,(#5227,#5234),.PCURVE_S1.);
#5222 = CIRCLE('',#5223,8.);
#5223 = AXIS2_PLACEMENT_3D('',#5224,#5225,#5226);
#5224 = CARTESIAN_POINT('',(128.,-97.91646050734,-72.20331850441));
#5225 = DIRECTION('',(6.113753840306E-16,-0.961347199371,-0.27533899517)
  );
#5226 = DIRECTION('',(1.,-2.958228394579E-31,2.22044604925E-15));
#5227 = PCURVE('',#4791,#5228);
#5228 = DEFINITIONAL_REPRESENTATION('',(#5229),#5233);
#5229 = LINE('',#5230,#5231);
#5230 = CARTESIAN_POINT('',(0.785398163397,-35.08012241625));
#5231 = VECTOR('',#5232,1.);
#5232 = DIRECTION('',(-1.,9.046911093941E-15));
#5233 = ( GEOMETRIC_REPRESENTATION_CONTEXT(2) 
PARAMETRIC_REPRESENTATION_CONTEXT() REPRESENTATION_CONTEXT('2D SPACE',''
  ) );
#5234 = PCURVE('',#4817,#5235);
#5235 = DEFINITIONAL_REPRESENTATION('',(#5236),#5240);
#5236 = LINE('',#5237,#5238);
#5237 = CARTESIAN_POINT('',(7.068583470577,-35.08012241625));
#5238 = VECTOR('',#5239,1.);
#5239 = DIRECTION('',(-1.,9.046911093941E-15));
#5240 = ( GEOMETRIC_REPRESENTATION_CONTEXT(2) 
PARAMETRIC_REPRESENTATION_CONTEXT() REPRESENTATION_CONTEXT('2D SPACE',''
  ) );
#5241 = ADVANCED_FACE('',(#5242),#4851,.F.);
#5242 = FACE_BOUND('',#5243,.F.);
#5243 = EDGE_LOOP('',(#5244,#5268,#5290,#5291));
#5244 = ORIENTED_EDGE('',*,*,#5245,.F.);
#5245 = EDGE_CURVE('',#5246,#5173,#5248,.T.);
#5246 = VERTEX_POINT('',#5247);
#5247 = CARTESIAN_POINT('',(136.,-33.76039908285,-87.21342977987));
#5248 = SURFACE_CURVE('',#5249,(#5254,#5261),.PCURVE_S1.);
#5249 = CIRCLE('',#5250,64.000000001594);
#5250 = AXIS2_PLACEMENT_3D('',#5251,#5252,#5253);
#5251 = CARTESIAN_POINT('',(136.,-78.31126629444,-133.1614463953));
#5252 = DIRECTION('',(1.,2.775557561563E-17,5.551115123126E-17));
#5253 = DIRECTION('',(-6.059257975795E-17,0.243050468965,0.970013643995)
  );
#5254 = PCURVE('',#4851,#5255);
#5255 = DEFINITIONAL_REPRESENTATION('',(#5256),#5260);
#5256 = LINE('',#5257,#5258);
#5257 = CARTESIAN_POINT('',(6.528694694515,4.712388980385));
#5258 = VECTOR('',#5259,1.);
#5259 = DIRECTION('',(-1.,-8.467685629578E-16));
#5260 = ( GEOMETRIC_REPRESENTATION_CONTEXT(2) 
PARAMETRIC_REPRESENTATION_CONTEXT() REPRESENTATION_CONTEXT('2D SPACE',''
  ) );
#5261 = PCURVE('',#4269,#5262);
#5262 = DEFINITIONAL_REPRESENTATION('',(#5263),#5267);
#5263 = CIRCLE('',#5264,64.000000001594);
#5264 = AXIS2_PLACEMENT_2D('',#5265,#5266);
#5265 = CARTESIAN_POINT('',(28.580723198492,-60.50296867393));
#5266 = DIRECTION('',(-0.970013643995,0.243050468965));
#5267 = ( GEOMETRIC_REPRESENTATION_CONTEXT(2) 
PARAMETRIC_REPRESENTATION_CONTEXT() REPRESENTATION_CONTEXT('2D SPACE',''
  ) );
#5268 = ORIENTED_EDGE('',*,*,#5269,.F.);
#5269 = EDGE_CURVE('',#4835,#5246,#5270,.T.);
#5270 = SURFACE_CURVE('',#5271,(#5276,#5283),.PCURVE_S1.);
#5271 = CIRCLE('',#5272,8.);
#5272 = AXIS2_PLACEMENT_3D('',#5273,#5274,#5275);
#5273 = CARTESIAN_POINT('',(128.,-33.76039908285,-87.21342977987));
#5274 = DIRECTION('',(-1.972152263053E-31,0.7179377596,-0.696107300164)
  );
#5275 = DIRECTION('',(2.22044604925E-15,0.696107300164,0.7179377596));
#5276 = PCURVE('',#4851,#5277);
#5277 = DEFINITIONAL_REPRESENTATION('',(#5278),#5282);
#5278 = LINE('',#5279,#5280);
#5279 = CARTESIAN_POINT('',(0.769961084383,6.28318530718));
#5280 = VECTOR('',#5281,1.);
#5281 = DIRECTION('',(0.,-1.));
#5282 = ( GEOMETRIC_REPRESENTATION_CONTEXT(2) 
PARAMETRIC_REPRESENTATION_CONTEXT() REPRESENTATION_CONTEXT('2D SPACE',''
  ) );
#5283 = PCURVE('',#4218,#5284);
#5284 = DEFINITIONAL_REPRESENTATION('',(#5285),#5289);
#5285 = LINE('',#5286,#5287);
#5286 = CARTESIAN_POINT('',(-0.769961084383,3.14159265359));
#5287 = VECTOR('',#5288,1.);
#5288 = DIRECTION('',(-1.696295830209E-15,-1.));
#5289 = ( GEOMETRIC_REPRESENTATION_CONTEXT(2) 
PARAMETRIC_REPRESENTATION_CONTEXT() REPRESENTATION_CONTEXT('2D SPACE',''
  ) );
#5290 = ORIENTED_EDGE('',*,*,#4834,.T.);
#5291 = ORIENTED_EDGE('',*,*,#5197,.T.);
#5292 = ADVANCED_FACE('',(#5293),#4218,.F.);
#5293 = FACE_BOUND('',#5294,.F.);
#5294 = EDGE_LOOP('',(#5295,#5296,#5297,#5323));
#5295 = ORIENTED_EDGE('',*,*,#4890,.T.);
#5296 = ORIENTED_EDGE('',*,*,#5269,.T.);
#5297 = ORIENTED_EDGE('',*,*,#5298,.F.);
#5298 = EDGE_CURVE('',#4172,#5246,#5299,.T.);
#5299 = SURFACE_CURVE('',#5300,(#5305,#5312),.PCURVE_S1.);
#5300 = CIRCLE('',#5301,12.000000000353);
#5301 = AXIS2_PLACEMENT_3D('',#5302,#5303,#5304);
#5302 = CARTESIAN_POINT('',(136.,-25.40711148114,-78.59817666492));
#5303 = DIRECTION('',(-1.,-2.775557561563E-17,-5.551115123126E-17));
#5304 = DIRECTION('',(1.871494183869E-17,0.7179377596,-0.696107300164));
#5305 = PCURVE('',#4218,#5306);
#5306 = DEFINITIONAL_REPRESENTATION('',(#5307),#5311);
#5307 = LINE('',#5308,#5309);
#5308 = CARTESIAN_POINT('',(7.084020549591,1.570796326795));
#5309 = VECTOR('',#5310,1.);
#5310 = DIRECTION('',(-1.,0.));
#5311 = ( GEOMETRIC_REPRESENTATION_CONTEXT(2) 
PARAMETRIC_REPRESENTATION_CONTEXT() REPRESENTATION_CONTEXT('2D SPACE',''
  ) );
#5312 = PCURVE('',#4269,#5313);
#5313 = DEFINITIONAL_REPRESENTATION('',(#5314),#5322);
#5314 = ( BOUNDED_CURVE() B_SPLINE_CURVE(2,(#5315,#5316,#5317,#5318,
#5319,#5320,#5321),.UNSPECIFIED.,.T.,.F.) B_SPLINE_CURVE_WITH_KNOTS((1,2
    ,2,2,2,1),(-2.094395102393,0.,2.094395102393,4.188790204786,
6.28318530718,8.377580409573),.UNSPECIFIED.) CURVE() 
GEOMETRIC_REPRESENTATION_ITEM() RATIONAL_B_SPLINE_CURVE((1.,0.5,1.,0.5,
1.,0.5,1.)) REPRESENTATION_ITEM('') );
#5315 = CARTESIAN_POINT('',(-17.62925892975,1.016439254812));
#5316 = CARTESIAN_POINT('',(-2.707202813736,-13.45187928245));
#5317 = CARTESIAN_POINT('',(-22.69816227506,-19.14059968699));
#5318 = CARTESIAN_POINT('',(-42.68912173638,-24.82932009153));
#5319 = CARTESIAN_POINT('',(-37.62021839108,-4.67228114973));
#5320 = CARTESIAN_POINT('',(-32.55131504578,15.484757792074));
#5321 = CARTESIAN_POINT('',(-17.62925892975,1.016439254812));
#5322 = ( GEOMETRIC_REPRESENTATION_CONTEXT(2) 
PARAMETRIC_REPRESENTATION_CONTEXT() REPRESENTATION_CONTEXT('2D SPACE',''
  ) );
#5323 = ORIENTED_EDGE('',*,*,#4171,.F.);
#5324 = ADVANCED_FACE('',(#5325),#4817,.F.);
#5325 = FACE_BOUND('',#5326,.F.);
#5326 = EDGE_LOOP('',(#5327,#5328,#5329,#5353));
#5327 = ORIENTED_EDGE('',*,*,#5220,.T.);
#5328 = ORIENTED_EDGE('',*,*,#4803,.T.);
#5329 = ORIENTED_EDGE('',*,*,#5330,.F.);
#5330 = EDGE_CURVE('',#5331,#4703,#5333,.T.);
#5331 = VERTEX_POINT('',#5332);
#5332 = CARTESIAN_POINT('',(134.98971333705,-105.9159498763,
    -70.44646519528));
#5333 = SURFACE_CURVE('',#5334,(#5339,#5346),.PCURVE_S1.);
#5334 = CIRCLE('',#5335,8.);
#5335 = AXIS2_PLACEMENT_3D('',#5336,#5337,#5338);
#5336 = CARTESIAN_POINT('',(128.,-104.8444633931,-74.18756452329));
#5337 = DIRECTION('',(0.,-0.961347199371,-0.27533899517));
#5338 = DIRECTION('',(1.,0.,0.));
#5339 = PCURVE('',#4817,#5340);
#5340 = DEFINITIONAL_REPRESENTATION('',(#5341),#5345);
#5341 = LINE('',#5342,#5343);
#5342 = CARTESIAN_POINT('',(7.068583470577,-42.28667889278));
#5343 = VECTOR('',#5344,1.);
#5344 = DIRECTION('',(-1.,2.674264182765E-14));
#5345 = ( GEOMETRIC_REPRESENTATION_CONTEXT(2) 
PARAMETRIC_REPRESENTATION_CONTEXT() REPRESENTATION_CONTEXT('2D SPACE',''
  ) );
#5346 = PCURVE('',#3078,#5347);
#5347 = DEFINITIONAL_REPRESENTATION('',(#5348),#5352);
#5348 = LINE('',#5349,#5350);
#5349 = CARTESIAN_POINT('',(6.562127616892,1.570796326795));
#5350 = VECTOR('',#5351,1.);
#5351 = DIRECTION('',(-2.716049560621E-15,1.));
#5352 = ( GEOMETRIC_REPRESENTATION_CONTEXT(2) 
PARAMETRIC_REPRESENTATION_CONTEXT() REPRESENTATION_CONTEXT('2D SPACE',''
  ) );
#5353 = ORIENTED_EDGE('',*,*,#5354,.F.);
#5354 = EDGE_CURVE('',#5175,#5331,#5355,.T.);
#5355 = SURFACE_CURVE('',#5356,(#5363,#5392),.PCURVE_S1.);
#5356 = B_SPLINE_CURVE_WITH_KNOTS('',3,(#5357,#5358,#5359,#5360,#5361,
    #5362),.UNSPECIFIED.,.F.,.F.,(4,2,4),(5.633801392172,6.310421030957,
    6.41471616681),.UNSPECIFIED.);
#5357 = CARTESIAN_POINT('',(136.,-97.91646050734,-72.20331850441));
#5358 = CARTESIAN_POINT('',(136.,-100.1129273634,-71.69111046204));
#5359 = CARTESIAN_POINT('',(135.76822538245,-102.5148595858,
    -71.15781683951));
#5360 = CARTESIAN_POINT('',(135.16983272051,-105.2039126096,
    -70.59386599104));
#5361 = CARTESIAN_POINT('',(135.0832052089,-105.5612997524,
    -70.51956632025));
#5362 = CARTESIAN_POINT('',(134.98971333705,-105.9159498763,
    -70.44646519528));
#5363 = PCURVE('',#4817,#5364);
#5364 = DEFINITIONAL_REPRESENTATION('',(#5365),#5391);
#5365 = B_SPLINE_CURVE_WITH_KNOTS('',3,(#5366,#5367,#5368,#5369,#5370,
    #5371,#5372,#5373,#5374,#5375,#5376,#5377,#5378,#5379,#5380,#5381,
    #5382,#5383,#5384,#5385,#5386,#5387,#5388,#5389,#5390),
  .UNSPECIFIED.,.F.,.F.,(4,1,1,1,1,1,1,1,1,1,1,1,1,1,1,1,1,1,1,1,1,1,4),
  (5.633801392172,5.669297518292,5.704793644412,5.740289770532,
    5.775785896652,5.811282022771,5.846778148891,5.882274275011,
    5.917770401131,5.953266527251,5.988762653371,6.024258779491,
    6.059754905611,6.095251031731,6.130747157851,6.166243283971,
    6.201739410091,6.237235536211,6.27273166233,6.30822778845,
    6.34372391457,6.37922004069,6.41471616681),.QUASI_UNIFORM_KNOTS.);
#5366 = CARTESIAN_POINT('',(7.068583470577,-35.08012241625));
#5367 = CARTESIAN_POINT('',(7.061388550711,-35.18349867823));
#5368 = CARTESIAN_POINT('',(7.046945877973,-35.39130647637));
#5369 = CARTESIAN_POINT('',(7.025127440954,-35.70596859187));
#5370 = CARTESIAN_POINT('',(7.003158703552,-36.02336572139));
#5371 = CARTESIAN_POINT('',(6.981043595819,-36.34328246067));
#5372 = CARTESIAN_POINT('',(6.958785873307,-36.66550340542));
#5373 = CARTESIAN_POINT('',(6.936389065242,-36.98981315138));
#5374 = CARTESIAN_POINT('',(6.913856442399,-37.31599629427));
#5375 = CARTESIAN_POINT('',(6.891190979647,-37.64383742984));
#5376 = CARTESIAN_POINT('',(6.868395320134,-37.9731211538));
#5377 = CARTESIAN_POINT('',(6.845471739522,-38.30363206187));
#5378 = CARTESIAN_POINT('',(6.82242211094,-38.63515474989));
#5379 = CARTESIAN_POINT('',(6.79924787079,-38.96747381314));
#5380 = CARTESIAN_POINT('',(6.775949985429,-39.30037384905));
#5381 = CARTESIAN_POINT('',(6.752528919589,-39.633639447));
#5382 = CARTESIAN_POINT('',(6.728984604164,-39.96705522636));
#5383 = CARTESIAN_POINT('',(6.705316412959,-40.3004056947));
#5384 = CARTESIAN_POINT('',(6.681523113418,-40.63347577677));
#5385 = CARTESIAN_POINT('',(6.6576029225,-40.96604884031));
#5386 = CARTESIAN_POINT('',(6.63355317893,-41.29791406401));
#5387 = CARTESIAN_POINT('',(6.609371456544,-41.6288389398));
#5388 = CARTESIAN_POINT('',(6.585054611132,-41.95858473674));
#5389 = CARTESIAN_POINT('',(6.568749837401,-42.17749197358));
#5390 = CARTESIAN_POINT('',(6.560573296832,-42.28667889278));
#5391 = ( GEOMETRIC_REPRESENTATION_CONTEXT(2) 
PARAMETRIC_REPRESENTATION_CONTEXT() REPRESENTATION_CONTEXT('2D SPACE',''
  ) );
#5392 = PCURVE('',#2788,#5393);
#5393 = DEFINITIONAL_REPRESENTATION('',(#5394),#5420);
#5394 = B_SPLINE_CURVE_WITH_KNOTS('',3,(#5395,#5396,#5397,#5398,#5399,
    #5400,#5401,#5402,#5403,#5404,#5405,#5406,#5407,#5408,#5409,#5410,
    #5411,#5412,#5413,#5414,#5415,#5416,#5417,#5418,#5419),
  .UNSPECIFIED.,.F.,.F.,(4,1,1,1,1,1,1,1,1,1,1,1,1,1,1,1,1,1,1,1,1,1,4),
  (5.633801392172,5.669297518292,5.704793644412,5.740289770532,
    5.775785896652,5.811282022771,5.846778148891,5.882274275011,
    5.917770401131,5.953266527251,5.988762653371,6.024258779491,
    6.059754905611,6.095251031731,6.130747157851,6.166243283971,
    6.201739410091,6.237235536211,6.27273166233,6.30822778845,
    6.34372391457,6.37922004069,6.41471616681),.QUASI_UNIFORM_KNOTS.);
#5395 = CARTESIAN_POINT('',(6.254477556844,-7.));
#5396 = CARTESIAN_POINT('',(6.254850662524,-7.));
#5397 = CARTESIAN_POINT('',(6.255600430096,-7.001275758846));
#5398 = CARTESIAN_POINT('',(6.256734972792,-7.007064254347));
#5399 = CARTESIAN_POINT('',(6.257878629543,-7.016775187771));
#5400 = CARTESIAN_POINT('',(6.259030622999,-7.030456139814));
#5401 = CARTESIAN_POINT('',(6.260190175774,-7.048154691166));
#5402 = CARTESIAN_POINT('',(6.26135651045,-7.069918422522));
#5403 = CARTESIAN_POINT('',(6.262528849585,-7.095794914575));
#5404 = CARTESIAN_POINT('',(6.263706415725,-7.125831748014));
#5405 = CARTESIAN_POINT('',(6.264888431412,-7.160076503549));
#5406 = CARTESIAN_POINT('',(6.266074119199,-7.198576761806));
#5407 = CARTESIAN_POINT('',(6.267262701655,-7.241380103732));
#5408 = CARTESIAN_POINT('',(6.268453401382,-7.288534109073));
#5409 = CARTESIAN_POINT('',(6.269645441026,-7.34008636205));
#5410 = CARTESIAN_POINT('',(6.270838043272,-7.396084430197));
#5411 = CARTESIAN_POINT('',(6.272030430929,-7.456575943312));
#5412 = CARTESIAN_POINT('',(6.273221826663,-7.521608298826));
#5413 = CARTESIAN_POINT('',(6.274411454037,-7.59122976138));
#5414 = CARTESIAN_POINT('',(6.275598533706,-7.66548535913));
#5415 = CARTESIAN_POINT('',(6.276782297645,-7.744432198974));
#5416 = CARTESIAN_POINT('',(6.277961936099,-7.828082309324));
#5417 = CARTESIAN_POINT('',(6.279136652613,-7.916418433068));
#5418 = CARTESIAN_POINT('',(6.27991602673,-7.978467367893));
#5419 = CARTESIAN_POINT('',(6.280304645997,-8.010286662942));
#5420 = ( GEOMETRIC_REPRESENTATION_CONTEXT(2) 
PARAMETRIC_REPRESENTATION_CONTEXT() REPRESENTATION_CONTEXT('2D SPACE',''
  ) );
#5421 = ADVANCED_FACE('',(#5422),#3078,.F.);
#5422 = FACE_BOUND('',#5423,.F.);
#5423 = EDGE_LOOP('',(#5424,#5467,#5468,#5469));
#5424 = ORIENTED_EDGE('',*,*,#5425,.F.);
#5425 = EDGE_CURVE('',#5331,#3006,#5426,.T.);
#5426 = SURFACE_CURVE('',#5427,(#5432,#5461),.PCURVE_S1.);
#5427 = B_SPLINE_CURVE_WITH_KNOTS('',3,(#5428,#5429,#5430,#5431),
  .UNSPECIFIED.,.F.,.F.,(4,4),(1.712556148381,1.797265550369),
  .PIECEWISE_BEZIER_KNOTS.);
#5428 = CARTESIAN_POINT('',(134.98971333705,-105.9159498763,
    -70.44646519528));
#5429 = CARTESIAN_POINT('',(134.91011945257,-106.2178796638,
    -70.38423088142));
#5430 = CARTESIAN_POINT('',(134.83446744874,-106.5155583044,
    -70.32332976736));
#5431 = CARTESIAN_POINT('',(134.76657637804,-106.8109294883,
    -70.26333381503));
#5432 = PCURVE('',#3078,#5433);
#5433 = DEFINITIONAL_REPRESENTATION('',(#5434),#5460);
#5434 = B_SPLINE_CURVE_WITH_KNOTS('',3,(#5435,#5436,#5437,#5438,#5439,
    #5440,#5441,#5442,#5443,#5444,#5445,#5446,#5447,#5448,#5449,#5450,
    #5451,#5452,#5453,#5454,#5455,#5456,#5457,#5458,#5459),
  .UNSPECIFIED.,.F.,.F.,(4,1,1,1,1,1,1,1,1,1,1,1,1,1,1,1,1,1,1,1,1,1,4),
  (1.712556148381,1.716406575744,1.720257003107,1.72410743047,
    1.727957857833,1.731808285196,1.73565871256,1.739509139923,
    1.743359567286,1.747209994649,1.751060422012,1.754910849375,
    1.758761276738,1.762611704101,1.766462131464,1.770312558827,
    1.77416298619,1.778013413553,1.781863840916,1.78571426828,
    1.789564695643,1.793415123006,1.797265550369),
  .QUASI_UNIFORM_KNOTS.);
#5435 = CARTESIAN_POINT('',(6.562127616892,2.07880650054));
#5436 = CARTESIAN_POINT('',(6.560469739352,2.079736190104));
#5437 = CARTESIAN_POINT('',(6.557147403979,2.081586729291));
#5438 = CARTESIAN_POINT('',(6.552144184961,2.084335880754));
#5439 = CARTESIAN_POINT('',(6.547121273868,2.087058238309));
#5440 = CARTESIAN_POINT('',(6.542078698241,2.08975366221));
#5441 = CARTESIAN_POINT('',(6.537016488079,2.092422010672));
#5442 = CARTESIAN_POINT('',(6.531934676227,2.095063139596));
#5443 = CARTESIAN_POINT('',(6.52683329833,2.097676902674));
#5444 = CARTESIAN_POINT('',(6.521712392911,2.10026315139));
#5445 = CARTESIAN_POINT('',(6.516572001411,2.102821735043));
#5446 = CARTESIAN_POINT('',(6.511412168238,2.105352500775));
#5447 = CARTESIAN_POINT('',(6.506232940817,2.107855293589));
#5448 = CARTESIAN_POINT('',(6.501034369641,2.110329956377));
#5449 = CARTESIAN_POINT('',(6.495816508314,2.112776329937));
#5450 = CARTESIAN_POINT('',(6.490579413601,2.115194253002));
#5451 = CARTESIAN_POINT('',(6.485323145476,2.117583562263));
#5452 = CARTESIAN_POINT('',(6.480047767169,2.119944092388));
#5453 = CARTESIAN_POINT('',(6.474753345212,2.122275676055));
#5454 = CARTESIAN_POINT('',(6.469439949489,2.124578143963));
#5455 = CARTESIAN_POINT('',(6.464107653254,2.12685132488));
#5456 = CARTESIAN_POINT('',(6.458756533296,2.129095045605));
#5457 = CARTESIAN_POINT('',(6.453386669529,2.131309131222));
#5458 = CARTESIAN_POINT('',(6.449794320992,2.132765313244));
#5459 = CARTESIAN_POINT('',(6.44799505078,2.133488406034));
#5460 = ( GEOMETRIC_REPRESENTATION_CONTEXT(2) 
PARAMETRIC_REPRESENTATION_CONTEXT() REPRESENTATION_CONTEXT('2D SPACE',''
  ) );
#5461 = PCURVE('',#2788,#5462);
#5462 = DEFINITIONAL_REPRESENTATION('',(#5463),#5466);
#5463 = B_SPLINE_CURVE_WITH_KNOTS('',1,(#5464,#5465),.UNSPECIFIED.,.F.,
  .F.,(2,2),(1.712556148381,1.797265550369),.PIECEWISE_BEZIER_KNOTS.);
#5464 = CARTESIAN_POINT('',(6.280304645997,-8.010286662943));
#5465 = CARTESIAN_POINT('',(6.28318530718,-8.23342362196));
#5466 = ( GEOMETRIC_REPRESENTATION_CONTEXT(2) 
PARAMETRIC_REPRESENTATION_CONTEXT() REPRESENTATION_CONTEXT('2D SPACE',''
  ) );
#5467 = ORIENTED_EDGE('',*,*,#5330,.T.);
#5468 = ORIENTED_EDGE('',*,*,#4725,.T.);
#5469 = ORIENTED_EDGE('',*,*,#3005,.F.);
#5470 = ADVANCED_FACE('',(#5471,#5551),#4269,.F.);
#5471 = FACE_BOUND('',#5472,.T.);
#5472 = EDGE_LOOP('',(#5473,#5474,#5475,#5476,#5477,#5478,#5501,#5529));
#5473 = ORIENTED_EDGE('',*,*,#5172,.F.);
#5474 = ORIENTED_EDGE('',*,*,#5245,.F.);
#5475 = ORIENTED_EDGE('',*,*,#5298,.F.);
#5476 = ORIENTED_EDGE('',*,*,#4252,.T.);
#5477 = ORIENTED_EDGE('',*,*,#4330,.F.);
#5478 = ORIENTED_EDGE('',*,*,#5479,.T.);
#5479 = EDGE_CURVE('',#4308,#5480,#5482,.T.);
#5480 = VERTEX_POINT('',#5481);
#5481 = CARTESIAN_POINT('',(136.,71.577232032239,-128.956101301));
#5482 = SURFACE_CURVE('',#5483,(#5487,#5494),.PCURVE_S1.);
#5483 = LINE('',#5484,#5485);
#5484 = CARTESIAN_POINT('',(136.,44.196901943735,-100.2535168971));
#5485 = VECTOR('',#5486,1.);
#5486 = DIRECTION('',(2.100848204701E-17,0.690243668682,-0.723577002015)
  );
#5487 = PCURVE('',#4269,#5488);
#5488 = DEFINITIONAL_REPRESENTATION('',(#5489),#5493);
#5489 = LINE('',#5490,#5491);
#5490 = CARTESIAN_POINT('',(-4.327206299744,62.005199564239));
#5491 = VECTOR('',#5492,1.);
#5492 = DIRECTION('',(0.723577002015,0.690243668682));
#5493 = ( GEOMETRIC_REPRESENTATION_CONTEXT(2) 
PARAMETRIC_REPRESENTATION_CONTEXT() REPRESENTATION_CONTEXT('2D SPACE',''
  ) );
#5494 = PCURVE('',#2701,#5495);
#5495 = DEFINITIONAL_REPRESENTATION('',(#5496),#5500);
#5496 = LINE('',#5497,#5498);
#5497 = CARTESIAN_POINT('',(39.667629463087,-7.));
#5498 = VECTOR('',#5499,1.);
#5499 = DIRECTION('',(-1.,-4.622231866529E-33));
#5500 = ( GEOMETRIC_REPRESENTATION_CONTEXT(2) 
PARAMETRIC_REPRESENTATION_CONTEXT() REPRESENTATION_CONTEXT('2D SPACE',''
  ) );
#5501 = ORIENTED_EDGE('',*,*,#5502,.T.);
#5502 = EDGE_CURVE('',#5480,#5503,#5505,.T.);
#5503 = VERTEX_POINT('',#5504);
#5504 = CARTESIAN_POINT('',(136.,48.956101301094,-151.5772320322));
#5505 = SURFACE_CURVE('',#5506,(#5511,#5522),.PCURVE_S1.);
#5506 = CIRCLE('',#5507,16.);
#5507 = AXIS2_PLACEMENT_3D('',#5508,#5509,#5510);
#5508 = CARTESIAN_POINT('',(136.,60.,-140.));
#5509 = DIRECTION('',(-1.,-2.775557561563E-17,-5.551115123126E-17));
#5510 = DIRECTION('',(2.775557561563E-17,-1.,1.54074395551E-33));
#5511 = PCURVE('',#4269,#5512);
#5512 = DEFINITIONAL_REPRESENTATION('',(#5513),#5521);
#5513 = ( BOUNDED_CURVE() B_SPLINE_CURVE(2,(#5514,#5515,#5516,#5517,
#5518,#5519,#5520),.UNSPECIFIED.,.T.,.F.) B_SPLINE_CURVE_WITH_KNOTS((1,2
    ,2,2,2,1),(-2.094395102393,0.,2.094395102393,4.188790204786,
6.28318530718,8.377580409573),.UNSPECIFIED.) CURVE() 
GEOMETRIC_REPRESENTATION_ITEM() RATIONAL_B_SPLINE_CURVE((1.,0.5,1.,0.5,
1.,0.5,1.)) REPRESENTATION_ITEM('') );
#5514 = CARTESIAN_POINT('',(35.419276803102,61.808297620503));
#5515 = CARTESIAN_POINT('',(7.706463882,61.808297620503));
#5516 = CARTESIAN_POINT('',(21.562870342551,85.808297620503));
#5517 = CARTESIAN_POINT('',(35.419276803102,109.8082976205));
#5518 = CARTESIAN_POINT('',(49.275683263653,85.808297620504));
#5519 = CARTESIAN_POINT('',(63.132089724204,61.808297620504));
#5520 = CARTESIAN_POINT('',(35.419276803102,61.808297620503));
#5521 = ( GEOMETRIC_REPRESENTATION_CONTEXT(2) 
PARAMETRIC_REPRESENTATION_CONTEXT() REPRESENTATION_CONTEXT('2D SPACE',''
  ) );
#5522 = PCURVE('',#2756,#5523);
#5523 = DEFINITIONAL_REPRESENTATION('',(#5524),#5528);
#5524 = LINE('',#5525,#5526);
#5525 = CARTESIAN_POINT('',(10.210176124167,-7.));
#5526 = VECTOR('',#5527,1.);
#5527 = DIRECTION('',(-1.,0.));
#5528 = ( GEOMETRIC_REPRESENTATION_CONTEXT(2) 
PARAMETRIC_REPRESENTATION_CONTEXT() REPRESENTATION_CONTEXT('2D SPACE',''
  ) );
#5529 = ORIENTED_EDGE('',*,*,#5530,.T.);
#5530 = EDGE_CURVE('',#5503,#5175,#5531,.T.);
#5531 = SURFACE_CURVE('',#5532,(#5537,#5544),.PCURVE_S1.);
#5532 = CIRCLE('',#5533,317.12307126795);
#5533 = AXIS2_PLACEMENT_3D('',#5534,#5535,#5536);
#5534 = CARTESIAN_POINT('',(136.,-169.9360908344,-381.04019321));
#5535 = DIRECTION('',(1.,2.775557561563E-17,5.551115123126E-17));
#5536 = DIRECTION('',(-5.99251777957E-17,0.19905571998,0.979988173573));
#5537 = PCURVE('',#4269,#5538);
#5538 = DEFINITIONAL_REPRESENTATION('',(#5539),#5543);
#5539 = CIRCLE('',#5540,317.12307126795);
#5540 = AXIS2_PLACEMENT_2D('',#5541,#5542);
#5541 = CARTESIAN_POINT('',(276.45947001317,-152.1277932139));
#5542 = DIRECTION('',(-0.979988173573,0.19905571998));
#5543 = ( GEOMETRIC_REPRESENTATION_CONTEXT(2) 
PARAMETRIC_REPRESENTATION_CONTEXT() REPRESENTATION_CONTEXT('2D SPACE',''
  ) );
#5544 = PCURVE('',#2788,#5545);
#5545 = DEFINITIONAL_REPRESENTATION('',(#5546),#5550);
#5546 = LINE('',#5547,#5548);
#5547 = CARTESIAN_POINT('',(0.,-7.));
#5548 = VECTOR('',#5549,1.);
#5549 = DIRECTION('',(1.,0.));
#5550 = ( GEOMETRIC_REPRESENTATION_CONTEXT(2) 
PARAMETRIC_REPRESENTATION_CONTEXT() REPRESENTATION_CONTEXT('2D SPACE',''
  ) );
#5551 = FACE_BOUND('',#5552,.T.);
#5552 = EDGE_LOOP('',(#5553));
#5553 = ORIENTED_EDGE('',*,*,#5554,.T.);
#5554 = EDGE_CURVE('',#5555,#5555,#5557,.T.);
#5555 = VERTEX_POINT('',#5556);
#5556 = CARTESIAN_POINT('',(136.,71.,-140.));
#5557 = SURFACE_CURVE('',#5558,(#5563,#5570),.PCURVE_S1.);
#5558 = CIRCLE('',#5559,11.);
#5559 = AXIS2_PLACEMENT_3D('',#5560,#5561,#5562);
#5560 = CARTESIAN_POINT('',(136.,60.,-140.));
#5561 = DIRECTION('',(1.,2.775557561563E-17,5.551115123126E-17));
#5562 = DIRECTION('',(2.775557561563E-17,-1.,1.54074395551E-33));
#5563 = PCURVE('',#4269,#5564);
#5564 = DEFINITIONAL_REPRESENTATION('',(#5565),#5569);
#5565 = CIRCLE('',#5566,11.);
#5566 = AXIS2_PLACEMENT_2D('',#5567,#5568);
#5567 = CARTESIAN_POINT('',(35.419276803102,77.808297620503));
#5568 = DIRECTION('',(0.,-1.));
#5569 = ( GEOMETRIC_REPRESENTATION_CONTEXT(2) 
PARAMETRIC_REPRESENTATION_CONTEXT() REPRESENTATION_CONTEXT('2D SPACE',''
  ) );
#5570 = PCURVE('',#5571,#5576);
#5571 = CYLINDRICAL_SURFACE('',#5572,11.);
#5572 = AXIS2_PLACEMENT_3D('',#5573,#5574,#5575);
#5573 = CARTESIAN_POINT('',(145.,60.,-140.));
#5574 = DIRECTION('',(-1.,0.,0.));
#5575 = DIRECTION('',(-0.,-1.,-1.710569414435E-49));
#5576 = DEFINITIONAL_REPRESENTATION('',(#5577),#5581);
#5577 = LINE('',#5578,#5579);
#5578 = CARTESIAN_POINT('',(6.28318530718,9.));
#5579 = VECTOR('',#5580,1.);
#5580 = DIRECTION('',(-1.,0.));
#5581 = ( GEOMETRIC_REPRESENTATION_CONTEXT(2) 
PARAMETRIC_REPRESENTATION_CONTEXT() REPRESENTATION_CONTEXT('2D SPACE',''
  ) );
#5582 = ADVANCED_FACE('',(#5583),#3688,.T.);
#5583 = FACE_BOUND('',#5584,.T.);
#5584 = EDGE_LOOP('',(#5585,#5586));
#5585 = ORIENTED_EDGE('',*,*,#5085,.T.);
#5586 = ORIENTED_EDGE('',*,*,#3671,.T.);
#5587 = ADVANCED_FACE('',(#5588),#5571,.F.);
#5588 = FACE_BOUND('',#5589,.F.);
#5589 = EDGE_LOOP('',(#5590,#5613,#5635,#5636));
#5590 = ORIENTED_EDGE('',*,*,#5591,.T.);
#5591 = EDGE_CURVE('',#5555,#5592,#5594,.T.);
#5592 = VERTEX_POINT('',#5593);
#5593 = CARTESIAN_POINT('',(143.,71.,-140.));
#5594 = SEAM_CURVE('',#5595,(#5599,#5606),.PCURVE_S1.);
#5595 = LINE('',#5596,#5597);
#5596 = CARTESIAN_POINT('',(145.,71.,-140.));
#5597 = VECTOR('',#5598,1.);
#5598 = DIRECTION('',(1.,0.,0.));
#5599 = PCURVE('',#5571,#5600);
#5600 = DEFINITIONAL_REPRESENTATION('',(#5601),#5605);
#5601 = LINE('',#5602,#5603);
#5602 = CARTESIAN_POINT('',(-3.14159265359,0.));
#5603 = VECTOR('',#5604,1.);
#5604 = DIRECTION('',(0.,-1.));
#5605 = ( GEOMETRIC_REPRESENTATION_CONTEXT(2) 
PARAMETRIC_REPRESENTATION_CONTEXT() REPRESENTATION_CONTEXT('2D SPACE',''
  ) );
#5606 = PCURVE('',#5571,#5607);
#5607 = DEFINITIONAL_REPRESENTATION('',(#5608),#5612);
#5608 = LINE('',#5609,#5610);
#5609 = CARTESIAN_POINT('',(3.14159265359,0.));
#5610 = VECTOR('',#5611,1.);
#5611 = DIRECTION('',(0.,-1.));
#5612 = ( GEOMETRIC_REPRESENTATION_CONTEXT(2) 
PARAMETRIC_REPRESENTATION_CONTEXT() REPRESENTATION_CONTEXT('2D SPACE',''
  ) );
#5613 = ORIENTED_EDGE('',*,*,#5614,.T.);
#5614 = EDGE_CURVE('',#5592,#5592,#5615,.T.);
#5615 = SURFACE_CURVE('',#5616,(#5621,#5628),.PCURVE_S1.);
#5616 = CIRCLE('',#5617,11.);
#5617 = AXIS2_PLACEMENT_3D('',#5618,#5619,#5620);
#5618 = CARTESIAN_POINT('',(143.,60.,-140.));
#5619 = DIRECTION('',(-1.,-2.775557561563E-17,-5.551115123126E-17));
#5620 = DIRECTION('',(2.775557561563E-17,-1.,1.54074395551E-33));
#5621 = PCURVE('',#5571,#5622);
#5622 = DEFINITIONAL_REPRESENTATION('',(#5623),#5627);
#5623 = LINE('',#5624,#5625);
#5624 = CARTESIAN_POINT('',(-6.28318530718,2.));
#5625 = VECTOR('',#5626,1.);
#5626 = DIRECTION('',(1.,0.));
#5627 = ( GEOMETRIC_REPRESENTATION_CONTEXT(2) 
PARAMETRIC_REPRESENTATION_CONTEXT() REPRESENTATION_CONTEXT('2D SPACE',''
  ) );
#5628 = PCURVE('',#2564,#5629);
#5629 = DEFINITIONAL_REPRESENTATION('',(#5630),#5634);
#5630 = CIRCLE('',#5631,11.);
#5631 = AXIS2_PLACEMENT_2D('',#5632,#5633);
#5632 = CARTESIAN_POINT('',(-165.616595241,-75.61659524113));
#5633 = DIRECTION('',(1.,1.54074395551E-33));
#5634 = ( GEOMETRIC_REPRESENTATION_CONTEXT(2) 
PARAMETRIC_REPRESENTATION_CONTEXT() REPRESENTATION_CONTEXT('2D SPACE',''
  ) );
#5635 = ORIENTED_EDGE('',*,*,#5591,.F.);
#5636 = ORIENTED_EDGE('',*,*,#5554,.T.);
#5637 = ADVANCED_FACE('',(#5638),#2701,.T.);
#5638 = FACE_BOUND('',#5639,.T.);
#5639 = EDGE_LOOP('',(#5640,#5641,#5662,#5663));
#5640 = ORIENTED_EDGE('',*,*,#2687,.F.);
#5641 = ORIENTED_EDGE('',*,*,#5642,.T.);
#5642 = EDGE_CURVE('',#2665,#5480,#5643,.T.);
#5643 = SURFACE_CURVE('',#5644,(#5648,#5655),.PCURVE_S1.);
#5644 = LINE('',#5645,#5646);
#5645 = CARTESIAN_POINT('',(145.,71.577232032239,-128.956101301));
#5646 = VECTOR('',#5647,1.);
#5647 = DIRECTION('',(-1.,0.,0.));
#5648 = PCURVE('',#2701,#5649);
#5649 = DEFINITIONAL_REPRESENTATION('',(#5650),#5654);
#5650 = LINE('',#5651,#5652);
#5651 = CARTESIAN_POINT('',(-4.201696409403E-17,2.));
#5652 = VECTOR('',#5653,1.);
#5653 = DIRECTION('',(2.100848204701E-17,-1.));
#5654 = ( GEOMETRIC_REPRESENTATION_CONTEXT(2) 
PARAMETRIC_REPRESENTATION_CONTEXT() REPRESENTATION_CONTEXT('2D SPACE',''
  ) );
#5655 = PCURVE('',#2756,#5656);
#5656 = DEFINITIONAL_REPRESENTATION('',(#5657),#5661);
#5657 = LINE('',#5658,#5659);
#5658 = CARTESIAN_POINT('',(7.830409224961,2.));
#5659 = VECTOR('',#5660,1.);
#5660 = DIRECTION('',(0.,-1.));
#5661 = ( GEOMETRIC_REPRESENTATION_CONTEXT(2) 
PARAMETRIC_REPRESENTATION_CONTEXT() REPRESENTATION_CONTEXT('2D SPACE',''
  ) );
#5662 = ORIENTED_EDGE('',*,*,#5479,.F.);
#5663 = ORIENTED_EDGE('',*,*,#4307,.F.);
#5664 = ADVANCED_FACE('',(#5665),#2756,.T.);
#5665 = FACE_BOUND('',#5666,.T.);
#5666 = EDGE_LOOP('',(#5667,#5668,#5689,#5690));
#5667 = ORIENTED_EDGE('',*,*,#2741,.F.);
#5668 = ORIENTED_EDGE('',*,*,#5669,.F.);
#5669 = EDGE_CURVE('',#5503,#2719,#5670,.T.);
#5670 = SURFACE_CURVE('',#5671,(#5675,#5682),.PCURVE_S1.);
#5671 = LINE('',#5672,#5673);
#5672 = CARTESIAN_POINT('',(143.,48.956101301094,-151.5772320322));
#5673 = VECTOR('',#5674,1.);
#5674 = DIRECTION('',(1.,0.,0.));
#5675 = PCURVE('',#2756,#5676);
#5676 = DEFINITIONAL_REPRESENTATION('',(#5677),#5681);
#5677 = LINE('',#5678,#5679);
#5678 = CARTESIAN_POINT('',(4.735961389398,0.));
#5679 = VECTOR('',#5680,1.);
#5680 = DIRECTION('',(0.,1.));
#5681 = ( GEOMETRIC_REPRESENTATION_CONTEXT(2) 
PARAMETRIC_REPRESENTATION_CONTEXT() REPRESENTATION_CONTEXT('2D SPACE',''
  ) );
#5682 = PCURVE('',#2788,#5683);
#5683 = DEFINITIONAL_REPRESENTATION('',(#5684),#5688);
#5684 = LINE('',#5685,#5686);
#5685 = CARTESIAN_POINT('',(5.721753816456,0.));
#5686 = VECTOR('',#5687,1.);
#5687 = DIRECTION('',(0.,1.));
#5688 = ( GEOMETRIC_REPRESENTATION_CONTEXT(2) 
PARAMETRIC_REPRESENTATION_CONTEXT() REPRESENTATION_CONTEXT('2D SPACE',''
  ) );
#5689 = ORIENTED_EDGE('',*,*,#5502,.F.);
#5690 = ORIENTED_EDGE('',*,*,#5642,.F.);
#5691 = ADVANCED_FACE('',(#5692),#2788,.F.);
#5692 = FACE_BOUND('',#5693,.F.);
#5693 = EDGE_LOOP('',(#5694,#5695,#5696,#5697,#5698,#5699));
#5694 = ORIENTED_EDGE('',*,*,#5669,.F.);
#5695 = ORIENTED_EDGE('',*,*,#5530,.T.);
#5696 = ORIENTED_EDGE('',*,*,#5354,.T.);
#5697 = ORIENTED_EDGE('',*,*,#5425,.T.);
#5698 = ORIENTED_EDGE('',*,*,#3134,.T.);
#5699 = ORIENTED_EDGE('',*,*,#2771,.T.);
#5700 = ADVANCED_FACE('',(#5701,#5704),#2564,.T.);
#5701 = FACE_BOUND('',#5702,.T.);
#5702 = EDGE_LOOP('',(#5703));
#5703 = ORIENTED_EDGE('',*,*,#5614,.T.);
#5704 = FACE_BOUND('',#5705,.T.);
#5705 = EDGE_LOOP('',(#5706));
#5706 = ORIENTED_EDGE('',*,*,#2549,.T.);
#5707 = ( GEOMETRIC_REPRESENTATION_CONTEXT(3) 
GLOBAL_UNCERTAINTY_ASSIGNED_CONTEXT((#5711)) 
GLOBAL_UNIT_ASSIGNED_CONTEXT((#5708,#5709,#5710)) REPRESENTATION_CONTEXT
('Context #1','3D Context with UNIT and UNCERTAINTY') );
#5708 = ( LENGTH_UNIT() NAMED_UNIT(*) SI_UNIT(.MILLI.,.METRE.) );
#5709 = ( NAMED_UNIT(*) PLANE_ANGLE_UNIT() SI_UNIT($,.RADIAN.) );
#5710 = ( NAMED_UNIT(*) SI_UNIT($,.STERADIAN.) SOLID_ANGLE_UNIT() );
#5711 = UNCERTAINTY_MEASURE_WITH_UNIT(LENGTH_MEASURE(1.E-04),#5708,
  'distance_accuracy_value','confusion accuracy');
#5712 = CONTEXT_DEPENDENT_SHAPE_REPRESENTATION(#5713,#5715);
#5713 = ( REPRESENTATION_RELATIONSHIP('','',#32,#10) 
REPRESENTATION_RELATIONSHIP_WITH_TRANSFORMATION(#5714) 
SHAPE_REPRESENTATION_RELATIONSHIP() );
#5714 = ITEM_DEFINED_TRANSFORMATION('','',#11,#15);
#5715 = PRODUCT_DEFINITION_SHAPE('Placement','Placement of an item',
  #5716);
#5716 = NEXT_ASSEMBLY_USAGE_OCCURRENCE('1','=>[0:1:1:2]','',#5,#27,$);
#5717 = PRODUCT_RELATED_PRODUCT_CATEGORY('part',$,(#29));
#5718 = MECHANICAL_DESIGN_GEOMETRIC_PRESENTATION_REPRESENTATION('',(
    #5719),#5707);
#5719 = STYLED_ITEM('color',(#5720),#33);
#5720 = PRESENTATION_STYLE_ASSIGNMENT((#5721));
#5721 = SURFACE_STYLE_USAGE(.BOTH.,#5722);
#5722 = SURFACE_SIDE_STYLE('',(#5723));
#5723 = SURFACE_STYLE_FILL_AREA(#5724);
#5724 = FILL_AREA_STYLE('',(#5725));
#5725 = FILL_AREA_STYLE_COLOUR('',#5726);
#5726 = COLOUR_RGB('',0.454901963324,0.745098043297,1.);
ENDSEC;
END-ISO-10303-21;
