ISO-10303-21;
HEADER;
FILE_DESCRIPTION(('Open CASCADE Model'),'2;1');
FILE_NAME('Toe_Break_Endcap','2026-04-19T18:13:23',('Author'),(
    'Open CASCADE'),'Open CASCADE STEP processor 7.8','build123d',
  'Unknown');
FILE_SCHEMA(('AUTOMOTIVE_DESIGN { 1 0 10303 214 1 1 1 1 }'));
ENDSEC;
DATA;
#1 = APPLICATION_PROTOCOL_DEFINITION('international standard',
  'automotive_design',2000,#2);
#2 = APPLICATION_CONTEXT(
  'core data for automotive mechanical design processes');
#3 = SHAPE_DEFINITION_REPRESENTATION(#4,#10);
#4 = PRODUCT_DEFINITION_SHAPE('','',#5);
#5 = PRODUCT_DEFINITION('design','',#6,#9);
#6 = PRODUCT_DEFINITION_FORMATION('','',#7);
#7 = PRODUCT('=>[0:1:1:2]','=>[0:1:1:2]','',(#8));
#8 = PRODUCT_CONTEXT('',#2,'mechanical');
#9 = PRODUCT_DEFINITION_CONTEXT('part definition',#2,'design');
#10 = SHAPE_REPRESENTATION('',(#11,#15),#19);
#11 = AXIS2_PLACEMENT_3D('',#12,#13,#14);
#12 = CARTESIAN_POINT('',(0.,0.,0.));
#13 = DIRECTION('',(0.,0.,1.));
#14 = DIRECTION('',(1.,0.,-0.));
#15 = AXIS2_PLACEMENT_3D('',#16,#17,#18);
#16 = CARTESIAN_POINT('',(156.,-3.064215547965E-13,1.909583602355E-13));
#17 = DIRECTION('',(5.551115123126E-17,1.360023205166E-15,-1.));
#18 = DIRECTION('',(-1.,-5.551115123126E-17,-5.551115123126E-17));
#19 = ( GEOMETRIC_REPRESENTATION_CONTEXT(3) 
GLOBAL_UNCERTAINTY_ASSIGNED_CONTEXT((#23)) GLOBAL_UNIT_ASSIGNED_CONTEXT(
(#20,#21,#22)) REPRESENTATION_CONTEXT('Context #1',
  '3D Context with UNIT and UNCERTAINTY') );
#20 = ( LENGTH_UNIT() NAMED_UNIT(*) SI_UNIT(.MILLI.,.METRE.) );
#21 = ( NAMED_UNIT(*) PLANE_ANGLE_UNIT() SI_UNIT($,.RADIAN.) );
#22 = ( NAMED_UNIT(*) SI_UNIT($,.STERADIAN.) SOLID_ANGLE_UNIT() );
#23 = UNCERTAINTY_MEASURE_WITH_UNIT(LENGTH_MEASURE(2.E-02),#20,
  'distance_accuracy_value','confusion accuracy');
#24 = PRODUCT_RELATED_PRODUCT_CATEGORY('part',$,(#7));
#25 = SHAPE_DEFINITION_REPRESENTATION(#26,#32);
#26 = PRODUCT_DEFINITION_SHAPE('','',#27);
#27 = PRODUCT_DEFINITION('design','',#28,#31);
#28 = PRODUCT_DEFINITION_FORMATION('','',#29);
#29 = PRODUCT('Toe_Break_Endcap','Toe_Break_Endcap','',(#30));
#30 = PRODUCT_CONTEXT('',#2,'mechanical');
#31 = PRODUCT_DEFINITION_CONTEXT('part definition',#2,'design');
#32 = SHAPE_REPRESENTATION('',(#11,#33,#6749),#6851);
#33 = MANIFOLD_SOLID_BREP('',#34);
#34 = CLOSED_SHELL('',(#35,#253,#428,#670,#921,#1091,#1286,#1636,#1974,
    #2093,#2287,#2524,#2571,#2715,#2762,#2844,#2893,#2945,#3017,#3132,
    #3215,#3291,#3345,#3426,#3475,#3818,#3867,#3899,#3906,#4032,#4370,
    #4449,#4474,#4503,#4528,#4571,#4626,#4685,#4715,#4742,#4752,#4878,
    #4960,#5037,#5090,#5097,#5218,#5300,#5377,#5430,#5437,#5500,#5527,
    #5577,#5640,#5667,#5717,#5780,#5807,#5857,#5935,#5990,#6093,#6217,
    #6412,#6487,#6534,#6562,#6617,#6671,#6698,#6705,#6734,#6742));
#35 = ADVANCED_FACE('',(#36),#51,.T.);
#36 = FACE_BOUND('',#37,.T.);
#37 = EDGE_LOOP('',(#38,#114,#144,#192));
#38 = ORIENTED_EDGE('',*,*,#39,.T.);
#39 = EDGE_CURVE('',#40,#42,#44,.T.);
#40 = VERTEX_POINT('',#41);
#41 = CARTESIAN_POINT('',(133.7424373225,51.186745319324,156.38452120046
    ));
#42 = VERTEX_POINT('',#43);
#43 = CARTESIAN_POINT('',(136.,52.379950926421,153.73404064001));
#44 = SURFACE_CURVE('',#45,(#50,#77),.PCURVE_S1.);
#45 = CIRCLE('',#46,3.);
#46 = AXIS2_PLACEMENT_3D('',#47,#48,#49);
#47 = CARTESIAN_POINT('',(133.,52.379950926421,153.73404064001));
#48 = DIRECTION('',(0.,0.911858492449,0.410504676889));
#49 = DIRECTION('',(0.247479107502,-0.397735202366,0.883493520151));
#50 = PCURVE('',#51,#72);
#51 = B_SPLINE_SURFACE_WITH_KNOTS('',3,3,(
    (#52,#53,#54,#55)
    ,(#56,#57,#58,#59)
    ,(#60,#61,#62,#63)
    ,(#64,#65,#66,#67)
    ,(#68,#69,#70,#71
    )),.UNSPECIFIED.,.F.,.F.,.F.,(4,1,4),(4,4),(0.,0.571428571429,1.),(
    0.,0.503459277006),.UNSPECIFIED.);
#52 = CARTESIAN_POINT('',(136.,48.271718882759,150.87073483348));
#53 = CARTESIAN_POINT('',(136.,49.460635393441,152.05514383454));
#54 = CARTESIAN_POINT('',(136.,50.849672201954,153.04513268056));
#55 = CARTESIAN_POINT('',(136.,52.379950926421,153.73404064001));
#56 = CARTESIAN_POINT('',(136.,47.794281720124,151.34998898046));
#57 = CARTESIAN_POINT('',(136.0003338459,49.024176714972,152.60043855908
    ));
#58 = CARTESIAN_POINT('',(135.99895310958,50.464065324575,
    153.65407323816));
#59 = CARTESIAN_POINT('',(136.,52.070144508956,154.4222169963));
#60 = CARTESIAN_POINT('',(135.58355410352,46.961682379958,
    152.18575694695));
#61 = CARTESIAN_POINT('',(135.56082066203,48.263384213595,
    153.55055238647));
#62 = CARTESIAN_POINT('',(135.53619869654,49.79233118502,154.71691866369
    ));
#63 = CARTESIAN_POINT('',(135.47702114591,51.530910556142,
    155.62002322598));
#64 = CARTESIAN_POINT('',(134.60194556303,46.44609960351,152.70330187864
    ));
#65 = CARTESIAN_POINT('',(134.53392441363,47.808072745692,
    154.12332805215));
#66 = CARTESIAN_POINT('',(134.458450952,49.409548130931,155.33804730142)
  );
#67 = CARTESIAN_POINT('',(134.29085252474,51.244248281093,
    156.25678924762));
#68 = CARTESIAN_POINT('',(134.13209452057,46.310973604576,
    152.83894212708));
#69 = CARTESIAN_POINT('',(134.04585796649,47.694844488751,154.2671688394
    ));
#70 = CARTESIAN_POINT('',(133.94937152223,49.321980786533,
    155.48706765747));
#71 = CARTESIAN_POINT('',(133.7424373225,51.186745319324,156.38452120046
    ));
#72 = DEFINITIONAL_REPRESENTATION('',(#73),#76);
#73 = B_SPLINE_CURVE_WITH_KNOTS('',1,(#74,#75),.UNSPECIFIED.,.F.,.F.,(2,
    2),(0.,1.320718766646),.PIECEWISE_BEZIER_KNOTS.);
#74 = CARTESIAN_POINT('',(1.,0.503459277006));
#75 = CARTESIAN_POINT('',(-3.588972193003E-15,0.503459277006));
#76 = ( GEOMETRIC_REPRESENTATION_CONTEXT(2) 
PARAMETRIC_REPRESENTATION_CONTEXT() REPRESENTATION_CONTEXT('2D SPACE',''
  ) );
#77 = PCURVE('',#78,#109);
#78 = B_SPLINE_SURFACE_WITH_KNOTS('',3,3,(
    (#79,#80,#81,#82,#83,#84)
    ,(#85,#86,#87,#88,#89,#90)
    ,(#91,#92,#93,#94,#95,#96)
    ,(#97,#98,#99,#100,#101,#102)
    ,(#103,#104,#105,#106,#107,#108
  )),.UNSPECIFIED.,.F.,.F.,.F.,(4,1,4),(4,1,1,4),(0.,0.571428571429,1.),
  (-0.416413893882,-0.327182345193,-0.237950796504,0.),.UNSPECIFIED.);
#79 = CARTESIAN_POINT('',(135.09416564883,52.488122925156,
    156.59174646217));
#80 = CARTESIAN_POINT('',(135.09416685669,52.488122780916,
    156.59174265162));
#81 = CARTESIAN_POINT('',(135.03054901072,52.426874706644,
    156.58198997401));
#82 = CARTESIAN_POINT('',(134.6347641519,52.045832876994,156.52131577054
    ));
#83 = CARTESIAN_POINT('',(134.12504390226,51.555099762249,
    156.44317516094));
#84 = CARTESIAN_POINT('',(133.7424373225,51.186745319324,156.38452120046
    ));
#85 = CARTESIAN_POINT('',(135.42073094755,52.80252232377,156.64180524409
    ));
#86 = CARTESIAN_POINT('',(135.42073094755,52.80946740516,156.59818923649
    ));
#87 = CARTESIAN_POINT('',(135.37824832769,52.745626815186,
    156.49796080283));
#88 = CARTESIAN_POINT('',(135.11419565627,52.287724050639,
    156.28543241177));
#89 = CARTESIAN_POINT('',(134.75809027313,51.689262952156,
    156.21136524986));
#90 = CARTESIAN_POINT('',(134.47365759215,51.263415935016,156.21421193)
  );
#91 = CARTESIAN_POINT('',(135.86240828294,53.483403773468,
    156.75022362864));
#92 = CARTESIAN_POINT('',(135.86240828294,53.505418998921,
    156.61196517106));
#93 = CARTESIAN_POINT('',(135.85232479779,53.448174964844,
    156.32009420957));
#94 = CARTESIAN_POINT('',(135.78670958167,52.906168671401,
    155.72343101491));
#95 = CARTESIAN_POINT('',(135.69571171614,52.148897426598,
    155.49435981824));
#96 = CARTESIAN_POINT('',(135.61695669318,51.604872516838,
    155.45573072025));
#97 = CARTESIAN_POINT('',(136.,54.271732745796,156.87575113965));
#98 = CARTESIAN_POINT('',(136.,54.311183291888,156.62799661789));
#99 = CARTESIAN_POINT('',(135.99979251783,54.27172550829,156.11376564533
    ));
#100 = CARTESIAN_POINT('',(135.99990939738,53.691413208026,
    155.03365065818));
#101 = CARTESIAN_POINT('',(135.99952048804,52.817050407223,
    154.49007038461));
#102 = CARTESIAN_POINT('',(136.,52.147596113322,154.25017290722));
#103 = CARTESIAN_POINT('',(136.,54.609527687569,156.92953903755));
#104 = CARTESIAN_POINT('',(136.,54.656447831354,156.63487447809));
#105 = CARTESIAN_POINT('',(136.,54.624642985928,156.02522794284));
#106 = CARTESIAN_POINT('',(136.,54.027798679951,154.73807065775));
#107 = CARTESIAN_POINT('',(136.,53.103209108345,154.05964035612));
#108 = CARTESIAN_POINT('',(136.,52.379950926421,153.73404064001));
#109 = DEFINITIONAL_REPRESENTATION('',(#110),#113);
#110 = B_SPLINE_CURVE_WITH_KNOTS('',1,(#111,#112),.UNSPECIFIED.,.F.,.F.,
  (2,2),(0.,1.320718766646),.PIECEWISE_BEZIER_KNOTS.);
#111 = CARTESIAN_POINT('',(-1.364027474875E-13,-5.6535634484E-14));
#112 = CARTESIAN_POINT('',(1.,-2.036508344668E-15));
#113 = ( GEOMETRIC_REPRESENTATION_CONTEXT(2) 
PARAMETRIC_REPRESENTATION_CONTEXT() REPRESENTATION_CONTEXT('2D SPACE',''
  ) );
#114 = ORIENTED_EDGE('',*,*,#115,.T.);
#115 = EDGE_CURVE('',#42,#116,#118,.T.);
#116 = VERTEX_POINT('',#117);
#117 = CARTESIAN_POINT('',(136.,48.271718882759,150.87073483348));
#118 = SURFACE_CURVE('',#119,(#124,#131),.PCURVE_S1.);
#119 = B_SPLINE_CURVE_WITH_KNOTS('',3,(#120,#121,#122,#123),
  .UNSPECIFIED.,.F.,.F.,(4,4),(-0.503459277006,0.),
  .PIECEWISE_BEZIER_KNOTS.);
#120 = CARTESIAN_POINT('',(136.,52.379950926421,153.73404064001));
#121 = CARTESIAN_POINT('',(136.,50.849672201954,153.04513268056));
#122 = CARTESIAN_POINT('',(136.,49.460635393441,152.05514383454));
#123 = CARTESIAN_POINT('',(136.,48.271718882759,150.87073483348));
#124 = PCURVE('',#51,#125);
#125 = DEFINITIONAL_REPRESENTATION('',(#126),#130);
#126 = LINE('',#127,#128);
#127 = CARTESIAN_POINT('',(3.100335727775E-15,5.551115123126E-16));
#128 = VECTOR('',#129,1.);
#129 = DIRECTION('',(1.756740058057E-15,-1.));
#130 = ( GEOMETRIC_REPRESENTATION_CONTEXT(2) 
PARAMETRIC_REPRESENTATION_CONTEXT() REPRESENTATION_CONTEXT('2D SPACE',''
  ) );
#131 = PCURVE('',#132,#137);
#132 = PLANE('',#133);
#133 = AXIS2_PLACEMENT_3D('',#134,#135,#136);
#134 = CARTESIAN_POINT('',(136.,-17.8082976205,104.58072319689));
#135 = DIRECTION('',(-1.,-2.775557561563E-17,5.551115123126E-17));
#136 = DIRECTION('',(5.551115123126E-17,0.,1.));
#137 = DEFINITIONAL_REPRESENTATION('',(#138),#143);
#138 = B_SPLINE_CURVE_WITH_KNOTS('',3,(#139,#140,#141,#142),
  .UNSPECIFIED.,.F.,.F.,(4,4),(-0.503459277006,0.),
  .PIECEWISE_BEZIER_KNOTS.);
#139 = CARTESIAN_POINT('',(49.153317443115,70.188248546925));
#140 = CARTESIAN_POINT('',(48.464409483668,68.657969822458));
#141 = CARTESIAN_POINT('',(47.474420637643,67.268933013944));
#142 = CARTESIAN_POINT('',(46.290011636591,66.080016503263));
#143 = ( GEOMETRIC_REPRESENTATION_CONTEXT(2) 
PARAMETRIC_REPRESENTATION_CONTEXT() REPRESENTATION_CONTEXT('2D SPACE',''
  ) );
#144 = ORIENTED_EDGE('',*,*,#145,.T.);
#145 = EDGE_CURVE('',#116,#146,#148,.T.);
#146 = VERTEX_POINT('',#147);
#147 = CARTESIAN_POINT('',(134.13209452057,46.310973604576,
    152.83894212708));
#148 = SURFACE_CURVE('',#149,(#154,#160),.PCURVE_S1.);
#149 = CIRCLE('',#150,3.);
#150 = AXIS2_PLACEMENT_3D('',#151,#152,#153);
#151 = CARTESIAN_POINT('',(133.,48.271718882759,150.87073483348));
#152 = DIRECTION('',(0.,-0.708448467423,-0.705762544349));
#153 = DIRECTION('',(1.,0.,0.));
#154 = PCURVE('',#51,#155);
#155 = DEFINITIONAL_REPRESENTATION('',(#156),#159);
#156 = B_SPLINE_CURVE_WITH_KNOTS('',1,(#157,#158),.UNSPECIFIED.,.F.,.F.,
  (2,2),(0.,1.183847232049),.PIECEWISE_BEZIER_KNOTS.);
#157 = CARTESIAN_POINT('',(-2.569122273908E-15,5.644075661353E-17));
#158 = CARTESIAN_POINT('',(1.,3.254636739536E-14));
#159 = ( GEOMETRIC_REPRESENTATION_CONTEXT(2) 
PARAMETRIC_REPRESENTATION_CONTEXT() REPRESENTATION_CONTEXT('2D SPACE',''
  ) );
#160 = PCURVE('',#161,#187);
#161 = B_SPLINE_SURFACE_WITH_KNOTS('',3,3,(
    (#162,#163,#164,#165,#166)
    ,(#167,#168,#169,#170,#171)
    ,(#172,#173,#174,#175,#176)
    ,(#177,#178,#179,#180,#181)
    ,(#182,#183,#184,#185,#186
    )),.UNSPECIFIED.,.F.,.F.,.F.,(4,1,4),(4,1,4),(0.,0.571428571429,1.),
  (0.,0.803641031714,1.875162407332),.UNSPECIFIED.);
#162 = CARTESIAN_POINT('',(136.,34.688257894299,137.94609639638));
#163 = CARTESIAN_POINT('',(136.,36.670026517206,139.74847842866));
#164 = CARTESIAN_POINT('',(136.,41.266642480789,143.98478131716));
#165 = CARTESIAN_POINT('',(136.,45.741326628201,148.34993599222));
#166 = CARTESIAN_POINT('',(136.,48.271718882759,150.87073483348));
#167 = CARTESIAN_POINT('',(136.,34.233738464327,138.44585301217));
#168 = CARTESIAN_POINT('',(136.00032897071,36.201292001363,
    140.25962621718));
#169 = CARTESIAN_POINT('',(136.00072193252,40.770135784895,
    144.50877081195));
#170 = CARTESIAN_POINT('',(136.00042209458,45.250610158668,
    148.84841502741));
#171 = CARTESIAN_POINT('',(136.,47.794281720124,151.34998898046));
#172 = CARTESIAN_POINT('',(135.5845338212,33.44118653421,139.31728566019
    ));
#173 = CARTESIAN_POINT('',(135.56165585011,35.384512288766,
    141.15032443938));
#174 = CARTESIAN_POINT('',(135.52336616222,39.905899087773,
    145.4208575139));
#175 = CARTESIAN_POINT('',(135.55403632589,44.395688113571,
    149.71684516911));
#176 = CARTESIAN_POINT('',(135.58331878531,46.96178470334,
    152.18565423416));
#177 = CARTESIAN_POINT('',(134.60558945334,32.949438596613,
    139.85797604417));
#178 = CARTESIAN_POINT('',(134.53714732291,34.892725424693,
    141.6864722298));
#179 = CARTESIAN_POINT('',(134.42540876323,39.413034763579,
    145.94089515206));
#180 = CARTESIAN_POINT('',(134.51439914164,43.886274320042,
    150.23456426432));
#181 = CARTESIAN_POINT('',(134.60194556303,46.44609960351,
    152.70330187864));
#182 = CARTESIAN_POINT('',(134.13671809192,32.820273481818,
    139.99999664085));
#183 = CARTESIAN_POINT('',(134.04990899651,34.769468819237,
    141.82079781488));
#184 = CARTESIAN_POINT('',(133.90988656714,39.300294422736,
    146.05981094376));
#185 = CARTESIAN_POINT('',(134.0210874091,43.760744408976,
    150.36223180964));
#186 = CARTESIAN_POINT('',(134.13209452057,46.310973604576,
    152.83894212708));
#187 = DEFINITIONAL_REPRESENTATION('',(#188),#191);
#188 = B_SPLINE_CURVE_WITH_KNOTS('',1,(#189,#190),.UNSPECIFIED.,.F.,.F.,
  (2,2),(0.,1.183847232049),.PIECEWISE_BEZIER_KNOTS.);
#189 = CARTESIAN_POINT('',(1.981829317049E-13,1.875162407332));
#190 = CARTESIAN_POINT('',(1.,1.875162407332));
#191 = ( GEOMETRIC_REPRESENTATION_CONTEXT(2) 
PARAMETRIC_REPRESENTATION_CONTEXT() REPRESENTATION_CONTEXT('2D SPACE',''
  ) );
#192 = ORIENTED_EDGE('',*,*,#193,.T.);
#193 = EDGE_CURVE('',#146,#40,#194,.T.);
#194 = SURFACE_CURVE('',#195,(#200,#207),.PCURVE_S1.);
#195 = B_SPLINE_CURVE_WITH_KNOTS('',3,(#196,#197,#198,#199),
  .UNSPECIFIED.,.F.,.F.,(4,4),(0.,0.503459277006),
  .PIECEWISE_BEZIER_KNOTS.);
#196 = CARTESIAN_POINT('',(134.13209452057,46.310973604576,
    152.83894212708));
#197 = CARTESIAN_POINT('',(134.04585796649,47.694844488751,
    154.2671688394));
#198 = CARTESIAN_POINT('',(133.94937152223,49.321980786533,
    155.48706765747));
#199 = CARTESIAN_POINT('',(133.7424373225,51.186745319324,
    156.38452120046));
#200 = PCURVE('',#51,#201);
#201 = DEFINITIONAL_REPRESENTATION('',(#202),#206);
#202 = LINE('',#203,#204);
#203 = CARTESIAN_POINT('',(1.,7.402854636688E-16));
#204 = VECTOR('',#205,1.);
#205 = DIRECTION('',(5.733492252231E-15,1.));
#206 = ( GEOMETRIC_REPRESENTATION_CONTEXT(2) 
PARAMETRIC_REPRESENTATION_CONTEXT() REPRESENTATION_CONTEXT('2D SPACE',''
  ) );
#207 = PCURVE('',#208,#225);
#208 = B_SPLINE_SURFACE_WITH_KNOTS('',3,3,(
    (#209,#210,#211,#212)
    ,(#213,#214,#215,#216)
    ,(#217,#218,#219,#220)
    ,(#221,#222,#223,#224
    )),.UNSPECIFIED.,.F.,.F.,.F.,(4,4),(4,4),(0.,1.),(8.894787997275E-02
    ,0.986272956864),.PIECEWISE_BEZIER_KNOTS.);
#209 = CARTESIAN_POINT('',(134.13209452057,51.561887744258,
    156.44425602758));
#210 = CARTESIAN_POINT('',(127.85081898233,45.514590404991,
    155.48133038362));
#211 = CARTESIAN_POINT('',(121.56954344409,39.467293065724,
    154.51840473967));
#212 = CARTESIAN_POINT('',(115.28826790585,33.419995726457,
    153.55547909571));
#213 = CARTESIAN_POINT('',(134.13209452057,49.635385731843,
    155.59668427909));
#214 = CARTESIAN_POINT('',(127.85081898233,44.312039768822,
    154.64148364482));
#215 = CARTESIAN_POINT('',(121.56954344409,38.987382294255,
    153.68708458371));
#216 = CARTESIAN_POINT('',(115.28826790585,33.664036331233,
    152.73188394944));
#217 = CARTESIAN_POINT('',(134.13209452057,47.842045258421,154.364209067
    ));
#218 = CARTESIAN_POINT('',(127.85081898233,43.131980951571,
    153.52122227678));
#219 = CARTESIAN_POINT('',(121.56954344409,38.420546855354,
    152.67906215563));
#220 = CARTESIAN_POINT('',(115.28826790585,33.710482548503,
    151.83607536541));
#221 = CARTESIAN_POINT('',(134.13209452057,46.310973604576,
    152.83894212708));
#222 = CARTESIAN_POINT('',(127.85081898233,42.058320223491,
    152.21534296572));
#223 = CARTESIAN_POINT('',(121.56954344409,37.805666842407,
    151.59174380437));
#224 = CARTESIAN_POINT('',(115.28826790585,33.553013461323,
    150.96814464301));
#225 = DEFINITIONAL_REPRESENTATION('',(#226),#252);
#226 = B_SPLINE_CURVE_WITH_KNOTS('',3,(#227,#228,#229,#230,#231,#232,
    #233,#234,#235,#236,#237,#238,#239,#240,#241,#242,#243,#244,#245,
    #246,#247,#248,#249,#250,#251),.UNSPECIFIED.,.F.,.F.,(4,1,1,1,1,1,1,
    1,1,1,1,1,1,1,1,1,1,1,1,1,1,1,4),(0.,2.288451259117E-02,
    4.576902518233E-02,6.86535377735E-02,9.153805036466E-02,
    0.114422562956,0.137307075547,0.160191588138,0.183076100729,
    0.20596061332,0.228845125912,0.251729638503,0.274614151094,
    0.297498663685,0.320383176276,0.343267688867,0.366152201459,
    0.38903671405,0.411921226641,0.434805739232,0.457690251823,
    0.480574764414,0.503459277006),.QUASI_UNIFORM_KNOTS.);
#227 = CARTESIAN_POINT('',(1.,8.894787997275E-02));
#228 = CARTESIAN_POINT('',(0.985727317384,8.913454522436E-02));
#229 = CARTESIAN_POINT('',(0.957136684491,8.95111322521E-02));
#230 = CARTESIAN_POINT('',(0.914105815084,9.008761404843E-02));
#231 = CARTESIAN_POINT('',(0.870921326357,9.067749961944E-02));
#232 = CARTESIAN_POINT('',(0.82757305666,9.128269354923E-02));
#233 = CARTESIAN_POINT('',(0.784049838516,9.190517133436E-02));
#234 = CARTESIAN_POINT('',(0.740339324401,9.254699188262E-02));
#235 = CARTESIAN_POINT('',(0.696427976608,9.321029845433E-02));
#236 = CARTESIAN_POINT('',(0.652301007949,9.389732281861E-02));
#237 = CARTESIAN_POINT('',(0.607942330258,9.461038862486E-02));
#238 = CARTESIAN_POINT('',(0.563334495363,9.535191499297E-02));
#239 = CARTESIAN_POINT('',(0.518458632694,9.612441995179E-02));
#240 = CARTESIAN_POINT('',(0.473294382676,9.693052368032E-02));
#241 = CARTESIAN_POINT('',(0.427819826699,9.777295136506E-02));
#242 = CARTESIAN_POINT('',(0.382011414326,9.865453545428E-02));
#243 = CARTESIAN_POINT('',(0.335843889137,9.957821700802E-02));
#244 = CARTESIAN_POINT('',(0.289290214488,0.100547045751));
#245 = CARTESIAN_POINT('',(0.242321503775,0.101564178299));
#246 = CARTESIAN_POINT('',(0.194906951439,0.102632873913));
#247 = CARTESIAN_POINT('',(0.147013797588,0.103756486754));
#248 = CARTESIAN_POINT('',(9.860722960796E-02,0.104938454008));
#249 = CARTESIAN_POINT('',(4.965061718359E-02,0.106182276406));
#250 = CARTESIAN_POINT('',(1.661997233922E-02,0.10705508985));
#251 = CARTESIAN_POINT('',(0.,0.107502984643));
#252 = ( GEOMETRIC_REPRESENTATION_CONTEXT(2) 
PARAMETRIC_REPRESENTATION_CONTEXT() REPRESENTATION_CONTEXT('2D SPACE',''
  ) );
#253 = ADVANCED_FACE('',(#254),#161,.T.);
#254 = FACE_BOUND('',#255,.T.);
#255 = EDGE_LOOP('',(#256,#257,#284,#342));
#256 = ORIENTED_EDGE('',*,*,#145,.F.);
#257 = ORIENTED_EDGE('',*,*,#258,.T.);
#258 = EDGE_CURVE('',#116,#259,#261,.T.);
#259 = VERTEX_POINT('',#260);
#260 = CARTESIAN_POINT('',(136.,34.688257894299,137.94609639638));
#261 = SURFACE_CURVE('',#262,(#268,#275),.PCURVE_S1.);
#262 = B_SPLINE_CURVE_WITH_KNOTS('',3,(#263,#264,#265,#266,#267),
  .UNSPECIFIED.,.F.,.F.,(4,1,4),(-1.875162407332,-0.803641031714,0.),
  .UNSPECIFIED.);
#263 = CARTESIAN_POINT('',(136.,48.271718882759,150.87073483348));
#264 = CARTESIAN_POINT('',(136.,45.741326628201,148.34993599222));
#265 = CARTESIAN_POINT('',(136.,41.266642480789,143.98478131716));
#266 = CARTESIAN_POINT('',(136.,36.670026517206,139.74847842866));
#267 = CARTESIAN_POINT('',(136.,34.688257894299,137.94609639638));
#268 = PCURVE('',#161,#269);
#269 = DEFINITIONAL_REPRESENTATION('',(#270),#274);
#270 = LINE('',#271,#272);
#271 = CARTESIAN_POINT('',(-5.043911975243E-15,0.));
#272 = VECTOR('',#273,1.);
#273 = DIRECTION('',(-2.557545737217E-15,-1.));
#274 = ( GEOMETRIC_REPRESENTATION_CONTEXT(2) 
PARAMETRIC_REPRESENTATION_CONTEXT() REPRESENTATION_CONTEXT('2D SPACE',''
  ) );
#275 = PCURVE('',#132,#276);
#276 = DEFINITIONAL_REPRESENTATION('',(#277),#283);
#277 = B_SPLINE_CURVE_WITH_KNOTS('',3,(#278,#279,#280,#281,#282),
  .UNSPECIFIED.,.F.,.F.,(4,1,4),(-1.875162407332,-0.803641031714,0.),
  .UNSPECIFIED.);
#278 = CARTESIAN_POINT('',(46.29001163659,66.080016503263));
#279 = CARTESIAN_POINT('',(43.769212795322,63.549624248705));
#280 = CARTESIAN_POINT('',(39.404058120271,59.074940101292));
#281 = CARTESIAN_POINT('',(35.167755231769,54.47832413771));
#282 = CARTESIAN_POINT('',(33.365373199485,52.496555514803));
#283 = ( GEOMETRIC_REPRESENTATION_CONTEXT(2) 
PARAMETRIC_REPRESENTATION_CONTEXT() REPRESENTATION_CONTEXT('2D SPACE',''
  ) );
#284 = ORIENTED_EDGE('',*,*,#285,.T.);
#285 = EDGE_CURVE('',#259,#286,#288,.T.);
#286 = VERTEX_POINT('',#287);
#287 = CARTESIAN_POINT('',(134.13671808433,32.820273479517,
    139.99999664295));
#288 = SURFACE_CURVE('',#289,(#294,#300),.PCURVE_S1.);
#289 = CIRCLE('',#290,3.);
#290 = AXIS2_PLACEMENT_3D('',#291,#292,#293);
#291 = CARTESIAN_POINT('',(133.,34.688257894299,137.94609639638));
#292 = DIRECTION('',(0.,-0.739796206707,-0.672831013362));
#293 = DIRECTION('',(1.,0.,0.));
#294 = PCURVE('',#161,#295);
#295 = DEFINITIONAL_REPRESENTATION('',(#296),#299);
#296 = B_SPLINE_CURVE_WITH_KNOTS('',1,(#297,#298),.UNSPECIFIED.,.F.,.F.,
  (2,2),(0.,1.182182433008),.PIECEWISE_BEZIER_KNOTS.);
#297 = CARTESIAN_POINT('',(-5.043911975243E-15,-4.78781023451E-16));
#298 = CARTESIAN_POINT('',(1.000000002313,-2.89339292463E-11));
#299 = ( GEOMETRIC_REPRESENTATION_CONTEXT(2) 
PARAMETRIC_REPRESENTATION_CONTEXT() REPRESENTATION_CONTEXT('2D SPACE',''
  ) );
#300 = PCURVE('',#301,#337);
#301 = B_SPLINE_SURFACE_WITH_KNOTS('',3,3,(
    (#302,#303,#304,#305,#306,#307,#308)
    ,(#309,#310,#311,#312,#313,#314,#315)
    ,(#316,#317,#318,#319,#320,#321,#322)
    ,(#323,#324,#325,#326,#327,#328,#329)
    ,(#330,#331,#332,#333,#334,#335,#336
    )),.UNSPECIFIED.,.F.,.F.,.F.,(4,1,4),(4,1,1,1,4),(0.,0.571428571429,
    1.),(0.,0.335444225871,0.503166338806,0.838610564677,1.174054790548)
  ,.UNSPECIFIED.);
#302 = CARTESIAN_POINT('',(134.13671809196,32.82027348078,
    139.99999663988));
#303 = CARTESIAN_POINT('',(134.18425927673,32.416263362971,
    139.60624551705));
#304 = CARTESIAN_POINT('',(134.16296654684,31.616741656373,
    139.24811713823));
#305 = CARTESIAN_POINT('',(133.91382817189,30.152105469306,
    139.35766921876));
#306 = CARTESIAN_POINT('',(133.49873182414,28.753891549663,
    140.10956351235));
#307 = CARTESIAN_POINT('',(133.0920246657,27.975136345794,
    141.17399385462));
#308 = CARTESIAN_POINT('',(132.89333651197,27.709112553332,
    141.75829081816));
#309 = CARTESIAN_POINT('',(134.76187990718,32.99249363385,
    139.81063584431));
#310 = CARTESIAN_POINT('',(134.79590193912,32.555840681372,
    139.37751925827));
#311 = CARTESIAN_POINT('',(134.78044907029,31.671241774374,
    138.98506921131));
#312 = CARTESIAN_POINT('',(134.60085151426,30.087238911928,
    139.13775919282));
#313 = CARTESIAN_POINT('',(134.29406622399,28.64130477746,140.010743426)
  );
#314 = CARTESIAN_POINT('',(133.97354966468,27.943795031584,
    141.16749352206));
#315 = CARTESIAN_POINT('',(133.81067518641,27.738962182724,
    141.77148618985));
#316 = CARTESIAN_POINT('',(135.69475034754,33.551418929243,
    139.19608210761));
#317 = CARTESIAN_POINT('',(135.7038013751,32.990236427026,
    138.65258830736));
#318 = CARTESIAN_POINT('',(135.70006403386,31.86767199892,
    138.14890801928));
#319 = CARTESIAN_POINT('',(135.65208739351,29.878182233119,
    138.30054790721));
#320 = CARTESIAN_POINT('',(135.56820259233,28.094410857499,
    139.34472247003));
#321 = CARTESIAN_POINT('',(135.47484421462,27.286171204367,
    140.74755901473));
#322 = CARTESIAN_POINT('',(135.42513867844,27.068273717662,
    141.47500064684));
#323 = CARTESIAN_POINT('',(136.,34.347368320829,138.32091385731));
#324 = CARTESIAN_POINT('',(135.99996563071,33.599823511993,
    137.63117217749));
#325 = CARTESIAN_POINT('',(135.99942274381,32.1502544811,136.96769729894
    ));
#326 = CARTESIAN_POINT('',(135.99940477049,29.573105634635,
    137.03733292689));
#327 = CARTESIAN_POINT('',(135.99936651958,27.197494840938,
    138.18842504678));
#328 = CARTESIAN_POINT('',(135.99945144434,25.979113590225,
    139.89011694909));
#329 = CARTESIAN_POINT('',(136.,25.596650908849,140.82445287346));
#330 = CARTESIAN_POINT('',(136.,34.688257893316,137.94609639549));
#331 = CARTESIAN_POINT('',(136.,33.861056673725,137.19377213415));
#332 = CARTESIAN_POINT('',(136.,32.27060719042,136.46173997072));
#333 = CARTESIAN_POINT('',(136.,29.441840825993,136.49656606636));
#334 = CARTESIAN_POINT('',(136.,26.812790799849,137.69381903595));
#335 = CARTESIAN_POINT('',(136.,25.419078285929,139.52342625709));
#336 = CARTESIAN_POINT('',(136.,24.966991525169,140.54610470736));
#337 = DEFINITIONAL_REPRESENTATION('',(#338),#341);
#338 = B_SPLINE_CURVE_WITH_KNOTS('',1,(#339,#340),.UNSPECIFIED.,.F.,.F.,
  (2,2),(0.,1.182182433008),.PIECEWISE_BEZIER_KNOTS.);
#339 = CARTESIAN_POINT('',(1.,-1.327765365711E-10));
#340 = CARTESIAN_POINT('',(-2.293266971834E-09,-2.240412847133E-10));
#341 = ( GEOMETRIC_REPRESENTATION_CONTEXT(2) 
PARAMETRIC_REPRESENTATION_CONTEXT() REPRESENTATION_CONTEXT('2D SPACE',''
  ) );
#342 = ORIENTED_EDGE('',*,*,#343,.T.);
#343 = EDGE_CURVE('',#286,#146,#344,.T.);
#344 = SURFACE_CURVE('',#345,(#351,#358),.PCURVE_S1.);
#345 = B_SPLINE_CURVE_WITH_KNOTS('',3,(#346,#347,#348,#349,#350),
  .UNSPECIFIED.,.F.,.F.,(4,1,4),(0.,0.803641031714,1.875162407332),
  .UNSPECIFIED.);
#346 = CARTESIAN_POINT('',(134.13671809192,32.820273481818,
    139.99999664085));
#347 = CARTESIAN_POINT('',(134.04990899651,34.769468819237,
    141.82079781488));
#348 = CARTESIAN_POINT('',(133.90988656714,39.300294422736,
    146.05981094376));
#349 = CARTESIAN_POINT('',(134.0210874091,43.760744408976,
    150.36223180964));
#350 = CARTESIAN_POINT('',(134.13209452057,46.310973604576,
    152.83894212708));
#351 = PCURVE('',#161,#352);
#352 = DEFINITIONAL_REPRESENTATION('',(#353),#357);
#353 = LINE('',#354,#355);
#354 = CARTESIAN_POINT('',(1.,2.535225642612E-15));
#355 = VECTOR('',#356,1.);
#356 = DIRECTION('',(5.743056333019E-15,1.));
#357 = ( GEOMETRIC_REPRESENTATION_CONTEXT(2) 
PARAMETRIC_REPRESENTATION_CONTEXT() REPRESENTATION_CONTEXT('2D SPACE',''
  ) );
#358 = PCURVE('',#359,#400);
#359 = B_SPLINE_SURFACE_WITH_KNOTS('',3,3,(
    (#360,#361,#362,#363)
    ,(#364,#365,#366,#367)
    ,(#368,#369,#370,#371)
    ,(#372,#373,#374,#375)
    ,(#376,#377,#378,#379)
    ,(#380,#381,#382,#383)
    ,(#384,#385,#386,#387)
    ,(#388,#389,#390,#391)
    ,(#392,#393,#394,#395)
    ,(#396,#397,#398,#399
  )),.UNSPECIFIED.,.F.,.F.,.F.,(4,1,1,1,1,1,1,4),(4,4),(0.,
    0.207155581098,0.276207441463,0.448837092378,0.552414882927,
    0.82862232439,0.863148254573,0.966726045122),(8.872770990858E-02,
    0.98406088825),.UNSPECIFIED.);
#360 = CARTESIAN_POINT('',(134.13671809192,46.314103931561,
    152.83940115092));
#361 = CARTESIAN_POINT('',(127.86938584352,42.070890667912,
    152.21718626634));
#362 = CARTESIAN_POINT('',(121.60205359513,37.827677404263,
    151.59497138176));
#363 = CARTESIAN_POINT('',(115.33472134674,33.584464140614,
    150.97275649718));
#364 = CARTESIAN_POINT('',(134.13671809192,45.996864075601,
    152.52340018041));
#365 = CARTESIAN_POINT('',(127.86938584352,41.848385373189,
    151.94659284685));
#366 = CARTESIAN_POINT('',(121.60205359513,37.699620776935,
    151.36943145177));
#367 = CARTESIAN_POINT('',(115.33472134674,33.551142074523,
    150.79262411821));
#368 = CARTESIAN_POINT('',(134.13671809192,45.09485823106,
    151.62526803565));
#369 = CARTESIAN_POINT('',(127.86938584352,41.212799087077,
    151.17635099138));
#370 = CARTESIAN_POINT('',(121.60205359513,37.331250970025,
    150.72639306911));
#371 = CARTESIAN_POINT('',(115.33472134674,33.449191826041,
    150.27747602484));
#372 = CARTESIAN_POINT('',(134.13671809192,42.890279098899,
    149.46163851836));
#373 = CARTESIAN_POINT('',(127.86938584352,39.572742668296,
    149.34685255875));
#374 = CARTESIAN_POINT('',(121.60205359513,36.255112922918,
    149.23200587194));
#375 = CARTESIAN_POINT('',(115.33472134674,32.937576492315,
    149.11721991234));
#376 = CARTESIAN_POINT('',(134.13671809192,40.762487323409,
    147.40098792098));
#377 = CARTESIAN_POINT('',(127.86938584352,37.92217982098,
    147.63783556474));
#378 = CARTESIAN_POINT('',(121.60205359513,35.082144014079,
    147.87419146923));
#379 = CARTESIAN_POINT('',(115.33472134674,32.24183651165,
    148.11103911299));
#380 = CARTESIAN_POINT('',(134.13671809192,36.892304580361,
    143.72844264809));
#381 = CARTESIAN_POINT('',(127.86938584352,34.775665616004,
    144.72060722473));
#382 = CARTESIAN_POINT('',(121.60205359513,32.659070557452,
    145.71234260361));
#383 = CARTESIAN_POINT('',(115.33472134674,30.542431593096,
    146.70450718025));
#384 = CARTESIAN_POINT('',(134.13671809192,33.722333600739,
    140.81124575738));
#385 = CARTESIAN_POINT('',(127.86938584352,32.07515014727,
    142.60761660497));
#386 = CARTESIAN_POINT('',(121.60205359513,30.426824338085,
    144.41040290747));
#387 = CARTESIAN_POINT('',(115.33472134674,28.779640884617,
    146.20677375506));
#388 = CARTESIAN_POINT('',(134.13671809192,30.826321431353,
    138.19465317086));
#389 = CARTESIAN_POINT('',(127.86938584352,29.611599461649,
    140.8982632548));
#390 = CARTESIAN_POINT('',(121.60205359513,28.397507328059,
    143.59921320131));
#391 = CARTESIAN_POINT('',(115.33472134674,27.182785358355,
    146.30282328526));
#392 = CARTESIAN_POINT('',(134.13671809192,29.910911467869,
    137.3725945927));
#393 = CARTESIAN_POINT('',(127.86938584352,28.836837297006,
    140.37955227029));
#394 = CARTESIAN_POINT('',(121.60205359513,27.762035677711,
    143.39147281121));
#395 = CARTESIAN_POINT('',(115.33472134674,26.687961506847,
    146.3984304888));
#396 = CARTESIAN_POINT('',(134.13671809192,29.267318829995,
    136.79676966117));
#397 = CARTESIAN_POINT('',(127.86938584352,28.29483382442,
    140.03073932248));
#398 = CARTESIAN_POINT('',(121.60205359513,27.322348818845,
    143.26470898378));
#399 = CARTESIAN_POINT('',(115.33472134674,26.34986381327,
    146.49867864508));
#400 = DEFINITIONAL_REPRESENTATION('',(#401),#427);
#401 = B_SPLINE_CURVE_WITH_KNOTS('',3,(#402,#403,#404,#405,#406,#407,
    #408,#409,#410,#411,#412,#413,#414,#415,#416,#417,#418,#419,#420,
    #421,#422,#423,#424,#425,#426),.UNSPECIFIED.,.F.,.F.,(4,1,1,1,1,1,1,
    1,1,1,1,1,1,1,1,1,1,1,1,1,1,1,4),(0.,8.523465487871E-02,
    0.170469309757,0.255703964636,0.340938619515,0.426173274394,
    0.511407929272,0.596642584151,0.68187723903,0.767111893908,
    0.852346548787,0.937581203666,1.022815858544,1.108050513423,
    1.193285168302,1.278519823181,1.363754478059,1.448989132938,
    1.534223787817,1.619458442695,1.704693097574,1.789927752453,
    1.875162407332),.QUASI_UNIFORM_KNOTS.);
#402 = CARTESIAN_POINT('',(0.791960832391,8.872821997231E-02));
#403 = CARTESIAN_POINT('',(0.782290096588,8.916595086483E-02));
#404 = CARTESIAN_POINT('',(0.763074083753,9.001260712714E-02));
#405 = CARTESIAN_POINT('',(0.734538910525,9.119002383819E-02));
#406 = CARTESIAN_POINT('',(0.706202271707,9.226881207003E-02));
#407 = CARTESIAN_POINT('',(0.677983590325,9.324259491472E-02));
#408 = CARTESIAN_POINT('',(0.649805244629,9.410482833089E-02));
#409 = CARTESIAN_POINT('',(0.621591396655,9.484879304775E-02));
#410 = CARTESIAN_POINT('',(0.593265553665,9.546758811119E-02));
#411 = CARTESIAN_POINT('',(0.564748281262,9.595419990831E-02));
#412 = CARTESIAN_POINT('',(0.535955203365,9.630117912682E-02));
#413 = CARTESIAN_POINT('',(0.506791599163,9.650241992889E-02));
#414 = CARTESIAN_POINT('',(0.477147411544,9.655918629656E-02));
#415 = CARTESIAN_POINT('',(0.446893342825,9.647635284184E-02));
#416 = CARTESIAN_POINT('',(0.415873989177,9.625799645297E-02));
#417 = CARTESIAN_POINT('',(0.383902606586,9.59087636814E-02));
#418 = CARTESIAN_POINT('',(0.350741160773,9.543315301362E-02));
#419 = CARTESIAN_POINT('',(0.316066473325,9.483546956714E-02));
#420 = CARTESIAN_POINT('',(0.279452634226,9.411980613745E-02));
#421 = CARTESIAN_POINT('',(0.240180585133,9.3289207172E-02));
#422 = CARTESIAN_POINT('',(0.197462111758,9.235129643602E-02));
#423 = CARTESIAN_POINT('',(0.148569832973,9.131482681688E-02));
#424 = CARTESIAN_POINT('',(9.310197550115E-02,9.018343836248E-02));
#425 = CARTESIAN_POINT('',(3.621343713585E-02,8.936921628726E-02));
#426 = CARTESIAN_POINT('',(0.,8.894787997277E-02));
#427 = ( GEOMETRIC_REPRESENTATION_CONTEXT(2) 
PARAMETRIC_REPRESENTATION_CONTEXT() REPRESENTATION_CONTEXT('2D SPACE',''
  ) );
#428 = ADVANCED_FACE('',(#429),#301,.T.);
#429 = FACE_BOUND('',#430,.T.);
#430 = EDGE_LOOP('',(#431,#528,#642,#643));
#431 = ORIENTED_EDGE('',*,*,#432,.T.);
#432 = EDGE_CURVE('',#433,#435,#437,.T.);
#433 = VERTEX_POINT('',#434);
#434 = CARTESIAN_POINT('',(136.,29.057363583408,136.79363127049));
#435 = VERTEX_POINT('',#436);
#436 = CARTESIAN_POINT('',(132.89333651197,27.709112553332,
    141.75829081816));
#437 = SURFACE_CURVE('',#438,(#449,#478),.PCURVE_S1.);
#438 = B_SPLINE_CURVE_WITH_KNOTS('',3,(#439,#440,#441,#442,#443,#444,
    #445,#446,#447,#448),.UNSPECIFIED.,.F.,.F.,(4,2,2,2,4),(
    -0.528846445968,-0.421908211727,-0.270811508732,0.,
    1.186758754968E-03),.UNSPECIFIED.);
#439 = CARTESIAN_POINT('',(136.,29.057363583223,136.7936312706));
#440 = CARTESIAN_POINT('',(136.,29.060846492241,137.21437452244));
#441 = CARTESIAN_POINT('',(135.91981530852,29.023894098283,
    137.62795546343));
#442 = CARTESIAN_POINT('',(135.59056983335,28.875437687204,
    138.58107998965));
#443 = CARTESIAN_POINT('',(135.28761054604,28.741538059475,
    139.0958260874));
#444 = CARTESIAN_POINT('',(134.32636972237,28.330626737094,
    140.39936734443));
#445 = CARTESIAN_POINT('',(133.52126598565,27.997980900451,
    141.15937284387));
#446 = CARTESIAN_POINT('',(132.89876834871,27.7116132399,141.75311035102
    ));
#447 = CARTESIAN_POINT('',(132.89605238852,27.710363192025,
    141.75570068966));
#448 = CARTESIAN_POINT('',(132.89333651197,27.709112553332,
    141.75829081816));
#449 = PCURVE('',#301,#450);
#450 = DEFINITIONAL_REPRESENTATION('',(#451),#477);
#451 = B_SPLINE_CURVE_WITH_KNOTS('',3,(#452,#453,#454,#455,#456,#457,
    #458,#459,#460,#461,#462,#463,#464,#465,#466,#467,#468,#469,#470,
    #471,#472,#473,#474,#475,#476),.UNSPECIFIED.,.F.,.F.,(4,1,1,1,1,1,1,
    1,1,1,1,1,1,1,1,1,1,1,1,1,1,1,4),(-0.528846445968,-0.504754027572,
    -0.480661609175,-0.456569190779,-0.432476772382,-0.408384353986,
    -0.384291935589,-0.360199517193,-0.336107098796,-0.3120146804,
    -0.287922262003,-0.263829843607,-0.23973742521,-0.215645006814,
    -0.191552588417,-0.167460170021,-0.143367751624,-0.119275333228,
    -9.518291483108E-02,-7.109049643457E-02,-4.699807803806E-02,
    -2.290565964154E-02,1.186758754968E-03),.UNSPECIFIED.);
#452 = CARTESIAN_POINT('',(1.000599699674,0.602343711012));
#453 = CARTESIAN_POINT('',(0.977222992219,0.605195368649));
#454 = CARTESIAN_POINT('',(0.931206277753,0.6115146136));
#455 = CARTESIAN_POINT('',(0.864325703683,0.622904004553));
#456 = CARTESIAN_POINT('',(0.799497286451,0.636273859019));
#457 = CARTESIAN_POINT('',(0.736722265067,0.651668897778));
#458 = CARTESIAN_POINT('',(0.67606147264,0.669105538147));
#459 = CARTESIAN_POINT('',(0.617787827989,0.688491228079));
#460 = CARTESIAN_POINT('',(0.561898475859,0.709828635581));
#461 = CARTESIAN_POINT('',(0.508500823807,0.733061242755));
#462 = CARTESIAN_POINT('',(0.457705601515,0.75808460428));
#463 = CARTESIAN_POINT('',(0.409536502742,0.784782495821));
#464 = CARTESIAN_POINT('',(0.364166255157,0.81284790247));
#465 = CARTESIAN_POINT('',(0.320858208964,0.842588084567));
#466 = CARTESIAN_POINT('',(0.279675743893,0.873878074764));
#467 = CARTESIAN_POINT('',(0.240668624528,0.906439530457));
#468 = CARTESIAN_POINT('',(0.203815901661,0.939979893034));
#469 = CARTESIAN_POINT('',(0.169059550152,0.974173293171));
#470 = CARTESIAN_POINT('',(0.136312896912,1.008680793372));
#471 = CARTESIAN_POINT('',(0.105478155528,1.043159350531));
#472 = CARTESIAN_POINT('',(7.646117760991E-02,1.077271782689));
#473 = CARTESIAN_POINT('',(4.918672161757E-02,1.110696389915));
#474 = CARTESIAN_POINT('',(2.360564791132E-02,1.143129185364));
#475 = CARTESIAN_POINT('',(7.681636725638E-03,1.163915825832));
#476 = CARTESIAN_POINT('',(0.,1.174054790548));
#477 = ( GEOMETRIC_REPRESENTATION_CONTEXT(2) 
PARAMETRIC_REPRESENTATION_CONTEXT() REPRESENTATION_CONTEXT('2D SPACE',''
  ) );
#478 = PCURVE('',#479,#500);
#479 = B_SPLINE_SURFACE_WITH_KNOTS('',3,3,(
    (#480,#481,#482,#483)
    ,(#484,#485,#486,#487)
    ,(#488,#489,#490,#491)
    ,(#492,#493,#494,#495)
    ,(#496,#497,#498,#499
    )),.UNSPECIFIED.,.F.,.F.,.F.,(4,1,4),(4,4),(8.324149897673E-02,
    0.476137999415,1.),(-1.717205377218E-15,0.982272364573),
  .UNSPECIFIED.);
#480 = CARTESIAN_POINT('',(136.,29.035928230588,136.21679866453));
#481 = CARTESIAN_POINT('',(129.12409344798,27.931060898477,
    139.72536188913));
#482 = CARTESIAN_POINT('',(122.24818689597,26.826193566367,
    143.23392511372));
#483 = CARTESIAN_POINT('',(115.37228034396,25.721326234256,
    146.74248833832));
#484 = CARTESIAN_POINT('',(136.,29.139146121739,137.77822364273));
#485 = CARTESIAN_POINT('',(129.12409344798,27.834618246442,
    140.85646570489));
#486 = CARTESIAN_POINT('',(122.24818689597,26.53115115483,143.9336182195
    ));
#487 = CARTESIAN_POINT('',(115.37228034396,25.226623279534,
    147.01186028167));
#488 = CARTESIAN_POINT('',(136.,28.510469792445,141.48030338153));
#489 = CARTESIAN_POINT('',(129.12409344798,27.055815212652,
    143.59496492033));
#490 = CARTESIAN_POINT('',(122.24818689597,25.600147562269,
    145.70902110738));
#491 = CARTESIAN_POINT('',(115.37228034396,24.145492982477,
    147.82368264617));
#492 = CARTESIAN_POINT('',(136.,25.999292898076,144.37091445673));
#493 = CARTESIAN_POINT('',(129.12409344798,25.117433708848,
    145.89966502601));
#494 = CARTESIAN_POINT('',(122.24818689597,24.242172881369,
    147.43444780183));
#495 = CARTESIAN_POINT('',(115.37228034396,23.360313692141,
    148.96319837111));
#496 = CARTESIAN_POINT('',(136.,24.211259361895,145.44617437315));
#497 = CARTESIAN_POINT('',(129.12409344798,23.823954806451,
    146.85196689496));
#498 = CARTESIAN_POINT('',(122.24818689597,23.436650251007,
    148.25775941676));
#499 = CARTESIAN_POINT('',(115.37228034396,23.049345695563,
    149.66355193857));
#500 = DEFINITIONAL_REPRESENTATION('',(#501),#527);
#501 = B_SPLINE_CURVE_WITH_KNOTS('',3,(#502,#503,#504,#505,#506,#507,
    #508,#509,#510,#511,#512,#513,#514,#515,#516,#517,#518,#519,#520,
    #521,#522,#523,#524,#525,#526),.UNSPECIFIED.,.F.,.F.,(4,1,1,1,1,1,1,
    1,1,1,1,1,1,1,1,1,1,1,1,1,1,1,4),(-0.528846445968,-0.504754027572,
    -0.480661609175,-0.456569190779,-0.432476772382,-0.408384353986,
    -0.384291935589,-0.360199517193,-0.336107098796,-0.3120146804,
    -0.287922262003,-0.263829843607,-0.23973742521,-0.215645006814,
    -0.191552588417,-0.167460170021,-0.143367751624,-0.119275333228,
    -9.518291483108E-02,-7.109049643457E-02,-4.699807803806E-02,
    -2.290565964154E-02,1.186758754968E-03),.UNSPECIFIED.);
#502 = CARTESIAN_POINT('',(0.131556657023,-1.7116593018E-06));
#503 = CARTESIAN_POINT('',(0.139488114939,-2.199437828328E-06));
#504 = CARTESIAN_POINT('',(0.154960866357,3.844108146186E-04));
#505 = CARTESIAN_POINT('',(0.177062581393,2.049155463124E-03));
#506 = CARTESIAN_POINT('',(0.19812563906,4.721040438004E-03));
#507 = CARTESIAN_POINT('',(0.218198936587,8.321539542586E-03));
#508 = CARTESIAN_POINT('',(0.237317447026,1.277329142324E-02));
#509 = CARTESIAN_POINT('',(0.255456039847,1.797819532282E-02));
#510 = CARTESIAN_POINT('',(0.272703286179,2.385975915884E-02));
#511 = CARTESIAN_POINT('',(0.289120714634,3.033821650493E-02));
#512 = CARTESIAN_POINT('',(0.304763581076,3.73317653933E-02));
#513 = CARTESIAN_POINT('',(0.319696668808,4.476780166715E-02));
#514 = CARTESIAN_POINT('',(0.333913101524,5.253755138792E-02));
#515 = CARTESIAN_POINT('',(0.347704961246,6.0698787498E-02));
#516 = CARTESIAN_POINT('',(0.361120292801,6.919154672549E-02));
#517 = CARTESIAN_POINT('',(0.374171029335,7.793679405391E-02));
#518 = CARTESIAN_POINT('',(0.386874407677,8.686052836342E-02));
#519 = CARTESIAN_POINT('',(0.399242053449,9.588734634292E-02));
#520 = CARTESIAN_POINT('',(0.411283066078,0.104942183867));
#521 = CARTESIAN_POINT('',(0.423003338576,0.113949869238));
#522 = CARTESIAN_POINT('',(0.434405876974,0.122835234494));
#523 = CARTESIAN_POINT('',(0.445490858007,0.13152316819));
#524 = CARTESIAN_POINT('',(0.456255737591,0.139938332154));
#525 = CARTESIAN_POINT('',(0.463215547369,0.145316957942));
#526 = CARTESIAN_POINT('',(0.466640534165,0.147935948667));
#527 = ( GEOMETRIC_REPRESENTATION_CONTEXT(2) 
PARAMETRIC_REPRESENTATION_CONTEXT() REPRESENTATION_CONTEXT('2D SPACE',''
  ) );
#528 = ORIENTED_EDGE('',*,*,#529,.T.);
#529 = EDGE_CURVE('',#435,#286,#530,.T.);
#530 = SURFACE_CURVE('',#531,(#539,#546),.PCURVE_S1.);
#531 = B_SPLINE_CURVE_WITH_KNOTS('',3,(#532,#533,#534,#535,#536,#537,
    #538),.UNSPECIFIED.,.F.,.F.,(4,1,1,1,4),(-1.174054790548,
    -0.838610564677,-0.503166338806,-0.335444225871,0.),.UNSPECIFIED.);
#532 = CARTESIAN_POINT('',(132.89333651197,27.709112553332,
    141.75829081816));
#533 = CARTESIAN_POINT('',(133.0920246657,27.975136345794,
    141.17399385462));
#534 = CARTESIAN_POINT('',(133.49873182414,28.753891549663,
    140.10956351235));
#535 = CARTESIAN_POINT('',(133.91382817189,30.152105469306,
    139.35766921876));
#536 = CARTESIAN_POINT('',(134.16296654684,31.616741656373,
    139.24811713823));
#537 = CARTESIAN_POINT('',(134.18425927673,32.416263362971,
    139.60624551705));
#538 = CARTESIAN_POINT('',(134.13671809196,32.82027348078,
    139.99999663988));
#539 = PCURVE('',#301,#540);
#540 = DEFINITIONAL_REPRESENTATION('',(#541),#545);
#541 = LINE('',#542,#543);
#542 = CARTESIAN_POINT('',(-9.661033951383E-15,0.));
#543 = VECTOR('',#544,1.);
#544 = DIRECTION('',(-8.228776058122E-15,-1.));
#545 = ( GEOMETRIC_REPRESENTATION_CONTEXT(2) 
PARAMETRIC_REPRESENTATION_CONTEXT() REPRESENTATION_CONTEXT('2D SPACE',''
  ) );
#546 = PCURVE('',#547,#614);
#547 = B_SPLINE_SURFACE_WITH_KNOTS('',3,3,(
    (#548,#549,#550,#551,#552,#553,#554,#555,#556,#557,#558)
    ,(#559,#560,#561,#562,#563,#564,#565,#566,#567,#568,#569)
    ,(#570,#571,#572,#573,#574,#575,#576,#577,#578,#579,#580)
    ,(#581,#582,#583,#584,#585,#586,#587,#588,#589,#590,#591)
    ,(#592,#593,#594,#595,#596,#597,#598,#599,#600,#601,#602)
    ,(#603,#604,#605,#606,#607,#608,#609,#610,#611,#612,#613
  )),.UNSPECIFIED.,.F.,.F.,.F.,(4,1,1,4),(4,1,1,1,1,1,1,1,4),(0.,
    0.285714285714,0.571428571429,1.),(5.620100083704E-02,0.940442242845
    ,1.529936404184,1.824683484853,1.972057025188,2.045743795355,
    2.082587180439,2.10100887298,2.119430565522),.UNSPECIFIED.);
#548 = CARTESIAN_POINT('',(135.4776025809,28.201207450012,
    140.87228652517));
#549 = CARTESIAN_POINT('',(132.73735831827,27.676555645833,
    141.81883203912));
#550 = CARTESIAN_POINT('',(128.15768509534,26.811389270772,
    143.36653740092));
#551 = CARTESIAN_POINT('',(122.60598282065,25.837446444251,
    145.12405707702));
#552 = CARTESIAN_POINT('',(119.29901896028,25.361231458544,
    146.06887912386));
#553 = CARTESIAN_POINT('',(117.56636496998,25.226202025219,
    146.48563544091));
#554 = CARTESIAN_POINT('',(116.62444230786,25.257095955278,
    146.65672085119));
#555 = CARTESIAN_POINT('',(116.08529213843,25.362591024749,
    146.71710181877));
#556 = CARTESIAN_POINT('',(115.71953471169,25.502372385269,
    146.73545790989));
#557 = CARTESIAN_POINT('',(115.49221862473,25.637952137949,
    146.73717988296));
#558 = CARTESIAN_POINT('',(115.37228034413,25.721326234269,
    146.74248833824));
#559 = CARTESIAN_POINT('',(135.26754671619,28.386123029473,
    140.40546367855));
#560 = CARTESIAN_POINT('',(132.53429534253,27.867576688802,
    141.37016897457));
#561 = CARTESIAN_POINT('',(127.96847662708,27.011441355475,
    142.95356414274));
#562 = CARTESIAN_POINT('',(122.44486707452,26.040109008581,
    144.78796550699));
#563 = CARTESIAN_POINT('',(119.16730649892,25.550026105463,
    145.82558919227));
#564 = CARTESIAN_POINT('',(117.462029919,25.38641068182,146.32687356299)
  );
#565 = CARTESIAN_POINT('',(116.54450994579,25.384461589264,
    146.55953701872));
#566 = CARTESIAN_POINT('',(116.02592598464,25.460862755158,
    146.65858066404));
#567 = CARTESIAN_POINT('',(115.67833190432,25.574808825489,
    146.70241731274));
#568 = CARTESIAN_POINT('',(115.46469334887,25.690375664314,
    146.71795090715));
#569 = CARTESIAN_POINT('',(115.35199307164,25.761742112276,
    146.72905830291));
#570 = CARTESIAN_POINT('',(134.83637405127,29.034247391041,
    139.59364486059));
#571 = CARTESIAN_POINT('',(132.12017886541,28.508539935237,
    140.59304739343));
#572 = CARTESIAN_POINT('',(127.58701625196,27.634188354419,
    142.24230199242));
#573 = CARTESIAN_POINT('',(122.12639601101,26.599516183506,
    144.21066629847));
#574 = CARTESIAN_POINT('',(118.91156458107,26.015791076909,
    145.40558973368));
#575 = CARTESIAN_POINT('',(117.26104974994,25.750594695346,
    146.04982080379));
#576 = CARTESIAN_POINT('',(116.39045359298,25.659609383667,
    146.38783133104));
#577 = CARTESIAN_POINT('',(115.91106818275,25.666954788249,
    146.55395192855));
#578 = CARTESIAN_POINT('',(115.59819272213,25.723651849943,
    146.64246835503));
#579 = CARTESIAN_POINT('',(115.41086128923,25.796931166247,
    146.68247731415));
#580 = CARTESIAN_POINT('',(115.31219339619,25.843571806896,
    146.7040310277));
#581 = CARTESIAN_POINT('',(134.24834282287,30.824548547862,
    138.98062706233));
#582 = CARTESIAN_POINT('',(131.55239760085,30.240785455977,
    139.99584278532));
#583 = CARTESIAN_POINT('',(127.05837759112,29.248280491394,
    141.67275512347));
#584 = CARTESIAN_POINT('',(121.67320714923,27.950217676159,
    143.6926491647));
#585 = CARTESIAN_POINT('',(118.53602924376,27.054156319233,
    144.97427009789));
#586 = CARTESIAN_POINT('',(116.95561232248,26.505145906296,
    145.73162590445));
#587 = CARTESIAN_POINT('',(116.14890220832,26.198522928639,
    146.17471249187));
#588 = CARTESIAN_POINT('',(115.72664185205,26.055529970382,
    146.41688790594));
#589 = CARTESIAN_POINT('',(115.4668290478,25.996218902021,
    146.55967566426));
#590 = CARTESIAN_POINT('',(115.32122667379,25.988763181996,
    146.63104036977));
#591 = CARTESIAN_POINT('',(115.24541019507,25.989947306765,
    146.66674387753));
#592 = CARTESIAN_POINT('',(134.1404485625,32.217054605709,
    139.44821583335));
#593 = CARTESIAN_POINT('',(131.43571681124,31.59372119594,
    140.42014131958));
#594 = CARTESIAN_POINT('',(126.92389457252,30.523429644704,
    142.00743992276));
#595 = CARTESIAN_POINT('',(121.51486546512,29.040998466405,
    143.84998180685));
#596 = CARTESIAN_POINT('',(118.36830785197,27.899977727787,
    144.98021764582));
#597 = CARTESIAN_POINT('',(116.79459434199,27.111551686969,
    145.6696403106));
#598 = CARTESIAN_POINT('',(116.0078129834,26.620908695673,
    146.10607289781));
#599 = CARTESIAN_POINT('',(115.61224928802,26.352765497715,
    146.36196462293));
#600 = CARTESIAN_POINT('',(115.38173907626,26.200035852743,
    146.52078788716));
#601 = CARTESIAN_POINT('',(115.26154759339,26.130006085422,
    146.60395345122));
#602 = CARTESIAN_POINT('',(115.20040044437,26.097044555379,
    146.64599884029));
#603 = CARTESIAN_POINT('',(134.21017297148,32.837143682319,
    139.97468507438));
#604 = CARTESIAN_POINT('',(131.49140377525,32.212941443133,
    140.91178635779));
#605 = CARTESIAN_POINT('',(126.95350863517,31.137784477016,
    142.43036868054));
#606 = CARTESIAN_POINT('',(121.49892146835,29.619990244033,
    144.12254365353));
#607 = CARTESIAN_POINT('',(118.31636502352,28.387851680943,
    145.09908990883));
#608 = CARTESIAN_POINT('',(116.72495848659,27.477558217343,
    145.69497674641));
#609 = CARTESIAN_POINT('',(115.93733786193,26.879771713352,
    146.0964544521));
#610 = CARTESIAN_POINT('',(115.55104987743,26.535198342247,
    146.34506446935));
#611 = CARTESIAN_POINT('',(115.33423051321,26.324678066045,
    146.5049245892));
#612 = CARTESIAN_POINT('',(115.22743797761,26.215957110909,
    146.59123874066));
#613 = CARTESIAN_POINT('',(115.17443162313,26.162057866044,
    146.63570319485));
#614 = DEFINITIONAL_REPRESENTATION('',(#615),#641);
#615 = B_SPLINE_CURVE_WITH_KNOTS('',3,(#616,#617,#618,#619,#620,#621,
    #622,#623,#624,#625,#626,#627,#628,#629,#630,#631,#632,#633,#634,
    #635,#636,#637,#638,#639,#640),.UNSPECIFIED.,.F.,.F.,(4,1,1,1,1,1,1,
    1,1,1,1,1,1,1,1,1,1,1,1,1,1,1,4),(-1.174054790548,-1.120688663705,
    -1.067322536862,-1.013956410019,-0.960590283175,-0.907224156332,
    -0.853858029489,-0.800491902646,-0.747125775803,-0.69375964896,
    -0.640393522117,-0.587027395274,-0.533661268431,-0.480295141588,
    -0.426929014745,-0.373562887902,-0.320196761058,-0.266830634215,
    -0.213464507372,-0.160098380529,-0.106732253686,-5.336612684308E-02,
    0.),.UNSPECIFIED.);
#616 = CARTESIAN_POINT('',(2.736638937009E-05,0.333892648112));
#617 = CARTESIAN_POINT('',(1.515420920292E-02,0.327038941974));
#618 = CARTESIAN_POINT('',(4.53334873242E-02,0.313279993151));
#619 = CARTESIAN_POINT('',(9.039889939266E-02,0.292608809392));
#620 = CARTESIAN_POINT('',(0.135274957235,0.272026616689));
#621 = CARTESIAN_POINT('',(0.179995294547,0.251655508014));
#622 = CARTESIAN_POINT('',(0.224603283776,0.231617661154));
#623 = CARTESIAN_POINT('',(0.269149530976,0.212035850192));
#624 = CARTESIAN_POINT('',(0.31369412438,0.193031536255));
#625 = CARTESIAN_POINT('',(0.358262102575,0.174735996634));
#626 = CARTESIAN_POINT('',(0.402881823236,0.157284217063));
#627 = CARTESIAN_POINT('',(0.447597817362,0.140810364064));
#628 = CARTESIAN_POINT('',(0.492467478292,0.125448873828));
#629 = CARTESIAN_POINT('',(0.537552383184,0.11133414208));
#630 = CARTESIAN_POINT('',(0.582939609982,9.860044682619E-02));
#631 = CARTESIAN_POINT('',(0.62862460808,8.738227324569E-02));
#632 = CARTESIAN_POINT('',(0.674498112129,7.781131318964E-02));
#633 = CARTESIAN_POINT('',(0.720531953599,7.00275798456E-02));
#634 = CARTESIAN_POINT('',(0.766744619156,6.413696854959E-02));
#635 = CARTESIAN_POINT('',(0.813138122934,6.015399220738E-02));
#636 = CARTESIAN_POINT('',(0.859695304912,5.810685409235E-02));
#637 = CARTESIAN_POINT('',(0.906385956517,5.801978086334E-02));
#638 = CARTESIAN_POINT('',(0.953169825523,5.991778519296E-02));
#639 = CARTESIAN_POINT('',(0.984389769454,6.252278299384E-02));
#640 = CARTESIAN_POINT('',(0.999999883591,6.416429489459E-02));
#641 = ( GEOMETRIC_REPRESENTATION_CONTEXT(2) 
PARAMETRIC_REPRESENTATION_CONTEXT() REPRESENTATION_CONTEXT('2D SPACE',''
  ) );
#642 = ORIENTED_EDGE('',*,*,#285,.F.);
#643 = ORIENTED_EDGE('',*,*,#644,.T.);
#644 = EDGE_CURVE('',#259,#433,#645,.T.);
#645 = SURFACE_CURVE('',#646,(#653,#660),.PCURVE_S1.);
#646 = B_SPLINE_CURVE_WITH_KNOTS('',3,(#647,#648,#649,#650,#651,#652),
  .UNSPECIFIED.,.F.,.F.,(4,1,1,4),(0.,0.335444225871,0.503166338806,
    0.602343820397),.UNSPECIFIED.);
#647 = CARTESIAN_POINT('',(136.,34.688257893316,137.94609639549));
#648 = CARTESIAN_POINT('',(136.,33.861056673725,137.19377213415));
#649 = CARTESIAN_POINT('',(136.,32.27060719042,136.46173997072));
#650 = CARTESIAN_POINT('',(136.,30.238806005546,136.48675430321));
#651 = CARTESIAN_POINT('',(136.,29.372227480468,136.69407911277));
#652 = CARTESIAN_POINT('',(136.,29.0580782366,136.79583755252));
#653 = PCURVE('',#301,#654);
#654 = DEFINITIONAL_REPRESENTATION('',(#655),#659);
#655 = LINE('',#656,#657);
#656 = CARTESIAN_POINT('',(1.,1.034896964681E-15));
#657 = VECTOR('',#658,1.);
#658 = DIRECTION('',(-2.193374206897E-13,1.));
#659 = ( GEOMETRIC_REPRESENTATION_CONTEXT(2) 
PARAMETRIC_REPRESENTATION_CONTEXT() REPRESENTATION_CONTEXT('2D SPACE',''
  ) );
#660 = PCURVE('',#132,#661);
#661 = DEFINITIONAL_REPRESENTATION('',(#662),#669);
#662 = B_SPLINE_CURVE_WITH_KNOTS('',3,(#663,#664,#665,#666,#667,#668),
  .UNSPECIFIED.,.F.,.F.,(4,1,1,4),(0.,0.335444225871,0.503166338806,
    0.602343820397),.UNSPECIFIED.);
#663 = CARTESIAN_POINT('',(33.365373198592,52.49655551382));
#664 = CARTESIAN_POINT('',(32.613048937254,51.669354294229));
#665 = CARTESIAN_POINT('',(31.88101677383,50.078904810924));
#666 = CARTESIAN_POINT('',(31.906031106318,48.047103626049));
#667 = CARTESIAN_POINT('',(32.113355915878,47.180525100972));
#668 = CARTESIAN_POINT('',(32.215114355622,46.866375857104));
#669 = ( GEOMETRIC_REPRESENTATION_CONTEXT(2) 
PARAMETRIC_REPRESENTATION_CONTEXT() REPRESENTATION_CONTEXT('2D SPACE',''
  ) );
#670 = ADVANCED_FACE('',(#671),#78,.T.);
#671 = FACE_BOUND('',#672,.T.);
#672 = EDGE_LOOP('',(#673,#774,#801,#802,#895));
#673 = ORIENTED_EDGE('',*,*,#674,.T.);
#674 = EDGE_CURVE('',#675,#677,#679,.T.);
#675 = VERTEX_POINT('',#676);
#676 = CARTESIAN_POINT('',(135.35510585861,52.775656002732,
    156.62773889748));
#677 = VERTEX_POINT('',#678);
#678 = CARTESIAN_POINT('',(136.,54.636077854029,156.55612115839));
#679 = SURFACE_CURVE('',#680,(#687,#716),.PCURVE_S1.);
#680 = B_SPLINE_CURVE_WITH_KNOTS('',3,(#681,#682,#683,#684,#685,#686),
  .UNSPECIFIED.,.F.,.F.,(4,2,4),(0.,9.784219175301E-02,0.200454015256),
  .UNSPECIFIED.);
#681 = CARTESIAN_POINT('',(135.35510585861,52.775656002732,
    156.62773889748));
#682 = CARTESIAN_POINT('',(135.55708147781,53.030561068787,
    156.65217192982));
#683 = CARTESIAN_POINT('',(135.7167747152,53.32094771864,156.65024222771
    ));
#684 = CARTESIAN_POINT('',(135.94110653812,53.952795068381,
    156.62063649798));
#685 = CARTESIAN_POINT('',(136.,54.293812207718,156.59213324641));
#686 = CARTESIAN_POINT('',(136.,54.63607785403,156.55612115839));
#687 = PCURVE('',#78,#688);
#688 = DEFINITIONAL_REPRESENTATION('',(#689),#715);
#689 = B_SPLINE_CURVE_WITH_KNOTS('',3,(#690,#691,#692,#693,#694,#695,
    #696,#697,#698,#699,#700,#701,#702,#703,#704,#705,#706,#707,#708,
    #709,#710,#711,#712,#713,#714),.UNSPECIFIED.,.F.,.F.,(4,1,1,1,1,1,1,
    1,1,1,1,1,1,1,1,1,1,1,1,1,1,1,4),(0.,9.111546147993E-03,
    1.822309229599E-02,2.733463844398E-02,3.644618459197E-02,
    4.555773073996E-02,5.466927688796E-02,6.378082303595E-02,
    7.289236918394E-02,8.200391533194E-02,9.111546147993E-02,
    0.100227007628,0.109338553776,0.118450099924,0.127561646072,
    0.13667319222,0.145784738368,0.154896284516,0.164007830664,
    0.173119376812,0.18223092296,0.191342469108,0.200454015256),
  .QUASI_UNIFORM_KNOTS.);
#690 = CARTESIAN_POINT('',(0.163281168071,-0.409278241368));
#691 = CARTESIAN_POINT('',(0.176000471659,-0.40875918294));
#692 = CARTESIAN_POINT('',(0.201448182513,-0.407624833427));
#693 = CARTESIAN_POINT('',(0.239641052152,-0.40575000116));
#694 = CARTESIAN_POINT('',(0.277849027606,-0.403844995891));
#695 = CARTESIAN_POINT('',(0.316066575891,-0.401955845051));
#696 = CARTESIAN_POINT('',(0.354288413561,-0.400114175832));
#697 = CARTESIAN_POINT('',(0.392509639152,-0.398335289187));
#698 = CARTESIAN_POINT('',(0.430725710879,-0.396628012821));
#699 = CARTESIAN_POINT('',(0.468932020405,-0.394996778073));
#700 = CARTESIAN_POINT('',(0.507124906782,-0.393443543966));
#701 = CARTESIAN_POINT('',(0.545297193894,-0.391968910024));
#702 = CARTESIAN_POINT('',(0.583454207232,-0.390571952303));
#703 = CARTESIAN_POINT('',(0.62154404356,-0.389254214565));
#704 = CARTESIAN_POINT('',(0.659567197268,-0.388006541979));
#705 = CARTESIAN_POINT('',(0.697532345305,-0.38682191235));
#706 = CARTESIAN_POINT('',(0.735446385736,-0.385694453854));
#707 = CARTESIAN_POINT('',(0.773316989869,-0.384619295644));
#708 = CARTESIAN_POINT('',(0.811151818374,-0.383592312478));
#709 = CARTESIAN_POINT('',(0.848958642162,-0.382609978218));
#710 = CARTESIAN_POINT('',(0.886745230687,-0.381669243051));
#711 = CARTESIAN_POINT('',(0.92451929794,-0.380767452923));
#712 = CARTESIAN_POINT('',(0.962288467515,-0.379902250958));
#713 = CARTESIAN_POINT('',(0.987469561188,-0.379348506827));
#714 = CARTESIAN_POINT('',(1.000061760092,-0.379077048444));
#715 = ( GEOMETRIC_REPRESENTATION_CONTEXT(2) 
PARAMETRIC_REPRESENTATION_CONTEXT() REPRESENTATION_CONTEXT('2D SPACE',''
  ) );
#716 = PCURVE('',#717,#746);
#717 = B_SPLINE_SURFACE_WITH_KNOTS('',3,3,(
    (#718,#719,#720,#721,#722,#723,#724)
    ,(#725,#726,#727,#728,#729,#730,#731)
    ,(#732,#733,#734,#735,#736,#737,#738)
    ,(#739,#740,#741,#742,#743,#744,#745
    )),.UNSPECIFIED.,.F.,.F.,.F.,(4,4),(4,2,1,4),(0.,1.),(
    -1.088636595888,0.,1.444429073611,2.407381789352),.UNSPECIFIED.);
#718 = CARTESIAN_POINT('',(134.86300062636,63.562132979816,
    155.18569096333));
#719 = CARTESIAN_POINT('',(134.97109105975,59.974559486701,
    155.66967324234));
#720 = CARTESIAN_POINT('',(135.17433767486,56.363631613568,
    156.18713289231));
#721 = CARTESIAN_POINT('',(135.6043342478,47.932621413989,
    157.22262100257));
#722 = CARTESIAN_POINT('',(135.86762349785,39.927209603222,
    158.04347429514));
#723 = CARTESIAN_POINT('',(135.69905613418,31.925173153816,
    158.80578211293));
#724 = CARTESIAN_POINT('',(135.61057587811,28.721343847613,
    159.0923386176));
#725 = CARTESIAN_POINT('',(135.55895299251,63.56796778168,
    155.53921449892));
#726 = CARTESIAN_POINT('',(135.60144863136,59.969145715134,
    155.93989322633));
#727 = CARTESIAN_POINT('',(135.69069800326,56.353598981783,
    156.3518955131));
#728 = CARTESIAN_POINT('',(135.8639309242,47.927601948186,
    157.25094651705));
#729 = CARTESIAN_POINT('',(135.95639368385,39.928001945455,
    158.04917474317));
#730 = CARTESIAN_POINT('',(135.90104814073,31.932098744649,
    158.82773719112));
#731 = CARTESIAN_POINT('',(135.87070730392,28.73270517959,
    159.13291396343));
#732 = CARTESIAN_POINT('',(136.3382826732,63.554080815152,
    155.72755743881));
#733 = CARTESIAN_POINT('',(136.2846978117,59.948232958994,
    156.08202019604));
#734 = CARTESIAN_POINT('',(136.23087129694,56.334632577296,
    156.43753847478));
#735 = CARTESIAN_POINT('',(136.12309565549,47.921320255842,
    157.26544635714));
#736 = CARTESIAN_POINT('',(136.0464027963,39.928463000259,
    158.05219925966));
#737 = CARTESIAN_POINT('',(136.10406740975,31.93793965741,158.8384958362
    ));
#738 = CARTESIAN_POINT('',(136.13412182014,28.742139764564,
    159.15296287718));
#739 = CARTESIAN_POINT('',(137.11823141246,63.521946759254,
    155.73071934724));
#740 = CARTESIAN_POINT('',(136.96813111301,59.913689972567,
    156.08576253206));
#741 = CARTESIAN_POINT('',(136.77105203768,56.307539872328,
    156.44059842434));
#742 = CARTESIAN_POINT('',(136.38221019693,47.913720196351,
    157.2665286856));
#743 = CARTESIAN_POINT('',(136.13641236151,39.928630554229,
    158.05224096307));
#744 = CARTESIAN_POINT('',(136.30708583318,31.942676887235,
    158.83803825837));
#745 = CARTESIAN_POINT('',(136.39753907699,28.7495301119,159.15223568602
    ));
#746 = DEFINITIONAL_REPRESENTATION('',(#747),#773);
#747 = B_SPLINE_CURVE_WITH_KNOTS('',3,(#748,#749,#750,#751,#752,#753,
    #754,#755,#756,#757,#758,#759,#760,#761,#762,#763,#764,#765,#766,
    #767,#768,#769,#770,#771,#772),.UNSPECIFIED.,.F.,.F.,(4,1,1,1,1,1,1,
    1,1,1,1,1,1,1,1,1,1,1,1,1,1,1,4),(0.,9.111546147993E-03,
    1.822309229599E-02,2.733463844398E-02,3.644618459197E-02,
    4.555773073996E-02,5.466927688796E-02,6.378082303595E-02,
    7.289236918394E-02,8.200391533194E-02,9.111546147993E-02,
    0.100227007628,0.109338553776,0.118450099924,0.127561646072,
    0.13667319222,0.145784738368,0.154896284516,0.164007830664,
    0.173119376812,0.18223092296,0.191342469108,0.200454015256),
  .QUASI_UNIFORM_KNOTS.);
#748 = CARTESIAN_POINT('',(-8.617642526563E-04,-3.548896069465E-03));
#749 = CARTESIAN_POINT('',(1.468594921141E-02,-5.954683892986E-03));
#750 = CARTESIAN_POINT('',(4.670357660472E-02,-1.085037168455E-02));
#751 = CARTESIAN_POINT('',(9.233095266194E-02,-1.837313369374E-02));
#752 = CARTESIAN_POINT('',(0.135563286569,-2.606582614721E-02));
#753 = CARTESIAN_POINT('',(0.176407737925,-3.391913686303E-02));
#754 = CARTESIAN_POINT('',(0.214873215869,-4.192374756823E-02));
#755 = CARTESIAN_POINT('',(0.250970454529,-5.007032821346E-02));
#756 = CARTESIAN_POINT('',(0.284711766971,-5.834955773334E-02));
#757 = CARTESIAN_POINT('',(0.316110726195,-6.675205155308E-02));
#758 = CARTESIAN_POINT('',(0.345182559855,-7.526863607912E-02));
#759 = CARTESIAN_POINT('',(0.371941861965,-8.3889328743E-02));
#760 = CARTESIAN_POINT('',(0.396410421764,-9.260714893647E-02));
#761 = CARTESIAN_POINT('',(0.418582413221,-0.101401698997));
#762 = CARTESIAN_POINT('',(0.43848891631,-0.110264277742));
#763 = CARTESIAN_POINT('',(0.456164577204,-0.119188054046));
#764 = CARTESIAN_POINT('',(0.471643482707,-0.128165698624));
#765 = CARTESIAN_POINT('',(0.48496001503,-0.137190019226));
#766 = CARTESIAN_POINT('',(0.496148405603,-0.14625379103));
#767 = CARTESIAN_POINT('',(0.505242668169,-0.155349802657));
#768 = CARTESIAN_POINT('',(0.512276467918,-0.164470844299));
#769 = CARTESIAN_POINT('',(0.51728301575,-0.173609711511));
#770 = CARTESIAN_POINT('',(0.52029507106,-0.182759203956));
#771 = CARTESIAN_POINT('',(0.52099477487,-0.188861153544));
#772 = CARTESIAN_POINT('',(0.521022912162,-0.19191150111));
#773 = ( GEOMETRIC_REPRESENTATION_CONTEXT(2) 
PARAMETRIC_REPRESENTATION_CONTEXT() REPRESENTATION_CONTEXT('2D SPACE',''
  ) );
#774 = ORIENTED_EDGE('',*,*,#775,.T.);
#775 = EDGE_CURVE('',#677,#42,#776,.T.);
#776 = SURFACE_CURVE('',#777,(#784,#791),.PCURVE_S1.);
#777 = B_SPLINE_CURVE_WITH_KNOTS('',3,(#778,#779,#780,#781,#782,#783),
  .UNSPECIFIED.,.F.,.F.,(4,1,1,4),(-0.379077040474,-0.327182345193,
    -0.237950796504,0.),.UNSPECIFIED.);
#778 = CARTESIAN_POINT('',(136.,54.635928592052,156.55612338494));
#779 = CARTESIAN_POINT('',(136.,54.633335943772,156.38232116083));
#780 = CARTESIAN_POINT('',(136.,54.571128228887,155.90981776184));
#781 = CARTESIAN_POINT('',(136.,54.027798679951,154.73807065775));
#782 = CARTESIAN_POINT('',(136.,53.103209108345,154.05964035612));
#783 = CARTESIAN_POINT('',(136.,52.379950926421,153.73404064001));
#784 = PCURVE('',#78,#785);
#785 = DEFINITIONAL_REPRESENTATION('',(#786),#790);
#786 = LINE('',#787,#788);
#787 = CARTESIAN_POINT('',(1.,-3.069766663089E-14));
#788 = VECTOR('',#789,1.);
#789 = DIRECTION('',(-1.045564825808E-13,1.));
#790 = ( GEOMETRIC_REPRESENTATION_CONTEXT(2) 
PARAMETRIC_REPRESENTATION_CONTEXT() REPRESENTATION_CONTEXT('2D SPACE',''
  ) );
#791 = PCURVE('',#132,#792);
#792 = DEFINITIONAL_REPRESENTATION('',(#793),#800);
#793 = B_SPLINE_CURVE_WITH_KNOTS('',3,(#794,#795,#796,#797,#798,#799),
  .UNSPECIFIED.,.F.,.F.,(4,1,1,4),(-0.379077040474,-0.327182345193,
    -0.237950796504,0.),.UNSPECIFIED.);
#794 = CARTESIAN_POINT('',(51.975400188051,72.444226212556));
#795 = CARTESIAN_POINT('',(51.801597963932,72.441633564276));
#796 = CARTESIAN_POINT('',(51.329094564942,72.37942584939));
#797 = CARTESIAN_POINT('',(50.157347460859,71.836096300454));
#798 = CARTESIAN_POINT('',(49.478917159229,70.911506728849));
#799 = CARTESIAN_POINT('',(49.153317443115,70.188248546925));
#800 = ( GEOMETRIC_REPRESENTATION_CONTEXT(2) 
PARAMETRIC_REPRESENTATION_CONTEXT() REPRESENTATION_CONTEXT('2D SPACE',''
  ) );
#801 = ORIENTED_EDGE('',*,*,#39,.F.);
#802 = ORIENTED_EDGE('',*,*,#803,.F.);
#803 = EDGE_CURVE('',#804,#40,#806,.T.);
#804 = VERTEX_POINT('',#805);
#805 = CARTESIAN_POINT('',(135.09416685669,52.488122780916,
    156.59174265162));
#806 = SURFACE_CURVE('',#807,(#811,#840),.PCURVE_S1.);
#807 = LINE('',#808,#809);
#808 = CARTESIAN_POINT('',(136.,53.360213540822,156.73060775275));
#809 = VECTOR('',#810,1.);
#810 = DIRECTION('',(-0.716043541221,-0.689370841203,-0.109770170698));
#811 = PCURVE('',#78,#812);
#812 = DEFINITIONAL_REPRESENTATION('',(#813),#839);
#813 = B_SPLINE_CURVE_WITH_KNOTS('',3,(#814,#815,#816,#817,#818,#819,
    #820,#821,#822,#823,#824,#825,#826,#827,#828,#829,#830,#831,#832,
    #833,#834,#835,#836,#837,#838),.UNSPECIFIED.,.F.,.F.,(4,1,1,1,1,1,1,
    1,1,1,1,1,1,1,1,1,1,1,1,1,1,1,4),(1.265053158303,1.350861140663,
    1.436669123023,1.522477105383,1.608285087744,1.694093070104,
    1.779901052464,1.865709034824,1.951517017184,2.037324999544,
    2.123132981904,2.208940964264,2.294748946624,2.380556928984,
    2.466364911344,2.552172893704,2.637980876065,2.723788858425,
    2.809596840785,2.895404823145,2.981212805505,3.067020787865,
    3.152828770225),.QUASI_UNIFORM_KNOTS.);
#814 = CARTESIAN_POINT('',(1.452326391353E-06,-0.41684630704));
#815 = CARTESIAN_POINT('',(6.044945998228E-07,-0.381267353219));
#816 = CARTESIAN_POINT('',(-2.068455253639E-07,-0.335636173016));
#817 = CARTESIAN_POINT('',(5.542483375592E-08,-0.312088158187));
#818 = CARTESIAN_POINT('',(-1.485034394905E-08,-0.285994069974));
#819 = CARTESIAN_POINT('',(3.9797573053E-09,-0.265080986568));
#820 = CARTESIAN_POINT('',(-1.0658253976E-09,-0.245467256696));
#821 = CARTESIAN_POINT('',(2.860698097945E-10,-0.227281905537));
#822 = CARTESIAN_POINT('',(-7.616882543302E-11,-0.210013482222));
#823 = CARTESIAN_POINT('',(2.081882681897E-11,-0.193534346893));
#824 = CARTESIAN_POINT('',(-5.238165364134E-12,-0.17768814385));
#825 = CARTESIAN_POINT('',(1.714310328784E-12,-0.16237293197));
#826 = CARTESIAN_POINT('',(-1.514535405292E-13,-0.147503987218));
#827 = CARTESIAN_POINT('',(3.099994688284E-13,-0.133014424839));
#828 = CARTESIAN_POINT('',(1.391264590822E-13,-0.118848909136));
#829 = CARTESIAN_POINT('',(1.480716563363E-13,-0.104961172152));
#830 = CARTESIAN_POINT('',(1.472406337395E-13,-9.131175066459E-02));
#831 = CARTESIAN_POINT('',(1.074457137654E-13,-7.786647700722E-02));
#832 = CARTESIAN_POINT('',(1.095051801092E-13,-6.459531513565E-02));
#833 = CARTESIAN_POINT('',(7.107830325665E-14,-5.147148571485E-02));
#834 = CARTESIAN_POINT('',(6.516296724075E-14,-3.847077059834E-02));
#835 = CARTESIAN_POINT('',(3.760348411019E-14,-2.557099851398E-02));
#836 = CARTESIAN_POINT('',(2.379850158108E-14,-1.275147815804E-02));
#837 = CARTESIAN_POINT('',(9.388357764046E-15,-4.245877100515E-03));
#838 = CARTESIAN_POINT('',(0.,0.));
#839 = ( GEOMETRIC_REPRESENTATION_CONTEXT(2) 
PARAMETRIC_REPRESENTATION_CONTEXT() REPRESENTATION_CONTEXT('2D SPACE',''
  ) );
#840 = PCURVE('',#841,#890);
#841 = B_SPLINE_SURFACE_WITH_KNOTS('',3,3,(
    (#842,#843,#844,#845)
    ,(#846,#847,#848,#849)
    ,(#850,#851,#852,#853)
    ,(#854,#855,#856,#857)
    ,(#858,#859,#860,#861)
    ,(#862,#863,#864,#865)
    ,(#866,#867,#868,#869)
    ,(#870,#871,#872,#873)
    ,(#874,#875,#876,#877)
    ,(#878,#879,#880,#881)
    ,(#882,#883,#884,#885)
    ,(#886,#887,#888,#889
    )),.UNSPECIFIED.,.F.,.F.,.F.,(4,1,1,1,1,1,1,2,4),(4,4),(
    -2.488062105863E-16,0.2,0.4,0.6,0.7,0.8,0.9,1.,1.001516008516),(
    9.968222535956E-03,0.986272956864),.UNSPECIFIED.);
#842 = CARTESIAN_POINT('',(135.79066732674,28.710534025127,
    159.12227639861));
#843 = CARTESIAN_POINT('',(128.95653418644,27.437419585767,
    158.14418847895));
#844 = CARTESIAN_POINT('',(122.12240104614,26.164305146407,
    157.16610055929));
#845 = CARTESIAN_POINT('',(115.28826790585,24.891190707046,
    156.18801263962));
#846 = CARTESIAN_POINT('',(135.79066732674,30.025916925365,
    158.99603862604));
#847 = CARTESIAN_POINT('',(128.95653418644,28.447144662412,
    158.15212316966));
#848 = CARTESIAN_POINT('',(122.12240104614,26.868889060082,
    157.30854824485));
#849 = CARTESIAN_POINT('',(115.28826790585,25.290116797128,
    156.46463278847));
#850 = CARTESIAN_POINT('',(135.79066732674,32.909021302424,
    158.71885570939));
#851 = CARTESIAN_POINT('',(128.95653418644,30.705109409543,
    158.14912780293));
#852 = CARTESIAN_POINT('',(122.12240104614,28.501208019488,
    157.57908405187));
#853 = CARTESIAN_POINT('',(115.28826790585,26.297296126607,
    157.00935614541));
#854 = CARTESIAN_POINT('',(135.79066732674,37.764600627013,
    158.24644021952));
#855 = CARTESIAN_POINT('',(128.95653418644,34.625623516206,
    157.94392916542));
#856 = CARTESIAN_POINT('',(122.12240104614,31.486733337223,
    157.64053603581));
#857 = CARTESIAN_POINT('',(115.28826790585,28.347756226416,
    157.33802498171));
#858 = CARTESIAN_POINT('',(135.79066732674,42.062575853081,
    157.82106882377));
#859 = CARTESIAN_POINT('',(128.95653418644,38.107993826981,
    157.51803548833));
#860 = CARTESIAN_POINT('',(122.12240104614,34.15315577935,
    157.21537872924));
#861 = CARTESIAN_POINT('',(115.28826790585,30.19857375325,
    156.91234539379));
#862 = CARTESIAN_POINT('',(135.79066732674,45.536741864064,
    157.47272723789));
#863 = CARTESIAN_POINT('',(128.95653418644,40.859853888126,
    157.02869037813));
#864 = CARTESIAN_POINT('',(122.12240104614,36.183204515366,
    156.58531594395));
#865 = CARTESIAN_POINT('',(115.28826790585,31.506316539428,
    156.14127908419));
#866 = CARTESIAN_POINT('',(135.79066732674,48.13154746066,
    157.21062171641));
#867 = CARTESIAN_POINT('',(128.95653418644,42.869441090869,
    156.60295198615));
#868 = CARTESIAN_POINT('',(122.12240104614,37.607194001188,
    155.99526199645));
#869 = CARTESIAN_POINT('',(115.28826790585,32.345087631396,
    155.38759226619));
#870 = CARTESIAN_POINT('',(135.79066732674,50.686966946907,
    156.95090671275));
#871 = CARTESIAN_POINT('',(128.95653418644,44.79144759474,156.1354852404
    ));
#872 = CARTESIAN_POINT('',(122.12240104614,38.896071438896,
    155.32043794792));
#873 = CARTESIAN_POINT('',(115.28826790585,33.000552086729,
    154.50501647557));
#874 = CARTESIAN_POINT('',(135.79066732674,52.345424851767,
    156.78162560551));
#875 = CARTESIAN_POINT('',(128.95653418644,45.99778815666,
    155.81195705599));
#876 = CARTESIAN_POINT('',(122.12240104614,39.650003212321,
    154.84212394832));
#877 = CARTESIAN_POINT('',(115.28826790585,33.302366517213,
    153.8724553988));
#878 = CARTESIAN_POINT('',(135.79066732674,53.171007527691,
    156.69725691567));
#879 = CARTESIAN_POINT('',(128.95653418644,46.587930694539,
    155.64839442862));
#880 = CARTESIAN_POINT('',(122.12240104614,40.004855844101,
    154.59953628921));
#881 = CARTESIAN_POINT('',(115.28826790585,33.421779010949,
    153.55067380216));
#882 = CARTESIAN_POINT('',(135.79066732674,53.183336454648,
    156.69599696137));
#883 = CARTESIAN_POINT('',(128.95653418644,46.59674329423,
    155.64595483827));
#884 = CARTESIAN_POINT('',(122.12240104614,40.010148702672,
    154.5959087082));
#885 = CARTESIAN_POINT('',(115.28826790585,33.423555542254,
    153.5458665851));
#886 = CARTESIAN_POINT('',(135.79066732674,53.195665312364,
    156.69473698221));
#887 = CARTESIAN_POINT('',(128.95653418644,46.605551949186,
    155.64351029049));
#888 = CARTESIAN_POINT('',(122.12240104614,40.015438586007,
    154.59228359877));
#889 = CARTESIAN_POINT('',(115.28826790585,33.425325222829,
    153.54105690705));
#890 = DEFINITIONAL_REPRESENTATION('',(#891),#894);
#891 = B_SPLINE_CURVE_WITH_KNOTS('',1,(#892,#893),.UNSPECIFIED.,.F.,.F.,
  (2,2),(1.265053158303,3.152828770225),.PIECEWISE_BEZIER_KNOTS.);
#892 = CARTESIAN_POINT('',(0.999999998903,4.313491099589E-02));
#893 = CARTESIAN_POINT('',(0.999999997052,0.107502983159));
#894 = ( GEOMETRIC_REPRESENTATION_CONTEXT(2) 
PARAMETRIC_REPRESENTATION_CONTEXT() REPRESENTATION_CONTEXT('2D SPACE',''
  ) );
#895 = ORIENTED_EDGE('',*,*,#896,.T.);
#896 = EDGE_CURVE('',#804,#675,#897,.T.);
#897 = SURFACE_CURVE('',#898,(#909,#915),.PCURVE_S1.);
#898 = B_SPLINE_CURVE_WITH_KNOTS('',3,(#899,#900,#901,#902,#903,#904,
    #905,#906,#907,#908),.UNSPECIFIED.,.F.,.F.,(4,3,3,4),(
    -0.240163245612,-0.226233852971,-0.217633791478,-0.201112217128),
  .UNSPECIFIED.);
#899 = CARTESIAN_POINT('',(135.09416564883,52.488122925156,
    156.59174646217));
#900 = CARTESIAN_POINT('',(135.12740130369,52.520120375617,
    156.59684099262));
#901 = CARTESIAN_POINT('',(135.15983946868,52.552927038202,
    156.60164658966));
#902 = CARTESIAN_POINT('',(135.19148965296,52.586527541716,
    156.60615450158));
#903 = CARTESIAN_POINT('',(135.21103060052,52.607272623995,
    156.60893770404));
#904 = CARTESIAN_POINT('',(135.23027118283,52.628320406425,
    156.61160839444));
#905 = CARTESIAN_POINT('',(135.24921313206,52.649668189792,
    156.61417445486));
#906 = CARTESIAN_POINT('',(135.28560261168,52.690679530218,
    156.61910412722));
#907 = CARTESIAN_POINT('',(135.32083813643,52.732741853872,
    156.62362629589));
#908 = CARTESIAN_POINT('',(135.35488750548,52.775784243651,
    156.62774708983));
#909 = PCURVE('',#78,#910);
#910 = DEFINITIONAL_REPRESENTATION('',(#911),#914);
#911 = B_SPLINE_CURVE_WITH_KNOTS('',1,(#912,#913),.UNSPECIFIED.,.F.,.F.,
  (2,2),(-0.240163210879,-0.201112217128),.PIECEWISE_BEZIER_KNOTS.);
#912 = CARTESIAN_POINT('',(1.454213913457E-06,-0.416846254789));
#913 = CARTESIAN_POINT('',(0.163267297822,-0.409272494758));
#914 = ( GEOMETRIC_REPRESENTATION_CONTEXT(2) 
PARAMETRIC_REPRESENTATION_CONTEXT() REPRESENTATION_CONTEXT('2D SPACE',''
  ) );
#915 = PCURVE('',#841,#916);
#916 = DEFINITIONAL_REPRESENTATION('',(#917),#920);
#917 = B_SPLINE_CURVE_WITH_KNOTS('',1,(#918,#919),.UNSPECIFIED.,.F.,.F.,
  (2,2),(-0.240163210879,-0.201112217128),.PIECEWISE_BEZIER_KNOTS.);
#918 = CARTESIAN_POINT('',(0.999999994322,4.313490849059E-02));
#919 = CARTESIAN_POINT('',(1.001529046563,3.071873425968E-02));
#920 = ( GEOMETRIC_REPRESENTATION_CONTEXT(2) 
PARAMETRIC_REPRESENTATION_CONTEXT() REPRESENTATION_CONTEXT('2D SPACE',''
  ) );
#921 = ADVANCED_FACE('',(#922),#359,.T.);
#922 = FACE_BOUND('',#923,.T.);
#923 = EDGE_LOOP('',(#924,#925,#999,#1072));
#924 = ORIENTED_EDGE('',*,*,#343,.F.);
#925 = ORIENTED_EDGE('',*,*,#926,.F.);
#926 = EDGE_CURVE('',#927,#286,#929,.T.);
#927 = VERTEX_POINT('',#928);
#928 = CARTESIAN_POINT('',(115.36579035901,26.354684707929,
    146.48264690477));
#929 = SURFACE_CURVE('',#930,(#941,#992),.PCURVE_S1.);
#930 = B_SPLINE_CURVE_WITH_KNOTS('',3,(#931,#932,#933,#934,#935,#936,
    #937,#938,#939,#940),.UNSPECIFIED.,.F.,.F.,(4,1,1,1,1,1,1,4),(
    -2.097455827745,-2.082587180439,-2.045743795355,-1.972057025188,
    -1.824683484853,-1.529936404184,-0.940442242845,-6.416429572435E-02)
  ,.UNSPECIFIED.);
#931 = CARTESIAN_POINT('',(115.36580936586,26.354667733891,
    146.48264991567));
#932 = CARTESIAN_POINT('',(115.40935678541,26.397567737333,
    146.44959838832));
#933 = CARTESIAN_POINT('',(115.56169337503,26.544692465793,
    146.33821445012));
#934 = CARTESIAN_POINT('',(115.93733786193,26.879771713352,
    146.0964544521));
#935 = CARTESIAN_POINT('',(116.72495848659,27.477558217343,
    145.69497674641));
#936 = CARTESIAN_POINT('',(118.31636502352,28.387851680943,
    145.09908990883));
#937 = CARTESIAN_POINT('',(121.49892146835,29.619990244033,
    144.12254365353));
#938 = CARTESIAN_POINT('',(126.9289471897,31.130950005561,
    142.43798837055));
#939 = CARTESIAN_POINT('',(131.44236273237,32.201316733995,
    140.92819444005));
#940 = CARTESIAN_POINT('',(134.13671797717,32.820274253203,
    139.99999677505));
#941 = PCURVE('',#359,#942);
#942 = DEFINITIONAL_REPRESENTATION('',(#943),#991);
#943 = B_SPLINE_CURVE_WITH_KNOTS('',3,(#944,#945,#946,#947,#948,#949,
    #950,#951,#952,#953,#954,#955,#956,#957,#958,#959,#960,#961,#962,
    #963,#964,#965,#966,#967,#968,#969,#970,#971,#972,#973,#974,#975,
    #976,#977,#978,#979,#980,#981,#982,#983,#984,#985,#986,#987,#988,
    #989,#990),.UNSPECIFIED.,.F.,.F.,(4,1,1,1,1,1,1,1,1,1,1,1,1,1,1,1,1,
    1,1,1,1,1,1,1,1,1,1,1,1,1,1,1,1,1,1,1,1,1,1,1,1,1,1,1,4),(
    -2.097455827743,-2.051244656614,-2.005033485484,-1.958822314355,
    -1.912611143225,-1.866399972095,-1.820188800966,-1.773977629836,
    -1.727766458707,-1.681555287577,-1.635344116448,-1.589132945318,
    -1.542921774189,-1.496710603059,-1.45049943193,-1.4042882608,
    -1.35807708967,-1.311865918541,-1.265654747411,-1.219443576282,
    -1.173232405152,-1.127021234023,-1.080810062893,-1.034598891764,
    -0.988387720634,-0.942176549505,-0.895965378375,-0.849754207245,
    -0.803543036116,-0.757331864986,-0.711120693857,-0.664909522727,
    -0.618698351598,-0.572487180468,-0.526276009339,-0.480064838209,
    -0.43385366708,-0.38764249595,-0.34143132482,-0.295220153691,
    -0.249008982561,-0.202797811432,-0.156586640302,-0.110375469173,
    -6.41642980432E-02),.UNSPECIFIED.);
#944 = CARTESIAN_POINT('',(0.96672819637,0.982580626151));
#945 = CARTESIAN_POINT('',(0.955268672457,0.976120977732));
#946 = CARTESIAN_POINT('',(0.934931606658,0.963008103598));
#947 = CARTESIAN_POINT('',(0.910731342746,0.942947026343));
#948 = CARTESIAN_POINT('',(0.891242493968,0.922728224735));
#949 = CARTESIAN_POINT('',(0.875407719965,0.902427974916));
#950 = CARTESIAN_POINT('',(0.862432294582,0.882103493158));
#951 = CARTESIAN_POINT('',(0.851661739547,0.861762383499));
#952 = CARTESIAN_POINT('',(0.84260097138,0.841389187448));
#953 = CARTESIAN_POINT('',(0.834988563278,0.821011105824));
#954 = CARTESIAN_POINT('',(0.82857672302,0.800641073933));
#955 = CARTESIAN_POINT('',(0.82315300257,0.780284035561));
#956 = CARTESIAN_POINT('',(0.818531690284,0.759937448909));
#957 = CARTESIAN_POINT('',(0.814556025591,0.739593395444));
#958 = CARTESIAN_POINT('',(0.811084220385,0.719235897726));
#959 = CARTESIAN_POINT('',(0.808048819739,0.698866065978));
#960 = CARTESIAN_POINT('',(0.805406495098,0.678490925246));
#961 = CARTESIAN_POINT('',(0.80311266018,0.658114292108));
#962 = CARTESIAN_POINT('',(0.801127854341,0.637739349386));
#963 = CARTESIAN_POINT('',(0.799415846103,0.617368183947));
#964 = CARTESIAN_POINT('',(0.797943858891,0.597002099956));
#965 = CARTESIAN_POINT('',(0.796682183631,0.576641692205));
#966 = CARTESIAN_POINT('',(0.795603943729,0.556286957476));
#967 = CARTESIAN_POINT('',(0.794684824634,0.535937373352));
#968 = CARTESIAN_POINT('',(0.793902835491,0.515591970793));
#969 = CARTESIAN_POINT('',(0.793238065982,0.495249384061));
#970 = CARTESIAN_POINT('',(0.792672540607,0.474907932224));
#971 = CARTESIAN_POINT('',(0.792189806177,0.454565543792));
#972 = CARTESIAN_POINT('',(0.791783195915,0.434222913483));
#973 = CARTESIAN_POINT('',(0.791446683266,0.413880734226));
#974 = CARTESIAN_POINT('',(0.791174595162,0.393539574557));
#975 = CARTESIAN_POINT('',(0.790961657856,0.37319992371));
#976 = CARTESIAN_POINT('',(0.790802953681,0.352862190501));
#977 = CARTESIAN_POINT('',(0.79069390226,0.332526713409));
#978 = CARTESIAN_POINT('',(0.790630236191,0.312193766605));
#979 = CARTESIAN_POINT('',(0.790607979528,0.291863566134));
#980 = CARTESIAN_POINT('',(0.790623426986,0.271536275233));
#981 = CARTESIAN_POINT('',(0.79067312453,0.251212009142));
#982 = CARTESIAN_POINT('',(0.790753851168,0.230890839412));
#983 = CARTESIAN_POINT('',(0.79086260203,0.210572797765));
#984 = CARTESIAN_POINT('',(0.790996572527,0.190257879584));
#985 = CARTESIAN_POINT('',(0.791153144061,0.169946046991));
#986 = CARTESIAN_POINT('',(0.791329869316,0.149637231869));
#987 = CARTESIAN_POINT('',(0.791524464164,0.129331337668));
#988 = CARTESIAN_POINT('',(0.791734779655,0.109028244496));
#989 = CARTESIAN_POINT('',(0.791884161726,9.549461538359E-02));
#990 = CARTESIAN_POINT('',(0.791960809672,8.872821866258E-02));
#991 = ( GEOMETRIC_REPRESENTATION_CONTEXT(2) 
PARAMETRIC_REPRESENTATION_CONTEXT() REPRESENTATION_CONTEXT('2D SPACE',''
  ) );
#992 = PCURVE('',#547,#993);
#993 = DEFINITIONAL_REPRESENTATION('',(#994),#998);
#994 = LINE('',#995,#996);
#995 = CARTESIAN_POINT('',(1.,-1.42108547152E-14));
#996 = VECTOR('',#997,1.);
#997 = DIRECTION('',(1.856476667801E-15,-1.));
#998 = ( GEOMETRIC_REPRESENTATION_CONTEXT(2) 
PARAMETRIC_REPRESENTATION_CONTEXT() REPRESENTATION_CONTEXT('2D SPACE',''
  ) );
#999 = ORIENTED_EDGE('',*,*,#1000,.F.);
#1000 = EDGE_CURVE('',#1001,#927,#1003,.T.);
#1001 = VERTEX_POINT('',#1002);
#1002 = CARTESIAN_POINT('',(115.33472134674,33.584464140614,
    150.97275649718));
#1003 = SURFACE_CURVE('',#1004,(#1011,#1040),.PCURVE_S1.);
#1004 = B_SPLINE_CURVE_WITH_KNOTS('',3,(#1005,#1006,#1007,#1008,#1009,
    #1010),.UNSPECIFIED.,.F.,.F.,(4,1,1,4),(-2.996027603748,
    -2.228856702798,-1.717409435498,-1.265793205891),.UNSPECIFIED.);
#1005 = CARTESIAN_POINT('',(115.33472134674,33.584464140614,
    150.97275649718));
#1006 = CARTESIAN_POINT('',(115.35939312854,33.338728434399,
    149.55651131315));
#1007 = CARTESIAN_POINT('',(115.38573423334,31.984611443628,
    147.42083680306));
#1008 = CARTESIAN_POINT('',(115.38273280569,28.974971901467,
    146.13985876825));
#1009 = CARTESIAN_POINT('',(115.37180209429,27.157082871374,
    146.24624307345));
#1010 = CARTESIAN_POINT('',(115.36575045759,26.354602365472,
    146.48293322803));
#1011 = PCURVE('',#359,#1012);
#1012 = DEFINITIONAL_REPRESENTATION('',(#1013),#1039);
#1013 = B_SPLINE_CURVE_WITH_KNOTS('',3,(#1014,#1015,#1016,#1017,#1018,
    #1019,#1020,#1021,#1022,#1023,#1024,#1025,#1026,#1027,#1028,#1029,
    #1030,#1031,#1032,#1033,#1034,#1035,#1036,#1037,#1038),
  .UNSPECIFIED.,.F.,.F.,(4,1,1,1,1,1,1,1,1,1,1,1,1,1,1,1,1,1,1,1,1,1,4),
  (-2.996027603748,-2.917381896298,-2.838736188849,-2.760090481399,
    -2.681444773949,-2.6027990665,-2.52415335905,-2.4455076516,
    -2.366861944151,-2.288216236701,-2.209570529251,-2.130924821802,
    -2.052279114352,-1.973633406902,-1.894987699453,-1.816341992003,
    -1.737696284553,-1.659050577104,-1.580404869654,-1.501759162204,
    -1.423113454755,-1.344467747305,-1.265822039855),
  .QUASI_UNIFORM_KNOTS.);
#1014 = CARTESIAN_POINT('',(0.,0.98406088825));
#1015 = CARTESIAN_POINT('',(4.470172106679E-02,0.983951034078));
#1016 = CARTESIAN_POINT('',(0.113598163102,0.983730655521));
#1017 = CARTESIAN_POINT('',(0.177979511764,0.983418836314));
#1018 = CARTESIAN_POINT('',(0.235024386566,0.983175258668));
#1019 = CARTESIAN_POINT('',(0.284617586845,0.982948847674));
#1020 = CARTESIAN_POINT('',(0.330351668246,0.982688729511));
#1021 = CARTESIAN_POINT('',(0.373078852659,0.982457410671));
#1022 = CARTESIAN_POINT('',(0.413643553829,0.982263103616));
#1023 = CARTESIAN_POINT('',(0.452480017412,0.982108112876));
#1024 = CARTESIAN_POINT('',(0.489917840865,0.981990157126));
#1025 = CARTESIAN_POINT('',(0.526406542845,0.981909963972));
#1026 = CARTESIAN_POINT('',(0.562265770839,0.981846397781));
#1027 = CARTESIAN_POINT('',(0.597689004276,0.981779506108));
#1028 = CARTESIAN_POINT('',(0.632803609033,0.981739229626));
#1029 = CARTESIAN_POINT('',(0.667776801318,0.981736179946));
#1030 = CARTESIAN_POINT('',(0.702783395134,0.981777532861));
#1031 = CARTESIAN_POINT('',(0.738011611057,0.981864144115));
#1032 = CARTESIAN_POINT('',(0.773666979595,0.981988303378));
#1033 = CARTESIAN_POINT('',(0.809957712226,0.982129613421));
#1034 = CARTESIAN_POINT('',(0.847060318932,0.98221639567));
#1035 = CARTESIAN_POINT('',(0.885225489831,0.982294708415));
#1036 = CARTESIAN_POINT('',(0.924840748439,0.982436731017));
#1037 = CARTESIAN_POINT('',(0.952505995262,0.982538063798));
#1038 = CARTESIAN_POINT('',(0.966722331722,0.982587433242));
#1039 = ( GEOMETRIC_REPRESENTATION_CONTEXT(2) 
PARAMETRIC_REPRESENTATION_CONTEXT() REPRESENTATION_CONTEXT('2D SPACE',''
  ) );
#1040 = PCURVE('',#1041,#1066);
#1041 = B_SPLINE_SURFACE_WITH_KNOTS('',3,3,(
    (#1042,#1043,#1044,#1045,#1046,#1047)
    ,(#1048,#1049,#1050,#1051,#1052,#1053)
    ,(#1054,#1055,#1056,#1057,#1058,#1059)
    ,(#1060,#1061,#1062,#1063,#1064,#1065
    )),.UNSPECIFIED.,.F.,.F.,.F.,(4,4),(4,1,1,4),(-2.527069403264E-05,1.
    ),(-2.996027603748,-2.228856702798,-1.717409435498,-1.205962168198),
  .UNSPECIFIED.);
#1042 = CARTESIAN_POINT('',(114.99999154135,32.971993743392,
    151.06254586656));
#1043 = CARTESIAN_POINT('',(114.99999091788,32.786529749001,
    149.79745405267));
#1044 = CARTESIAN_POINT('',(114.99999025222,31.626773702803,
    147.82710824916));
#1045 = CARTESIAN_POINT('',(114.99999033069,28.784387745401,
    146.62320260137));
#1046 = CARTESIAN_POINT('',(114.99999063952,27.037228392867,
    146.81276456181));
#1047 = CARTESIAN_POINT('',(114.99999081918,26.240921957935,
    147.11689989921));
#1048 = CARTESIAN_POINT('',(115.11156814315,33.176150542466,
    151.03261607677));
#1049 = CARTESIAN_POINT('',(115.11979165477,32.970595977467,
    149.71713980616));
#1050 = CARTESIAN_POINT('',(115.12857157926,31.746052949745,
    147.69168443379));
#1051 = CARTESIAN_POINT('',(115.12753655951,28.813224956862,
    146.44732269896));
#1052 = CARTESIAN_POINT('',(115.12346315861,27.001704492733,
    146.62938437385));
#1053 = CARTESIAN_POINT('',(115.1210935767,26.173441737401,
    146.94021866232));
#1054 = CARTESIAN_POINT('',(115.22314474495,33.38030734154,
    151.00268628697));
#1055 = CARTESIAN_POINT('',(115.23959239166,33.154662205933,
    149.63682555965));
#1056 = CARTESIAN_POINT('',(115.2571529063,31.865332196686,
    147.55626061843));
#1057 = CARTESIAN_POINT('',(115.25508278832,28.842062168322,
    146.27144279654));
#1058 = CARTESIAN_POINT('',(115.24693567769,26.9661805926,
    146.44600418589));
#1059 = CARTESIAN_POINT('',(115.24219633422,26.105961516866,
    146.76353742543));
#1060 = CARTESIAN_POINT('',(115.33472134674,33.584464140614,
    150.97275649718));
#1061 = CARTESIAN_POINT('',(115.35939312854,33.338728434399,
    149.55651131315));
#1062 = CARTESIAN_POINT('',(115.38573423334,31.984611443628,
    147.42083680306));
#1063 = CARTESIAN_POINT('',(115.38262901714,28.870899379783,
    146.09556289413));
#1064 = CARTESIAN_POINT('',(115.37040819678,26.930656692466,
    146.26262399793));
#1065 = CARTESIAN_POINT('',(115.36329909174,26.038481296331,
    146.58685618854));
#1066 = DEFINITIONAL_REPRESENTATION('',(#1067),#1071);
#1067 = LINE('',#1068,#1069);
#1068 = CARTESIAN_POINT('',(1.,2.22044604925E-15));
#1069 = VECTOR('',#1070,1.);
#1070 = DIRECTION('',(-9.560900399429E-15,1.));
#1071 = ( GEOMETRIC_REPRESENTATION_CONTEXT(2) 
PARAMETRIC_REPRESENTATION_CONTEXT() REPRESENTATION_CONTEXT('2D SPACE',''
  ) );
#1072 = ORIENTED_EDGE('',*,*,#1073,.F.);
#1073 = EDGE_CURVE('',#146,#1001,#1074,.T.);
#1074 = SURFACE_CURVE('',#1075,(#1079,#1085),.PCURVE_S1.);
#1075 = LINE('',#1076,#1077);
#1076 = CARTESIAN_POINT('',(136.,47.575613963731,153.02438603626));
#1077 = VECTOR('',#1078,1.);
#1078 = DIRECTION('',(-0.825281731376,-0.55874593049,-8.19331985099E-02)
  );
#1079 = PCURVE('',#359,#1080);
#1080 = DEFINITIONAL_REPRESENTATION('',(#1081),#1084);
#1081 = B_SPLINE_CURVE_WITH_KNOTS('',1,(#1082,#1083),.UNSPECIFIED.,.F.,
  .F.,(2,2),(2.263354934944,25.040271543159),.PIECEWISE_BEZIER_KNOTS.);
#1082 = CARTESIAN_POINT('',(5.035963436788E-14,8.894787997276E-02));
#1083 = CARTESIAN_POINT('',(1.709581089949E-13,0.98406088825));
#1084 = ( GEOMETRIC_REPRESENTATION_CONTEXT(2) 
PARAMETRIC_REPRESENTATION_CONTEXT() REPRESENTATION_CONTEXT('2D SPACE',''
  ) );
#1085 = PCURVE('',#208,#1086);
#1086 = DEFINITIONAL_REPRESENTATION('',(#1087),#1090);
#1087 = B_SPLINE_CURVE_WITH_KNOTS('',1,(#1088,#1089),.UNSPECIFIED.,.F.,
  .F.,(2,2),(2.263354934944,25.040271543159),.PIECEWISE_BEZIER_KNOTS.);
#1088 = CARTESIAN_POINT('',(1.,8.894787997274E-02));
#1089 = CARTESIAN_POINT('',(1.,0.98406088825));
#1090 = ( GEOMETRIC_REPRESENTATION_CONTEXT(2) 
PARAMETRIC_REPRESENTATION_CONTEXT() REPRESENTATION_CONTEXT('2D SPACE',''
  ) );
#1091 = ADVANCED_FACE('',(#1092),#547,.F.);
#1092 = FACE_BOUND('',#1093,.F.);
#1093 = EDGE_LOOP('',(#1094,#1095,#1143,#1212,#1285));
#1094 = ORIENTED_EDGE('',*,*,#926,.F.);
#1095 = ORIENTED_EDGE('',*,*,#1096,.F.);
#1096 = EDGE_CURVE('',#1097,#927,#1099,.T.);
#1097 = VERTEX_POINT('',#1098);
#1098 = CARTESIAN_POINT('',(115.35668145256,26.042169941127,
    146.59651048322));
#1099 = SURFACE_CURVE('',#1100,(#1108,#1137),.PCURVE_S1.);
#1100 = B_SPLINE_CURVE_WITH_KNOTS('',3,(#1101,#1102,#1103,#1104,#1105,
    #1106,#1107),.UNSPECIFIED.,.F.,.F.,(4,3,4),(3.313756210436E-02,
    5.513187614142E-02,6.639504937135E-02),.UNSPECIFIED.);
#1101 = CARTESIAN_POINT('',(115.35668145256,26.04216994112,
    146.59651048323));
#1102 = CARTESIAN_POINT('',(115.36001603534,26.109466741951,
    146.56738939217));
#1103 = CARTESIAN_POINT('',(115.36255582992,26.17792290801,
    146.54081503207));
#1104 = CARTESIAN_POINT('',(115.36412567593,26.247309750645,
    146.51709383597));
#1105 = CARTESIAN_POINT('',(115.36492958586,26.282842389997,
    146.50494633546));
#1106 = CARTESIAN_POINT('',(115.36547909619,26.318618342026,
    146.4935466498));
#1107 = CARTESIAN_POINT('',(115.36575045759,26.354602365472,
    146.48293322803));
#1108 = PCURVE('',#547,#1109);
#1109 = DEFINITIONAL_REPRESENTATION('',(#1110),#1136);
#1110 = B_SPLINE_CURVE_WITH_KNOTS('',3,(#1111,#1112,#1113,#1114,#1115,
    #1116,#1117,#1118,#1119,#1120,#1121,#1122,#1123,#1124,#1125,#1126,
    #1127,#1128,#1129,#1130,#1131,#1132,#1133,#1134,#1135),
  .UNSPECIFIED.,.F.,.F.,(4,1,1,1,1,1,1,1,1,1,1,1,1,1,1,1,1,1,1,1,1,1,4),
  (3.313756210436E-02,3.464926607104E-02,3.616097003772E-02,
    3.76726740044E-02,3.918437797109E-02,4.069608193777E-02,
    4.220778590445E-02,4.371948987113E-02,4.523119383781E-02,
    4.674289780449E-02,4.825460177118E-02,4.976630573786E-02,
    5.127800970454E-02,5.278971367122E-02,5.43014176379E-02,
    5.581312160458E-02,5.732482557127E-02,5.883652953795E-02,
    6.034823350463E-02,6.185993747131E-02,6.337164143799E-02,
    6.488334540467E-02,6.639504937135E-02),.QUASI_UNIFORM_KNOTS.);
#1111 = CARTESIAN_POINT('',(0.689486623689,2.108695292203));
#1112 = CARTESIAN_POINT('',(0.695098645203,2.108404040883));
#1113 = CARTESIAN_POINT('',(0.707221793862,2.108038739499));
#1114 = CARTESIAN_POINT('',(0.724833547883,2.107494313975));
#1115 = CARTESIAN_POINT('',(0.741911507111,2.106953505299));
#1116 = CARTESIAN_POINT('',(0.758490792535,2.106416400206));
#1117 = CARTESIAN_POINT('',(0.774604215567,2.105883083406));
#1118 = CARTESIAN_POINT('',(0.790282120939,2.105353637451));
#1119 = CARTESIAN_POINT('',(0.805552706188,2.104828143016));
#1120 = CARTESIAN_POINT('',(0.820442184581,2.104306679034));
#1121 = CARTESIAN_POINT('',(0.834974964517,2.103789322849));
#1122 = CARTESIAN_POINT('',(0.849173801946,2.103276150342));
#1123 = CARTESIAN_POINT('',(0.863059940121,2.102767236038));
#1124 = CARTESIAN_POINT('',(0.876653234648,2.102262653222));
#1125 = CARTESIAN_POINT('',(0.889972268027,2.101762473958));
#1126 = CARTESIAN_POINT('',(0.903034447993,2.101266769415));
#1127 = CARTESIAN_POINT('',(0.915856116146,2.10077560899));
#1128 = CARTESIAN_POINT('',(0.928452531879,2.100289064667));
#1129 = CARTESIAN_POINT('',(0.940838045204,2.099807209381));
#1130 = CARTESIAN_POINT('',(0.953026056766,2.099330113044));
#1131 = CARTESIAN_POINT('',(0.965029113735,2.09885784367));
#1132 = CARTESIAN_POINT('',(0.976858953519,2.098390467213));
#1133 = CARTESIAN_POINT('',(0.988526647607,2.09792804797));
#1134 = CARTESIAN_POINT('',(0.996203789091,2.097623114609));
#1135 = CARTESIAN_POINT('',(1.000018766718,2.097471494903));
#1136 = ( GEOMETRIC_REPRESENTATION_CONTEXT(2) 
PARAMETRIC_REPRESENTATION_CONTEXT() REPRESENTATION_CONTEXT('2D SPACE',''
  ) );
#1137 = PCURVE('',#1041,#1138);
#1138 = DEFINITIONAL_REPRESENTATION('',(#1139),#1142);
#1139 = B_SPLINE_CURVE_WITH_KNOTS('',1,(#1140,#1141),.UNSPECIFIED.,.F.,
  .F.,(2,2),(3.313756210436E-02,6.639504937135E-02),
  .PIECEWISE_BEZIER_KNOTS.);
#1140 = CARTESIAN_POINT('',(0.981784571749,-1.205962396922));
#1141 = CARTESIAN_POINT('',(1.,-1.265793205891));
#1142 = ( GEOMETRIC_REPRESENTATION_CONTEXT(2) 
PARAMETRIC_REPRESENTATION_CONTEXT() REPRESENTATION_CONTEXT('2D SPACE',''
  ) );
#1143 = ORIENTED_EDGE('',*,*,#1144,.F.);
#1144 = EDGE_CURVE('',#1145,#1097,#1147,.T.);
#1145 = VERTEX_POINT('',#1146);
#1146 = CARTESIAN_POINT('',(115.37228034413,25.721326234268,
    146.74248833824));
#1147 = SURFACE_CURVE('',#1148,(#1156,#1185),.PCURVE_S1.);
#1148 = B_SPLINE_CURVE_WITH_KNOTS('',3,(#1149,#1150,#1151,#1152,#1153,
    #1154,#1155),.UNSPECIFIED.,.F.,.F.,(4,3,4),(0.,2.214055149977E-02,
    3.531378952957E-02),.UNSPECIFIED.);
#1149 = CARTESIAN_POINT('',(115.37152057625,25.724835164167,
    146.74740859575));
#1150 = CARTESIAN_POINT('',(115.36971322849,25.790095197653,
    146.71286871467));
#1151 = CARTESIAN_POINT('',(115.36695445843,25.856619196953,
    146.68078610914));
#1152 = CARTESIAN_POINT('',(115.36331958752,25.92422073391,
    146.65134735916));
#1153 = CARTESIAN_POINT('',(115.36115668014,25.964446608972,
    146.63383001367));
#1154 = CARTESIAN_POINT('',(115.35868466804,26.005027908578,
    146.61726017944));
#1155 = CARTESIAN_POINT('',(115.35591658091,26.045944042808,
    146.60166761135));
#1156 = PCURVE('',#547,#1157);
#1157 = DEFINITIONAL_REPRESENTATION('',(#1158),#1184);
#1158 = B_SPLINE_CURVE_WITH_KNOTS('',3,(#1159,#1160,#1161,#1162,#1163,
    #1164,#1165,#1166,#1167,#1168,#1169,#1170,#1171,#1172,#1173,#1174,
    #1175,#1176,#1177,#1178,#1179,#1180,#1181,#1182,#1183),
  .UNSPECIFIED.,.F.,.F.,(4,1,1,1,1,1,1,1,1,1,1,1,1,1,1,1,1,1,1,1,1,1,4),
  (0.,1.597296691179E-03,3.194593382358E-03,4.791890073537E-03,
    6.389186764716E-03,7.986483455895E-03,9.583780147074E-03,
    1.118107683825E-02,1.277837352943E-02,1.437567022061E-02,
    1.597296691179E-02,1.757026360297E-02,1.916756029415E-02,
    2.076485698533E-02,2.236215367651E-02,2.395945036769E-02,
    2.555674705886E-02,2.715404375004E-02,2.875134044122E-02,
    3.03486371324E-02,3.194593382358E-02,3.354323051476E-02,
    3.514052720594E-02),.QUASI_UNIFORM_KNOTS.);
#1159 = CARTESIAN_POINT('',(-7.122091771138E-04,2.119560632527));
#1160 = CARTESIAN_POINT('',(1.499084223943E-02,2.119405748121));
#1161 = CARTESIAN_POINT('',(4.666771680647E-02,2.119075226505));
#1162 = CARTESIAN_POINT('',(9.354826069776E-02,2.118546092665));
#1163 = CARTESIAN_POINT('',(0.137404922343,2.118028812397));
#1164 = CARTESIAN_POINT('',(0.179145696395,2.117511547704));
#1165 = CARTESIAN_POINT('',(0.218768228344,2.116997717126));
#1166 = CARTESIAN_POINT('',(0.256490295799,2.11648662679));
#1167 = CARTESIAN_POINT('',(0.292449618921,2.115978663087));
#1168 = CARTESIAN_POINT('',(0.326786618977,2.115473905041));
#1169 = CARTESIAN_POINT('',(0.359624380763,2.114972497272));
#1170 = CARTESIAN_POINT('',(0.391075848528,2.11447455172));
#1171 = CARTESIAN_POINT('',(0.421243464775,2.11398017629));
#1172 = CARTESIAN_POINT('',(0.450220715979,2.113489467852));
#1173 = CARTESIAN_POINT('',(0.478092794737,2.113002518346));
#1174 = CARTESIAN_POINT('',(0.504938116918,2.11251940321));
#1175 = CARTESIAN_POINT('',(0.530828656849,2.112040189811));
#1176 = CARTESIAN_POINT('',(0.555824309881,2.111565060925));
#1177 = CARTESIAN_POINT('',(0.579987735858,2.111094045118));
#1178 = CARTESIAN_POINT('',(0.603374480298,2.110627206854));
#1179 = CARTESIAN_POINT('',(0.626036307676,2.110164595445));
#1180 = CARTESIAN_POINT('',(0.648020748615,2.109706259227));
#1181 = CARTESIAN_POINT('',(0.669372057827,2.109252242672));
#1182 = CARTESIAN_POINT('',(0.683210717365,2.108952471765));
#1183 = CARTESIAN_POINT('',(0.689486623689,2.108695292203));
#1184 = ( GEOMETRIC_REPRESENTATION_CONTEXT(2) 
PARAMETRIC_REPRESENTATION_CONTEXT() REPRESENTATION_CONTEXT('2D SPACE',''
  ) );
#1185 = PCURVE('',#1186,#1207);
#1186 = B_SPLINE_SURFACE_WITH_KNOTS('',3,3,(
    (#1187,#1188,#1189,#1190,#1191)
    ,(#1192,#1193,#1194,#1195,#1196)
    ,(#1197,#1198,#1199,#1200,#1201)
    ,(#1202,#1203,#1204,#1205,#1206
    )),.UNSPECIFIED.,.F.,.F.,.F.,(4,4),(4,1,4),(0.,1.),(-1.49157492356,
    -1.025720842544,-0.404582067857),.UNSPECIFIED.);
#1187 = CARTESIAN_POINT('',(115.,27.629195891912,146.80348310402));
#1188 = CARTESIAN_POINT('',(115.,26.855207578335,146.86492814177));
#1189 = CARTESIAN_POINT('',(115.,25.082363100451,147.43594089238));
#1190 = CARTESIAN_POINT('',(115.,23.836056616991,148.86797426078));
#1191 = CARTESIAN_POINT('',(115.,23.428553758132,149.81962821375));
#1192 = CARTESIAN_POINT('',(115.10762114798,27.612414985526,
    146.59210353768));
#1193 = CARTESIAN_POINT('',(115.11323564315,26.806210179223,
    146.66380695932));
#1194 = CARTESIAN_POINT('',(115.13682791995,24.978634586436,
    147.30618296904));
#1195 = CARTESIAN_POINT('',(115.13343974824,23.726604574778,
    148.79026326809));
#1196 = CARTESIAN_POINT('',(115.13328452796,23.302668783745,
    149.76572365444));
#1197 = CARTESIAN_POINT('',(115.21524229597,27.595634079139,
    146.38072397133));
#1198 = CARTESIAN_POINT('',(115.2264712863,26.75721278011,
    146.46268577686));
#1199 = CARTESIAN_POINT('',(115.2736558399,24.874906072421,
    147.1764250457));
#1200 = CARTESIAN_POINT('',(115.26687949649,23.617152532564,
    148.71255227539));
#1201 = CARTESIAN_POINT('',(115.26656905593,23.176783809359,
    149.71181909513));
#1202 = CARTESIAN_POINT('',(115.32286344396,27.578853172753,
    146.16934440498));
#1203 = CARTESIAN_POINT('',(115.33970692945,26.708215380998,
    146.26156459441));
#1204 = CARTESIAN_POINT('',(115.41048375985,24.771177558406,
    147.04666712236));
#1205 = CARTESIAN_POINT('',(115.40031924473,23.507700490351,
    148.63484128269));
#1206 = CARTESIAN_POINT('',(115.3998535839,23.050898834972,
    149.65791453582));
#1207 = DEFINITIONAL_REPRESENTATION('',(#1208),#1211);
#1208 = B_SPLINE_CURVE_WITH_KNOTS('',1,(#1209,#1210),.UNSPECIFIED.,.F.,
  .F.,(2,2),(0.,3.514052720594E-02),.PIECEWISE_BEZIER_KNOTS.);
#1209 = CARTESIAN_POINT('',(1.,-1.142488306432));
#1210 = CARTESIAN_POINT('',(0.981962174165,-1.205651419633));
#1211 = ( GEOMETRIC_REPRESENTATION_CONTEXT(2) 
PARAMETRIC_REPRESENTATION_CONTEXT() REPRESENTATION_CONTEXT('2D SPACE',''
  ) );
#1212 = ORIENTED_EDGE('',*,*,#1213,.F.);
#1213 = EDGE_CURVE('',#435,#1145,#1214,.T.);
#1214 = SURFACE_CURVE('',#1215,(#1227,#1234),.PCURVE_S1.);
#1215 = B_SPLINE_CURVE_WITH_KNOTS('',3,(#1216,#1217,#1218,#1219,#1220,
    #1221,#1222,#1223,#1224,#1225,#1226),.UNSPECIFIED.,.F.,.F.,(4,1,1,1,
    1,1,1,1,4),(0.333892648112,0.940442242845,1.529936404184,
    1.824683484853,1.972057025188,2.045743795355,2.082587180439,
    2.10100887298,2.119430565522),.UNSPECIFIED.);
#1216 = CARTESIAN_POINT('',(132.89339778718,27.708982213391,
    141.75838626309));
#1217 = CARTESIAN_POINT('',(131.00982980193,27.352415297765,
    142.39914057344));
#1218 = CARTESIAN_POINT('',(127.28594259081,26.658458274682,
    143.64250764003));
#1219 = CARTESIAN_POINT('',(122.60598282065,25.837446444251,
    145.12405707702));
#1220 = CARTESIAN_POINT('',(119.29901896028,25.361231458544,
    146.06887912386));
#1221 = CARTESIAN_POINT('',(117.56636496998,25.226202025219,
    146.48563544091));
#1222 = CARTESIAN_POINT('',(116.62444230786,25.257095955278,
    146.65672085119));
#1223 = CARTESIAN_POINT('',(116.08529213843,25.362591024749,
    146.71710181877));
#1224 = CARTESIAN_POINT('',(115.71953471169,25.502372385269,
    146.73545790989));
#1225 = CARTESIAN_POINT('',(115.49221862473,25.637952137949,
    146.73717988296));
#1226 = CARTESIAN_POINT('',(115.37228034413,25.721326234269,
    146.74248833824));
#1227 = PCURVE('',#547,#1228);
#1228 = DEFINITIONAL_REPRESENTATION('',(#1229),#1233);
#1229 = LINE('',#1230,#1231);
#1230 = CARTESIAN_POINT('',(-1.350640544779E-13,-1.787459069647E-14));
#1231 = VECTOR('',#1232,1.);
#1232 = DIRECTION('',(7.313688289169E-14,1.));
#1233 = ( GEOMETRIC_REPRESENTATION_CONTEXT(2) 
PARAMETRIC_REPRESENTATION_CONTEXT() REPRESENTATION_CONTEXT('2D SPACE',''
  ) );
#1234 = PCURVE('',#479,#1235);
#1235 = DEFINITIONAL_REPRESENTATION('',(#1236),#1284);
#1236 = B_SPLINE_CURVE_WITH_KNOTS('',3,(#1237,#1238,#1239,#1240,#1241,
    #1242,#1243,#1244,#1245,#1246,#1247,#1248,#1249,#1250,#1251,#1252,
    #1253,#1254,#1255,#1256,#1257,#1258,#1259,#1260,#1261,#1262,#1263,
    #1264,#1265,#1266,#1267,#1268,#1269,#1270,#1271,#1272,#1273,#1274,
    #1275,#1276,#1277,#1278,#1279,#1280,#1281,#1282,#1283),
  .UNSPECIFIED.,.F.,.F.,(4,1,1,1,1,1,1,1,1,1,1,1,1,1,1,1,1,1,1,1,1,1,1,1
    ,1,1,1,1,1,1,1,1,1,1,1,1,1,1,1,1,1,1,1,1,4),(0.333893033341,
    0.3744734318,0.415053830258,0.455634228717,0.496214627176,
    0.536795025634,0.577375424093,0.617955822552,0.65853622101,
    0.699116619469,0.739697017928,0.780277416386,0.820857814845,
    0.861438213304,0.902018611762,0.942599010221,0.98317940868,
    1.023759807138,1.064340205597,1.104920604056,1.145501002514,
    1.186081400973,1.226661799432,1.26724219789,1.307822596349,
    1.348402994808,1.388983393266,1.429563791725,1.470144190184,
    1.510724588642,1.551304987101,1.59188538556,1.632465784018,
    1.673046182477,1.713626580936,1.754206979394,1.794787377853,
    1.835367776312,1.87594817477,1.916528573229,1.957108971688,
    1.997689370146,2.038269768605,2.078850167064,2.119430565522),
  .QUASI_UNIFORM_KNOTS.);
#1237 = CARTESIAN_POINT('',(0.466655664214,0.147933340642));
#1238 = CARTESIAN_POINT('',(0.466641354805,0.153934187753));
#1239 = CARTESIAN_POINT('',(0.466601480534,0.16593797993));
#1240 = CARTESIAN_POINT('',(0.466505229411,0.183950217772));
#1241 = CARTESIAN_POINT('',(0.466369924346,0.201969260619));
#1242 = CARTESIAN_POINT('',(0.466192744175,0.219995364899));
#1243 = CARTESIAN_POINT('',(0.465970718773,0.238028787621));
#1244 = CARTESIAN_POINT('',(0.465700699109,0.256069786389));
#1245 = CARTESIAN_POINT('',(0.465379349646,0.274118619292));
#1246 = CARTESIAN_POINT('',(0.465003133432,0.292175544801));
#1247 = CARTESIAN_POINT('',(0.464568297757,0.310240821628));
#1248 = CARTESIAN_POINT('',(0.464070857957,0.328314708599));
#1249 = CARTESIAN_POINT('',(0.463506580578,0.346397464345));
#1250 = CARTESIAN_POINT('',(0.462870962833,0.364489347498));
#1251 = CARTESIAN_POINT('',(0.46215921877,0.382590614763));
#1252 = CARTESIAN_POINT('',(0.461366232912,0.400701526659));
#1253 = CARTESIAN_POINT('',(0.460486627225,0.418822324295));
#1254 = CARTESIAN_POINT('',(0.459514395719,0.43695331401));
#1255 = CARTESIAN_POINT('',(0.458436395885,0.455096257918));
#1256 = CARTESIAN_POINT('',(0.457238730684,0.473252869295));
#1257 = CARTESIAN_POINT('',(0.455906380749,0.491424883316));
#1258 = CARTESIAN_POINT('',(0.454423181041,0.509614037329));
#1259 = CARTESIAN_POINT('',(0.452771692023,0.527822075075));
#1260 = CARTESIAN_POINT('',(0.450933085105,0.546050743982));
#1261 = CARTESIAN_POINT('',(0.448887007044,0.56430179404));
#1262 = CARTESIAN_POINT('',(0.44661143908,0.582576974244));
#1263 = CARTESIAN_POINT('',(0.444082518513,0.600878032909));
#1264 = CARTESIAN_POINT('',(0.44127443416,0.619206698905));
#1265 = CARTESIAN_POINT('',(0.438158984684,0.637564726715));
#1266 = CARTESIAN_POINT('',(0.4347063425,0.655953693033));
#1267 = CARTESIAN_POINT('',(0.430881285543,0.674375705909));
#1268 = CARTESIAN_POINT('',(0.426656346526,0.692830687231));
#1269 = CARTESIAN_POINT('',(0.421950158156,0.711328787429));
#1270 = CARTESIAN_POINT('',(0.416624199403,0.729889416209));
#1271 = CARTESIAN_POINT('',(0.410535316291,0.748529980838));
#1272 = CARTESIAN_POINT('',(0.403520369299,0.767268582007));
#1273 = CARTESIAN_POINT('',(0.395402444239,0.786122382117));
#1274 = CARTESIAN_POINT('',(0.385969978362,0.805110743852));
#1275 = CARTESIAN_POINT('',(0.375043723978,0.824243077601));
#1276 = CARTESIAN_POINT('',(0.362211679757,0.84356423817));
#1277 = CARTESIAN_POINT('',(0.346500065824,0.863204429015));
#1278 = CARTESIAN_POINT('',(0.326460659043,0.883330192291));
#1279 = CARTESIAN_POINT('',(0.30198999988,0.903906730922));
#1280 = CARTESIAN_POINT('',(0.265860156542,0.9258266618));
#1281 = CARTESIAN_POINT('',(0.217974560133,0.949127868022));
#1282 = CARTESIAN_POINT('',(0.140295531083,0.969850262347));
#1283 = CARTESIAN_POINT('',(8.324149897673E-02,0.982272364573));
#1284 = ( GEOMETRIC_REPRESENTATION_CONTEXT(2) 
PARAMETRIC_REPRESENTATION_CONTEXT() REPRESENTATION_CONTEXT('2D SPACE',''
  ) );
#1285 = ORIENTED_EDGE('',*,*,#529,.T.);
#1286 = ADVANCED_FACE('',(#1287,#1605),#132,.T.);
#1287 = FACE_BOUND('',#1288,.T.);
#1288 = EDGE_LOOP('',(#1289,#1290,#1291,#1292,#1293,#1340,#1373,#1401,
    #1430,#1459,#1492,#1521,#1549,#1578));
#1289 = ORIENTED_EDGE('',*,*,#644,.F.);
#1290 = ORIENTED_EDGE('',*,*,#258,.F.);
#1291 = ORIENTED_EDGE('',*,*,#115,.F.);
#1292 = ORIENTED_EDGE('',*,*,#775,.F.);
#1293 = ORIENTED_EDGE('',*,*,#1294,.F.);
#1294 = EDGE_CURVE('',#1295,#677,#1297,.T.);
#1295 = VERTEX_POINT('',#1296);
#1296 = CARTESIAN_POINT('',(136.,63.555594645797,155.59992777915));
#1297 = SURFACE_CURVE('',#1298,(#1303,#1311),.PCURVE_S1.);
#1298 = B_SPLINE_CURVE_WITH_KNOTS('',3,(#1299,#1300,#1301,#1302),
  .UNSPECIFIED.,.F.,.F.,(4,4),(8.540877274122E-02,0.788070860802),
  .PIECEWISE_BEZIER_KNOTS.);
#1299 = CARTESIAN_POINT('',(136.,63.555594645797,155.59992777915));
#1300 = CARTESIAN_POINT('',(136.,61.083883710719,155.86686810643));
#1301 = CARTESIAN_POINT('',(136.,58.03744907252,156.19823984301));
#1302 = CARTESIAN_POINT('',(136.,54.636077854029,156.55612115839));
#1303 = PCURVE('',#132,#1304);
#1304 = DEFINITIONAL_REPRESENTATION('',(#1305),#1310);
#1305 = B_SPLINE_CURVE_WITH_KNOTS('',3,(#1306,#1307,#1308,#1309),
  .UNSPECIFIED.,.F.,.F.,(4,4),(8.540877274122E-02,0.788070860802),
  .PIECEWISE_BEZIER_KNOTS.);
#1306 = CARTESIAN_POINT('',(51.019204582255,81.363892266301));
#1307 = CARTESIAN_POINT('',(51.286144909533,78.892181331223));
#1308 = CARTESIAN_POINT('',(51.61751664612,75.845746693023));
#1309 = CARTESIAN_POINT('',(51.975397961493,72.444375474533));
#1310 = ( GEOMETRIC_REPRESENTATION_CONTEXT(2) 
PARAMETRIC_REPRESENTATION_CONTEXT() REPRESENTATION_CONTEXT('2D SPACE',''
  ) );
#1311 = PCURVE('',#717,#1312);
#1312 = DEFINITIONAL_REPRESENTATION('',(#1313),#1339);
#1313 = B_SPLINE_CURVE_WITH_KNOTS('',3,(#1314,#1315,#1316,#1317,#1318,
    #1319,#1320,#1321,#1322,#1323,#1324,#1325,#1326,#1327,#1328,#1329,
    #1330,#1331,#1332,#1333,#1334,#1335,#1336,#1337,#1338),
  .UNSPECIFIED.,.F.,.F.,(4,1,1,1,1,1,1,1,1,1,1,1,1,1,1,1,1,1,1,1,1,1,4),
  (8.540877274122E-02,0.117347958562,0.149287144383,0.181226330204,
    0.213165516025,0.245104701846,0.277043887667,0.308983073488,
    0.340922259309,0.37286144513,0.404800630951,0.436739816772,
    0.468679002593,0.500618188414,0.532557374235,0.564496560055,
    0.596435745876,0.628374931697,0.660314117518,0.692253303339,
    0.72419248916,0.756131674981,0.788070860802),.QUASI_UNIFORM_KNOTS.);
#1314 = CARTESIAN_POINT('',(0.518006587883,-1.088636595328));
#1315 = CARTESIAN_POINT('',(0.518200561633,-1.07731757506));
#1316 = CARTESIAN_POINT('',(0.518579719345,-1.054442443832));
#1317 = CARTESIAN_POINT('',(0.519119895936,-1.019431222274));
#1318 = CARTESIAN_POINT('',(0.519629291065,-0.983734232146));
#1319 = CARTESIAN_POINT('',(0.520105791318,-0.947364198835));
#1320 = CARTESIAN_POINT('',(0.520547346999,-0.910333827244));
#1321 = CARTESIAN_POINT('',(0.520951977391,-0.872655798763));
#1322 = CARTESIAN_POINT('',(0.521317763437,-0.834342771869));
#1323 = CARTESIAN_POINT('',(0.521642844767,-0.795407381795));
#1324 = CARTESIAN_POINT('',(0.521925416836,-0.755862240504));
#1325 = CARTESIAN_POINT('',(0.522163729619,-0.715719936618));
#1326 = CARTESIAN_POINT('',(0.522356087878,-0.674993035399));
#1327 = CARTESIAN_POINT('',(0.52250085344,-0.633694078761));
#1328 = CARTESIAN_POINT('',(0.522596449918,-0.591835585293));
#1329 = CARTESIAN_POINT('',(0.522641370415,-0.549430050319));
#1330 = CARTESIAN_POINT('',(0.52263418883,-0.506489945972));
#1331 = CARTESIAN_POINT('',(0.522573575671,-0.46302772127));
#1332 = CARTESIAN_POINT('',(0.522458318899,-0.419055802236));
#1333 = CARTESIAN_POINT('',(0.522287352691,-0.374586591935));
#1334 = CARTESIAN_POINT('',(0.522059789308,-0.329632470787));
#1335 = CARTESIAN_POINT('',(0.521774979414,-0.284205795883));
#1336 = CARTESIAN_POINT('',(0.521432515577,-0.238318903924));
#1337 = CARTESIAN_POINT('',(0.521165844412,-0.207429035031));
#1338 = CARTESIAN_POINT('',(0.521022912162,-0.19191150111));
#1339 = ( GEOMETRIC_REPRESENTATION_CONTEXT(2) 
PARAMETRIC_REPRESENTATION_CONTEXT() REPRESENTATION_CONTEXT('2D SPACE',''
  ) );
#1340 = ORIENTED_EDGE('',*,*,#1341,.F.);
#1341 = EDGE_CURVE('',#1342,#1295,#1344,.T.);
#1342 = VERTEX_POINT('',#1343);
#1343 = CARTESIAN_POINT('',(136.,71.577232032239,128.95610130109));
#1344 = SURFACE_CURVE('',#1345,(#1350,#1361),.PCURVE_S1.);
#1345 = CIRCLE('',#1346,16.);
#1346 = AXIS2_PLACEMENT_3D('',#1347,#1348,#1349);
#1347 = CARTESIAN_POINT('',(136.,60.,140.));
#1348 = DIRECTION('',(1.,2.775557561563E-17,-5.551115123126E-17));
#1349 = DIRECTION('',(2.775557561563E-17,-1.,-1.54074395551E-33));
#1350 = PCURVE('',#132,#1351);
#1351 = DEFINITIONAL_REPRESENTATION('',(#1352),#1360);
#1352 = ( BOUNDED_CURVE() B_SPLINE_CURVE(2,(#1353,#1354,#1355,#1356,
#1357,#1358,#1359),.UNSPECIFIED.,.T.,.F.) B_SPLINE_CURVE_WITH_KNOTS((1,2
    ,2,2,2,1),(-2.094395102393,0.,2.094395102393,4.188790204786,
6.28318530718,8.377580409573),.UNSPECIFIED.) CURVE() 
GEOMETRIC_REPRESENTATION_ITEM() RATIONAL_B_SPLINE_CURVE((1.,0.5,1.,0.5,
1.,0.5,1.)) REPRESENTATION_ITEM('') );
#1353 = CARTESIAN_POINT('',(35.419276803102,61.808297620503));
#1354 = CARTESIAN_POINT('',(7.706463882,61.808297620503));
#1355 = CARTESIAN_POINT('',(21.562870342551,85.808297620503));
#1356 = CARTESIAN_POINT('',(35.419276803102,109.8082976205));
#1357 = CARTESIAN_POINT('',(49.275683263653,85.808297620504));
#1358 = CARTESIAN_POINT('',(63.132089724204,61.808297620504));
#1359 = CARTESIAN_POINT('',(35.419276803102,61.808297620503));
#1360 = ( GEOMETRIC_REPRESENTATION_CONTEXT(2) 
PARAMETRIC_REPRESENTATION_CONTEXT() REPRESENTATION_CONTEXT('2D SPACE',''
  ) );
#1361 = PCURVE('',#1362,#1367);
#1362 = CYLINDRICAL_SURFACE('',#1363,16.);
#1363 = AXIS2_PLACEMENT_3D('',#1364,#1365,#1366);
#1364 = CARTESIAN_POINT('',(143.,60.,140.));
#1365 = DIRECTION('',(-1.,0.,0.));
#1366 = DIRECTION('',(0.,0.937491913846,0.348007056644));
#1367 = DEFINITIONAL_REPRESENTATION('',(#1368),#1372);
#1368 = LINE('',#1369,#1370);
#1369 = CARTESIAN_POINT('',(3.497037091612,7.));
#1370 = VECTOR('',#1371,1.);
#1371 = DIRECTION('',(-1.,0.));
#1372 = ( GEOMETRIC_REPRESENTATION_CONTEXT(2) 
PARAMETRIC_REPRESENTATION_CONTEXT() REPRESENTATION_CONTEXT('2D SPACE',''
  ) );
#1373 = ORIENTED_EDGE('',*,*,#1374,.F.);
#1374 = EDGE_CURVE('',#1375,#1342,#1377,.T.);
#1375 = VERTEX_POINT('',#1376);
#1376 = CARTESIAN_POINT('',(136.,34.368340560932,89.95031340226));
#1377 = SURFACE_CURVE('',#1378,(#1382,#1389),.PCURVE_S1.);
#1378 = LINE('',#1379,#1380);
#1379 = CARTESIAN_POINT('',(136.,44.196901943735,100.25351689715));
#1380 = VECTOR('',#1381,1.);
#1381 = DIRECTION('',(2.100848204701E-17,0.690243668682,0.723577002015)
  );
#1382 = PCURVE('',#132,#1383);
#1383 = DEFINITIONAL_REPRESENTATION('',(#1384),#1388);
#1384 = LINE('',#1385,#1386);
#1385 = CARTESIAN_POINT('',(-4.327206299744,62.005199564239));
#1386 = VECTOR('',#1387,1.);
#1387 = DIRECTION('',(0.723577002015,0.690243668682));
#1388 = ( GEOMETRIC_REPRESENTATION_CONTEXT(2) 
PARAMETRIC_REPRESENTATION_CONTEXT() REPRESENTATION_CONTEXT('2D SPACE',''
  ) );
#1389 = PCURVE('',#1390,#1395);
#1390 = PLANE('',#1391);
#1391 = AXIS2_PLACEMENT_3D('',#1392,#1393,#1394);
#1392 = CARTESIAN_POINT('',(143.,71.577232032239,128.95610130109));
#1393 = DIRECTION('',(0.,-0.723577002015,0.690243668682));
#1394 = DIRECTION('',(-2.100848204701E-17,-0.690243668682,
    -0.723577002015));
#1395 = DEFINITIONAL_REPRESENTATION('',(#1396),#1400);
#1396 = LINE('',#1397,#1398);
#1397 = CARTESIAN_POINT('',(39.667629463087,-7.));
#1398 = VECTOR('',#1399,1.);
#1399 = DIRECTION('',(-1.,-4.622231866529E-33));
#1400 = ( GEOMETRIC_REPRESENTATION_CONTEXT(2) 
PARAMETRIC_REPRESENTATION_CONTEXT() REPRESENTATION_CONTEXT('2D SPACE',''
  ) );
#1401 = ORIENTED_EDGE('',*,*,#1402,.T.);
#1402 = EDGE_CURVE('',#1375,#1403,#1405,.T.);
#1403 = VERTEX_POINT('',#1404);
#1404 = CARTESIAN_POINT('',(136.,18.186636824241,85.671064894313));
#1405 = SURFACE_CURVE('',#1406,(#1411,#1418),.PCURVE_S1.);
#1406 = CIRCLE('',#1407,16.);
#1407 = AXIS2_PLACEMENT_3D('',#1408,#1409,#1410);
#1408 = CARTESIAN_POINT('',(136.,22.791108528693,100.99421210116));
#1409 = DIRECTION('',(-1.,-2.775557561563E-17,5.551115123126E-17));
#1410 = DIRECTION('',(-6.076234190253E-17,0.255661203086,-0.966766439859
    ));
#1411 = PCURVE('',#132,#1412);
#1412 = DEFINITIONAL_REPRESENTATION('',(#1413),#1417);
#1413 = CIRCLE('',#1414,16.);
#1414 = AXIS2_PLACEMENT_2D('',#1415,#1416);
#1415 = CARTESIAN_POINT('',(-3.586511095732,40.599406149196));
#1416 = DIRECTION('',(-0.966766439859,0.255661203086));
#1417 = ( GEOMETRIC_REPRESENTATION_CONTEXT(2) 
PARAMETRIC_REPRESENTATION_CONTEXT() REPRESENTATION_CONTEXT('2D SPACE',''
  ) );
#1418 = PCURVE('',#1419,#1424);
#1419 = CYLINDRICAL_SURFACE('',#1420,16.);
#1420 = AXIS2_PLACEMENT_3D('',#1421,#1422,#1423);
#1421 = CARTESIAN_POINT('',(143.,22.791108528693,100.99421210116));
#1422 = DIRECTION('',(1.,0.,0.));
#1423 = DIRECTION('',(0.,0.255661203086,-0.966766439859));
#1424 = DEFINITIONAL_REPRESENTATION('',(#1425),#1429);
#1425 = LINE('',#1426,#1427);
#1426 = CARTESIAN_POINT('',(6.28318530718,-7.));
#1427 = VECTOR('',#1428,1.);
#1428 = DIRECTION('',(-1.,0.));
#1429 = ( GEOMETRIC_REPRESENTATION_CONTEXT(2) 
PARAMETRIC_REPRESENTATION_CONTEXT() REPRESENTATION_CONTEXT('2D SPACE',''
  ) );
#1430 = ORIENTED_EDGE('',*,*,#1431,.F.);
#1431 = EDGE_CURVE('',#1432,#1403,#1434,.T.);
#1432 = VERTEX_POINT('',#1433);
#1433 = CARTESIAN_POINT('',(136.,-13.95203179772,82.173250014526));
#1434 = SURFACE_CURVE('',#1435,(#1440,#1447),.PCURVE_S1.);
#1435 = CIRCLE('',#1436,41.477657657282);
#1436 = AXIS2_PLACEMENT_3D('',#1437,#1438,#1439);
#1437 = CARTESIAN_POINT('',(136.,6.250218008621,45.948049014438));
#1438 = DIRECTION('',(-1.,-2.775557561563E-17,5.551115123126E-17));
#1439 = DIRECTION('',(3.450269790663E-17,0.494857536946,0.868974118215)
  );
#1440 = PCURVE('',#132,#1441);
#1441 = DEFINITIONAL_REPRESENTATION('',(#1442),#1446);
#1442 = CIRCLE('',#1443,41.477657657282);
#1443 = AXIS2_PLACEMENT_2D('',#1444,#1445);
#1444 = CARTESIAN_POINT('',(-58.63267418246,24.058515629125));
#1445 = DIRECTION('',(0.868974118215,0.494857536946));
#1446 = ( GEOMETRIC_REPRESENTATION_CONTEXT(2) 
PARAMETRIC_REPRESENTATION_CONTEXT() REPRESENTATION_CONTEXT('2D SPACE',''
  ) );
#1447 = PCURVE('',#1448,#1453);
#1448 = CYLINDRICAL_SURFACE('',#1449,41.477657657282);
#1449 = AXIS2_PLACEMENT_3D('',#1450,#1451,#1452);
#1450 = CARTESIAN_POINT('',(143.,6.250218008621,45.948049014438));
#1451 = DIRECTION('',(-1.,0.,0.));
#1452 = DIRECTION('',(0.,0.494857536946,0.868974118215));
#1453 = DEFINITIONAL_REPRESENTATION('',(#1454),#1458);
#1454 = LINE('',#1455,#1456);
#1455 = CARTESIAN_POINT('',(0.,7.));
#1456 = VECTOR('',#1457,1.);
#1457 = DIRECTION('',(1.,0.));
#1458 = ( GEOMETRIC_REPRESENTATION_CONTEXT(2) 
PARAMETRIC_REPRESENTATION_CONTEXT() REPRESENTATION_CONTEXT('2D SPACE',''
  ) );
#1459 = ORIENTED_EDGE('',*,*,#1460,.T.);
#1460 = EDGE_CURVE('',#1432,#1461,#1463,.T.);
#1461 = VERTEX_POINT('',#1462);
#1462 = CARTESIAN_POINT('',(136.,-33.76039908285,87.213429779871));
#1463 = SURFACE_CURVE('',#1464,(#1469,#1480),.PCURVE_S1.);
#1464 = CIRCLE('',#1465,12.000000000353);
#1465 = AXIS2_PLACEMENT_3D('',#1466,#1467,#1468);
#1466 = CARTESIAN_POINT('',(136.,-25.40711148114,78.598176664929));
#1467 = DIRECTION('',(1.,2.775557561563E-17,-5.551115123126E-17));
#1468 = DIRECTION('',(1.871494183869E-17,0.7179377596,0.696107300164));
#1469 = PCURVE('',#132,#1470);
#1470 = DEFINITIONAL_REPRESENTATION('',(#1471),#1479);
#1471 = ( BOUNDED_CURVE() B_SPLINE_CURVE(2,(#1472,#1473,#1474,#1475,
#1476,#1477,#1478),.UNSPECIFIED.,.T.,.F.) B_SPLINE_CURVE_WITH_KNOTS((1,2
    ,2,2,2,1),(-2.094395102393,0.,2.094395102393,4.188790204786,
6.28318530718,8.377580409573),.UNSPECIFIED.) CURVE() 
GEOMETRIC_REPRESENTATION_ITEM() RATIONAL_B_SPLINE_CURVE((1.,0.5,1.,0.5,
1.,0.5,1.)) REPRESENTATION_ITEM('') );
#1472 = CARTESIAN_POINT('',(-17.62925892975,1.016439254812));
#1473 = CARTESIAN_POINT('',(-2.707202813736,-13.45187928245));
#1474 = CARTESIAN_POINT('',(-22.69816227506,-19.14059968699));
#1475 = CARTESIAN_POINT('',(-42.68912173638,-24.82932009153));
#1476 = CARTESIAN_POINT('',(-37.62021839108,-4.67228114973));
#1477 = CARTESIAN_POINT('',(-32.55131504578,15.484757792074));
#1478 = CARTESIAN_POINT('',(-17.62925892975,1.016439254812));
#1479 = ( GEOMETRIC_REPRESENTATION_CONTEXT(2) 
PARAMETRIC_REPRESENTATION_CONTEXT() REPRESENTATION_CONTEXT('2D SPACE',''
  ) );
#1480 = PCURVE('',#1481,#1486);
#1481 = TOROIDAL_SURFACE('',#1482,12.000000000353,8.);
#1482 = AXIS2_PLACEMENT_3D('',#1483,#1484,#1485);
#1483 = CARTESIAN_POINT('',(128.,-25.40711148114,78.598176664929));
#1484 = DIRECTION('',(1.,2.775557561563E-17,-5.551115123126E-17));
#1485 = DIRECTION('',(5.551115123126E-17,1.54074395551E-33,1.));
#1486 = DEFINITIONAL_REPRESENTATION('',(#1487),#1491);
#1487 = LINE('',#1488,#1489);
#1488 = CARTESIAN_POINT('',(-0.800835242412,1.570796326795));
#1489 = VECTOR('',#1490,1.);
#1490 = DIRECTION('',(1.,0.));
#1491 = ( GEOMETRIC_REPRESENTATION_CONTEXT(2) 
PARAMETRIC_REPRESENTATION_CONTEXT() REPRESENTATION_CONTEXT('2D SPACE',''
  ) );
#1492 = ORIENTED_EDGE('',*,*,#1493,.T.);
#1493 = EDGE_CURVE('',#1461,#1494,#1496,.T.);
#1494 = VERTEX_POINT('',#1495);
#1495 = CARTESIAN_POINT('',(136.,-95.93296198578,71.63522563411));
#1496 = SURFACE_CURVE('',#1497,(#1502,#1509),.PCURVE_S1.);
#1497 = CIRCLE('',#1498,64.000000001594);
#1498 = AXIS2_PLACEMENT_3D('',#1499,#1500,#1501);
#1499 = CARTESIAN_POINT('',(136.,-78.31126629444,133.16144639539));
#1500 = DIRECTION('',(-1.,-2.775557561563E-17,5.551115123126E-17));
#1501 = DIRECTION('',(-6.059257975795E-17,0.243050468965,-0.970013643995
    ));
#1502 = PCURVE('',#132,#1503);
#1503 = DEFINITIONAL_REPRESENTATION('',(#1504),#1508);
#1504 = CIRCLE('',#1505,64.000000001594);
#1505 = AXIS2_PLACEMENT_2D('',#1506,#1507);
#1506 = CARTESIAN_POINT('',(28.580723198492,-60.50296867393));
#1507 = DIRECTION('',(-0.970013643995,0.243050468965));
#1508 = ( GEOMETRIC_REPRESENTATION_CONTEXT(2) 
PARAMETRIC_REPRESENTATION_CONTEXT() REPRESENTATION_CONTEXT('2D SPACE',''
  ) );
#1509 = PCURVE('',#1510,#1515);
#1510 = TOROIDAL_SURFACE('',#1511,64.000000001594,8.);
#1511 = AXIS2_PLACEMENT_3D('',#1512,#1513,#1514);
#1512 = CARTESIAN_POINT('',(128.,-78.31126629444,133.16144639539));
#1513 = DIRECTION('',(-1.,-2.775557561563E-17,5.551115123126E-17));
#1514 = DIRECTION('',(-5.551115123126E-17,-1.54074395551E-33,-1.));
#1515 = DEFINITIONAL_REPRESENTATION('',(#1516),#1520);
#1516 = LINE('',#1517,#1518);
#1517 = CARTESIAN_POINT('',(-0.245509387335,4.712388980385));
#1518 = VECTOR('',#1519,1.);
#1519 = DIRECTION('',(1.,-8.467685629578E-16));
#1520 = ( GEOMETRIC_REPRESENTATION_CONTEXT(2) 
PARAMETRIC_REPRESENTATION_CONTEXT() REPRESENTATION_CONTEXT('2D SPACE',''
  ) );
#1521 = ORIENTED_EDGE('',*,*,#1522,.T.);
#1522 = EDGE_CURVE('',#1494,#1523,#1525,.T.);
#1523 = VERTEX_POINT('',#1524);
#1524 = CARTESIAN_POINT('',(136.,-97.91646050734,72.203318504414));
#1525 = SURFACE_CURVE('',#1526,(#1530,#1537),.PCURVE_S1.);
#1526 = LINE('',#1527,#1528);
#1527 = CARTESIAN_POINT('',(136.,-64.19228306888,62.544392847869));
#1528 = VECTOR('',#1529,1.);
#1529 = DIRECTION('',(4.196712948578E-17,-0.961347199371,0.27533899517)
  );
#1530 = PCURVE('',#132,#1531);
#1531 = DEFINITIONAL_REPRESENTATION('',(#1532),#1536);
#1532 = LINE('',#1533,#1534);
#1533 = CARTESIAN_POINT('',(-42.03633034902,-46.38398544838));
#1534 = VECTOR('',#1535,1.);
#1535 = DIRECTION('',(0.27533899517,-0.961347199371));
#1536 = ( GEOMETRIC_REPRESENTATION_CONTEXT(2) 
PARAMETRIC_REPRESENTATION_CONTEXT() REPRESENTATION_CONTEXT('2D SPACE',''
  ) );
#1537 = PCURVE('',#1538,#1543);
#1538 = CYLINDRICAL_SURFACE('',#1539,8.);
#1539 = AXIS2_PLACEMENT_3D('',#1540,#1541,#1542);
#1540 = CARTESIAN_POINT('',(128.,-64.19228306888,62.544392847869));
#1541 = DIRECTION('',(4.196712948578E-17,-0.961347199371,0.27533899517)
  );
#1542 = DIRECTION('',(0.707106781187,-0.19469407061,-0.67977512375));
#1543 = DEFINITIONAL_REPRESENTATION('',(#1544),#1548);
#1544 = LINE('',#1545,#1546);
#1545 = CARTESIAN_POINT('',(7.068583470577,-7.105427357601E-15));
#1546 = VECTOR('',#1547,1.);
#1547 = DIRECTION('',(4.304756605754E-16,1.));
#1548 = ( GEOMETRIC_REPRESENTATION_CONTEXT(2) 
PARAMETRIC_REPRESENTATION_CONTEXT() REPRESENTATION_CONTEXT('2D SPACE',''
  ) );
#1549 = ORIENTED_EDGE('',*,*,#1550,.F.);
#1550 = EDGE_CURVE('',#1551,#1523,#1553,.T.);
#1551 = VERTEX_POINT('',#1552);
#1552 = CARTESIAN_POINT('',(136.,28.542419472853,133.70777868136));
#1553 = SURFACE_CURVE('',#1554,(#1559,#1566),.PCURVE_S1.);
#1554 = CIRCLE('',#1555,317.12307126795);
#1555 = AXIS2_PLACEMENT_3D('',#1556,#1557,#1558);
#1556 = CARTESIAN_POINT('',(136.,-169.9360908344,381.04019321007));
#1557 = DIRECTION('',(-1.,-2.775557561563E-17,5.551115123126E-17));
#1558 = DIRECTION('',(-5.99251777957E-17,0.19905571998,-0.979988173573)
  );
#1559 = PCURVE('',#132,#1560);
#1560 = DEFINITIONAL_REPRESENTATION('',(#1561),#1565);
#1561 = CIRCLE('',#1562,317.12307126795);
#1562 = AXIS2_PLACEMENT_2D('',#1563,#1564);
#1563 = CARTESIAN_POINT('',(276.45947001317,-152.1277932139));
#1564 = DIRECTION('',(-0.979988173573,0.19905571998));
#1565 = ( GEOMETRIC_REPRESENTATION_CONTEXT(2) 
PARAMETRIC_REPRESENTATION_CONTEXT() REPRESENTATION_CONTEXT('2D SPACE',''
  ) );
#1566 = PCURVE('',#1567,#1572);
#1567 = CYLINDRICAL_SURFACE('',#1568,317.12307126795);
#1568 = AXIS2_PLACEMENT_3D('',#1569,#1570,#1571);
#1569 = CARTESIAN_POINT('',(143.,-169.9360908344,381.04019321007));
#1570 = DIRECTION('',(-1.,0.,0.));
#1571 = DIRECTION('',(0.,0.19905571998,-0.979988173573));
#1572 = DEFINITIONAL_REPRESENTATION('',(#1573),#1577);
#1573 = LINE('',#1574,#1575);
#1574 = CARTESIAN_POINT('',(0.,7.));
#1575 = VECTOR('',#1576,1.);
#1576 = DIRECTION('',(1.,0.));
#1577 = ( GEOMETRIC_REPRESENTATION_CONTEXT(2) 
PARAMETRIC_REPRESENTATION_CONTEXT() REPRESENTATION_CONTEXT('2D SPACE',''
  ) );
#1578 = ORIENTED_EDGE('',*,*,#1579,.F.);
#1579 = EDGE_CURVE('',#433,#1551,#1580,.T.);
#1580 = SURFACE_CURVE('',#1581,(#1586,#1593),.PCURVE_S1.);
#1581 = CIRCLE('',#1582,10.);
#1582 = AXIS2_PLACEMENT_3D('',#1583,#1584,#1585);
#1583 = CARTESIAN_POINT('',(136.,19.057706191322,136.87640834845));
#1584 = DIRECTION('',(-1.,-2.775557561563E-17,5.551115123126E-17));
#1585 = DIRECTION('',(-2.775557561563E-17,1.,1.54074395551E-33));
#1586 = PCURVE('',#132,#1587);
#1587 = DEFINITIONAL_REPRESENTATION('',(#1588),#1592);
#1588 = CIRCLE('',#1589,10.);
#1589 = AXIS2_PLACEMENT_2D('',#1590,#1591);
#1590 = CARTESIAN_POINT('',(32.295685151559,36.866003811826));
#1591 = DIRECTION('',(0.,1.));
#1592 = ( GEOMETRIC_REPRESENTATION_CONTEXT(2) 
PARAMETRIC_REPRESENTATION_CONTEXT() REPRESENTATION_CONTEXT('2D SPACE',''
  ) );
#1593 = PCURVE('',#1594,#1599);
#1594 = CYLINDRICAL_SURFACE('',#1595,10.);
#1595 = AXIS2_PLACEMENT_3D('',#1596,#1597,#1598);
#1596 = CARTESIAN_POINT('',(145.,19.057706191322,136.87640834845));
#1597 = DIRECTION('',(-1.,0.,0.));
#1598 = DIRECTION('',(0.,1.,0.));
#1599 = DEFINITIONAL_REPRESENTATION('',(#1600),#1604);
#1600 = LINE('',#1601,#1602);
#1601 = CARTESIAN_POINT('',(6.28318530718,9.));
#1602 = VECTOR('',#1603,1.);
#1603 = DIRECTION('',(1.,0.));
#1604 = ( GEOMETRIC_REPRESENTATION_CONTEXT(2) 
PARAMETRIC_REPRESENTATION_CONTEXT() REPRESENTATION_CONTEXT('2D SPACE',''
  ) );
#1605 = FACE_BOUND('',#1606,.T.);
#1606 = EDGE_LOOP('',(#1607));
#1607 = ORIENTED_EDGE('',*,*,#1608,.F.);
#1608 = EDGE_CURVE('',#1609,#1609,#1611,.T.);
#1609 = VERTEX_POINT('',#1610);
#1610 = CARTESIAN_POINT('',(136.,71.,140.));
#1611 = SURFACE_CURVE('',#1612,(#1617,#1624),.PCURVE_S1.);
#1612 = CIRCLE('',#1613,11.);
#1613 = AXIS2_PLACEMENT_3D('',#1614,#1615,#1616);
#1614 = CARTESIAN_POINT('',(136.,60.,140.));
#1615 = DIRECTION('',(-1.,-2.775557561563E-17,5.551115123126E-17));
#1616 = DIRECTION('',(2.775557561563E-17,-1.,-1.54074395551E-33));
#1617 = PCURVE('',#132,#1618);
#1618 = DEFINITIONAL_REPRESENTATION('',(#1619),#1623);
#1619 = CIRCLE('',#1620,11.);
#1620 = AXIS2_PLACEMENT_2D('',#1621,#1622);
#1621 = CARTESIAN_POINT('',(35.419276803102,77.808297620503));
#1622 = DIRECTION('',(0.,-1.));
#1623 = ( GEOMETRIC_REPRESENTATION_CONTEXT(2) 
PARAMETRIC_REPRESENTATION_CONTEXT() REPRESENTATION_CONTEXT('2D SPACE',''
  ) );
#1624 = PCURVE('',#1625,#1630);
#1625 = CYLINDRICAL_SURFACE('',#1626,11.);
#1626 = AXIS2_PLACEMENT_3D('',#1627,#1628,#1629);
#1627 = CARTESIAN_POINT('',(145.,60.,140.));
#1628 = DIRECTION('',(1.,0.,0.));
#1629 = DIRECTION('',(0.,-1.,1.710569414435E-49));
#1630 = DEFINITIONAL_REPRESENTATION('',(#1631),#1635);
#1631 = LINE('',#1632,#1633);
#1632 = CARTESIAN_POINT('',(6.28318530718,-9.));
#1633 = VECTOR('',#1634,1.);
#1634 = DIRECTION('',(-1.,0.));
#1635 = ( GEOMETRIC_REPRESENTATION_CONTEXT(2) 
PARAMETRIC_REPRESENTATION_CONTEXT() REPRESENTATION_CONTEXT('2D SPACE',''
  ) );
#1636 = ADVANCED_FACE('',(#1637),#1041,.T.);
#1637 = FACE_BOUND('',#1638,.T.);
#1638 = EDGE_LOOP('',(#1639,#1640,#1891,#1925,#1973));
#1639 = ORIENTED_EDGE('',*,*,#1096,.F.);
#1640 = ORIENTED_EDGE('',*,*,#1641,.F.);
#1641 = EDGE_CURVE('',#1642,#1097,#1644,.T.);
#1642 = VERTEX_POINT('',#1643);
#1643 = CARTESIAN_POINT('',(115.,27.629195891912,146.80348310402));
#1644 = SURFACE_CURVE('',#1645,(#1701,#1796),.PCURVE_S1.);
#1645 = B_SPLINE_CURVE_WITH_KNOTS('',3,(#1646,#1647,#1648,#1649,#1650,
    #1651,#1652,#1653,#1654,#1655,#1656,#1657,#1658,#1659,#1660,#1661,
    #1662,#1663,#1664,#1665,#1666,#1667,#1668,#1669,#1670,#1671,#1672,
    #1673,#1674,#1675,#1676,#1677,#1678,#1679,#1680,#1681,#1682,#1683,
    #1684,#1685,#1686,#1687,#1688,#1689,#1690,#1691,#1692,#1693,#1694,
    #1695,#1696,#1697,#1698,#1699,#1700),.UNSPECIFIED.,.F.,.F.,(4,3,3,3,
    3,3,3,3,3,3,3,3,3,3,3,3,3,3,4),(-7.821400216076E-02,
    -7.465467773857E-02,-7.25135603784E-02,-7.000228925643E-02,
    -6.751610217799E-02,-6.681828272773E-02,-6.681324335367E-02,
    -6.681252960843E-02,-6.681181586319E-02,-6.681038200276E-02,
    -6.680827745946E-02,-6.680411001463E-02,-6.666391061114E-02,
    -6.577115237525E-02,-6.417028982018E-02,-5.895049085642E-02,
    -5.052899219352E-02,-3.368599486773E-02,-1.227209644777E-03),
  .UNSPECIFIED.);
#1646 = CARTESIAN_POINT('',(115.,27.628474032679,146.80497246424));
#1647 = CARTESIAN_POINT('',(115.00000000012,27.480435449793,
    146.81668846267));
#1648 = CARTESIAN_POINT('',(115.00000000009,27.333029926942,
    146.83492733511));
#1649 = CARTESIAN_POINT('',(115.00000000005,27.186681831009,
    146.85964244126));
#1650 = CARTESIAN_POINT('',(115.00000000002,27.098645897315,
    146.87450985331));
#1651 = CARTESIAN_POINT('',(115.,27.010992634162,146.89172178662));
#1652 = CARTESIAN_POINT('',(115.,26.923815923366,146.91127705921));
#1653 = CARTESIAN_POINT('',(115.,26.821568208969,146.93421302352));
#1654 = CARTESIAN_POINT('',(114.99999999261,26.720176191018,
    146.96032408387));
#1655 = CARTESIAN_POINT('',(114.99999998766,26.619638108456,
    146.98963527331));
#1656 = CARTESIAN_POINT('',(114.99999998276,26.520104259017,
    147.01865368546));
#1657 = CARTESIAN_POINT('',(114.99999998026,26.421406882196,
    147.05080873646));
#1658 = CARTESIAN_POINT('',(114.99999998941,26.323559531698,
    147.08617333098));
#1659 = CARTESIAN_POINT('',(114.99999999198,26.296095876639,
    147.09609941503));
#1660 = CARTESIAN_POINT('',(114.99999999547,26.268699304713,
    147.10627863931));
#1661 = CARTESIAN_POINT('',(115.00000000007,26.241370416268,
    147.11671329624));
#1662 = CARTESIAN_POINT('',(115.0000000001,26.241173057923,
    147.11678865118));
#1663 = CARTESIAN_POINT('',(114.99999999866,26.240969104883,
    147.11686654658));
#1664 = CARTESIAN_POINT('',(114.99999999943,26.240928570152,
    147.11688202667));
#1665 = CARTESIAN_POINT('',(114.99999999954,26.240922829068,
    147.11688421918));
#1666 = CARTESIAN_POINT('',(114.99999905712,26.240919974138,
    147.11688688507));
#1667 = CARTESIAN_POINT('',(115.0000002073,26.240918029988,
    147.11688570478));
#1668 = CARTESIAN_POINT('',(115.00000135748,26.240916085838,
    147.11688452449));
#1669 = CARTESIAN_POINT('',(115.00000215697,26.240916717821,
    147.11688294657));
#1670 = CARTESIAN_POINT('',(115.00000323588,26.240916115293,
    147.11688137302));
#1671 = CARTESIAN_POINT('',(115.00000540334,26.240914904859,
    147.11687821186));
#1672 = CARTESIAN_POINT('',(115.00000757138,26.240913691632,
    147.1168750508));
#1673 = CARTESIAN_POINT('',(115.00000973943,26.240912483583,
    147.11687188775));
#1674 = CARTESIAN_POINT('',(115.00001292157,26.240910710474,
    147.1168672452));
#1675 = CARTESIAN_POINT('',(115.00001610371,26.240908930496,
    147.11686260527));
#1676 = CARTESIAN_POINT('',(115.00001928585,26.240907158228,
    147.1168579624));
#1677 = CARTESIAN_POINT('',(115.00002558717,26.24090364876,
    147.11684876852));
#1678 = CARTESIAN_POINT('',(115.00003188848,26.240900144038,
    147.11683957284));
#1679 = CARTESIAN_POINT('',(115.0000381898,26.24089663255,
    147.11683037973));
#1680 = CARTESIAN_POINT('',(115.00025017601,26.240778500591,
    147.11652110921));
#1681 = CARTESIAN_POINT('',(115.00356626551,26.238930736839,
    147.11168314177));
#1682 = CARTESIAN_POINT('',(115.00381827092,26.238790315847,
    147.11131548186));
#1683 = CARTESIAN_POINT('',(115.00542298462,26.237896146586,
    147.10897430637));
#1684 = CARTESIAN_POINT('',(115.00702769832,26.237001977327,
    147.10663313087));
#1685 = CARTESIAN_POINT('',(115.00863241202,26.236107808069,
    147.10429195538));
#1686 = CARTESIAN_POINT('',(115.01150992798,26.23450441532,
    147.10009384212));
#1687 = CARTESIAN_POINT('',(115.01438744394,26.232901022571,
    147.09589572886));
#1688 = CARTESIAN_POINT('',(115.0172649599,26.231297629822,
    147.09169761561));
#1689 = CARTESIAN_POINT('',(115.02664743611,26.226069580867,
    147.07800917798));
#1690 = CARTESIAN_POINT('',(115.03602991232,26.220841531913,
    147.06432074036));
#1691 = CARTESIAN_POINT('',(115.04541238853,26.215613482959,
    147.05063230274));
#1692 = CARTESIAN_POINT('',(115.06054985099,26.207178673959,
    147.02854770524));
#1693 = CARTESIAN_POINT('',(115.07568731344,26.198743864959,
    147.00646310774));
#1694 = CARTESIAN_POINT('',(115.0908247759,26.190309055959,
    146.98437851024));
#1695 = CARTESIAN_POINT('',(115.12109970081,26.173439437958,
    146.94020931524));
#1696 = CARTESIAN_POINT('',(115.15137462572,26.156569819958,
    146.89604012024));
#1697 = CARTESIAN_POINT('',(115.18164955063,26.139700201958,
    146.85187092524));
#1698 = CARTESIAN_POINT('',(115.23999351794,26.107190115014,
    146.7667507779));
#1699 = CARTESIAN_POINT('',(115.29833748525,26.07468002807,
    146.68163063056));
#1700 = CARTESIAN_POINT('',(115.35668145256,26.042169941127,
    146.59651048322));
#1701 = PCURVE('',#1041,#1702);
#1702 = DEFINITIONAL_REPRESENTATION('',(#1703),#1795);
#1703 = B_SPLINE_CURVE_WITH_KNOTS('',3,(#1704,#1705,#1706,#1707,#1708,
    #1709,#1710,#1711,#1712,#1713,#1714,#1715,#1716,#1717,#1718,#1719,
    #1720,#1721,#1722,#1723,#1724,#1725,#1726,#1727,#1728,#1729,#1730,
    #1731,#1732,#1733,#1734,#1735,#1736,#1737,#1738,#1739,#1740,#1741,
    #1742,#1743,#1744,#1745,#1746,#1747,#1748,#1749,#1750,#1751,#1752,
    #1753,#1754,#1755,#1756,#1757,#1758,#1759,#1760,#1761,#1762,#1763,
    #1764,#1765,#1766,#1767,#1768,#1769,#1770,#1771,#1772,#1773,#1774,
    #1775,#1776,#1777,#1778,#1779,#1780,#1781,#1782,#1783,#1784,#1785,
    #1786,#1787,#1788,#1789,#1790,#1791,#1792,#1793,#1794),
  .UNSPECIFIED.,.F.,.F.,(4,1,1,1,1,1,1,1,1,1,1,1,1,1,1,1,1,1,1,1,1,1,1,1
    ,1,1,1,1,1,1,1,1,1,1,1,1,1,1,1,1,1,1,1,1,1,1,1,1,1,1,1,1,1,1,1,1,1,1
    ,1,1,1,1,1,1,1,1,1,1,1,1,1,1,1,1,1,1,1,1,1,1,1,1,1,1,1,1,1,1,4),(
    -7.821400216076E-02,-7.73391522458E-02,-7.646430233085E-02,
    -7.55894524159E-02,-7.471460250094E-02,-7.383975258599E-02,
    -7.296490267103E-02,-7.209005275608E-02,-7.121520284112E-02,
    -7.034035292617E-02,-6.946550301122E-02,-6.859065309626E-02,
    -6.771580318131E-02,-6.684095326635E-02,-6.59661033514E-02,
    -6.509125343644E-02,-6.421640352149E-02,-6.334155360653E-02,
    -6.246670369158E-02,-6.159185377663E-02,-6.071700386167E-02,
    -5.984215394672E-02,-5.896730403176E-02,-5.809245411681E-02,
    -5.721760420185E-02,-5.63427542869E-02,-5.546790437195E-02,
    -5.459305445699E-02,-5.371820454204E-02,-5.284335462708E-02,
    -5.196850471213E-02,-5.109365479717E-02,-5.021880488222E-02,
    -4.934395496727E-02,-4.846910505231E-02,-4.759425513736E-02,
    -4.67194052224E-02,-4.584455530745E-02,-4.496970539249E-02,
    -4.409485547754E-02,-4.322000556259E-02,-4.234515564763E-02,
    -4.147030573268E-02,-4.059545581772E-02,-3.972060590277E-02,
    -3.884575598781E-02,-3.797090607286E-02,-3.70960561579E-02,
    -3.622120624295E-02,-3.5346356328E-02,-3.447150641304E-02,
    -3.359665649809E-02,-3.272180658313E-02,-3.184695666818E-02,
    -3.097210675322E-02,-3.009725683827E-02,-2.922240692332E-02,
    -2.834755700836E-02,-2.747270709341E-02,-2.659785717845E-02,
    -2.57230072635E-02,-2.484815734854E-02,-2.397330743359E-02,
    -2.309845751864E-02,-2.222360760368E-02,-2.134875768873E-02,
    -2.047390777377E-02,-1.959905785882E-02,-1.872420794386E-02,
    -1.784935802891E-02,-1.697450811395E-02,-1.6099658199E-02,
    -1.522480828405E-02,-1.434995836909E-02,-1.347510845414E-02,
    -1.260025853918E-02,-1.172540862423E-02,-1.085055870927E-02,
    -9.97570879432E-03,-9.100858879366E-03,-8.226008964411E-03,
    -7.351159049457E-03,-6.476309134503E-03,-5.601459219548E-03,
    -4.726609304594E-03,-3.85175938964E-03,-2.976909474685E-03,
    -2.102059559731E-03,-1.227209644777E-03),.UNSPECIFIED.);
#1704 = CARTESIAN_POINT('',(5.040494569306E-13,-1.491574924002));
#1705 = CARTESIAN_POINT('',(1.192433823489E-07,-1.484267771524));
#1706 = CARTESIAN_POINT('',(5.593743564401E-07,-1.46965632294));
#1707 = CARTESIAN_POINT('',(1.2222168596E-06,-1.447745097538));
#1708 = CARTESIAN_POINT('',(6.51968175368E-07,-1.425837140637));
#1709 = CARTESIAN_POINT('',(-1.700422593048E-07,-1.403929973897));
#1710 = CARTESIAN_POINT('',(5.579515448775E-08,-1.382020427388));
#1711 = CARTESIAN_POINT('',(6.659969930587E-07,-1.360107927344));
#1712 = CARTESIAN_POINT('',(-2.360930588533E-06,-1.338182153911));
#1713 = CARTESIAN_POINT('',(1.068522686052E-05,-1.316289372881));
#1714 = CARTESIAN_POINT('',(-3.436788898138E-05,-1.294350941812));
#1715 = CARTESIAN_POINT('',(1.279450969022E-04,-1.272597067929));
#1716 = CARTESIAN_POINT('',(-4.748932407387E-04,-1.250122491414));
#1717 = CARTESIAN_POINT('',(1.777191063764E-03,-1.230254996072));
#1718 = CARTESIAN_POINT('',(-6.633546943146E-03,-1.200525678825));
#1719 = CARTESIAN_POINT('',(2.475699123315E-02,-1.207419161149));
#1720 = CARTESIAN_POINT('',(3.28107056486E-02,-1.205572058127));
#1721 = CARTESIAN_POINT('',(4.71175031445E-02,-1.206066987889));
#1722 = CARTESIAN_POINT('',(5.974879207974E-02,-1.205934371859));
#1723 = CARTESIAN_POINT('',(7.282903218072E-02,-1.205969906217));
#1724 = CARTESIAN_POINT('',(8.578897617937E-02,-1.205960384815));
#1725 = CARTESIAN_POINT('',(9.878115342123E-02,-1.205962936067));
#1726 = CARTESIAN_POINT('',(0.111764693792,-1.205962252461));
#1727 = CARTESIAN_POINT('',(0.124750548404,-1.205962435632));
#1728 = CARTESIAN_POINT('',(0.137735782918,-1.205962386552));
#1729 = CARTESIAN_POINT('',(0.150721183587,-1.205962399703));
#1730 = CARTESIAN_POINT('',(0.163706539734,-1.205962396179));
#1731 = CARTESIAN_POINT('',(0.176691907811,-1.205962397123));
#1732 = CARTESIAN_POINT('',(0.189677272692,-1.20596239687));
#1733 = CARTESIAN_POINT('',(0.202662638429,-1.205962396938));
#1734 = CARTESIAN_POINT('',(0.215648003936,-1.20596239692));
#1735 = CARTESIAN_POINT('',(0.228633369505,-1.205962396925));
#1736 = CARTESIAN_POINT('',(0.241618735058,-1.205962396923));
#1737 = CARTESIAN_POINT('',(0.254604100615,-1.205962396924));
#1738 = CARTESIAN_POINT('',(0.267589466171,-1.205962396924));
#1739 = CARTESIAN_POINT('',(0.280574831727,-1.205962396924));
#1740 = CARTESIAN_POINT('',(0.293560197283,-1.205962396924));
#1741 = CARTESIAN_POINT('',(0.306545562839,-1.205962396924));
#1742 = CARTESIAN_POINT('',(0.319530928395,-1.205962396924));
#1743 = CARTESIAN_POINT('',(0.332516293952,-1.205962396924));
#1744 = CARTESIAN_POINT('',(0.345501659508,-1.205962396924));
#1745 = CARTESIAN_POINT('',(0.358487025064,-1.205962396924));
#1746 = CARTESIAN_POINT('',(0.37147239062,-1.205962396924));
#1747 = CARTESIAN_POINT('',(0.384457756176,-1.205962396924));
#1748 = CARTESIAN_POINT('',(0.397443121732,-1.205962396924));
#1749 = CARTESIAN_POINT('',(0.410428487288,-1.205962396924));
#1750 = CARTESIAN_POINT('',(0.423413852844,-1.205962396924));
#1751 = CARTESIAN_POINT('',(0.4363992184,-1.205962396924));
#1752 = CARTESIAN_POINT('',(0.449384583956,-1.205962396924));
#1753 = CARTESIAN_POINT('',(0.462369949512,-1.205962396924));
#1754 = CARTESIAN_POINT('',(0.475355315068,-1.205962396924));
#1755 = CARTESIAN_POINT('',(0.488340680624,-1.205962396924));
#1756 = CARTESIAN_POINT('',(0.50132604618,-1.205962396924));
#1757 = CARTESIAN_POINT('',(0.514311411736,-1.205962396924));
#1758 = CARTESIAN_POINT('',(0.527296777292,-1.205962396924));
#1759 = CARTESIAN_POINT('',(0.540282142848,-1.205962396924));
#1760 = CARTESIAN_POINT('',(0.553267508404,-1.205962396924));
#1761 = CARTESIAN_POINT('',(0.56625287396,-1.205962396924));
#1762 = CARTESIAN_POINT('',(0.579238239516,-1.205962396924));
#1763 = CARTESIAN_POINT('',(0.592223605072,-1.205962396924));
#1764 = CARTESIAN_POINT('',(0.605208970629,-1.205962396924));
#1765 = CARTESIAN_POINT('',(0.618194336185,-1.205962396924));
#1766 = CARTESIAN_POINT('',(0.631179701741,-1.205962396924));
#1767 = CARTESIAN_POINT('',(0.644165067297,-1.205962396924));
#1768 = CARTESIAN_POINT('',(0.657150432853,-1.205962396924));
#1769 = CARTESIAN_POINT('',(0.670135798409,-1.205962396924));
#1770 = CARTESIAN_POINT('',(0.683121163965,-1.205962396924));
#1771 = CARTESIAN_POINT('',(0.696106529521,-1.205962396924));
#1772 = CARTESIAN_POINT('',(0.709091895077,-1.205962396924));
#1773 = CARTESIAN_POINT('',(0.722077260633,-1.205962396924));
#1774 = CARTESIAN_POINT('',(0.735062626189,-1.205962396924));
#1775 = CARTESIAN_POINT('',(0.748047991745,-1.205962396924));
#1776 = CARTESIAN_POINT('',(0.761033357301,-1.205962396924));
#1777 = CARTESIAN_POINT('',(0.774018722858,-1.205962396924));
#1778 = CARTESIAN_POINT('',(0.787004088414,-1.205962396924));
#1779 = CARTESIAN_POINT('',(0.79998945397,-1.205962396924));
#1780 = CARTESIAN_POINT('',(0.812974819526,-1.205962396924));
#1781 = CARTESIAN_POINT('',(0.825960185082,-1.205962396924));
#1782 = CARTESIAN_POINT('',(0.838945550638,-1.205962396924));
#1783 = CARTESIAN_POINT('',(0.851930916194,-1.205962396924));
#1784 = CARTESIAN_POINT('',(0.86491628175,-1.205962396924));
#1785 = CARTESIAN_POINT('',(0.877901647306,-1.205962396924));
#1786 = CARTESIAN_POINT('',(0.890887012862,-1.205962396924));
#1787 = CARTESIAN_POINT('',(0.903872378418,-1.205962396924));
#1788 = CARTESIAN_POINT('',(0.916857743974,-1.205962396924));
#1789 = CARTESIAN_POINT('',(0.92984310953,-1.205962396924));
#1790 = CARTESIAN_POINT('',(0.942828475086,-1.205962396924));
#1791 = CARTESIAN_POINT('',(0.955813840642,-1.205962396924));
#1792 = CARTESIAN_POINT('',(0.968799206198,-1.205962396924));
#1793 = CARTESIAN_POINT('',(0.977456116569,-1.205962396924));
#1794 = CARTESIAN_POINT('',(0.981784571754,-1.205962396924));
#1795 = ( GEOMETRIC_REPRESENTATION_CONTEXT(2) 
PARAMETRIC_REPRESENTATION_CONTEXT() REPRESENTATION_CONTEXT('2D SPACE',''
  ) );
#1796 = PCURVE('',#1186,#1797);
#1797 = DEFINITIONAL_REPRESENTATION('',(#1798),#1890);
#1798 = B_SPLINE_CURVE_WITH_KNOTS('',3,(#1799,#1800,#1801,#1802,#1803,
    #1804,#1805,#1806,#1807,#1808,#1809,#1810,#1811,#1812,#1813,#1814,
    #1815,#1816,#1817,#1818,#1819,#1820,#1821,#1822,#1823,#1824,#1825,
    #1826,#1827,#1828,#1829,#1830,#1831,#1832,#1833,#1834,#1835,#1836,
    #1837,#1838,#1839,#1840,#1841,#1842,#1843,#1844,#1845,#1846,#1847,
    #1848,#1849,#1850,#1851,#1852,#1853,#1854,#1855,#1856,#1857,#1858,
    #1859,#1860,#1861,#1862,#1863,#1864,#1865,#1866,#1867,#1868,#1869,
    #1870,#1871,#1872,#1873,#1874,#1875,#1876,#1877,#1878,#1879,#1880,
    #1881,#1882,#1883,#1884,#1885,#1886,#1887,#1888,#1889),
  .UNSPECIFIED.,.F.,.F.,(4,1,1,1,1,1,1,1,1,1,1,1,1,1,1,1,1,1,1,1,1,1,1,1
    ,1,1,1,1,1,1,1,1,1,1,1,1,1,1,1,1,1,1,1,1,1,1,1,1,1,1,1,1,1,1,1,1,1,1
    ,1,1,1,1,1,1,1,1,1,1,1,1,1,1,1,1,1,1,1,1,1,1,1,1,1,1,1,1,1,1,4),(
    -7.821400216076E-02,-7.73391522458E-02,-7.646430233085E-02,
    -7.55894524159E-02,-7.471460250094E-02,-7.383975258599E-02,
    -7.296490267103E-02,-7.209005275608E-02,-7.121520284112E-02,
    -7.034035292617E-02,-6.946550301122E-02,-6.859065309626E-02,
    -6.771580318131E-02,-6.684095326635E-02,-6.59661033514E-02,
    -6.509125343644E-02,-6.421640352149E-02,-6.334155360653E-02,
    -6.246670369158E-02,-6.159185377663E-02,-6.071700386167E-02,
    -5.984215394672E-02,-5.896730403176E-02,-5.809245411681E-02,
    -5.721760420185E-02,-5.63427542869E-02,-5.546790437195E-02,
    -5.459305445699E-02,-5.371820454204E-02,-5.284335462708E-02,
    -5.196850471213E-02,-5.109365479717E-02,-5.021880488222E-02,
    -4.934395496727E-02,-4.846910505231E-02,-4.759425513736E-02,
    -4.67194052224E-02,-4.584455530745E-02,-4.496970539249E-02,
    -4.409485547754E-02,-4.322000556259E-02,-4.234515564763E-02,
    -4.147030573268E-02,-4.059545581772E-02,-3.972060590277E-02,
    -3.884575598781E-02,-3.797090607286E-02,-3.70960561579E-02,
    -3.622120624295E-02,-3.5346356328E-02,-3.447150641304E-02,
    -3.359665649809E-02,-3.272180658313E-02,-3.184695666818E-02,
    -3.097210675322E-02,-3.009725683827E-02,-2.922240692332E-02,
    -2.834755700836E-02,-2.747270709341E-02,-2.659785717845E-02,
    -2.57230072635E-02,-2.484815734854E-02,-2.397330743359E-02,
    -2.309845751864E-02,-2.222360760368E-02,-2.134875768873E-02,
    -2.047390777377E-02,-1.959905785882E-02,-1.872420794386E-02,
    -1.784935802891E-02,-1.697450811395E-02,-1.6099658199E-02,
    -1.522480828405E-02,-1.434995836909E-02,-1.347510845414E-02,
    -1.260025853918E-02,-1.172540862423E-02,-1.085055870927E-02,
    -9.97570879432E-03,-9.100858879366E-03,-8.226008964411E-03,
    -7.351159049457E-03,-6.476309134503E-03,-5.601459219548E-03,
    -4.726609304594E-03,-3.85175938964E-03,-2.976909474685E-03,
    -2.102059559731E-03,-1.227209644777E-03),.UNSPECIFIED.);
#1799 = CARTESIAN_POINT('',(-1.784363530559E-03,-1.491407390953));
#1800 = CARTESIAN_POINT('',(-1.765313402169E-03,-1.484105221171));
#1801 = CARTESIAN_POINT('',(-1.701571504503E-03,-1.469504154748));
#1802 = CARTESIAN_POINT('',(-1.543430381772E-03,-1.447609968951));
#1803 = CARTESIAN_POINT('',(-1.337826414634E-03,-1.425720808533));
#1804 = CARTESIAN_POINT('',(-1.097484286025E-03,-1.403834225084));
#1805 = CARTESIAN_POINT('',(-8.347074522429E-04,-1.381946915299));
#1806 = CARTESIAN_POINT('',(-5.6361667776E-04,-1.360057985692));
#1807 = CARTESIAN_POINT('',(-3.015613017643E-04,-1.33815662789));
#1808 = CARTESIAN_POINT('',(-4.203249534171E-05,-1.316288388081));
#1809 = CARTESIAN_POINT('',(1.27368701566E-04,-1.294373831063));
#1810 = CARTESIAN_POINT('',(4.630268549502E-04,-1.272642000545));
#1811 = CARTESIAN_POINT('',(-3.135293946448E-05,-1.250186997527));
#1812 = CARTESIAN_POINT('',(2.297101135694E-03,-1.230333171968));
#1813 = CARTESIAN_POINT('',(-6.245807240064E-03,-1.200617736548));
#1814 = CARTESIAN_POINT('',(2.541075123051E-02,-1.20749486775));
#1815 = CARTESIAN_POINT('',(3.352563069335E-02,-1.20564490875));
#1816 = CARTESIAN_POINT('',(4.794853836587E-02,-1.206133400698));
#1817 = CARTESIAN_POINT('',(6.068126892062E-02,-1.205995340598));
#1818 = CARTESIAN_POINT('',(7.386693463231E-02,-1.206025198427));
#1819 = CARTESIAN_POINT('',(8.693128991757E-02,-1.206010096417));
#1820 = CARTESIAN_POINT('',(0.100028203039,-1.206007074815));
#1821 = CARTESIAN_POINT('',(0.113116444746,-1.206000849557));
#1822 = CARTESIAN_POINT('',(0.12620706201,-1.205995515817));
#1823 = CARTESIAN_POINT('',(0.139297094435,-1.205989976121));
#1824 = CARTESIAN_POINT('',(0.15238733489,-1.205984524363));
#1825 = CARTESIAN_POINT('',(0.165477570563,-1.20597908162));
#1826 = CARTESIAN_POINT('',(0.178567858115,-1.205973668866));
#1827 = CARTESIAN_POINT('',(0.191658182004,-1.20596828031));
#1828 = CARTESIAN_POINT('',(0.204748546038,-1.205962917334));
#1829 = CARTESIAN_POINT('',(0.217838948843,-1.205957579396));
#1830 = CARTESIAN_POINT('',(0.230929390436,-1.205952266473));
#1831 = CARTESIAN_POINT('',(0.244019870464,-1.205946978403));
#1832 = CARTESIAN_POINT('',(0.257110388674,-1.205941715063));
#1833 = CARTESIAN_POINT('',(0.270200944791,-1.205936476319));
#1834 = CARTESIAN_POINT('',(0.283291538547,-1.205931262043));
#1835 = CARTESIAN_POINT('',(0.296382169673,-1.205926072104));
#1836 = CARTESIAN_POINT('',(0.309472837906,-1.205920906375));
#1837 = CARTESIAN_POINT('',(0.322563542982,-1.205915764726));
#1838 = CARTESIAN_POINT('',(0.33565428464,-1.205910647031));
#1839 = CARTESIAN_POINT('',(0.34874506262,-1.205905553164));
#1840 = CARTESIAN_POINT('',(0.361835876664,-1.205900482999));
#1841 = CARTESIAN_POINT('',(0.374926726517,-1.20589543641));
#1842 = CARTESIAN_POINT('',(0.388017611924,-1.205890413273));
#1843 = CARTESIAN_POINT('',(0.401108532634,-1.205885413464));
#1844 = CARTESIAN_POINT('',(0.414199488395,-1.205880436861));
#1845 = CARTESIAN_POINT('',(0.42729047896,-1.205875483342));
#1846 = CARTESIAN_POINT('',(0.440381504081,-1.205870552784));
#1847 = CARTESIAN_POINT('',(0.453472563513,-1.205865645066));
#1848 = CARTESIAN_POINT('',(0.466563657013,-1.205860760069));
#1849 = CARTESIAN_POINT('',(0.47965478434,-1.205855897673));
#1850 = CARTESIAN_POINT('',(0.492745945252,-1.205851057759));
#1851 = CARTESIAN_POINT('',(0.505837139513,-1.205846240208));
#1852 = CARTESIAN_POINT('',(0.518928366885,-1.205841444904));
#1853 = CARTESIAN_POINT('',(0.532019627133,-1.205836671729));
#1854 = CARTESIAN_POINT('',(0.545110920025,-1.205831920566));
#1855 = CARTESIAN_POINT('',(0.558202245328,-1.205827191302));
#1856 = CARTESIAN_POINT('',(0.571293602814,-1.205822483819));
#1857 = CARTESIAN_POINT('',(0.584384992253,-1.205817798005));
#1858 = CARTESIAN_POINT('',(0.597476413419,-1.205813133745));
#1859 = CARTESIAN_POINT('',(0.610567866087,-1.205808490927));
#1860 = CARTESIAN_POINT('',(0.623659350034,-1.205803869438));
#1861 = CARTESIAN_POINT('',(0.636750865037,-1.205799269167));
#1862 = CARTESIAN_POINT('',(0.649842410877,-1.205794690001));
#1863 = CARTESIAN_POINT('',(0.662933987334,-1.205790131832));
#1864 = CARTESIAN_POINT('',(0.676025594192,-1.205785594548));
#1865 = CARTESIAN_POINT('',(0.689117231235,-1.205781078042));
#1866 = CARTESIAN_POINT('',(0.702208898249,-1.205776582203));
#1867 = CARTESIAN_POINT('',(0.715300595021,-1.205772106924));
#1868 = CARTESIAN_POINT('',(0.728392321341,-1.205767652099));
#1869 = CARTESIAN_POINT('',(0.741484076998,-1.205763217619));
#1870 = CARTESIAN_POINT('',(0.754575861784,-1.205758803379));
#1871 = CARTESIAN_POINT('',(0.767667675494,-1.205754409273));
#1872 = CARTESIAN_POINT('',(0.780759517922,-1.205750035196));
#1873 = CARTESIAN_POINT('',(0.793851388864,-1.205745681044));
#1874 = CARTESIAN_POINT('',(0.806943288117,-1.205741346714));
#1875 = CARTESIAN_POINT('',(0.820035215482,-1.205737032101));
#1876 = CARTESIAN_POINT('',(0.833127170759,-1.205732737103));
#1877 = CARTESIAN_POINT('',(0.84621915375,-1.205728461618));
#1878 = CARTESIAN_POINT('',(0.859311164258,-1.205724205545));
#1879 = CARTESIAN_POINT('',(0.872403202088,-1.205719968783));
#1880 = CARTESIAN_POINT('',(0.885495267047,-1.205715751231));
#1881 = CARTESIAN_POINT('',(0.898587358942,-1.20571155279));
#1882 = CARTESIAN_POINT('',(0.911679477581,-1.205707373361));
#1883 = CARTESIAN_POINT('',(0.924771622777,-1.205703212844));
#1884 = CARTESIAN_POINT('',(0.937863794338,-1.205699071142));
#1885 = CARTESIAN_POINT('',(0.95095599208,-1.205694948157));
#1886 = CARTESIAN_POINT('',(0.964048215816,-1.205690843793));
#1887 = CARTESIAN_POINT('',(0.977140465362,-1.205686757953));
#1888 = CARTESIAN_POINT('',(0.985868648811,-1.205684046344));
#1889 = CARTESIAN_POINT('',(0.990232744776,-1.205682693596));
#1890 = ( GEOMETRIC_REPRESENTATION_CONTEXT(2) 
PARAMETRIC_REPRESENTATION_CONTEXT() REPRESENTATION_CONTEXT('2D SPACE',''
  ) );
#1891 = ORIENTED_EDGE('',*,*,#1892,.T.);
#1892 = EDGE_CURVE('',#1642,#1893,#1895,.T.);
#1893 = VERTEX_POINT('',#1894);
#1894 = CARTESIAN_POINT('',(115.,32.972009220553,151.06254359758));
#1895 = SURFACE_CURVE('',#1896,(#1903,#1910),.PCURVE_S1.);
#1896 = B_SPLINE_CURVE_WITH_KNOTS('',3,(#1897,#1898,#1899,#1900,#1901,
    #1902),.UNSPECIFIED.,.F.,.F.,(4,1,1,4),(1.49157492356,1.717409435498
    ,2.228856702798,2.996027603748),.UNSPECIFIED.);
#1897 = CARTESIAN_POINT('',(115.,27.628474030474,146.80497246441));
#1898 = CARTESIAN_POINT('',(115.,28.003327721244,146.77530597301));
#1899 = CARTESIAN_POINT('',(115.,29.237906114403,146.81527815939));
#1900 = CARTESIAN_POINT('',(115.,31.626782745383,147.82709798266));
#1901 = CARTESIAN_POINT('',(115.,32.786543703093,149.79744796404));
#1902 = CARTESIAN_POINT('',(115.,32.972009220553,151.06254359758));
#1903 = PCURVE('',#1041,#1904);
#1904 = DEFINITIONAL_REPRESENTATION('',(#1905),#1909);
#1905 = LINE('',#1906,#1907);
#1906 = CARTESIAN_POINT('',(-4.677397450519E-13,2.22044604925E-15));
#1907 = VECTOR('',#1908,1.);
#1908 = DIRECTION('',(1.98045056278E-13,-1.));
#1909 = ( GEOMETRIC_REPRESENTATION_CONTEXT(2) 
PARAMETRIC_REPRESENTATION_CONTEXT() REPRESENTATION_CONTEXT('2D SPACE',''
  ) );
#1910 = PCURVE('',#1911,#1916);
#1911 = PLANE('',#1912);
#1912 = AXIS2_PLACEMENT_3D('',#1913,#1914,#1915);
#1913 = CARTESIAN_POINT('',(115.,28.010174863235,151.77815311428));
#1914 = DIRECTION('',(1.,8.983235139772E-30,3.625512352548E-30));
#1915 = DIRECTION('',(3.625512352548E-30,0.,-1.));
#1916 = DEFINITIONAL_REPRESENTATION('',(#1917),#1924);
#1917 = B_SPLINE_CURVE_WITH_KNOTS('',3,(#1918,#1919,#1920,#1921,#1922,
    #1923),.UNSPECIFIED.,.F.,.F.,(4,1,1,4),(1.49157492356,1.717409435498
    ,2.228856702798,2.996027603748),.UNSPECIFIED.);
#1918 = CARTESIAN_POINT('',(4.973180649862,-0.381700832762));
#1919 = CARTESIAN_POINT('',(5.002847141267,-6.847141990999E-03));
#1920 = CARTESIAN_POINT('',(4.962874954885,1.227731251167));
#1921 = CARTESIAN_POINT('',(3.951055131618,3.616607882147));
#1922 = CARTESIAN_POINT('',(1.980705150238,4.776368839857));
#1923 = CARTESIAN_POINT('',(0.715609516694,4.961834357317));
#1924 = ( GEOMETRIC_REPRESENTATION_CONTEXT(2) 
PARAMETRIC_REPRESENTATION_CONTEXT() REPRESENTATION_CONTEXT('2D SPACE',''
  ) );
#1925 = ORIENTED_EDGE('',*,*,#1926,.T.);
#1926 = EDGE_CURVE('',#1893,#1001,#1927,.T.);
#1927 = SURFACE_CURVE('',#1928,(#1932,#1938),.PCURVE_S1.);
#1928 = LINE('',#1929,#1930);
#1929 = CARTESIAN_POINT('',(115.,32.972009220553,151.06254359758));
#1930 = VECTOR('',#1931,1.);
#1931 = DIRECTION('',(0.475655579709,0.870328716345,-0.12759190804));
#1932 = PCURVE('',#1041,#1933);
#1933 = DEFINITIONAL_REPRESENTATION('',(#1934),#1937);
#1934 = B_SPLINE_CURVE_WITH_KNOTS('',1,(#1935,#1936),.UNSPECIFIED.,.F.,
  .F.,(2,2),(0.,0.703705288082),.PIECEWISE_BEZIER_KNOTS.);
#1935 = CARTESIAN_POINT('',(1.159628297033E-13,-2.996027603748));
#1936 = CARTESIAN_POINT('',(1.,-2.996027603748));
#1937 = ( GEOMETRIC_REPRESENTATION_CONTEXT(2) 
PARAMETRIC_REPRESENTATION_CONTEXT() REPRESENTATION_CONTEXT('2D SPACE',''
  ) );
#1938 = PCURVE('',#1939,#1968);
#1939 = B_SPLINE_SURFACE_WITH_KNOTS('',3,3,(
    (#1940,#1941,#1942,#1943,#1944,#1945,#1946)
    ,(#1947,#1948,#1949,#1950,#1951,#1952,#1953)
    ,(#1954,#1955,#1956,#1957,#1958,#1959,#1960)
    ,(#1961,#1962,#1963,#1964,#1965,#1966,#1967
  )),.UNSPECIFIED.,.F.,.F.,.F.,(4,4),(4,1,1,1,4),(-7.475065895421E-06,1.
    ),(1.859155835381,2.26715636911,2.471156635974,2.879157169703,
    3.287157703432),.UNSPECIFIED.);
#1940 = CARTESIAN_POINT('',(114.99999719094,29.446786817392,
    156.58135582298));
#1941 = CARTESIAN_POINT('',(114.9999974649,30.098710881035,
    156.38797670697));
#1942 = CARTESIAN_POINT('',(114.99999784892,31.015463805016,
    155.89503700738));
#1943 = CARTESIAN_POINT('',(114.99999796932,32.208521364224,
    154.67121611661));
#1944 = CARTESIAN_POINT('',(114.99999783916,32.989414177231,
    153.12164703448));
#1945 = CARTESIAN_POINT('',(114.99999759601,33.070639570046,
    151.73535293769));
#1946 = CARTESIAN_POINT('',(114.99999749793,32.972004642412,
    151.06254426875));
#1947 = CARTESIAN_POINT('',(115.12526140512,29.497695688195,
    156.75298165876));
#1948 = CARTESIAN_POINT('',(115.11304508127,30.182487172784,
    156.5847942577));
#1949 = CARTESIAN_POINT('',(115.09592101773,31.150085166544,
    156.08144689138));
#1950 = CARTESIAN_POINT('',(115.09055183596,32.402051659143,
    154.80565947908));
#1951 = CARTESIAN_POINT('',(115.09635591461,33.214599065163,
    153.18013647002));
#1952 = CARTESIAN_POINT('',(115.10719849087,33.285477210269,
    151.73221890878));
#1953 = CARTESIAN_POINT('',(115.1115721142,33.176157808479,
    151.03261501156));
#1954 = CARTESIAN_POINT('',(115.2505256193,29.548604558998,
    156.92460749453));
#1955 = CARTESIAN_POINT('',(115.22609269763,30.266263464534,
    156.78161180843));
#1956 = CARTESIAN_POINT('',(115.19184418655,31.284706528072,
    156.26785677539));
#1957 = CARTESIAN_POINT('',(115.18110570259,32.595581954062,
    154.94010284154));
#1958 = CARTESIAN_POINT('',(115.19271399006,33.439783953095,
    153.23862590555));
#1959 = CARTESIAN_POINT('',(115.21439938573,33.500314850492,
    151.72908487987));
#1960 = CARTESIAN_POINT('',(115.22314673047,33.380310974546,
    151.00268575437));
#1961 = CARTESIAN_POINT('',(115.37578983348,29.599513429801,
    157.09623333031));
#1962 = CARTESIAN_POINT('',(115.339140314,30.350039756283,
    156.97842935917));
#1963 = CARTESIAN_POINT('',(115.28776735537,31.4193278896,
    156.45426665939));
#1964 = CARTESIAN_POINT('',(115.27165956923,32.789112248982,
    155.07454620401));
#1965 = CARTESIAN_POINT('',(115.28907206551,33.664968841027,
    153.29711534108));
#1966 = CARTESIAN_POINT('',(115.32160028059,33.715152490716,
    151.72595085095));
#1967 = CARTESIAN_POINT('',(115.33472134674,33.584464140614,
    150.97275649718));
#1968 = DEFINITIONAL_REPRESENTATION('',(#1969),#1972);
#1969 = B_SPLINE_CURVE_WITH_KNOTS('',1,(#1970,#1971),.UNSPECIFIED.,.F.,
  .F.,(2,2),(0.,0.703705288082),.PIECEWISE_BEZIER_KNOTS.);
#1970 = CARTESIAN_POINT('',(-1.578141161441E-13,3.287157703432));
#1971 = CARTESIAN_POINT('',(1.,3.287157703432));
#1972 = ( GEOMETRIC_REPRESENTATION_CONTEXT(2) 
PARAMETRIC_REPRESENTATION_CONTEXT() REPRESENTATION_CONTEXT('2D SPACE',''
  ) );
#1973 = ORIENTED_EDGE('',*,*,#1000,.T.);
#1974 = ADVANCED_FACE('',(#1975),#1186,.T.);
#1975 = FACE_BOUND('',#1976,.T.);
#1976 = EDGE_LOOP('',(#1977,#1978,#2025,#2067,#2092));
#1977 = ORIENTED_EDGE('',*,*,#1144,.F.);
#1978 = ORIENTED_EDGE('',*,*,#1979,.T.);
#1979 = EDGE_CURVE('',#1145,#1980,#1982,.T.);
#1980 = VERTEX_POINT('',#1981);
#1981 = CARTESIAN_POINT('',(115.3998535839,23.050898834972,
    149.65791453582));
#1982 = SURFACE_CURVE('',#1983,(#1989,#1996),.PCURVE_S1.);
#1983 = B_SPLINE_CURVE_WITH_KNOTS('',3,(#1984,#1985,#1986,#1987,#1988),
  .UNSPECIFIED.,.F.,.F.,(4,1,4),(-1.142341402505,-1.025720842544,
    -0.404582067857),.UNSPECIFIED.);
#1984 = CARTESIAN_POINT('',(115.37154057056,25.724113153404,
    146.74779079858));
#1985 = CARTESIAN_POINT('',(115.37683082315,25.533063755243,
    146.84894235493));
#1986 = CARTESIAN_POINT('',(115.40721806276,24.36524246607,
    147.55692222767));
#1987 = CARTESIAN_POINT('',(115.40031924473,23.507700490351,
    148.63484128269));
#1988 = CARTESIAN_POINT('',(115.3998535839,23.050898834972,
    149.65791453582));
#1989 = PCURVE('',#1186,#1990);
#1990 = DEFINITIONAL_REPRESENTATION('',(#1991),#1995);
#1991 = LINE('',#1992,#1993);
#1992 = CARTESIAN_POINT('',(1.,-5.839773109528E-14));
#1993 = VECTOR('',#1994,1.);
#1994 = DIRECTION('',(-5.211323200849E-13,1.));
#1995 = ( GEOMETRIC_REPRESENTATION_CONTEXT(2) 
PARAMETRIC_REPRESENTATION_CONTEXT() REPRESENTATION_CONTEXT('2D SPACE',''
  ) );
#1996 = PCURVE('',#479,#1997);
#1997 = DEFINITIONAL_REPRESENTATION('',(#1998),#2024);
#1998 = B_SPLINE_CURVE_WITH_KNOTS('',3,(#1999,#2000,#2001,#2002,#2003,
    #2004,#2005,#2006,#2007,#2008,#2009,#2010,#2011,#2012,#2013,#2014,
    #2015,#2016,#2017,#2018,#2019,#2020,#2021,#2022,#2023),
  .UNSPECIFIED.,.F.,.F.,(4,1,1,1,1,1,1,1,1,1,1,1,1,1,1,1,1,1,1,1,1,1,4),
  (-1.142341401926,-1.108806886741,-1.075272371556,-1.041737856371,
    -1.008203341186,-0.974668826001,-0.941134310817,-0.907599795632,
    -0.874065280447,-0.840530765262,-0.806996250077,-0.773461734892,
    -0.739927219707,-0.706392704522,-0.672858189337,-0.639323674152,
    -0.605789158967,-0.572254643782,-0.538720128597,-0.505185613412,
    -0.471651098227,-0.438116583042,-0.404582067857),
  .QUASI_UNIFORM_KNOTS.);
#1999 = CARTESIAN_POINT('',(8.302808057224E-02,0.98239645078));
#2000 = CARTESIAN_POINT('',(9.763852065787E-02,0.982319422786));
#2001 = CARTESIAN_POINT('',(0.126774046285,0.982167729739));
#2002 = CARTESIAN_POINT('',(0.170198449489,0.981952399207));
#2003 = CARTESIAN_POINT('',(0.213322044546,0.981754348807));
#2004 = CARTESIAN_POINT('',(0.256119763111,0.981578821559));
#2005 = CARTESIAN_POINT('',(0.29859804059,0.981427825054));
#2006 = CARTESIAN_POINT('',(0.340791654426,0.981300089825));
#2007 = CARTESIAN_POINT('',(0.382730723991,0.981194302267));
#2008 = CARTESIAN_POINT('',(0.424447001799,0.981108601522));
#2009 = CARTESIAN_POINT('',(0.465971122697,0.981040945155));
#2010 = CARTESIAN_POINT('',(0.507332389646,0.980989168478));
#2011 = CARTESIAN_POINT('',(0.54855892847,0.980951313946));
#2012 = CARTESIAN_POINT('',(0.589678017327,0.980925448123));
#2013 = CARTESIAN_POINT('',(0.63071591804,0.980909652352));
#2014 = CARTESIAN_POINT('',(0.671697522803,0.980902114149));
#2015 = CARTESIAN_POINT('',(0.712646198596,0.980901154262));
#2016 = CARTESIAN_POINT('',(0.753583696612,0.980905236176));
#2017 = CARTESIAN_POINT('',(0.794530123632,0.980912950769));
#2018 = CARTESIAN_POINT('',(0.835503934144,0.980922982108));
#2019 = CARTESIAN_POINT('',(0.87652194946,0.980934060281));
#2020 = CARTESIAN_POINT('',(0.917599288681,0.98094489255));
#2021 = CARTESIAN_POINT('',(0.95874956761,0.980954121373));
#2022 = CARTESIAN_POINT('',(0.986239184579,0.980958135919));
#2023 = CARTESIAN_POINT('',(1.,0.980959353148));
#2024 = ( GEOMETRIC_REPRESENTATION_CONTEXT(2) 
PARAMETRIC_REPRESENTATION_CONTEXT() REPRESENTATION_CONTEXT('2D SPACE',''
  ) );
#2025 = ORIENTED_EDGE('',*,*,#2026,.F.);
#2026 = EDGE_CURVE('',#2027,#1980,#2029,.T.);
#2027 = VERTEX_POINT('',#2028);
#2028 = CARTESIAN_POINT('',(115.,23.428553758132,149.81962821375));
#2029 = SURFACE_CURVE('',#2030,(#2034,#2040),.PCURVE_S1.);
#2030 = LINE('',#2031,#2032);
#2031 = CARTESIAN_POINT('',(115.,23.428553758132,149.81962821375));
#2032 = VECTOR('',#2033,1.);
#2033 = DIRECTION('',(0.697475981692,-0.65875422624,-0.282081768948));
#2034 = PCURVE('',#1186,#2035);
#2035 = DEFINITIONAL_REPRESENTATION('',(#2036),#2039);
#2036 = B_SPLINE_CURVE_WITH_KNOTS('',1,(#2037,#2038),.UNSPECIFIED.,.F.,
  .F.,(2,2),(0.,0.57328652799),.PIECEWISE_BEZIER_KNOTS.);
#2037 = CARTESIAN_POINT('',(4.819332289954E-13,-0.404582067857));
#2038 = CARTESIAN_POINT('',(1.,-0.404582067857));
#2039 = ( GEOMETRIC_REPRESENTATION_CONTEXT(2) 
PARAMETRIC_REPRESENTATION_CONTEXT() REPRESENTATION_CONTEXT('2D SPACE',''
  ) );
#2040 = PCURVE('',#2041,#2062);
#2041 = B_SPLINE_SURFACE_WITH_KNOTS('',3,3,(
    (#2042,#2043,#2044,#2045,#2046)
    ,(#2047,#2048,#2049,#2050,#2051)
    ,(#2052,#2053,#2054,#2055,#2056)
    ,(#2057,#2058,#2059,#2060,#2061
    )),.UNSPECIFIED.,.F.,.F.,.F.,(4,4),(4,1,4),(0.,1.),(-0.404582067857,
    0.373352572237,0.956803552307),.UNSPECIFIED.);
#2042 = CARTESIAN_POINT('',(115.,23.428553758132,149.81962821375));
#2043 = CARTESIAN_POINT('',(115.,22.918183768748,151.01151093877));
#2044 = CARTESIAN_POINT('',(115.,22.884888173123,153.45004485418));
#2045 = CARTESIAN_POINT('',(115.,24.349400791877,155.31432727386));
#2046 = CARTESIAN_POINT('',(115.,25.144210934578,155.87457203061));
#2047 = CARTESIAN_POINT('',(115.13328452796,23.302668783745,
    149.76572365444));
#2048 = CARTESIAN_POINT('',(115.13309012498,22.771717649378,
    150.98742233999));
#2049 = CARTESIAN_POINT('',(115.13231427363,22.731271157731,
    153.50081093667));
#2050 = CARTESIAN_POINT('',(115.13328355792,24.247166107836,
    155.41401465083));
#2051 = CARTESIAN_POINT('',(115.13332947202,25.066808241615,
    155.98438197474));
#2052 = CARTESIAN_POINT('',(115.26656905593,23.176783809359,
    149.71181909513));
#2053 = CARTESIAN_POINT('',(115.26618024996,22.625251530009,
    150.96333374121));
#2054 = CARTESIAN_POINT('',(115.26462854726,22.577654142338,
    153.55157701916));
#2055 = CARTESIAN_POINT('',(115.26656711585,24.144931423796,
    155.5137020278));
#2056 = CARTESIAN_POINT('',(115.26665894405,24.989405548652,
    156.09419191888));
#2057 = CARTESIAN_POINT('',(115.3998535839,23.050898834972,
    149.65791453582));
#2058 = CARTESIAN_POINT('',(115.39927037494,22.47878541064,
    150.93924514243));
#2059 = CARTESIAN_POINT('',(115.3969428209,22.424037126946,
    153.60234310165));
#2060 = CARTESIAN_POINT('',(115.39985067377,24.042696739755,
    155.61338940478));
#2061 = CARTESIAN_POINT('',(115.39998841608,24.912002855689,
    156.20400186301));
#2062 = DEFINITIONAL_REPRESENTATION('',(#2063),#2066);
#2063 = B_SPLINE_CURVE_WITH_KNOTS('',1,(#2064,#2065),.UNSPECIFIED.,.F.,
  .F.,(2,2),(0.,0.57328652799),.PIECEWISE_BEZIER_KNOTS.);
#2064 = CARTESIAN_POINT('',(-1.159981997667E-14,-0.404582067857));
#2065 = CARTESIAN_POINT('',(1.,-0.404582067857));
#2066 = ( GEOMETRIC_REPRESENTATION_CONTEXT(2) 
PARAMETRIC_REPRESENTATION_CONTEXT() REPRESENTATION_CONTEXT('2D SPACE',''
  ) );
#2067 = ORIENTED_EDGE('',*,*,#2068,.T.);
#2068 = EDGE_CURVE('',#2027,#1642,#2069,.T.);
#2069 = SURFACE_CURVE('',#2070,(#2076,#2083),.PCURVE_S1.);
#2070 = B_SPLINE_CURVE_WITH_KNOTS('',3,(#2071,#2072,#2073,#2074,#2075),
  .UNSPECIFIED.,.F.,.F.,(4,1,4),(0.404582067857,1.025720842544,
    1.49157492356),.UNSPECIFIED.);
#2071 = CARTESIAN_POINT('',(115.,23.428553758132,149.81962821375));
#2072 = CARTESIAN_POINT('',(115.,23.836056616991,148.86797426078));
#2073 = CARTESIAN_POINT('',(115.,25.082363100451,147.43594089238));
#2074 = CARTESIAN_POINT('',(115.,26.855207578335,146.86492814177));
#2075 = CARTESIAN_POINT('',(115.,27.629195891912,146.80348310402));
#2076 = PCURVE('',#1186,#2077);
#2077 = DEFINITIONAL_REPRESENTATION('',(#2078),#2082);
#2078 = LINE('',#2079,#2080);
#2079 = CARTESIAN_POINT('',(-1.922271177503E-14,4.274358644807E-15));
#2080 = VECTOR('',#2081,1.);
#2081 = DIRECTION('',(8.566900053554E-15,-1.));
#2082 = ( GEOMETRIC_REPRESENTATION_CONTEXT(2) 
PARAMETRIC_REPRESENTATION_CONTEXT() REPRESENTATION_CONTEXT('2D SPACE',''
  ) );
#2083 = PCURVE('',#1911,#2084);
#2084 = DEFINITIONAL_REPRESENTATION('',(#2085),#2091);
#2085 = B_SPLINE_CURVE_WITH_KNOTS('',3,(#2086,#2087,#2088,#2089,#2090),
  .UNSPECIFIED.,.F.,.F.,(4,1,4),(0.404582067857,1.025720842544,
    1.49157492356),.UNSPECIFIED.);
#2086 = CARTESIAN_POINT('',(1.958524900529,-4.581621105103));
#2087 = CARTESIAN_POINT('',(2.910178853491,-4.174118246245));
#2088 = CARTESIAN_POINT('',(4.342212221892,-2.927811762784));
#2089 = CARTESIAN_POINT('',(4.913224972501,-1.154967284901));
#2090 = CARTESIAN_POINT('',(4.974670010254,-0.380978971323));
#2091 = ( GEOMETRIC_REPRESENTATION_CONTEXT(2) 
PARAMETRIC_REPRESENTATION_CONTEXT() REPRESENTATION_CONTEXT('2D SPACE',''
  ) );
#2092 = ORIENTED_EDGE('',*,*,#1641,.T.);
#2093 = ADVANCED_FACE('',(#2094),#717,.F.);
#2094 = FACE_BOUND('',#2095,.F.);
#2095 = EDGE_LOOP('',(#2096,#2118,#2119,#2120,#2167,#2203,#2242));
#2096 = ORIENTED_EDGE('',*,*,#2097,.F.);
#2097 = EDGE_CURVE('',#675,#2098,#2100,.T.);
#2098 = VERTEX_POINT('',#2099);
#2099 = CARTESIAN_POINT('',(135.35684004404,52.741011363381,
    156.6320107065));
#2100 = SURFACE_CURVE('',#2101,(#2106,#2112),.PCURVE_S1.);
#2101 = B_SPLINE_CURVE_WITH_KNOTS('',3,(#2102,#2103,#2104,#2105),
  .UNSPECIFIED.,.F.,.F.,(4,4),(-3.559529855916E-03,-8.985733556837E-05),
  .PIECEWISE_BEZIER_KNOTS.);
#2102 = CARTESIAN_POINT('',(135.35732415067,52.775775179543,
    156.62778740698));
#2103 = CARTESIAN_POINT('',(135.35791352007,52.764227044239,
    156.62920727535));
#2104 = CARTESIAN_POINT('',(135.35850270586,52.752678781896,
    156.63062641142));
#2105 = CARTESIAN_POINT('',(135.35909170435,52.741130392867,
    156.63204481174));
#2106 = PCURVE('',#717,#2107);
#2107 = DEFINITIONAL_REPRESENTATION('',(#2108),#2111);
#2108 = B_SPLINE_CURVE_WITH_KNOTS('',1,(#2109,#2110),.UNSPECIFIED.,.F.,
  .F.,(2,2),(-3.559529855916E-03,-8.985734082017E-05),
  .PIECEWISE_BEZIER_KNOTS.);
#2109 = CARTESIAN_POINT('',(-8.617642526563E-04,-3.548896069465E-03));
#2110 = CARTESIAN_POINT('',(3.151060246306E-13,-8.985734081221E-05));
#2111 = ( GEOMETRIC_REPRESENTATION_CONTEXT(2) 
PARAMETRIC_REPRESENTATION_CONTEXT() REPRESENTATION_CONTEXT('2D SPACE',''
  ) );
#2112 = PCURVE('',#841,#2113);
#2113 = DEFINITIONAL_REPRESENTATION('',(#2114),#2117);
#2114 = B_SPLINE_CURVE_WITH_KNOTS('',1,(#2115,#2116),.UNSPECIFIED.,.F.,
  .F.,(2,2),(-3.559529855916E-03,-8.985734082017E-05),
  .PIECEWISE_BEZIER_KNOTS.);
#2115 = CARTESIAN_POINT('',(1.001438885164,3.060952511814E-02));
#2116 = CARTESIAN_POINT('',(0.999921960017,3.052558637299E-02));
#2117 = ( GEOMETRIC_REPRESENTATION_CONTEXT(2) 
PARAMETRIC_REPRESENTATION_CONTEXT() REPRESENTATION_CONTEXT('2D SPACE',''
  ) );
#2118 = ORIENTED_EDGE('',*,*,#674,.T.);
#2119 = ORIENTED_EDGE('',*,*,#1294,.F.);
#2120 = ORIENTED_EDGE('',*,*,#2121,.F.);
#2121 = EDGE_CURVE('',#2122,#1295,#2124,.T.);
#2122 = VERTEX_POINT('',#2123);
#2123 = CARTESIAN_POINT('',(137.03285777506,61.566792217655,
    155.92310152409));
#2124 = SURFACE_CURVE('',#2125,(#2132,#2161),.PCURVE_S1.);
#2125 = B_SPLINE_CURVE_WITH_KNOTS('',3,(#2126,#2127,#2128,#2129,#2130,
    #2131),.UNSPECIFIED.,.F.,.F.,(4,2,4),(-2.001838336596E-03,0.,
    0.224458326468),.UNSPECIFIED.);
#2126 = CARTESIAN_POINT('',(137.03285777567,61.566792224393,
    155.92310152343));
#2127 = CARTESIAN_POINT('',(137.02980605515,61.572697774414,
    155.9225204325));
#2128 = CARTESIAN_POINT('',(137.02675426824,61.578602965567,
    155.92193605971));
#2129 = CARTESIAN_POINT('',(136.68151029197,62.246593716195,
    155.85545698225));
#2130 = CARTESIAN_POINT('',(136.33810720279,62.90491902026,
    155.74823223306));
#2131 = CARTESIAN_POINT('',(136.,63.555594645797,155.59992777915));
#2132 = PCURVE('',#717,#2133);
#2133 = DEFINITIONAL_REPRESENTATION('',(#2134),#2160);
#2134 = B_SPLINE_CURVE_WITH_KNOTS('',3,(#2135,#2136,#2137,#2138,#2139,
    #2140,#2141,#2142,#2143,#2144,#2145,#2146,#2147,#2148,#2149,#2150,
    #2151,#2152,#2153,#2154,#2155,#2156,#2157,#2158,#2159),
  .UNSPECIFIED.,.F.,.F.,(4,1,1,1,1,1,1,1,1,1,1,1,1,1,1,1,1,1,1,1,1,1,4),
  (-2.001838336596E-03,8.291805518151E-03,1.85854493729E-02,
    2.887909322765E-02,3.917273708239E-02,4.946638093714E-02,
    5.976002479189E-02,7.005366864663E-02,8.034731250138E-02,
    9.064095635613E-02,0.100934600211,0.111228244066,0.12152188792,
    0.131815531775,0.14210917563,0.152402819485,0.162696463339,
    0.172990107194,0.183283751049,0.193577394904,0.203871038758,
    0.214164682613,0.224458326468),.UNSPECIFIED.);
#2135 = CARTESIAN_POINT('',(1.00005147608,-0.891990376331));
#2136 = CARTESIAN_POINT('',(0.992199470098,-0.89496773832));
#2137 = CARTESIAN_POINT('',(0.976554157847,-0.900923053855));
#2138 = CARTESIAN_POINT('',(0.953258552438,-0.909857650833));
#2139 = CARTESIAN_POINT('',(0.930131541019,-0.918793729335));
#2140 = CARTESIAN_POINT('',(0.907169469431,-0.927731116239));
#2141 = CARTESIAN_POINT('',(0.884368679133,-0.936669646478));
#2142 = CARTESIAN_POINT('',(0.861725539074,-0.945609152581));
#2143 = CARTESIAN_POINT('',(0.839236437064,-0.954549467473));
#2144 = CARTESIAN_POINT('',(0.816897781967,-0.963490423716));
#2145 = CARTESIAN_POINT('',(0.794706002966,-0.972431853713));
#2146 = CARTESIAN_POINT('',(0.772657549595,-0.98137358965));
#2147 = CARTESIAN_POINT('',(0.750748891536,-0.990315463506));
#2148 = CARTESIAN_POINT('',(0.728976518471,-0.999257307051));
#2149 = CARTESIAN_POINT('',(0.70733693989,-1.008198951841));
#2150 = CARTESIAN_POINT('',(0.685826684904,-1.017140229221));
#2151 = CARTESIAN_POINT('',(0.664442302044,-1.026080970318));
#2152 = CARTESIAN_POINT('',(0.643180359054,-1.035021006046));
#2153 = CARTESIAN_POINT('',(0.622037442669,-1.043960167098));
#2154 = CARTESIAN_POINT('',(0.601010158441,-1.052898283949));
#2155 = CARTESIAN_POINT('',(0.580095130365,-1.061835186859));
#2156 = CARTESIAN_POINT('',(0.559289001272,-1.070770705859));
#2157 = CARTESIAN_POINT('',(0.538588430361,-1.07970467078));
#2158 = CARTESIAN_POINT('',(0.524856211071,-1.085659497694));
#2159 = CARTESIAN_POINT('',(0.518006587883,-1.088636595328));
#2160 = ( GEOMETRIC_REPRESENTATION_CONTEXT(2) 
PARAMETRIC_REPRESENTATION_CONTEXT() REPRESENTATION_CONTEXT('2D SPACE',''
  ) );
#2161 = PCURVE('',#1362,#2162);
#2162 = DEFINITIONAL_REPRESENTATION('',(#2163),#2166);
#2163 = B_SPLINE_CURVE_WITH_KNOTS('',1,(#2164,#2165),.UNSPECIFIED.,.F.,
  .F.,(2,2),(-2.001838336596E-03,0.224458326468),
  .PIECEWISE_BEZIER_KNOTS.);
#2164 = CARTESIAN_POINT('',(-1.117270192406,5.967142224325));
#2165 = CARTESIAN_POINT('',(-0.991256290676,7.));
#2166 = ( GEOMETRIC_REPRESENTATION_CONTEXT(2) 
PARAMETRIC_REPRESENTATION_CONTEXT() REPRESENTATION_CONTEXT('2D SPACE',''
  ) );
#2167 = ORIENTED_EDGE('',*,*,#2168,.F.);
#2168 = EDGE_CURVE('',#2169,#2122,#2171,.T.);
#2169 = VERTEX_POINT('',#2170);
#2170 = CARTESIAN_POINT('',(136.39753907699,28.7495301119,
    159.15223568602));
#2171 = SURFACE_CURVE('',#2172,(#2180,#2187),.PCURVE_S1.);
#2172 = B_SPLINE_CURVE_WITH_KNOTS('',3,(#2173,#2174,#2175,#2176,#2177,
    #2178,#2179),.UNSPECIFIED.,.F.,.F.,(4,1,2,4),(-2.407381789352,
    -1.444429073611,0.,0.891991366944),.UNSPECIFIED.);
#2173 = CARTESIAN_POINT('',(136.39753907699,28.7495301119,
    159.15223568602));
#2174 = CARTESIAN_POINT('',(136.30708583318,31.942676887235,
    158.83803825837));
#2175 = CARTESIAN_POINT('',(136.13641236151,39.928630554229,
    158.05224096307));
#2176 = CARTESIAN_POINT('',(136.38221019693,47.913720196351,
    157.2665286856));
#2177 = CARTESIAN_POINT('',(136.74086573271,55.655916579742,
    156.5047164799));
#2178 = CARTESIAN_POINT('',(136.89791035449,58.610859108274,
    156.2139577373));
#2179 = CARTESIAN_POINT('',(137.03274649926,61.566807098174,
    155.92310005989));
#2180 = PCURVE('',#717,#2181);
#2181 = DEFINITIONAL_REPRESENTATION('',(#2182),#2186);
#2182 = LINE('',#2183,#2184);
#2183 = CARTESIAN_POINT('',(1.,8.881784197001E-16));
#2184 = VECTOR('',#2185,1.);
#2185 = DIRECTION('',(2.261248003366E-14,-1.));
#2186 = ( GEOMETRIC_REPRESENTATION_CONTEXT(2) 
PARAMETRIC_REPRESENTATION_CONTEXT() REPRESENTATION_CONTEXT('2D SPACE',''
  ) );
#2187 = PCURVE('',#2188,#2193);
#2188 = PLANE('',#2189);
#2189 = AXIS2_PLACEMENT_3D('',#2190,#2191,#2192);
#2190 = CARTESIAN_POINT('',(145.,28.7495301119,159.15223568602));
#2191 = DIRECTION('',(0.,9.792451402454E-02,0.995193845215));
#2192 = DIRECTION('',(-3.305808053033E-17,0.995193845215,
    -9.792451402454E-02));
#2193 = DEFINITIONAL_REPRESENTATION('',(#2194),#2202);
#2194 = B_SPLINE_CURVE_WITH_KNOTS('',3,(#2195,#2196,#2197,#2198,#2199,
    #2200,#2201),.UNSPECIFIED.,.F.,.F.,(4,1,2,4),(-2.407381789352,
    -1.444429073611,0.,0.891991366944),.UNSPECIFIED.);
#2195 = CARTESIAN_POINT('',(0.,8.60246092301));
#2196 = CARTESIAN_POINT('',(3.208567648092,8.692914166816));
#2197 = CARTESIAN_POINT('',(11.233088403917,8.863587638489));
#2198 = CARTESIAN_POINT('',(19.256740962178,8.617789803066));
#2199 = CARTESIAN_POINT('',(27.036327241392,8.259134267285));
#2200 = CARTESIAN_POINT('',(30.005540267319,8.102089645504));
#2201 = CARTESIAN_POINT('',(32.975763610352,7.967253500738));
#2202 = ( GEOMETRIC_REPRESENTATION_CONTEXT(2) 
PARAMETRIC_REPRESENTATION_CONTEXT() REPRESENTATION_CONTEXT('2D SPACE',''
  ) );
#2203 = ORIENTED_EDGE('',*,*,#2204,.F.);
#2204 = EDGE_CURVE('',#2205,#2169,#2207,.T.);
#2205 = VERTEX_POINT('',#2206);
#2206 = CARTESIAN_POINT('',(135.61057587811,28.721343847613,
    159.0923386176));
#2207 = SURFACE_CURVE('',#2208,(#2213,#2219),.PCURVE_S1.);
#2208 = CIRCLE('',#2209,5.);
#2209 = AXIS2_PLACEMENT_3D('',#2210,#2211,#2212);
#2210 = CARTESIAN_POINT('',(136.39753907699,28.259907541777,
    154.17626645995));
#2211 = DIRECTION('',(-2.817996428938E-02,0.994798619851,
    -9.788562486555E-02));
#2212 = DIRECTION('',(-0.157392639774,9.228726116725E-02,0.983214431531)
  );
#2213 = PCURVE('',#717,#2214);
#2214 = DEFINITIONAL_REPRESENTATION('',(#2215),#2218);
#2215 = B_SPLINE_CURVE_WITH_KNOTS('',1,(#2216,#2217),.UNSPECIFIED.,.F.,
  .F.,(2,2),(0.,0.158113146219),.PIECEWISE_BEZIER_KNOTS.);
#2216 = CARTESIAN_POINT('',(-3.472676843761E-13,2.407381789352));
#2217 = CARTESIAN_POINT('',(1.,2.407381789352));
#2218 = ( GEOMETRIC_REPRESENTATION_CONTEXT(2) 
PARAMETRIC_REPRESENTATION_CONTEXT() REPRESENTATION_CONTEXT('2D SPACE',''
  ) );
#2219 = PCURVE('',#2220,#2237);
#2220 = B_SPLINE_SURFACE_WITH_KNOTS('',3,3,(
    (#2221,#2222,#2223,#2224)
    ,(#2225,#2226,#2227,#2228)
    ,(#2229,#2230,#2231,#2232)
    ,(#2233,#2234,#2235,#2236
    )),.UNSPECIFIED.,.F.,.F.,.F.,(4,4),(4,4),(0.,1.),(0.,
    4.499818432523E-03),.PIECEWISE_BEZIER_KNOTS.);
#2221 = CARTESIAN_POINT('',(135.6105758781,28.721343847611,
    159.0923386176));
#2222 = CARTESIAN_POINT('',(135.61016241534,28.706372551585,
    159.09367767841));
#2223 = CARTESIAN_POINT('',(135.60887655054,28.691313347868,
    159.09488504679));
#2224 = CARTESIAN_POINT('',(135.6067441839,28.676271419458,
    159.09595367407));
#2225 = CARTESIAN_POINT('',(135.8707073039,28.732705179587,
    159.13291396343));
#2226 = CARTESIAN_POINT('',(135.87057041101,28.707344827431,
    159.13531786753));
#2227 = CARTESIAN_POINT('',(135.8695470134,28.681895661131,
    159.13758706737));
#2228 = CARTESIAN_POINT('',(135.86766146155,28.656532682905,
    159.13970698517));
#2229 = CARTESIAN_POINT('',(136.13412182013,28.74213976456,
    159.15296287718));
#2230 = CARTESIAN_POINT('',(136.13426471349,28.706390848589,
    159.15643386041));
#2231 = CARTESIAN_POINT('',(136.13352213529,28.670543452304,
    159.15967210633));
#2232 = CARTESIAN_POINT('',(136.13191666412,28.634842710939,
    159.16265754227));
#2233 = CARTESIAN_POINT('',(136.39753907697,28.749530111894,
    159.15223568602));
#2234 = CARTESIAN_POINT('',(136.39796175938,28.70352253213,
    159.1567627135));
#2235 = CARTESIAN_POINT('',(136.39750002034,28.657397531734,
    159.16086401287));
#2236 = CARTESIAN_POINT('',(136.39617469078,28.611475247436,
    159.16451569194));
#2237 = DEFINITIONAL_REPRESENTATION('',(#2238),#2241);
#2238 = B_SPLINE_CURVE_WITH_KNOTS('',1,(#2239,#2240),.UNSPECIFIED.,.F.,
  .F.,(2,2),(0.,0.158113146219),.PIECEWISE_BEZIER_KNOTS.);
#2239 = CARTESIAN_POINT('',(1.626062766057E-11,-1.633646403553E-13));
#2240 = CARTESIAN_POINT('',(1.000000000016,-1.560462364947E-13));
#2241 = ( GEOMETRIC_REPRESENTATION_CONTEXT(2) 
PARAMETRIC_REPRESENTATION_CONTEXT() REPRESENTATION_CONTEXT('2D SPACE',''
  ) );
#2242 = ORIENTED_EDGE('',*,*,#2243,.F.);
#2243 = EDGE_CURVE('',#2098,#2205,#2244,.T.);
#2244 = SURFACE_CURVE('',#2245,(#2251,#2258),.PCURVE_S1.);
#2245 = B_SPLINE_CURVE_WITH_KNOTS('',3,(#2246,#2247,#2248,#2249,#2250),
  .UNSPECIFIED.,.F.,.F.,(4,1,4),(0.,1.444429073611,2.407381789352),
  .UNSPECIFIED.);
#2246 = CARTESIAN_POINT('',(135.3591374655,52.740233154505,
    156.63215501116));
#2247 = CARTESIAN_POINT('',(135.6043342478,47.932621413989,
    157.22262100257));
#2248 = CARTESIAN_POINT('',(135.86762349785,39.927209603222,
    158.04347429514));
#2249 = CARTESIAN_POINT('',(135.69905613418,31.925173153816,
    158.80578211293));
#2250 = CARTESIAN_POINT('',(135.61057587811,28.721343847613,
    159.0923386176));
#2251 = PCURVE('',#717,#2252);
#2252 = DEFINITIONAL_REPRESENTATION('',(#2253),#2257);
#2253 = LINE('',#2254,#2255);
#2254 = CARTESIAN_POINT('',(1.412577282156E-13,6.970457845261E-15));
#2255 = VECTOR('',#2256,1.);
#2256 = DIRECTION('',(-6.773142420856E-14,1.));
#2257 = ( GEOMETRIC_REPRESENTATION_CONTEXT(2) 
PARAMETRIC_REPRESENTATION_CONTEXT() REPRESENTATION_CONTEXT('2D SPACE',''
  ) );
#2258 = PCURVE('',#841,#2259);
#2259 = DEFINITIONAL_REPRESENTATION('',(#2260),#2286);
#2260 = B_SPLINE_CURVE_WITH_KNOTS('',3,(#2261,#2262,#2263,#2264,#2265,
    #2266,#2267,#2268,#2269,#2270,#2271,#2272,#2273,#2274,#2275,#2276,
    #2277,#2278,#2279,#2280,#2281,#2282,#2283,#2284,#2285),
  .UNSPECIFIED.,.F.,.F.,(4,1,1,1,1,1,1,1,1,1,1,1,1,1,1,1,1,1,1,1,1,1,4),
  (0.,0.109426444971,0.218852889941,0.328279334912,0.437705779882,
    0.547132224853,0.656558669823,0.765985114794,0.875411559764,
    0.984838004735,1.094264449705,1.203690894676,1.313117339647,
    1.422543784617,1.531970229588,1.641396674558,1.750823119529,
    1.860249564499,1.96967600947,2.07910245444,2.188528899411,
    2.297955344381,2.407381789352),.QUASI_UNIFORM_KNOTS.);
#2261 = CARTESIAN_POINT('',(0.999882680297,3.05234134752E-02));
#2262 = CARTESIAN_POINT('',(0.983940625474,2.964140862958E-02));
#2263 = CARTESIAN_POINT('',(0.952474855259,2.79234392383E-02));
#2264 = CARTESIAN_POINT('',(0.906354644169,2.549417572488E-02));
#2265 = CARTESIAN_POINT('',(0.861127027548,2.322214134524E-02));
#2266 = CARTESIAN_POINT('',(0.816638620595,2.111698355627E-02));
#2267 = CARTESIAN_POINT('',(0.772751070787,1.918815694643E-02));
#2268 = CARTESIAN_POINT('',(0.729339292921,1.744504412152E-02));
#2269 = CARTESIAN_POINT('',(0.686287620616,1.589668356382E-02));
#2270 = CARTESIAN_POINT('',(0.643487466569,1.455175818254E-02));
#2271 = CARTESIAN_POINT('',(0.600834336902,1.341872573128E-02));
#2272 = CARTESIAN_POINT('',(0.558226101315,1.250586986162E-02));
#2273 = CARTESIAN_POINT('',(0.515560400279,1.182148469044E-02));
#2274 = CARTESIAN_POINT('',(0.472732448045,1.137390254851E-02));
#2275 = CARTESIAN_POINT('',(0.429632087312,1.117050889415E-02));
#2276 = CARTESIAN_POINT('',(0.386141957271,1.122142327766E-02));
#2277 = CARTESIAN_POINT('',(0.342124365132,1.151147208972E-02));
#2278 = CARTESIAN_POINT('',(0.297426419183,1.201970149576E-02));
#2279 = CARTESIAN_POINT('',(0.251876343126,1.272640107366E-02));
#2280 = CARTESIAN_POINT('',(0.205275294977,1.361135841464E-02));
#2281 = CARTESIAN_POINT('',(0.157388263689,1.465436158796E-02));
#2282 = CARTESIAN_POINT('',(0.107927156641,1.583524880345E-02));
#2283 = CARTESIAN_POINT('',(5.654701461736E-02,1.713394927895E-02));
#2284 = CARTESIAN_POINT('',(2.067616623744E-02,1.806525736672E-02));
#2285 = CARTESIAN_POINT('',(2.259591806879E-03,1.854400502988E-02));
#2286 = ( GEOMETRIC_REPRESENTATION_CONTEXT(2) 
PARAMETRIC_REPRESENTATION_CONTEXT() REPRESENTATION_CONTEXT('2D SPACE',''
  ) );
#2287 = ADVANCED_FACE('',(#2288),#2306,.F.);
#2288 = FACE_BOUND('',#2289,.F.);
#2289 = EDGE_LOOP('',(#2290,#2411,#2433,#2487));
#2290 = ORIENTED_EDGE('',*,*,#2291,.F.);
#2291 = EDGE_CURVE('',#2292,#2294,#2296,.T.);
#2292 = VERTEX_POINT('',#2293);
#2293 = CARTESIAN_POINT('',(135.6067441839,28.676271419458,
    159.09595367407));
#2294 = VERTEX_POINT('',#2295);
#2295 = CARTESIAN_POINT('',(135.64090322546,24.191032237578,
    145.51959240995));
#2296 = SURFACE_CURVE('',#2297,(#2305,#2341),.PCURVE_S1.);
#2297 = B_SPLINE_CURVE_WITH_KNOTS('',3,(#2298,#2299,#2300,#2301,#2302,
    #2303,#2304),.UNSPECIFIED.,.F.,.F.,(4,1,1,1,4),(0.,
    9.145675239935E-02,0.274370257198,0.457283761997,0.640197266795),
  .UNSPECIFIED.);
#2298 = CARTESIAN_POINT('',(135.6067441839,28.676271419458,
    159.09595367407));
#2299 = CARTESIAN_POINT('',(135.63309716055,27.742609213736,
    159.18777192005));
#2300 = CARTESIAN_POINT('',(135.70438223341,24.878143476079,
    158.92971338972));
#2301 = CARTESIAN_POINT('',(135.77323240484,20.921982751216,
    155.76874788256));
#2302 = CARTESIAN_POINT('',(135.75980078216,20.156711622244,
    149.73357346081));
#2303 = CARTESIAN_POINT('',(135.68857547009,22.581247613552,
    146.48770462414));
#2304 = CARTESIAN_POINT('',(135.64090322546,24.191032237578,
    145.51959240995));
#2305 = PCURVE('',#2306,#2335);
#2306 = B_SPLINE_SURFACE_WITH_KNOTS('',3,3,(
    (#2307,#2308,#2309,#2310,#2311,#2312,#2313)
    ,(#2314,#2315,#2316,#2317,#2318,#2319,#2320)
    ,(#2321,#2322,#2323,#2324,#2325,#2326,#2327)
    ,(#2328,#2329,#2330,#2331,#2332,#2333,#2334
  )),.UNSPECIFIED.,.F.,.F.,.F.,(4,4),(4,1,1,1,4),(0.,1.),(0.,
    9.145675239935E-02,0.274370257198,0.457283761997,0.640197266795),
  .UNSPECIFIED.);
#2307 = CARTESIAN_POINT('',(135.6067441839,28.676271419458,
    159.09595367407));
#2308 = CARTESIAN_POINT('',(135.63309716055,27.742609213736,
    159.18777192005));
#2309 = CARTESIAN_POINT('',(135.70438223341,24.878143476079,
    158.92971338972));
#2310 = CARTESIAN_POINT('',(135.77323240484,20.921982751216,
    155.76874788256));
#2311 = CARTESIAN_POINT('',(135.75980078216,20.156711622244,
    149.73357346081));
#2312 = CARTESIAN_POINT('',(135.68857547009,22.581247613552,
    146.48770462414));
#2313 = CARTESIAN_POINT('',(135.64090322546,24.191032237578,
    145.51959240995));
#2314 = CARTESIAN_POINT('',(135.86766146155,28.656532682905,
    159.13970698517));
#2315 = CARTESIAN_POINT('',(135.87670791823,27.720047767477,
    159.22304294783));
#2316 = CARTESIAN_POINT('',(135.90106667735,24.855113530475,
    158.94336958717));
#2317 = CARTESIAN_POINT('',(135.92433237909,20.909044138673,
    155.77137460325));
#2318 = CARTESIAN_POINT('',(135.91981147658,20.141153393148,
    149.73704242089));
#2319 = CARTESIAN_POINT('',(135.89567558552,22.551556099264,
    146.4818143797));
#2320 = CARTESIAN_POINT('',(135.87936704,24.15642117525,145.49997311658)
  );
#2321 = CARTESIAN_POINT('',(136.13191666412,28.634842710939,
    159.16265754227));
#2322 = CARTESIAN_POINT('',(136.12297208583,27.698475030599,
    159.24008893687));
#2323 = CARTESIAN_POINT('',(136.09899740599,24.838457513842,
    158.94664547145));
#2324 = CARTESIAN_POINT('',(136.07606884896,20.902808425446,
    155.77098485626));
#2325 = CARTESIAN_POINT('',(136.08053348076,20.133822530258,
    149.74159339667));
#2326 = CARTESIAN_POINT('',(136.10428086031,22.532273300769,
    146.48447560498));
#2327 = CARTESIAN_POINT('',(136.1203600476,24.130823423375,145.495216317
    ));
#2328 = CARTESIAN_POINT('',(136.39617469078,28.611475247436,
    159.16451569194));
#2329 = CARTESIAN_POINT('',(136.36923797344,27.67812581397,
    159.23873439961));
#2330 = CARTESIAN_POINT('',(136.29692825951,24.828272611588,
    158.93953783516));
#2331 = CARTESIAN_POINT('',(136.22780520895,20.903302121115,
    155.76756834027));
#2332 = CARTESIAN_POINT('',(136.24125541479,20.134749159844,
    149.7472110862));
#2333 = CARTESIAN_POINT('',(136.31288654065,22.523528894899,
    146.49564689652));
#2334 = CARTESIAN_POINT('',(136.3613548317,24.114507438633,
    145.50537189818));
#2335 = DEFINITIONAL_REPRESENTATION('',(#2336),#2340);
#2336 = LINE('',#2337,#2338);
#2337 = CARTESIAN_POINT('',(-3.125890332961E-14,-1.582802657495E-16));
#2338 = VECTOR('',#2339,1.);
#2339 = DIRECTION('',(-9.33120830247E-15,1.));
#2340 = ( GEOMETRIC_REPRESENTATION_CONTEXT(2) 
PARAMETRIC_REPRESENTATION_CONTEXT() REPRESENTATION_CONTEXT('2D SPACE',''
  ) );
#2341 = PCURVE('',#2342,#2383);
#2342 = B_SPLINE_SURFACE_WITH_KNOTS('',3,3,(
    (#2343,#2344,#2345,#2346)
    ,(#2347,#2348,#2349,#2350)
    ,(#2351,#2352,#2353,#2354)
    ,(#2355,#2356,#2357,#2358)
    ,(#2359,#2360,#2361,#2362)
    ,(#2363,#2364,#2365,#2366)
    ,(#2367,#2368,#2369,#2370)
    ,(#2371,#2372,#2373,#2374)
    ,(#2375,#2376,#2377,#2378)
    ,(#2379,#2380,#2381,#2382
    )),.UNSPECIFIED.,.F.,.F.,.F.,(4,1,1,1,1,1,1,4),(4,4),(0.,
    0.142857142857,0.285714285714,0.428571428571,0.571428571429,
    0.714285714286,0.857142857143,1.),(1.120395587555E-02,0.981040207101
    ),.UNSPECIFIED.);
#2343 = CARTESIAN_POINT('',(135.76471692661,24.198006388567,
    145.49427845697));
#2344 = CARTESIAN_POINT('',(128.97586316803,23.815605323769,
    146.88227286516));
#2345 = CARTESIAN_POINT('',(122.18700940946,23.433204258971,
    148.27026727335));
#2346 = CARTESIAN_POINT('',(115.39815565088,23.050803194173,
    149.65826168154));
#2347 = CARTESIAN_POINT('',(135.76471692661,23.715004079849,
    145.78633565452));
#2348 = CARTESIAN_POINT('',(128.97586316803,23.464886002812,
    147.14070075575));
#2349 = CARTESIAN_POINT('',(122.18700940946,23.215615048319,
    148.49501121063));
#2350 = CARTESIAN_POINT('',(115.39815565088,22.965496971283,
    149.84937631186));
#2351 = CARTESIAN_POINT('',(135.76471692661,22.625617838504,
    146.59769790283));
#2352 = CARTESIAN_POINT('',(128.97586316803,22.678579244919,
    147.83735124843));
#2353 = CARTESIAN_POINT('',(122.18700940946,22.731237911226,
    149.07660283152));
#2354 = CARTESIAN_POINT('',(115.39815565088,22.784199317641,
    150.31625617711));
#2355 = CARTESIAN_POINT('',(135.76471692661,21.142227487886,
    148.69109030621));
#2356 = CARTESIAN_POINT('',(128.97586316803,21.624172257067,
    149.540982359));
#2357 = CARTESIAN_POINT('',(122.18700940946,22.106858431306,
    150.39205913432));
#2358 = CARTESIAN_POINT('',(115.39815565088,22.588803200487,
    151.24195118711));
#2359 = CARTESIAN_POINT('',(135.76471692661,20.439432599901,
    151.56673736753));
#2360 = CARTESIAN_POINT('',(128.97586316803,21.151481431351,
    151.82187954067));
#2361 = CARTESIAN_POINT('',(122.18700940946,21.862547650496,
    152.07686574919));
#2362 = CARTESIAN_POINT('',(115.39815565088,22.574596481946,
    152.33200792233));
#2363 = CARTESIAN_POINT('',(135.76471692661,20.997757980451,
    154.72324895001));
#2364 = CARTESIAN_POINT('',(128.97586316803,21.60206894623,
    154.31134950642));
#2365 = CARTESIAN_POINT('',(122.18700940946,22.207681406616,
    153.89958390557));
#2366 = CARTESIAN_POINT('',(115.39815565088,22.811992372395,
    153.48768446198));
#2367 = CARTESIAN_POINT('',(135.76471692661,22.905911309398,
    157.42346587622));
#2368 = CARTESIAN_POINT('',(128.97586316803,23.043822955844,
    156.47874424593));
#2369 = CARTESIAN_POINT('',(122.18700940946,23.181395745761,
    155.53565549706));
#2370 = CARTESIAN_POINT('',(115.39815565088,23.319307392208,
    154.59093386677));
#2371 = CARTESIAN_POINT('',(135.76471692661,25.737809050423,
    159.02801807757));
#2372 = CARTESIAN_POINT('',(128.97586316803,25.175023262039,
    157.86341058173));
#2373 = CARTESIAN_POINT('',(122.18700940946,24.612698800115,
    156.69807949609));
#2374 = CARTESIAN_POINT('',(115.39815565088,24.049913011732,
    155.53347200024));
#2375 = CARTESIAN_POINT('',(135.76471692661,27.766969131037,
    159.20836804554));
#2376 = CARTESIAN_POINT('',(128.97586316803,26.718576075268,
    158.14122389831));
#2377 = CARTESIAN_POINT('',(122.18700940946,25.67159872576,
    157.07484018635));
#2378 = CARTESIAN_POINT('',(115.39815565088,24.623205669991,
    156.00769603912));
#2379 = CARTESIAN_POINT('',(135.76471692661,28.70569978669,
    159.11856242753));
#2380 = CARTESIAN_POINT('',(128.97586316803,27.441020335863,
    158.14695480542));
#2381 = CARTESIAN_POINT('',(122.18700940946,26.176340885036,
    157.17534718331));
#2382 = CARTESIAN_POINT('',(115.39815565088,24.911661434209,
    156.2037395612));
#2383 = DEFINITIONAL_REPRESENTATION('',(#2384),#2410);
#2384 = B_SPLINE_CURVE_WITH_KNOTS('',3,(#2385,#2386,#2387,#2388,#2389,
    #2390,#2391,#2392,#2393,#2394,#2395,#2396,#2397,#2398,#2399,#2400,
    #2401,#2402,#2403,#2404,#2405,#2406,#2407,#2408,#2409),
  .UNSPECIFIED.,.F.,.F.,(4,1,1,1,1,1,1,1,1,1,1,1,1,1,1,1,1,1,1,1,1,1,4),
  (0.,2.909987576343E-02,5.819975152686E-02,8.729962729029E-02,
    0.116399503054,0.145499378817,0.174599254581,0.203699130344,
    0.232799006107,0.261898881871,0.290998757634,0.320098633398,
    0.349198509161,0.378298384925,0.407398260688,0.436498136451,
    0.465598012215,0.494697887978,0.523797763742,0.552897639505,
    0.581997515269,0.611097391032,0.640197266795),
  .QUASI_UNIFORM_KNOTS.);
#2385 = CARTESIAN_POINT('',(1.,1.872646743288E-02));
#2386 = CARTESIAN_POINT('',(0.984780822438,1.832563693648E-02));
#2387 = CARTESIAN_POINT('',(0.954886184633,1.754394911876E-02));
#2388 = CARTESIAN_POINT('',(0.911406252756,1.64495482574E-02));
#2389 = CARTESIAN_POINT('',(0.868966040999,1.545610773292E-02));
#2390 = CARTESIAN_POINT('',(0.827429366174,1.457029355588E-02));
#2391 = CARTESIAN_POINT('',(0.786520860082,1.379099628512E-02));
#2392 = CARTESIAN_POINT('',(0.745998755515,1.311488380976E-02));
#2393 = CARTESIAN_POINT('',(0.705738639395,1.252585049308E-02));
#2394 = CARTESIAN_POINT('',(0.665723683319,1.202118923988E-02));
#2395 = CARTESIAN_POINT('',(0.625833995158,1.163683828803E-02));
#2396 = CARTESIAN_POINT('',(0.585839847302,1.139928756043E-02));
#2397 = CARTESIAN_POINT('',(0.54544482222,1.128315835176E-02));
#2398 = CARTESIAN_POINT('',(0.504558624481,1.127056401654E-02));
#2399 = CARTESIAN_POINT('',(0.463077080755,1.13688434336E-02));
#2400 = CARTESIAN_POINT('',(0.420791082349,1.157081068141E-02));
#2401 = CARTESIAN_POINT('',(0.377493491026,1.186672650983E-02));
#2402 = CARTESIAN_POINT('',(0.333033250173,1.229336677436E-02));
#2403 = CARTESIAN_POINT('',(0.286891994713,1.286660123511E-02));
#2404 = CARTESIAN_POINT('',(0.238325533024,1.353404190085E-02));
#2405 = CARTESIAN_POINT('',(0.186971645295,1.429092584708E-02));
#2406 = CARTESIAN_POINT('',(0.131805744617,1.513803770626E-02));
#2407 = CARTESIAN_POINT('',(7.131334975017E-02,1.605825039031E-02));
#2408 = CARTESIAN_POINT('',(2.50828196714E-02,1.673960030611E-02));
#2409 = CARTESIAN_POINT('',(0.,1.709984640626E-02));
#2410 = ( GEOMETRIC_REPRESENTATION_CONTEXT(2) 
PARAMETRIC_REPRESENTATION_CONTEXT() REPRESENTATION_CONTEXT('2D SPACE',''
  ) );
#2411 = ORIENTED_EDGE('',*,*,#2412,.F.);
#2412 = EDGE_CURVE('',#2413,#2292,#2415,.T.);
#2413 = VERTEX_POINT('',#2414);
#2414 = CARTESIAN_POINT('',(136.39617469078,28.611475247436,
    159.16451569194));
#2415 = SURFACE_CURVE('',#2416,(#2421,#2427),.PCURVE_S1.);
#2416 = CIRCLE('',#2417,5.);
#2417 = AXIS2_PLACEMENT_3D('',#2418,#2419,#2420);
#2418 = CARTESIAN_POINT('',(136.39617469078,28.21513299114,
    154.18024916457));
#2419 = DIRECTION('',(-8.835886897939E-02,-0.992954319148,
    7.895840904336E-02));
#2420 = DIRECTION('',(4.336808689942E-18,7.926845125909E-02,
    0.996853305474));
#2421 = PCURVE('',#2306,#2422);
#2422 = DEFINITIONAL_REPRESENTATION('',(#2423),#2426);
#2423 = B_SPLINE_CURVE_WITH_KNOTS('',1,(#2424,#2425),.UNSPECIFIED.,.F.,
  .F.,(2,2),(0.,0.159177405625),.PIECEWISE_BEZIER_KNOTS.);
#2424 = CARTESIAN_POINT('',(1.,1.545304899222E-15));
#2425 = CARTESIAN_POINT('',(-2.589729926147E-14,3.051391490612E-17));
#2426 = ( GEOMETRIC_REPRESENTATION_CONTEXT(2) 
PARAMETRIC_REPRESENTATION_CONTEXT() REPRESENTATION_CONTEXT('2D SPACE',''
  ) );
#2427 = PCURVE('',#2220,#2428);
#2428 = DEFINITIONAL_REPRESENTATION('',(#2429),#2432);
#2429 = B_SPLINE_CURVE_WITH_KNOTS('',1,(#2430,#2431),.UNSPECIFIED.,.F.,
  .F.,(2,2),(0.,0.159177405625),.PIECEWISE_BEZIER_KNOTS.);
#2430 = CARTESIAN_POINT('',(1.,4.499818432515E-03));
#2431 = CARTESIAN_POINT('',(2.16631342601E-14,4.499818432533E-03));
#2432 = ( GEOMETRIC_REPRESENTATION_CONTEXT(2) 
PARAMETRIC_REPRESENTATION_CONTEXT() REPRESENTATION_CONTEXT('2D SPACE',''
  ) );
#2433 = ORIENTED_EDGE('',*,*,#2434,.F.);
#2434 = EDGE_CURVE('',#2435,#2413,#2437,.T.);
#2435 = VERTEX_POINT('',#2436);
#2436 = CARTESIAN_POINT('',(136.3613548317,24.114507438633,
    145.50537189818));
#2437 = SURFACE_CURVE('',#2438,(#2446,#2453),.PCURVE_S1.);
#2438 = B_SPLINE_CURVE_WITH_KNOTS('',3,(#2439,#2440,#2441,#2442,#2443,
    #2444,#2445),.UNSPECIFIED.,.F.,.F.,(4,1,1,1,4),(-0.640197266795,
    -0.457283761997,-0.274370257198,-9.145675239935E-02,0.),
  .UNSPECIFIED.);
#2439 = CARTESIAN_POINT('',(136.3613548317,24.114507438633,
    145.50537189818));
#2440 = CARTESIAN_POINT('',(136.31288654065,22.523528894899,
    146.49564689652));
#2441 = CARTESIAN_POINT('',(136.24125541479,20.134749159844,
    149.7472110862));
#2442 = CARTESIAN_POINT('',(136.22780520895,20.903302121115,
    155.76756834027));
#2443 = CARTESIAN_POINT('',(136.29692825951,24.828272611588,
    158.93953783516));
#2444 = CARTESIAN_POINT('',(136.36923797344,27.67812581397,
    159.23873439961));
#2445 = CARTESIAN_POINT('',(136.39617469078,28.611475247436,
    159.16451569194));
#2446 = PCURVE('',#2306,#2447);
#2447 = DEFINITIONAL_REPRESENTATION('',(#2448),#2452);
#2448 = LINE('',#2449,#2450);
#2449 = CARTESIAN_POINT('',(1.,-2.22044604925E-16));
#2450 = VECTOR('',#2451,1.);
#2451 = DIRECTION('',(-1.03010823512E-13,-1.));
#2452 = ( GEOMETRIC_REPRESENTATION_CONTEXT(2) 
PARAMETRIC_REPRESENTATION_CONTEXT() REPRESENTATION_CONTEXT('2D SPACE',''
  ) );
#2453 = PCURVE('',#2454,#2459);
#2454 = CYLINDRICAL_SURFACE('',#2455,7.4);
#2455 = AXIS2_PLACEMENT_3D('',#2456,#2457,#2458);
#2456 = CARTESIAN_POINT('',(145.,28.024888708118,151.78780123143));
#2457 = DIRECTION('',(-1.,0.,0.));
#2458 = DIRECTION('',(0.,-0.949313415395,0.314331098288));
#2459 = DEFINITIONAL_REPRESENTATION('',(#2460),#2486);
#2460 = B_SPLINE_CURVE_WITH_KNOTS('',3,(#2461,#2462,#2463,#2464,#2465,
    #2466,#2467,#2468,#2469,#2470,#2471,#2472,#2473,#2474,#2475,#2476,
    #2477,#2478,#2479,#2480,#2481,#2482,#2483,#2484,#2485),
  .UNSPECIFIED.,.F.,.F.,(4,1,1,1,1,1,1,1,1,1,1,1,1,1,1,1,1,1,1,1,1,1,4),
  (-0.640197266795,-0.611097391032,-0.581997515269,-0.552897639505,
    -0.523797763742,-0.494697887978,-0.465598012215,-0.436498136451,
    -0.407398260688,-0.378298384925,-0.349198509161,-0.320098633398,
    -0.290998757634,-0.261898881871,-0.232799006107,-0.203699130344,
    -0.174599254581,-0.145499378817,-0.116399503054,-8.729962729029E-02,
    -5.819975152686E-02,-2.909987576343E-02,0.),.UNSPECIFIED.);
#2461 = CARTESIAN_POINT('',(-1.33379818456,8.638645168298));
#2462 = CARTESIAN_POINT('',(-1.293527237757,8.646356032783));
#2463 = CARTESIAN_POINT('',(-1.212921784487,8.661137281489));
#2464 = CARTESIAN_POINT('',(-1.091843246732,8.681314924089));
#2465 = CARTESIAN_POINT('',(-0.970555054925,8.699425501294));
#2466 = CARTESIAN_POINT('',(-0.849226573556,8.715396336603));
#2467 = CARTESIAN_POINT('',(-0.728019584762,8.729154165038));
#2468 = CARTESIAN_POINT('',(-0.607011101531,8.740627917096));
#2469 = CARTESIAN_POINT('',(-0.486036541732,8.74973832985));
#2470 = CARTESIAN_POINT('',(-0.36481554466,8.756459725747));
#2471 = CARTESIAN_POINT('',(-0.243362835108,8.760786301435));
#2472 = CARTESIAN_POINT('',(-0.12184794988,8.762707459274));
#2473 = CARTESIAN_POINT('',(-4.87355730904E-04,8.762213377031));
#2474 = CARTESIAN_POINT('',(0.120579116888,8.759295925132));
#2475 = CARTESIAN_POINT('',(0.241403733274,8.753939427963));
#2476 = CARTESIAN_POINT('',(0.362320690425,8.746161953522));
#2477 = CARTESIAN_POINT('',(0.483465392522,8.736027655702));
#2478 = CARTESIAN_POINT('',(0.604748088812,8.723591713184));
#2479 = CARTESIAN_POINT('',(0.72598787866,8.708911569053));
#2480 = CARTESIAN_POINT('',(0.847024851151,8.692044583987));
#2481 = CARTESIAN_POINT('',(0.967828309712,8.673046183892));
#2482 = CARTESIAN_POINT('',(1.088631946225,8.651979783832));
#2483 = CARTESIAN_POINT('',(1.209549496712,8.628963949745));
#2484 = CARTESIAN_POINT('',(1.290128618466,8.612396082913));
#2485 = CARTESIAN_POINT('',(1.330396071912,8.603825309213));
#2486 = ( GEOMETRIC_REPRESENTATION_CONTEXT(2) 
PARAMETRIC_REPRESENTATION_CONTEXT() REPRESENTATION_CONTEXT('2D SPACE',''
  ) );
#2487 = ORIENTED_EDGE('',*,*,#2488,.F.);
#2488 = EDGE_CURVE('',#2294,#2435,#2489,.T.);
#2489 = SURFACE_CURVE('',#2490,(#2495,#2501),.PCURVE_S1.);
#2490 = CIRCLE('',#2491,5.);
#2491 = AXIS2_PLACEMENT_3D('',#2492,#2493,#2494);
#2492 = CARTESIAN_POINT('',(136.3613548317,26.756656945042,
    149.75025658281));
#2493 = DIRECTION('',(-7.949378767798E-02,-0.846290231733,0.526757611614
    ));
#2494 = DIRECTION('',(-0.144090321247,-0.513124941493,-0.846132834572));
#2495 = PCURVE('',#2306,#2496);
#2496 = DEFINITIONAL_REPRESENTATION('',(#2497),#2500);
#2497 = B_SPLINE_CURVE_WITH_KNOTS('',1,(#2498,#2499),.UNSPECIFIED.,.F.,
  .F.,(2,2),(0.,0.145055920023),.PIECEWISE_BEZIER_KNOTS.);
#2498 = CARTESIAN_POINT('',(-6.038845419388E-13,0.640197266795));
#2499 = CARTESIAN_POINT('',(1.,0.640197266795));
#2500 = ( GEOMETRIC_REPRESENTATION_CONTEXT(2) 
PARAMETRIC_REPRESENTATION_CONTEXT() REPRESENTATION_CONTEXT('2D SPACE',''
  ) );
#2501 = PCURVE('',#2502,#2519);
#2502 = B_SPLINE_SURFACE_WITH_KNOTS('',3,3,(
    (#2503,#2504,#2505,#2506)
    ,(#2507,#2508,#2509,#2510)
    ,(#2511,#2512,#2513,#2514)
    ,(#2515,#2516,#2517,#2518
    )),.UNSPECIFIED.,.F.,.F.,.F.,(4,4),(4,4),(0.,1.),(0.,
    3.681621067026E-03),.PIECEWISE_BEZIER_KNOTS.);
#2503 = CARTESIAN_POINT('',(135.64090322546,24.191032237578,
    145.51959240995));
#2504 = CARTESIAN_POINT('',(135.64287410281,24.19801629,145.51502140681)
  );
#2505 = CARTESIAN_POINT('',(135.64412471403,24.205031555725,
    145.51054328353));
#2506 = CARTESIAN_POINT('',(135.64463150234,24.212024835131,
    145.50619323954));
#2507 = CARTESIAN_POINT('',(135.87936704,24.15642117525,145.49997311658)
  );
#2508 = CARTESIAN_POINT('',(135.88102404578,24.171852913339,
    145.49040788151));
#2509 = CARTESIAN_POINT('',(135.88194658051,24.187363598123,
    145.48088265348));
#2510 = CARTESIAN_POINT('',(135.88211334423,24.20283705992,
    145.47146878072));
#2511 = CARTESIAN_POINT('',(136.1203600476,24.130823423375,145.495216317
    ));
#2512 = CARTESIAN_POINT('',(136.12167634727,24.154631479314,
    145.48051296396));
#2513 = CARTESIAN_POINT('',(136.1222562773,24.178609923352,
    145.46586896557));
#2514 = CARTESIAN_POINT('',(136.12208094917,24.202581018699,
    145.45139322078));
#2515 = CARTESIAN_POINT('',(136.3613548317,24.114507438633,
    145.50537189818));
#2516 = CARTESIAN_POINT('',(136.36233038504,24.146530115855,
    145.48543997845));
#2517 = CARTESIAN_POINT('',(136.3625676978,24.17886115947,
    145.46565750237));
#2518 = CARTESIAN_POINT('',(136.36205027735,24.211259361895,
    145.44617437315));
#2519 = DEFINITIONAL_REPRESENTATION('',(#2520),#2523);
#2520 = B_SPLINE_CURVE_WITH_KNOTS('',1,(#2521,#2522),.UNSPECIFIED.,.F.,
  .F.,(2,2),(0.,0.145055920023),.PIECEWISE_BEZIER_KNOTS.);
#2521 = CARTESIAN_POINT('',(-4.277712968067E-13,-6.078138250082E-14));
#2522 = CARTESIAN_POINT('',(1.,-1.222904332312E-15));
#2523 = ( GEOMETRIC_REPRESENTATION_CONTEXT(2) 
PARAMETRIC_REPRESENTATION_CONTEXT() REPRESENTATION_CONTEXT('2D SPACE',''
  ) );
#2524 = ADVANCED_FACE('',(#2525),#2220,.F.);
#2525 = FACE_BOUND('',#2526,.F.);
#2526 = EDGE_LOOP('',(#2527,#2548,#2549,#2570));
#2527 = ORIENTED_EDGE('',*,*,#2528,.F.);
#2528 = EDGE_CURVE('',#2205,#2292,#2529,.T.);
#2529 = SURFACE_CURVE('',#2530,(#2535,#2542),.PCURVE_S1.);
#2530 = B_SPLINE_CURVE_WITH_KNOTS('',3,(#2531,#2532,#2533,#2534),
  .UNSPECIFIED.,.F.,.F.,(4,4),(0.,4.499818432523E-03),
  .PIECEWISE_BEZIER_KNOTS.);
#2531 = CARTESIAN_POINT('',(135.6105758781,28.721343847611,
    159.0923386176));
#2532 = CARTESIAN_POINT('',(135.61016241534,28.706372551585,
    159.09367767841));
#2533 = CARTESIAN_POINT('',(135.60887655054,28.691313347868,
    159.09488504679));
#2534 = CARTESIAN_POINT('',(135.6067441839,28.676271419458,
    159.09595367407));
#2535 = PCURVE('',#2220,#2536);
#2536 = DEFINITIONAL_REPRESENTATION('',(#2537),#2541);
#2537 = LINE('',#2538,#2539);
#2538 = CARTESIAN_POINT('',(2.783252698201E-14,-4.962063344407E-16));
#2539 = VECTOR('',#2540,1.);
#2540 = DIRECTION('',(-5.166497697496E-12,1.));
#2541 = ( GEOMETRIC_REPRESENTATION_CONTEXT(2) 
PARAMETRIC_REPRESENTATION_CONTEXT() REPRESENTATION_CONTEXT('2D SPACE',''
  ) );
#2542 = PCURVE('',#841,#2543);
#2543 = DEFINITIONAL_REPRESENTATION('',(#2544),#2547);
#2544 = B_SPLINE_CURVE_WITH_KNOTS('',1,(#2545,#2546),.UNSPECIFIED.,.F.,
  .F.,(2,2),(0.,4.499818432523E-03),.PIECEWISE_BEZIER_KNOTS.);
#2545 = CARTESIAN_POINT('',(2.259591806892E-03,1.85440050305E-02));
#2546 = CARTESIAN_POINT('',(7.91013867609E-15,1.872646743291E-02));
#2547 = ( GEOMETRIC_REPRESENTATION_CONTEXT(2) 
PARAMETRIC_REPRESENTATION_CONTEXT() REPRESENTATION_CONTEXT('2D SPACE',''
  ) );
#2548 = ORIENTED_EDGE('',*,*,#2204,.T.);
#2549 = ORIENTED_EDGE('',*,*,#2550,.F.);
#2550 = EDGE_CURVE('',#2413,#2169,#2551,.T.);
#2551 = SURFACE_CURVE('',#2552,(#2557,#2564),.PCURVE_S1.);
#2552 = B_SPLINE_CURVE_WITH_KNOTS('',3,(#2553,#2554,#2555,#2556),
  .UNSPECIFIED.,.F.,.F.,(4,4),(-4.499818432523E-03,0.),
  .PIECEWISE_BEZIER_KNOTS.);
#2553 = CARTESIAN_POINT('',(136.39617469078,28.611475247436,
    159.16451569194));
#2554 = CARTESIAN_POINT('',(136.39750002034,28.657397531734,
    159.16086401287));
#2555 = CARTESIAN_POINT('',(136.39796175938,28.70352253213,
    159.1567627135));
#2556 = CARTESIAN_POINT('',(136.39753907697,28.749530111894,
    159.15223568602));
#2557 = PCURVE('',#2220,#2558);
#2558 = DEFINITIONAL_REPRESENTATION('',(#2559),#2563);
#2559 = LINE('',#2560,#2561);
#2560 = CARTESIAN_POINT('',(1.,-1.847480501915E-16));
#2561 = VECTOR('',#2562,1.);
#2562 = DIRECTION('',(2.960714192202E-13,-1.));
#2563 = ( GEOMETRIC_REPRESENTATION_CONTEXT(2) 
PARAMETRIC_REPRESENTATION_CONTEXT() REPRESENTATION_CONTEXT('2D SPACE',''
  ) );
#2564 = PCURVE('',#2454,#2565);
#2565 = DEFINITIONAL_REPRESENTATION('',(#2566),#2569);
#2566 = B_SPLINE_CURVE_WITH_KNOTS('',1,(#2567,#2568),.UNSPECIFIED.,.F.,
  .F.,(2,2),(-4.499818432523E-03,0.),.PIECEWISE_BEZIER_KNOTS.);
#2567 = CARTESIAN_POINT('',(1.330396071912,8.603825309213));
#2568 = CARTESIAN_POINT('',(1.349126067692,8.602460923023));
#2569 = ( GEOMETRIC_REPRESENTATION_CONTEXT(2) 
PARAMETRIC_REPRESENTATION_CONTEXT() REPRESENTATION_CONTEXT('2D SPACE',''
  ) );
#2570 = ORIENTED_EDGE('',*,*,#2412,.T.);
#2571 = ADVANCED_FACE('',(#2572),#2587,.F.);
#2572 = FACE_BOUND('',#2573,.F.);
#2573 = EDGE_LOOP('',(#2574,#2623,#2670));
#2574 = ORIENTED_EDGE('',*,*,#2575,.F.);
#2575 = EDGE_CURVE('',#2576,#2578,#2580,.T.);
#2576 = VERTEX_POINT('',#2577);
#2577 = CARTESIAN_POINT('',(136.36205027735,24.211259361895,
    145.44617437315));
#2578 = VERTEX_POINT('',#2579);
#2579 = CARTESIAN_POINT('',(135.64463150234,24.212024835131,
    145.50619323954));
#2580 = SURFACE_CURVE('',#2581,(#2586,#2617),.PCURVE_S1.);
#2581 = CIRCLE('',#2582,5.);
#2582 = AXIS2_PLACEMENT_3D('',#2583,#2584,#2585);
#2583 = CARTESIAN_POINT('',(136.36205027735,26.788035947181,
    149.7310573855));
#2584 = DIRECTION('',(-4.216244235476E-02,0.85621455219,-0.514897047062)
  );
#2585 = DIRECTION('',(-4.163336342344E-17,-0.515355317057,-0.85697660247
    ));
#2586 = PCURVE('',#2587,#2612);
#2587 = B_SPLINE_SURFACE_WITH_KNOTS('',3,3,(
    (#2588,#2589,#2590,#2591,#2592,#2593)
    ,(#2594,#2595,#2596,#2597,#2598,#2599)
    ,(#2600,#2601,#2602,#2603,#2604,#2605)
    ,(#2606,#2607,#2608,#2609,#2610,#2611
    )),.UNSPECIFIED.,.F.,.F.,.F.,(4,4),(4,2,4),(0.,1.),(-0.738924352798,
    0.,3.173810543996E-03),.UNSPECIFIED.);
#2588 = CARTESIAN_POINT('',(135.64463150234,24.212024835131,
    145.50619323954));
#2589 = CARTESIAN_POINT('',(135.74634708234,25.6156197094,
    144.63311222858));
#2590 = CARTESIAN_POINT('',(135.87233346365,26.810791921584,
    143.40656730591));
#2591 = CARTESIAN_POINT('',(135.99891593815,27.658338152238,
    141.97828464192));
#2592 = CARTESIAN_POINT('',(135.99945809441,27.661959146593,
    141.97217929071));
#2593 = CARTESIAN_POINT('',(136.,27.665572955067,141.96606745075));
#2594 = CARTESIAN_POINT('',(135.88211334423,24.20283705992,
    145.47146878072));
#2595 = CARTESIAN_POINT('',(135.91673998447,25.609935672311,
    144.61749350813));
#2596 = CARTESIAN_POINT('',(135.95814659206,26.813030173912,
    143.40290663708));
#2597 = CARTESIAN_POINT('',(135.99964445682,27.658357176911,
    141.97825114622));
#2598 = CARTESIAN_POINT('',(135.99982228889,27.661968808199,
    141.97216295055));
#2599 = CARTESIAN_POINT('',(136.,27.665572955067,141.96606745075));
#2600 = CARTESIAN_POINT('',(136.12208094917,24.202581018699,
    145.45139322078));
#2601 = CARTESIAN_POINT('',(136.08747092743,25.610468112298,
    144.60668715911));
#2602 = CARTESIAN_POINT('',(136.04392601783,26.815276915922,
    143.39913793827));
#2603 = CARTESIAN_POINT('',(136.00037307739,27.658376423972,
    141.97821812386));
#2604 = CARTESIAN_POINT('',(136.00018648337,27.661978469804,
    141.9721466104));
#2605 = CARTESIAN_POINT('',(136.,27.665572955067,141.96606745075));
#2606 = CARTESIAN_POINT('',(136.36205027735,24.211259361895,
    145.44617437315));
#2607 = CARTESIAN_POINT('',(136.25820075925,25.617209992634,
    144.60068555702));
#2608 = CARTESIAN_POINT('',(136.12970549454,26.817532128051,
    143.39526134857));
#2609 = CARTESIAN_POINT('',(136.0011016978,27.658395893488,
    141.97818557442));
#2610 = CARTESIAN_POINT('',(136.00055067786,27.66198813141,
    141.97213027024));
#2611 = CARTESIAN_POINT('',(136.,27.665572955067,141.96606745075));
#2612 = DEFINITIONAL_REPRESENTATION('',(#2613),#2616);
#2613 = B_SPLINE_CURVE_WITH_KNOTS('',1,(#2614,#2615),.UNSPECIFIED.,.F.,
  .F.,(2,2),(0.,0.144109743783),.PIECEWISE_BEZIER_KNOTS.);
#2614 = CARTESIAN_POINT('',(1.,-0.738924352798));
#2615 = CARTESIAN_POINT('',(7.371764649332E-14,-0.738924352798));
#2616 = ( GEOMETRIC_REPRESENTATION_CONTEXT(2) 
PARAMETRIC_REPRESENTATION_CONTEXT() REPRESENTATION_CONTEXT('2D SPACE',''
  ) );
#2617 = PCURVE('',#2502,#2618);
#2618 = DEFINITIONAL_REPRESENTATION('',(#2619),#2622);
#2619 = B_SPLINE_CURVE_WITH_KNOTS('',1,(#2620,#2621),.UNSPECIFIED.,.F.,
  .F.,(2,2),(0.,0.144109743783),.PIECEWISE_BEZIER_KNOTS.);
#2620 = CARTESIAN_POINT('',(1.,3.681621067016E-03));
#2621 = CARTESIAN_POINT('',(8.358394549776E-14,3.681621066989E-03));
#2622 = ( GEOMETRIC_REPRESENTATION_CONTEXT(2) 
PARAMETRIC_REPRESENTATION_CONTEXT() REPRESENTATION_CONTEXT('2D SPACE',''
  ) );
#2623 = ORIENTED_EDGE('',*,*,#2624,.F.);
#2624 = EDGE_CURVE('',#2625,#2576,#2627,.T.);
#2625 = VERTEX_POINT('',#2626);
#2626 = CARTESIAN_POINT('',(136.,27.665572955067,141.96606745075));
#2627 = SURFACE_CURVE('',#2628,(#2635,#2664),.PCURVE_S1.);
#2628 = B_SPLINE_CURVE_WITH_KNOTS('',3,(#2629,#2630,#2631,#2632,#2633,
    #2634),.UNSPECIFIED.,.F.,.F.,(4,2,4),(-3.173810543996E-03,0.,
    0.738924352798),.UNSPECIFIED.);
#2629 = CARTESIAN_POINT('',(136.,27.665572955067,141.96606745075));
#2630 = CARTESIAN_POINT('',(136.00055067786,27.66198813141,
    141.97213027024));
#2631 = CARTESIAN_POINT('',(136.0011016978,27.658395893488,
    141.97818557442));
#2632 = CARTESIAN_POINT('',(136.12970549454,26.817532128051,
    143.39526134857));
#2633 = CARTESIAN_POINT('',(136.25820075925,25.617209992634,
    144.60068555702));
#2634 = CARTESIAN_POINT('',(136.36205027735,24.211259361895,
    145.44617437315));
#2635 = PCURVE('',#2587,#2636);
#2636 = DEFINITIONAL_REPRESENTATION('',(#2637),#2663);
#2637 = B_SPLINE_CURVE_WITH_KNOTS('',3,(#2638,#2639,#2640,#2641,#2642,
    #2643,#2644,#2645,#2646,#2647,#2648,#2649,#2650,#2651,#2652,#2653,
    #2654,#2655,#2656,#2657,#2658,#2659,#2660,#2661,#2662),
  .UNSPECIFIED.,.F.,.F.,(4,1,1,1,1,1,1,1,1,1,1,1,1,1,1,1,1,1,1,1,1,1,4),
  (-3.173810543996E-03,3.055792415336E-02,6.428965885072E-02,
    9.802139354808E-02,0.131753128245,0.165484862943,0.19921659764,
    0.232948332338,0.266680067035,0.300411801732,0.33414353643,
    0.367875271127,0.401607005824,0.435338740522,0.469070475219,
    0.502802209916,0.536533944614,0.570265679311,0.603997414008,
    0.637729148706,0.671460883403,0.705192618101,0.738924352798),
  .UNSPECIFIED.);
#2638 = CARTESIAN_POINT('',(1.,3.173810543996E-03));
#2639 = CARTESIAN_POINT('',(1.,-8.070101021791E-03));
#2640 = CARTESIAN_POINT('',(1.,-3.055792415336E-02));
#2641 = CARTESIAN_POINT('',(1.,-6.428965885072E-02));
#2642 = CARTESIAN_POINT('',(1.,-9.802139354808E-02));
#2643 = CARTESIAN_POINT('',(1.,-0.131753128245));
#2644 = CARTESIAN_POINT('',(1.,-0.165484862943));
#2645 = CARTESIAN_POINT('',(1.,-0.19921659764));
#2646 = CARTESIAN_POINT('',(1.,-0.232948332338));
#2647 = CARTESIAN_POINT('',(1.,-0.266680067035));
#2648 = CARTESIAN_POINT('',(1.,-0.300411801732));
#2649 = CARTESIAN_POINT('',(1.,-0.33414353643));
#2650 = CARTESIAN_POINT('',(1.,-0.367875271127));
#2651 = CARTESIAN_POINT('',(1.,-0.401607005824));
#2652 = CARTESIAN_POINT('',(1.,-0.435338740522));
#2653 = CARTESIAN_POINT('',(1.,-0.469070475219));
#2654 = CARTESIAN_POINT('',(1.,-0.502802209916));
#2655 = CARTESIAN_POINT('',(1.,-0.536533944614));
#2656 = CARTESIAN_POINT('',(1.,-0.570265679311));
#2657 = CARTESIAN_POINT('',(1.,-0.603997414008));
#2658 = CARTESIAN_POINT('',(1.,-0.637729148706));
#2659 = CARTESIAN_POINT('',(1.,-0.671460883403));
#2660 = CARTESIAN_POINT('',(1.,-0.705192618101));
#2661 = CARTESIAN_POINT('',(1.,-0.727680441232));
#2662 = CARTESIAN_POINT('',(1.,-0.738924352798));
#2663 = ( GEOMETRIC_REPRESENTATION_CONTEXT(2) 
PARAMETRIC_REPRESENTATION_CONTEXT() REPRESENTATION_CONTEXT('2D SPACE',''
  ) );
#2664 = PCURVE('',#1594,#2665);
#2665 = DEFINITIONAL_REPRESENTATION('',(#2666),#2669);
#2666 = B_SPLINE_CURVE_WITH_KNOTS('',1,(#2667,#2668),.UNSPECIFIED.,.F.,
  .F.,(2,2),(-3.173810543996E-03,0.738924352798),
  .PIECEWISE_BEZIER_KNOTS.);
#2667 = CARTESIAN_POINT('',(5.749202275223,9.));
#2668 = CARTESIAN_POINT('',(5.253811194957,8.637949722644));
#2669 = ( GEOMETRIC_REPRESENTATION_CONTEXT(2) 
PARAMETRIC_REPRESENTATION_CONTEXT() REPRESENTATION_CONTEXT('2D SPACE',''
  ) );
#2670 = ORIENTED_EDGE('',*,*,#2671,.F.);
#2671 = EDGE_CURVE('',#2578,#2625,#2672,.T.);
#2672 = SURFACE_CURVE('',#2673,(#2680,#2686),.PCURVE_S1.);
#2673 = B_SPLINE_CURVE_WITH_KNOTS('',3,(#2674,#2675,#2676,#2677,#2678,
    #2679),.UNSPECIFIED.,.F.,.F.,(4,2,4),(-0.738924352798,0.,
    3.173810543996E-03),.UNSPECIFIED.);
#2674 = CARTESIAN_POINT('',(135.64463150234,24.212024835131,
    145.50619323954));
#2675 = CARTESIAN_POINT('',(135.74634708234,25.6156197094,
    144.63311222858));
#2676 = CARTESIAN_POINT('',(135.87233346365,26.810791921584,
    143.40656730591));
#2677 = CARTESIAN_POINT('',(135.99891593815,27.658338152238,
    141.97828464192));
#2678 = CARTESIAN_POINT('',(135.99945809441,27.661959146593,
    141.97217929071));
#2679 = CARTESIAN_POINT('',(136.,27.665572955067,141.96606745075));
#2680 = PCURVE('',#2587,#2681);
#2681 = DEFINITIONAL_REPRESENTATION('',(#2682),#2685);
#2682 = B_SPLINE_CURVE_WITH_KNOTS('',1,(#2683,#2684),.UNSPECIFIED.,.F.,
  .F.,(2,2),(-0.738924352798,3.173810543996E-03),
  .PIECEWISE_BEZIER_KNOTS.);
#2683 = CARTESIAN_POINT('',(3.065647361137E-14,-0.738924352798));
#2684 = CARTESIAN_POINT('',(1.13636363638E-04,3.173810543996E-03));
#2685 = ( GEOMETRIC_REPRESENTATION_CONTEXT(2) 
PARAMETRIC_REPRESENTATION_CONTEXT() REPRESENTATION_CONTEXT('2D SPACE',''
  ) );
#2686 = PCURVE('',#479,#2687);
#2687 = DEFINITIONAL_REPRESENTATION('',(#2688),#2714);
#2688 = B_SPLINE_CURVE_WITH_KNOTS('',3,(#2689,#2690,#2691,#2692,#2693,
    #2694,#2695,#2696,#2697,#2698,#2699,#2700,#2701,#2702,#2703,#2704,
    #2705,#2706,#2707,#2708,#2709,#2710,#2711,#2712,#2713),
  .UNSPECIFIED.,.F.,.F.,(4,1,1,1,1,1,1,1,1,1,1,1,1,1,1,1,1,1,1,1,1,1,4),
  (-0.738924352798,-0.705192618101,-0.671460883403,-0.637729148706,
    -0.603997414008,-0.570265679311,-0.536533944614,-0.502802209916,
    -0.469070475219,-0.435338740522,-0.401607005824,-0.367875271127,
    -0.33414353643,-0.300411801732,-0.266680067035,-0.232948332338,
    -0.19921659764,-0.165484862943,-0.131753128245,-9.802139354808E-02,
    -6.428965885072E-02,-3.055792415336E-02,3.173810543996E-03),
  .UNSPECIFIED.);
#2689 = CARTESIAN_POINT('',(0.997939477071,1.692232758689E-02));
#2690 = CARTESIAN_POINT('',(0.99160837328,1.670129533011E-02));
#2691 = CARTESIAN_POINT('',(0.978951172015,1.625455731448E-02));
#2692 = CARTESIAN_POINT('',(0.959981598951,1.557099837241E-02));
#2693 = CARTESIAN_POINT('',(0.9410294889,1.487455487863E-02));
#2694 = CARTESIAN_POINT('',(0.922095991002,1.416579847218E-02));
#2695 = CARTESIAN_POINT('',(0.903182199805,1.344530511986E-02));
#2696 = CARTESIAN_POINT('',(0.884289148149,1.271365649276E-02));
#2697 = CARTESIAN_POINT('',(0.865417809921,1.197144086955E-02));
#2698 = CARTESIAN_POINT('',(0.846569099901,1.121925406567E-02));
#2699 = CARTESIAN_POINT('',(0.827743874055,1.045770027373E-02));
#2700 = CARTESIAN_POINT('',(0.808942929309,9.687392865169E-03));
#2701 = CARTESIAN_POINT('',(0.790167003006,8.90895515917E-03));
#2702 = CARTESIAN_POINT('',(0.771416771939,8.12302117576E-03));
#2703 = CARTESIAN_POINT('',(0.752692850917,7.33023638781E-03));
#2704 = CARTESIAN_POINT('',(0.733995790891,6.531258479924E-03));
#2705 = CARTESIAN_POINT('',(0.715326076395,5.726758146582E-03));
#2706 = CARTESIAN_POINT('',(0.696684123041,4.917419863958E-03));
#2707 = CARTESIAN_POINT('',(0.6780702722,4.103942929741E-03));
#2708 = CARTESIAN_POINT('',(0.659484793451,3.287041714639E-03));
#2709 = CARTESIAN_POINT('',(0.640927855265,2.467449102579E-03));
#2710 = CARTESIAN_POINT('',(0.622399611395,1.645908302238E-03));
#2711 = CARTESIAN_POINT('',(0.603899852565,8.232083455767E-04));
#2712 = CARTESIAN_POINT('',(0.591586135994,2.74440673485E-04));
#2713 = CARTESIAN_POINT('',(0.585434214944,1.033904823135E-07));
#2714 = ( GEOMETRIC_REPRESENTATION_CONTEXT(2) 
PARAMETRIC_REPRESENTATION_CONTEXT() REPRESENTATION_CONTEXT('2D SPACE',''
  ) );
#2715 = ADVANCED_FACE('',(#2716),#2502,.F.);
#2716 = FACE_BOUND('',#2717,.F.);
#2717 = EDGE_LOOP('',(#2718,#2739,#2740,#2761));
#2718 = ORIENTED_EDGE('',*,*,#2719,.F.);
#2719 = EDGE_CURVE('',#2294,#2578,#2720,.T.);
#2720 = SURFACE_CURVE('',#2721,(#2726,#2733),.PCURVE_S1.);
#2721 = B_SPLINE_CURVE_WITH_KNOTS('',3,(#2722,#2723,#2724,#2725),
  .UNSPECIFIED.,.F.,.F.,(4,4),(0.,3.681621067026E-03),
  .PIECEWISE_BEZIER_KNOTS.);
#2722 = CARTESIAN_POINT('',(135.64090322546,24.191032237578,
    145.51959240995));
#2723 = CARTESIAN_POINT('',(135.64287410281,24.19801629,145.51502140681)
  );
#2724 = CARTESIAN_POINT('',(135.64412471403,24.205031555725,
    145.51054328353));
#2725 = CARTESIAN_POINT('',(135.64463150234,24.212024835131,
    145.50619323954));
#2726 = PCURVE('',#2502,#2727);
#2727 = DEFINITIONAL_REPRESENTATION('',(#2728),#2732);
#2728 = LINE('',#2729,#2730);
#2729 = CARTESIAN_POINT('',(-3.865182652885E-14,5.79063414891E-16));
#2730 = VECTOR('',#2731,1.);
#2731 = DIRECTION('',(1.866710244499E-11,1.));
#2732 = ( GEOMETRIC_REPRESENTATION_CONTEXT(2) 
PARAMETRIC_REPRESENTATION_CONTEXT() REPRESENTATION_CONTEXT('2D SPACE',''
  ) );
#2733 = PCURVE('',#479,#2734);
#2734 = DEFINITIONAL_REPRESENTATION('',(#2735),#2738);
#2735 = B_SPLINE_CURVE_WITH_KNOTS('',1,(#2736,#2737),.UNSPECIFIED.,.F.,
  .F.,(2,2),(0.,3.681621067026E-03),.PIECEWISE_BEZIER_KNOTS.);
#2736 = CARTESIAN_POINT('',(1.,1.709984640628E-02));
#2737 = CARTESIAN_POINT('',(0.997939477071,1.692232758689E-02));
#2738 = ( GEOMETRIC_REPRESENTATION_CONTEXT(2) 
PARAMETRIC_REPRESENTATION_CONTEXT() REPRESENTATION_CONTEXT('2D SPACE',''
  ) );
#2739 = ORIENTED_EDGE('',*,*,#2488,.T.);
#2740 = ORIENTED_EDGE('',*,*,#2741,.F.);
#2741 = EDGE_CURVE('',#2576,#2435,#2742,.T.);
#2742 = SURFACE_CURVE('',#2743,(#2748,#2755),.PCURVE_S1.);
#2743 = B_SPLINE_CURVE_WITH_KNOTS('',3,(#2744,#2745,#2746,#2747),
  .UNSPECIFIED.,.F.,.F.,(4,4),(-3.681621067026E-03,0.),
  .PIECEWISE_BEZIER_KNOTS.);
#2744 = CARTESIAN_POINT('',(136.36205027735,24.211259361895,
    145.44617437315));
#2745 = CARTESIAN_POINT('',(136.3625676978,24.17886115947,
    145.46565750237));
#2746 = CARTESIAN_POINT('',(136.36233038504,24.146530115855,
    145.48543997845));
#2747 = CARTESIAN_POINT('',(136.3613548317,24.114507438633,
    145.50537189818));
#2748 = PCURVE('',#2502,#2749);
#2749 = DEFINITIONAL_REPRESENTATION('',(#2750),#2754);
#2750 = LINE('',#2751,#2752);
#2751 = CARTESIAN_POINT('',(1.,3.035766082959E-18));
#2752 = VECTOR('',#2753,1.);
#2753 = DIRECTION('',(-1.703803833945E-11,-1.));
#2754 = ( GEOMETRIC_REPRESENTATION_CONTEXT(2) 
PARAMETRIC_REPRESENTATION_CONTEXT() REPRESENTATION_CONTEXT('2D SPACE',''
  ) );
#2755 = PCURVE('',#2454,#2756);
#2756 = DEFINITIONAL_REPRESENTATION('',(#2757),#2760);
#2757 = B_SPLINE_CURVE_WITH_KNOTS('',1,(#2758,#2759),.UNSPECIFIED.,.F.,
  .F.,(2,2),(-3.681621067026E-03,0.),.PIECEWISE_BEZIER_KNOTS.);
#2758 = CARTESIAN_POINT('',(-1.349126067692,8.637949722644));
#2759 = CARTESIAN_POINT('',(-1.33379818456,8.638645168298));
#2760 = ( GEOMETRIC_REPRESENTATION_CONTEXT(2) 
PARAMETRIC_REPRESENTATION_CONTEXT() REPRESENTATION_CONTEXT('2D SPACE',''
  ) );
#2761 = ORIENTED_EDGE('',*,*,#2575,.T.);
#2762 = ADVANCED_FACE('',(#2763),#1362,.T.);
#2763 = FACE_BOUND('',#2764,.T.);
#2764 = EDGE_LOOP('',(#2765,#2766,#2789,#2822,#2843));
#2765 = ORIENTED_EDGE('',*,*,#2121,.F.);
#2766 = ORIENTED_EDGE('',*,*,#2767,.F.);
#2767 = EDGE_CURVE('',#2768,#2122,#2770,.T.);
#2768 = VERTEX_POINT('',#2769);
#2769 = CARTESIAN_POINT('',(145.,61.566792224392,155.92310152343));
#2770 = SURFACE_CURVE('',#2771,(#2775,#2782),.PCURVE_S1.);
#2771 = LINE('',#2772,#2773);
#2772 = CARTESIAN_POINT('',(143.,61.566792224393,155.92310152343));
#2773 = VECTOR('',#2774,1.);
#2774 = DIRECTION('',(-1.,0.,0.));
#2775 = PCURVE('',#1362,#2776);
#2776 = DEFINITIONAL_REPRESENTATION('',(#2777),#2781);
#2777 = LINE('',#2778,#2779);
#2778 = CARTESIAN_POINT('',(-1.117270192406,0.));
#2779 = VECTOR('',#2780,1.);
#2780 = DIRECTION('',(0.,1.));
#2781 = ( GEOMETRIC_REPRESENTATION_CONTEXT(2) 
PARAMETRIC_REPRESENTATION_CONTEXT() REPRESENTATION_CONTEXT('2D SPACE',''
  ) );
#2782 = PCURVE('',#2188,#2783);
#2783 = DEFINITIONAL_REPRESENTATION('',(#2784),#2788);
#2784 = LINE('',#2785,#2786);
#2785 = CARTESIAN_POINT('',(32.97574866474,2.));
#2786 = VECTOR('',#2787,1.);
#2787 = DIRECTION('',(3.305808053033E-17,1.));
#2788 = ( GEOMETRIC_REPRESENTATION_CONTEXT(2) 
PARAMETRIC_REPRESENTATION_CONTEXT() REPRESENTATION_CONTEXT('2D SPACE',''
  ) );
#2789 = ORIENTED_EDGE('',*,*,#2790,.T.);
#2790 = EDGE_CURVE('',#2768,#2791,#2793,.T.);
#2791 = VERTEX_POINT('',#2792);
#2792 = CARTESIAN_POINT('',(145.,71.577232032239,128.95610130109));
#2793 = SURFACE_CURVE('',#2794,(#2799,#2806),.PCURVE_S1.);
#2794 = CIRCLE('',#2795,16.);
#2795 = AXIS2_PLACEMENT_3D('',#2796,#2797,#2798);
#2796 = CARTESIAN_POINT('',(145.,60.,140.));
#2797 = DIRECTION('',(-1.,-2.775557561563E-17,5.551115123126E-17));
#2798 = DIRECTION('',(2.775557561563E-17,-1.,0.));
#2799 = PCURVE('',#1362,#2800);
#2800 = DEFINITIONAL_REPRESENTATION('',(#2801),#2805);
#2801 = LINE('',#2802,#2803);
#2802 = CARTESIAN_POINT('',(-2.786148215568,-2.));
#2803 = VECTOR('',#2804,1.);
#2804 = DIRECTION('',(1.,0.));
#2805 = ( GEOMETRIC_REPRESENTATION_CONTEXT(2) 
PARAMETRIC_REPRESENTATION_CONTEXT() REPRESENTATION_CONTEXT('2D SPACE',''
  ) );
#2806 = PCURVE('',#2807,#2812);
#2807 = PLANE('',#2808);
#2808 = AXIS2_PLACEMENT_3D('',#2809,#2810,#2811);
#2809 = CARTESIAN_POINT('',(145.,-105.616595241,64.383404758866));
#2810 = DIRECTION('',(1.,2.775557561563E-17,-5.551115123126E-17));
#2811 = DIRECTION('',(2.775557561563E-17,-1.,0.));
#2812 = DEFINITIONAL_REPRESENTATION('',(#2813),#2821);
#2813 = ( BOUNDED_CURVE() B_SPLINE_CURVE(2,(#2814,#2815,#2816,#2817,
#2818,#2819,#2820),.UNSPECIFIED.,.T.,.F.) B_SPLINE_CURVE_WITH_KNOTS((1,2
    ,2,2,2,1),(-2.094395102393,0.,2.094395102393,4.188790204786,
6.28318530718,8.377580409573),.UNSPECIFIED.) CURVE() 
GEOMETRIC_REPRESENTATION_ITEM() RATIONAL_B_SPLINE_CURVE((1.,0.5,1.,0.5,
1.,0.5,1.)) REPRESENTATION_ITEM('') );
#2814 = CARTESIAN_POINT('',(-149.616595241,-75.61659524113));
#2815 = CARTESIAN_POINT('',(-149.616595241,-103.3294081622));
#2816 = CARTESIAN_POINT('',(-173.616595241,-89.47300170168));
#2817 = CARTESIAN_POINT('',(-197.616595241,-75.61659524113));
#2818 = CARTESIAN_POINT('',(-173.616595241,-61.76018878058));
#2819 = CARTESIAN_POINT('',(-149.616595241,-47.90378232003));
#2820 = CARTESIAN_POINT('',(-149.616595241,-75.61659524113));
#2821 = ( GEOMETRIC_REPRESENTATION_CONTEXT(2) 
PARAMETRIC_REPRESENTATION_CONTEXT() REPRESENTATION_CONTEXT('2D SPACE',''
  ) );
#2822 = ORIENTED_EDGE('',*,*,#2823,.T.);
#2823 = EDGE_CURVE('',#2791,#1342,#2824,.T.);
#2824 = SURFACE_CURVE('',#2825,(#2829,#2836),.PCURVE_S1.);
#2825 = LINE('',#2826,#2827);
#2826 = CARTESIAN_POINT('',(145.,71.577232032239,128.95610130109));
#2827 = VECTOR('',#2828,1.);
#2828 = DIRECTION('',(-1.,0.,0.));
#2829 = PCURVE('',#1362,#2830);
#2830 = DEFINITIONAL_REPRESENTATION('',(#2831),#2835);
#2831 = LINE('',#2832,#2833);
#2832 = CARTESIAN_POINT('',(1.117270192406,-2.));
#2833 = VECTOR('',#2834,1.);
#2834 = DIRECTION('',(0.,1.));
#2835 = ( GEOMETRIC_REPRESENTATION_CONTEXT(2) 
PARAMETRIC_REPRESENTATION_CONTEXT() REPRESENTATION_CONTEXT('2D SPACE',''
  ) );
#2836 = PCURVE('',#1390,#2837);
#2837 = DEFINITIONAL_REPRESENTATION('',(#2838),#2842);
#2838 = LINE('',#2839,#2840);
#2839 = CARTESIAN_POINT('',(-4.201696409403E-17,2.));
#2840 = VECTOR('',#2841,1.);
#2841 = DIRECTION('',(2.100848204701E-17,-1.));
#2842 = ( GEOMETRIC_REPRESENTATION_CONTEXT(2) 
PARAMETRIC_REPRESENTATION_CONTEXT() REPRESENTATION_CONTEXT('2D SPACE',''
  ) );
#2843 = ORIENTED_EDGE('',*,*,#1341,.T.);
#2844 = ADVANCED_FACE('',(#2845),#2188,.T.);
#2845 = FACE_BOUND('',#2846,.T.);
#2846 = EDGE_LOOP('',(#2847,#2848,#2871,#2892));
#2847 = ORIENTED_EDGE('',*,*,#2168,.F.);
#2848 = ORIENTED_EDGE('',*,*,#2849,.F.);
#2849 = EDGE_CURVE('',#2850,#2169,#2852,.T.);
#2850 = VERTEX_POINT('',#2851);
#2851 = CARTESIAN_POINT('',(145.,28.7495301119,159.15223568602));
#2852 = SURFACE_CURVE('',#2853,(#2857,#2864),.PCURVE_S1.);
#2853 = LINE('',#2854,#2855);
#2854 = CARTESIAN_POINT('',(145.,28.7495301119,159.15223568602));
#2855 = VECTOR('',#2856,1.);
#2856 = DIRECTION('',(-1.,0.,0.));
#2857 = PCURVE('',#2188,#2858);
#2858 = DEFINITIONAL_REPRESENTATION('',(#2859),#2863);
#2859 = LINE('',#2860,#2861);
#2860 = CARTESIAN_POINT('',(0.,0.));
#2861 = VECTOR('',#2862,1.);
#2862 = DIRECTION('',(3.305808053033E-17,1.));
#2863 = ( GEOMETRIC_REPRESENTATION_CONTEXT(2) 
PARAMETRIC_REPRESENTATION_CONTEXT() REPRESENTATION_CONTEXT('2D SPACE',''
  ) );
#2864 = PCURVE('',#2454,#2865);
#2865 = DEFINITIONAL_REPRESENTATION('',(#2866),#2870);
#2866 = LINE('',#2867,#2868);
#2867 = CARTESIAN_POINT('',(1.349126067692,0.));
#2868 = VECTOR('',#2869,1.);
#2869 = DIRECTION('',(0.,1.));
#2870 = ( GEOMETRIC_REPRESENTATION_CONTEXT(2) 
PARAMETRIC_REPRESENTATION_CONTEXT() REPRESENTATION_CONTEXT('2D SPACE',''
  ) );
#2871 = ORIENTED_EDGE('',*,*,#2872,.F.);
#2872 = EDGE_CURVE('',#2768,#2850,#2873,.T.);
#2873 = SURFACE_CURVE('',#2874,(#2878,#2885),.PCURVE_S1.);
#2874 = LINE('',#2875,#2876);
#2875 = CARTESIAN_POINT('',(145.,61.566792224392,155.92310152343));
#2876 = VECTOR('',#2877,1.);
#2877 = DIRECTION('',(3.305808053033E-17,-0.995193845215,
    9.792451402454E-02));
#2878 = PCURVE('',#2188,#2879);
#2879 = DEFINITIONAL_REPRESENTATION('',(#2880),#2884);
#2880 = LINE('',#2881,#2882);
#2881 = CARTESIAN_POINT('',(32.975748664739,-1.090114954907E-15));
#2882 = VECTOR('',#2883,1.);
#2883 = DIRECTION('',(-1.,1.584077379259E-32));
#2884 = ( GEOMETRIC_REPRESENTATION_CONTEXT(2) 
PARAMETRIC_REPRESENTATION_CONTEXT() REPRESENTATION_CONTEXT('2D SPACE',''
  ) );
#2885 = PCURVE('',#2807,#2886);
#2886 = DEFINITIONAL_REPRESENTATION('',(#2887),#2891);
#2887 = LINE('',#2888,#2889);
#2888 = CARTESIAN_POINT('',(-167.1833874653,-91.53969676456));
#2889 = VECTOR('',#2890,1.);
#2890 = DIRECTION('',(0.995193845215,-9.792451402454E-02));
#2891 = ( GEOMETRIC_REPRESENTATION_CONTEXT(2) 
PARAMETRIC_REPRESENTATION_CONTEXT() REPRESENTATION_CONTEXT('2D SPACE',''
  ) );
#2892 = ORIENTED_EDGE('',*,*,#2767,.T.);
#2893 = ADVANCED_FACE('',(#2894),#2454,.T.);
#2894 = FACE_BOUND('',#2895,.T.);
#2895 = EDGE_LOOP('',(#2896,#2897,#2898,#2899,#2922,#2944));
#2896 = ORIENTED_EDGE('',*,*,#2550,.F.);
#2897 = ORIENTED_EDGE('',*,*,#2434,.F.);
#2898 = ORIENTED_EDGE('',*,*,#2741,.F.);
#2899 = ORIENTED_EDGE('',*,*,#2900,.F.);
#2900 = EDGE_CURVE('',#2901,#2576,#2903,.T.);
#2901 = VERTEX_POINT('',#2902);
#2902 = CARTESIAN_POINT('',(145.,24.211259361895,145.44617437315));
#2903 = SURFACE_CURVE('',#2904,(#2908,#2915),.PCURVE_S1.);
#2904 = LINE('',#2905,#2906);
#2905 = CARTESIAN_POINT('',(145.,24.211259361895,145.44617437315));
#2906 = VECTOR('',#2907,1.);
#2907 = DIRECTION('',(-1.,0.,0.));
#2908 = PCURVE('',#2454,#2909);
#2909 = DEFINITIONAL_REPRESENTATION('',(#2910),#2914);
#2910 = LINE('',#2911,#2912);
#2911 = CARTESIAN_POINT('',(-1.349126067692,0.));
#2912 = VECTOR('',#2913,1.);
#2913 = DIRECTION('',(0.,1.));
#2914 = ( GEOMETRIC_REPRESENTATION_CONTEXT(2) 
PARAMETRIC_REPRESENTATION_CONTEXT() REPRESENTATION_CONTEXT('2D SPACE',''
  ) );
#2915 = PCURVE('',#1594,#2916);
#2916 = DEFINITIONAL_REPRESENTATION('',(#2917),#2921);
#2917 = LINE('',#2918,#2919);
#2918 = CARTESIAN_POINT('',(5.253811194957,0.));
#2919 = VECTOR('',#2920,1.);
#2920 = DIRECTION('',(0.,1.));
#2921 = ( GEOMETRIC_REPRESENTATION_CONTEXT(2) 
PARAMETRIC_REPRESENTATION_CONTEXT() REPRESENTATION_CONTEXT('2D SPACE',''
  ) );
#2922 = ORIENTED_EDGE('',*,*,#2923,.F.);
#2923 = EDGE_CURVE('',#2850,#2901,#2924,.T.);
#2924 = SURFACE_CURVE('',#2925,(#2930,#2937),.PCURVE_S1.);
#2925 = CIRCLE('',#2926,7.4);
#2926 = AXIS2_PLACEMENT_3D('',#2927,#2928,#2929);
#2927 = CARTESIAN_POINT('',(145.,28.024888708118,151.78780123143));
#2928 = DIRECTION('',(1.,2.775557561563E-17,-5.551115123126E-17));
#2929 = DIRECTION('',(-2.775557561563E-17,1.,0.));
#2930 = PCURVE('',#2454,#2931);
#2931 = DEFINITIONAL_REPRESENTATION('',(#2932),#2936);
#2932 = LINE('',#2933,#2934);
#2933 = CARTESIAN_POINT('',(2.82184069812,0.));
#2934 = VECTOR('',#2935,1.);
#2935 = DIRECTION('',(-1.,0.));
#2936 = ( GEOMETRIC_REPRESENTATION_CONTEXT(2) 
PARAMETRIC_REPRESENTATION_CONTEXT() REPRESENTATION_CONTEXT('2D SPACE',''
  ) );
#2937 = PCURVE('',#2807,#2938);
#2938 = DEFINITIONAL_REPRESENTATION('',(#2939),#2943);
#2939 = CIRCLE('',#2940,7.4);
#2940 = AXIS2_PLACEMENT_2D('',#2941,#2942);
#2941 = CARTESIAN_POINT('',(-133.6414839491,-87.40439647256));
#2942 = DIRECTION('',(-1.,-5.473822126269E-48));
#2943 = ( GEOMETRIC_REPRESENTATION_CONTEXT(2) 
PARAMETRIC_REPRESENTATION_CONTEXT() REPRESENTATION_CONTEXT('2D SPACE',''
  ) );
#2944 = ORIENTED_EDGE('',*,*,#2849,.T.);
#2945 = ADVANCED_FACE('',(#2946),#1594,.F.);
#2946 = FACE_BOUND('',#2947,.F.);
#2947 = EDGE_LOOP('',(#2948,#2949,#2973,#2994,#2995,#3016));
#2948 = ORIENTED_EDGE('',*,*,#2900,.F.);
#2949 = ORIENTED_EDGE('',*,*,#2950,.F.);
#2950 = EDGE_CURVE('',#2951,#2901,#2953,.T.);
#2951 = VERTEX_POINT('',#2952);
#2952 = CARTESIAN_POINT('',(145.,28.542419472853,133.70777868136));
#2953 = SURFACE_CURVE('',#2954,(#2959,#2966),.PCURVE_S1.);
#2954 = CIRCLE('',#2955,10.);
#2955 = AXIS2_PLACEMENT_3D('',#2956,#2957,#2958);
#2956 = CARTESIAN_POINT('',(145.,19.057706191322,136.87640834845));
#2957 = DIRECTION('',(1.,2.775557561563E-17,-5.551115123126E-17));
#2958 = DIRECTION('',(-2.775557561563E-17,1.,0.));
#2959 = PCURVE('',#1594,#2960);
#2960 = DEFINITIONAL_REPRESENTATION('',(#2961),#2965);
#2961 = LINE('',#2962,#2963);
#2962 = CARTESIAN_POINT('',(12.566370614359,0.));
#2963 = VECTOR('',#2964,1.);
#2964 = DIRECTION('',(-1.,0.));
#2965 = ( GEOMETRIC_REPRESENTATION_CONTEXT(2) 
PARAMETRIC_REPRESENTATION_CONTEXT() REPRESENTATION_CONTEXT('2D SPACE',''
  ) );
#2966 = PCURVE('',#2807,#2967);
#2967 = DEFINITIONAL_REPRESENTATION('',(#2968),#2972);
#2968 = CIRCLE('',#2969,10.);
#2969 = AXIS2_PLACEMENT_2D('',#2970,#2971);
#2970 = CARTESIAN_POINT('',(-124.6743014323,-72.49300358959));
#2971 = DIRECTION('',(-1.,-5.473822126269E-48));
#2972 = ( GEOMETRIC_REPRESENTATION_CONTEXT(2) 
PARAMETRIC_REPRESENTATION_CONTEXT() REPRESENTATION_CONTEXT('2D SPACE',''
  ) );
#2973 = ORIENTED_EDGE('',*,*,#2974,.T.);
#2974 = EDGE_CURVE('',#2951,#1551,#2975,.T.);
#2975 = SURFACE_CURVE('',#2976,(#2980,#2987),.PCURVE_S1.);
#2976 = LINE('',#2977,#2978);
#2977 = CARTESIAN_POINT('',(145.,28.542419472853,133.70777868136));
#2978 = VECTOR('',#2979,1.);
#2979 = DIRECTION('',(-1.,0.,0.));
#2980 = PCURVE('',#1594,#2981);
#2981 = DEFINITIONAL_REPRESENTATION('',(#2982),#2986);
#2982 = LINE('',#2983,#2984);
#2983 = CARTESIAN_POINT('',(6.605605496681,0.));
#2984 = VECTOR('',#2985,1.);
#2985 = DIRECTION('',(0.,1.));
#2986 = ( GEOMETRIC_REPRESENTATION_CONTEXT(2) 
PARAMETRIC_REPRESENTATION_CONTEXT() REPRESENTATION_CONTEXT('2D SPACE',''
  ) );
#2987 = PCURVE('',#1567,#2988);
#2988 = DEFINITIONAL_REPRESENTATION('',(#2989),#2993);
#2989 = LINE('',#2990,#2991);
#2990 = CARTESIAN_POINT('',(5.807330243347,-2.));
#2991 = VECTOR('',#2992,1.);
#2992 = DIRECTION('',(0.,1.));
#2993 = ( GEOMETRIC_REPRESENTATION_CONTEXT(2) 
PARAMETRIC_REPRESENTATION_CONTEXT() REPRESENTATION_CONTEXT('2D SPACE',''
  ) );
#2994 = ORIENTED_EDGE('',*,*,#1579,.F.);
#2995 = ORIENTED_EDGE('',*,*,#2996,.F.);
#2996 = EDGE_CURVE('',#2625,#433,#2997,.T.);
#2997 = SURFACE_CURVE('',#2998,(#3003,#3010),.PCURVE_S1.);
#2998 = CIRCLE('',#2999,10.);
#2999 = AXIS2_PLACEMENT_3D('',#3000,#3001,#3002);
#3000 = CARTESIAN_POINT('',(136.,19.057706191322,136.87640834845));
#3001 = DIRECTION('',(-1.,-2.775557561563E-17,5.551115123126E-17));
#3002 = DIRECTION('',(-2.775557561563E-17,1.,1.54074395551E-33));
#3003 = PCURVE('',#1594,#3004);
#3004 = DEFINITIONAL_REPRESENTATION('',(#3005),#3009);
#3005 = LINE('',#3006,#3007);
#3006 = CARTESIAN_POINT('',(-8.881784197001E-16,9.));
#3007 = VECTOR('',#3008,1.);
#3008 = DIRECTION('',(1.,0.));
#3009 = ( GEOMETRIC_REPRESENTATION_CONTEXT(2) 
PARAMETRIC_REPRESENTATION_CONTEXT() REPRESENTATION_CONTEXT('2D SPACE',''
  ) );
#3010 = PCURVE('',#479,#3011);
#3011 = DEFINITIONAL_REPRESENTATION('',(#3012),#3015);
#3012 = B_SPLINE_CURVE_WITH_KNOTS('',1,(#3013,#3014),.UNSPECIFIED.,.F.,
  .F.,(2,2),(5.749202275223,6.291463109511),.PIECEWISE_BEZIER_KNOTS.);
#3013 = CARTESIAN_POINT('',(0.585434214944,1.033904821448E-07));
#3014 = CARTESIAN_POINT('',(0.131556657013,-1.711659302207E-06));
#3015 = ( GEOMETRIC_REPRESENTATION_CONTEXT(2) 
PARAMETRIC_REPRESENTATION_CONTEXT() REPRESENTATION_CONTEXT('2D SPACE',''
  ) );
#3016 = ORIENTED_EDGE('',*,*,#2624,.T.);
#3017 = ADVANCED_FACE('',(#3018),#3032,.T.);
#3018 = FACE_BOUND('',#3019,.T.);
#3019 = EDGE_LOOP('',(#3020,#3055,#3078,#3106));
#3020 = ORIENTED_EDGE('',*,*,#3021,.T.);
#3021 = EDGE_CURVE('',#3022,#3024,#3026,.T.);
#3022 = VERTEX_POINT('',#3023);
#3023 = CARTESIAN_POINT('',(144.6,38.567127623128,154.93427169492));
#3024 = VERTEX_POINT('',#3025);
#3025 = CARTESIAN_POINT('',(145.,38.291030155653,155.22370249572));
#3026 = SURFACE_CURVE('',#3027,(#3031,#3043),.PCURVE_S1.);
#3027 = LINE('',#3028,#3029);
#3028 = CARTESIAN_POINT('',(144.6,38.567127623128,154.93427169492));
#3029 = VECTOR('',#3030,1.);
#3030 = DIRECTION('',(0.707106781187,-0.4880759788,0.511646204831));
#3031 = PCURVE('',#3032,#3037);
#3032 = PLANE('',#3033);
#3033 = AXIS2_PLACEMENT_3D('',#3034,#3035,#3036);
#3034 = CARTESIAN_POINT('',(144.8,-25.44103156523,94.151208521235));
#3035 = DIRECTION('',(0.707106781187,0.4880759788,-0.511646204831));
#3036 = DIRECTION('',(-0.586211656221,-5.551115123126E-17,
    -0.810157943928));
#3037 = DEFINITIONAL_REPRESENTATION('',(#3038),#3042);
#3038 = LINE('',#3039,#3040);
#3039 = CARTESIAN_POINT('',(-49.12663915521,73.336474804641));
#3040 = VECTOR('',#3041,1.);
#3041 = DIRECTION('',(-0.829028474649,-0.559206391434));
#3042 = ( GEOMETRIC_REPRESENTATION_CONTEXT(2) 
PARAMETRIC_REPRESENTATION_CONTEXT() REPRESENTATION_CONTEXT('2D SPACE',''
  ) );
#3043 = PCURVE('',#3044,#3049);
#3044 = CONICAL_SURFACE('',#3045,1.4,0.785398163397);
#3045 = AXIS2_PLACEMENT_3D('',#3046,#3047,#3048);
#3046 = CARTESIAN_POINT('',(144.8,39.395420025553,154.06597929251));
#3047 = DIRECTION('',(1.,0.,0.));
#3048 = DIRECTION('',(-0.,1.,8.804251174343E-34));
#3049 = DEFINITIONAL_REPRESENTATION('',(#3050),#3054);
#3050 = LINE('',#3051,#3052);
#3051 = CARTESIAN_POINT('',(2.332622081188,-0.2));
#3052 = VECTOR('',#3053,1.);
#3053 = DIRECTION('',(-2.586819647376E-13,1.));
#3054 = ( GEOMETRIC_REPRESENTATION_CONTEXT(2) 
PARAMETRIC_REPRESENTATION_CONTEXT() REPRESENTATION_CONTEXT('2D SPACE',''
  ) );
#3055 = ORIENTED_EDGE('',*,*,#3056,.T.);
#3056 = EDGE_CURVE('',#3024,#3057,#3059,.T.);
#3057 = VERTEX_POINT('',#3058);
#3058 = CARTESIAN_POINT('',(145.,31.265296904152,148.52162672317));
#3059 = SURFACE_CURVE('',#3060,(#3064,#3071),.PCURVE_S1.);
#3060 = LINE('',#3061,#3062);
#3061 = CARTESIAN_POINT('',(145.,-25.57908029896,94.295923921637));
#3062 = VECTOR('',#3063,1.);
#3063 = DIRECTION('',(-1.823292448597E-17,-0.723577002009,
    -0.690243668688));
#3064 = PCURVE('',#3032,#3065);
#3065 = DEFINITIONAL_REPRESENTATION('',(#3066),#3070);
#3066 = LINE('',#3067,#3068);
#3067 = CARTESIAN_POINT('',(-0.234484662489,-0.158167452586));
#3068 = VECTOR('',#3069,1.);
#3069 = DIRECTION('',(0.559206391434,-0.829028474649));
#3070 = ( GEOMETRIC_REPRESENTATION_CONTEXT(2) 
PARAMETRIC_REPRESENTATION_CONTEXT() REPRESENTATION_CONTEXT('2D SPACE',''
  ) );
#3071 = PCURVE('',#2807,#3072);
#3072 = DEFINITIONAL_REPRESENTATION('',(#3073),#3077);
#3073 = LINE('',#3074,#3075);
#3074 = CARTESIAN_POINT('',(-80.03751494203,-29.91251916277));
#3075 = VECTOR('',#3076,1.);
#3076 = DIRECTION('',(0.723577002009,0.690243668688));
#3077 = ( GEOMETRIC_REPRESENTATION_CONTEXT(2) 
PARAMETRIC_REPRESENTATION_CONTEXT() REPRESENTATION_CONTEXT('2D SPACE',''
  ) );
#3078 = ORIENTED_EDGE('',*,*,#3079,.T.);
#3079 = EDGE_CURVE('',#3057,#3080,#3082,.T.);
#3080 = VERTEX_POINT('',#3081);
#3081 = CARTESIAN_POINT('',(144.6,31.541394371627,148.23219592237));
#3082 = SURFACE_CURVE('',#3083,(#3087,#3094),.PCURVE_S1.);
#3083 = LINE('',#3084,#3085);
#3084 = CARTESIAN_POINT('',(145.,31.265296904152,148.52162672317));
#3085 = VECTOR('',#3086,1.);
#3086 = DIRECTION('',(-0.707106781186,0.4880759788,-0.511646204831));
#3087 = PCURVE('',#3032,#3088);
#3088 = DEFINITIONAL_REPRESENTATION('',(#3089),#3093);
#3089 = LINE('',#3090,#3091);
#3090 = CARTESIAN_POINT('',(-44.16586855225,64.970501913996));
#3091 = VECTOR('',#3092,1.);
#3092 = DIRECTION('',(0.829028474649,0.559206391434));
#3093 = ( GEOMETRIC_REPRESENTATION_CONTEXT(2) 
PARAMETRIC_REPRESENTATION_CONTEXT() REPRESENTATION_CONTEXT('2D SPACE',''
  ) );
#3094 = PCURVE('',#3095,#3100);
#3095 = CONICAL_SURFACE('',#3096,1.4,0.785398163397);
#3096 = AXIS2_PLACEMENT_3D('',#3097,#3098,#3099);
#3097 = CARTESIAN_POINT('',(144.8,32.369686774053,147.36390351996));
#3098 = DIRECTION('',(1.,0.,0.));
#3099 = DIRECTION('',(0.,-1.,-8.804251174343E-34));
#3100 = DEFINITIONAL_REPRESENTATION('',(#3101),#3105);
#3101 = LINE('',#3102,#3103);
#3102 = CARTESIAN_POINT('',(-0.808970572402,0.2));
#3103 = VECTOR('',#3104,1.);
#3104 = DIRECTION('',(1.909583602356E-13,-1.));
#3105 = ( GEOMETRIC_REPRESENTATION_CONTEXT(2) 
PARAMETRIC_REPRESENTATION_CONTEXT() REPRESENTATION_CONTEXT('2D SPACE',''
  ) );
#3106 = ORIENTED_EDGE('',*,*,#3107,.T.);
#3107 = EDGE_CURVE('',#3080,#3022,#3108,.T.);
#3108 = SURFACE_CURVE('',#3109,(#3113,#3120),.PCURVE_S1.);
#3109 = LINE('',#3110,#3111);
#3110 = CARTESIAN_POINT('',(144.6,-25.30298283149,94.006493120833));
#3111 = VECTOR('',#3112,1.);
#3112 = DIRECTION('',(1.823292448597E-17,0.723577002009,0.690243668688)
  );
#3113 = PCURVE('',#3032,#3114);
#3114 = DEFINITIONAL_REPRESENTATION('',(#3115),#3119);
#3115 = LINE('',#3116,#3117);
#3116 = CARTESIAN_POINT('',(0.234484662489,0.158167452586));
#3117 = VECTOR('',#3118,1.);
#3118 = DIRECTION('',(-0.559206391434,0.829028474649));
#3119 = ( GEOMETRIC_REPRESENTATION_CONTEXT(2) 
PARAMETRIC_REPRESENTATION_CONTEXT() REPRESENTATION_CONTEXT('2D SPACE',''
  ) );
#3120 = PCURVE('',#3121,#3126);
#3121 = PLANE('',#3122);
#3122 = AXIS2_PLACEMENT_3D('',#3123,#3124,#3125);
#3123 = CARTESIAN_POINT('',(145.,31.541394371627,148.23219592237));
#3124 = DIRECTION('',(0.,-0.690243668688,0.723577002009));
#3125 = DIRECTION('',(1.823292448597E-17,0.723577002009,0.690243668688)
  );
#3126 = DEFINITIONAL_REPRESENTATION('',(#3127),#3131);
#3127 = LINE('',#3128,#3129);
#3128 = CARTESIAN_POINT('',(-78.56023207661,0.4));
#3129 = VECTOR('',#3130,1.);
#3130 = DIRECTION('',(1.,9.860761315263E-32));
#3131 = ( GEOMETRIC_REPRESENTATION_CONTEXT(2) 
PARAMETRIC_REPRESENTATION_CONTEXT() REPRESENTATION_CONTEXT('2D SPACE',''
  ) );
#3132 = ADVANCED_FACE('',(#3133),#3044,.F.);
#3133 = FACE_BOUND('',#3134,.F.);
#3134 = EDGE_LOOP('',(#3135,#3164,#3165,#3189));
#3135 = ORIENTED_EDGE('',*,*,#3136,.F.);
#3136 = EDGE_CURVE('',#3022,#3137,#3139,.T.);
#3137 = VERTEX_POINT('',#3138);
#3138 = CARTESIAN_POINT('',(144.6,40.223712427979,153.1976868901));
#3139 = SURFACE_CURVE('',#3140,(#3145,#3152),.PCURVE_S1.);
#3140 = CIRCLE('',#3141,1.2);
#3141 = AXIS2_PLACEMENT_3D('',#3142,#3143,#3144);
#3142 = CARTESIAN_POINT('',(144.6,39.395420025553,154.06597929251));
#3143 = DIRECTION('',(-1.,-2.775557561563E-17,5.551115123126E-17));
#3144 = DIRECTION('',(-2.775557561563E-17,1.,1.54074395551E-33));
#3145 = PCURVE('',#3044,#3146);
#3146 = DEFINITIONAL_REPRESENTATION('',(#3147),#3151);
#3147 = LINE('',#3148,#3149);
#3148 = CARTESIAN_POINT('',(6.28318530718,-0.2));
#3149 = VECTOR('',#3150,1.);
#3150 = DIRECTION('',(-1.,-2.586340550677E-15));
#3151 = ( GEOMETRIC_REPRESENTATION_CONTEXT(2) 
PARAMETRIC_REPRESENTATION_CONTEXT() REPRESENTATION_CONTEXT('2D SPACE',''
  ) );
#3152 = PCURVE('',#3153,#3158);
#3153 = CYLINDRICAL_SURFACE('',#3154,1.2);
#3154 = AXIS2_PLACEMENT_3D('',#3155,#3156,#3157);
#3155 = CARTESIAN_POINT('',(145.,39.395420025553,154.06597929251));
#3156 = DIRECTION('',(-1.,0.,0.));
#3157 = DIRECTION('',(0.,1.,0.));
#3158 = DEFINITIONAL_REPRESENTATION('',(#3159),#3163);
#3159 = LINE('',#3160,#3161);
#3160 = CARTESIAN_POINT('',(6.217248937901E-15,0.4));
#3161 = VECTOR('',#3162,1.);
#3162 = DIRECTION('',(1.,0.));
#3163 = ( GEOMETRIC_REPRESENTATION_CONTEXT(2) 
PARAMETRIC_REPRESENTATION_CONTEXT() REPRESENTATION_CONTEXT('2D SPACE',''
  ) );
#3164 = ORIENTED_EDGE('',*,*,#3021,.T.);
#3165 = ORIENTED_EDGE('',*,*,#3166,.F.);
#3166 = EDGE_CURVE('',#3167,#3024,#3169,.T.);
#3167 = VERTEX_POINT('',#3168);
#3168 = CARTESIAN_POINT('',(145.,40.499809895454,152.90825608929));
#3169 = SURFACE_CURVE('',#3170,(#3175,#3182),.PCURVE_S1.);
#3170 = CIRCLE('',#3171,1.6);
#3171 = AXIS2_PLACEMENT_3D('',#3172,#3173,#3174);
#3172 = CARTESIAN_POINT('',(145.,39.395420025553,154.06597929251));
#3173 = DIRECTION('',(1.,2.775557561563E-17,-5.551115123126E-17));
#3174 = DIRECTION('',(-2.775557561563E-17,1.,1.54074395551E-33));
#3175 = PCURVE('',#3044,#3176);
#3176 = DEFINITIONAL_REPRESENTATION('',(#3177),#3181);
#3177 = LINE('',#3178,#3179);
#3178 = CARTESIAN_POINT('',(-6.28318530718,0.2));
#3179 = VECTOR('',#3180,1.);
#3180 = DIRECTION('',(1.,6.24719939777E-17));
#3181 = ( GEOMETRIC_REPRESENTATION_CONTEXT(2) 
PARAMETRIC_REPRESENTATION_CONTEXT() REPRESENTATION_CONTEXT('2D SPACE',''
  ) );
#3182 = PCURVE('',#2807,#3183);
#3183 = DEFINITIONAL_REPRESENTATION('',(#3184),#3188);
#3184 = CIRCLE('',#3185,1.6);
#3185 = AXIS2_PLACEMENT_2D('',#3186,#3187);
#3186 = CARTESIAN_POINT('',(-145.0120152665,-89.68257453364));
#3187 = DIRECTION('',(-1.,-1.54074395551E-33));
#3188 = ( GEOMETRIC_REPRESENTATION_CONTEXT(2) 
PARAMETRIC_REPRESENTATION_CONTEXT() REPRESENTATION_CONTEXT('2D SPACE',''
  ) );
#3189 = ORIENTED_EDGE('',*,*,#3190,.F.);
#3190 = EDGE_CURVE('',#3137,#3167,#3191,.T.);
#3191 = SURFACE_CURVE('',#3192,(#3196,#3203),.PCURVE_S1.);
#3192 = LINE('',#3193,#3194);
#3193 = CARTESIAN_POINT('',(144.6,40.223712427979,153.1976868901));
#3194 = VECTOR('',#3195,1.);
#3195 = DIRECTION('',(0.707106781187,0.4880759788,-0.511646204831));
#3196 = PCURVE('',#3044,#3197);
#3197 = DEFINITIONAL_REPRESENTATION('',(#3198),#3202);
#3198 = LINE('',#3199,#3200);
#3199 = CARTESIAN_POINT('',(-0.808970572403,-0.2));
#3200 = VECTOR('',#3201,1.);
#3201 = DIRECTION('',(9.103828801923E-14,1.));
#3202 = ( GEOMETRIC_REPRESENTATION_CONTEXT(2) 
PARAMETRIC_REPRESENTATION_CONTEXT() REPRESENTATION_CONTEXT('2D SPACE',''
  ) );
#3203 = PCURVE('',#3204,#3209);
#3204 = PLANE('',#3205);
#3205 = AXIS2_PLACEMENT_3D('',#3206,#3207,#3208);
#3206 = CARTESIAN_POINT('',(144.8,-19.99548266715,95.476230801886));
#3207 = DIRECTION('',(0.707106781187,-0.4880759788,0.511646204831));
#3208 = DIRECTION('',(0.586211656221,8.326672684689E-17,-0.810157943928)
  );
#3209 = DEFINITIONAL_REPRESENTATION('',(#3210),#3214);
#3210 = LINE('',#3211,#3212);
#3211 = CARTESIAN_POINT('',(-46.88073851622,68.995320906733));
#3212 = VECTOR('',#3213,1.);
#3213 = DIRECTION('',(0.829028474649,0.559206391434));
#3214 = ( GEOMETRIC_REPRESENTATION_CONTEXT(2) 
PARAMETRIC_REPRESENTATION_CONTEXT() REPRESENTATION_CONTEXT('2D SPACE',''
  ) );
#3215 = ADVANCED_FACE('',(#3216),#3204,.T.);
#3216 = FACE_BOUND('',#3217,.T.);
#3217 = EDGE_LOOP('',(#3218,#3243,#3264,#3265));
#3218 = ORIENTED_EDGE('',*,*,#3219,.T.);
#3219 = EDGE_CURVE('',#3220,#3222,#3224,.T.);
#3220 = VERTEX_POINT('',#3221);
#3221 = CARTESIAN_POINT('',(144.6,33.197979176478,146.49561111755));
#3222 = VERTEX_POINT('',#3223);
#3223 = CARTESIAN_POINT('',(145.,33.474076643953,146.20618031674));
#3224 = SURFACE_CURVE('',#3225,(#3229,#3236),.PCURVE_S1.);
#3225 = LINE('',#3226,#3227);
#3226 = CARTESIAN_POINT('',(144.6,33.197979176478,146.49561111755));
#3227 = VECTOR('',#3228,1.);
#3228 = DIRECTION('',(0.707106781187,0.4880759788,-0.511646204831));
#3229 = PCURVE('',#3204,#3230);
#3230 = DEFINITIONAL_REPRESENTATION('',(#3231),#3235);
#3231 = LINE('',#3232,#3233);
#3232 = CARTESIAN_POINT('',(-41.45099858828,60.94568292126));
#3233 = VECTOR('',#3234,1.);
#3234 = DIRECTION('',(0.829028474649,0.559206391434));
#3235 = ( GEOMETRIC_REPRESENTATION_CONTEXT(2) 
PARAMETRIC_REPRESENTATION_CONTEXT() REPRESENTATION_CONTEXT('2D SPACE',''
  ) );
#3236 = PCURVE('',#3095,#3237);
#3237 = DEFINITIONAL_REPRESENTATION('',(#3238),#3242);
#3238 = LINE('',#3239,#3240);
#3239 = CARTESIAN_POINT('',(2.332622081187,-0.2));
#3240 = VECTOR('',#3241,1.);
#3241 = DIRECTION('',(1.598721155461E-13,1.));
#3242 = ( GEOMETRIC_REPRESENTATION_CONTEXT(2) 
PARAMETRIC_REPRESENTATION_CONTEXT() REPRESENTATION_CONTEXT('2D SPACE',''
  ) );
#3243 = ORIENTED_EDGE('',*,*,#3244,.T.);
#3244 = EDGE_CURVE('',#3222,#3167,#3245,.T.);
#3245 = SURFACE_CURVE('',#3246,(#3250,#3257),.PCURVE_S1.);
#3246 = LINE('',#3247,#3248);
#3247 = CARTESIAN_POINT('',(145.,-19.85743393341,95.331515401484));
#3248 = VECTOR('',#3249,1.);
#3249 = DIRECTION('',(1.823292448597E-17,0.723577002009,0.690243668688)
  );
#3250 = PCURVE('',#3204,#3251);
#3251 = DEFINITIONAL_REPRESENTATION('',(#3252),#3256);
#3252 = LINE('',#3253,#3254);
#3253 = CARTESIAN_POINT('',(0.234484662489,0.158167452586));
#3254 = VECTOR('',#3255,1.);
#3255 = DIRECTION('',(-0.559206391434,0.829028474649));
#3256 = ( GEOMETRIC_REPRESENTATION_CONTEXT(2) 
PARAMETRIC_REPRESENTATION_CONTEXT() REPRESENTATION_CONTEXT('2D SPACE',''
  ) );
#3257 = PCURVE('',#2807,#3258);
#3258 = DEFINITIONAL_REPRESENTATION('',(#3259),#3263);
#3259 = LINE('',#3260,#3261);
#3260 = CARTESIAN_POINT('',(-85.75916130758,-30.94811064261));
#3261 = VECTOR('',#3262,1.);
#3262 = DIRECTION('',(-0.723577002009,-0.690243668688));
#3263 = ( GEOMETRIC_REPRESENTATION_CONTEXT(2) 
PARAMETRIC_REPRESENTATION_CONTEXT() REPRESENTATION_CONTEXT('2D SPACE',''
  ) );
#3264 = ORIENTED_EDGE('',*,*,#3190,.F.);
#3265 = ORIENTED_EDGE('',*,*,#3266,.T.);
#3266 = EDGE_CURVE('',#3137,#3220,#3267,.T.);
#3267 = SURFACE_CURVE('',#3268,(#3272,#3279),.PCURVE_S1.);
#3268 = LINE('',#3269,#3270);
#3269 = CARTESIAN_POINT('',(144.6,-20.13353140089,95.620946202288));
#3270 = VECTOR('',#3271,1.);
#3271 = DIRECTION('',(-1.823292448597E-17,-0.723577002009,
    -0.690243668688));
#3272 = PCURVE('',#3204,#3273);
#3273 = DEFINITIONAL_REPRESENTATION('',(#3274),#3278);
#3274 = LINE('',#3275,#3276);
#3275 = CARTESIAN_POINT('',(-0.234484662489,-0.158167452586));
#3276 = VECTOR('',#3277,1.);
#3277 = DIRECTION('',(0.559206391434,-0.829028474649));
#3278 = ( GEOMETRIC_REPRESENTATION_CONTEXT(2) 
PARAMETRIC_REPRESENTATION_CONTEXT() REPRESENTATION_CONTEXT('2D SPACE',''
  ) );
#3279 = PCURVE('',#3280,#3285);
#3280 = PLANE('',#3281);
#3281 = AXIS2_PLACEMENT_3D('',#3282,#3283,#3284);
#3282 = CARTESIAN_POINT('',(145.,40.223712427979,153.1976868901));
#3283 = DIRECTION('',(0.,0.690243668688,-0.723577002009));
#3284 = DIRECTION('',(-1.823292448597E-17,-0.723577002009,
    -0.690243668688));
#3285 = DEFINITIONAL_REPRESENTATION('',(#3286),#3290);
#3286 = LINE('',#3287,#3288);
#3287 = CARTESIAN_POINT('',(83.415094262666,0.4));
#3288 = VECTOR('',#3289,1.);
#3289 = DIRECTION('',(1.,-1.155557966632E-31));
#3290 = ( GEOMETRIC_REPRESENTATION_CONTEXT(2) 
PARAMETRIC_REPRESENTATION_CONTEXT() REPRESENTATION_CONTEXT('2D SPACE',''
  ) );
#3291 = ADVANCED_FACE('',(#3292),#3095,.F.);
#3292 = FACE_BOUND('',#3293,.F.);
#3293 = EDGE_LOOP('',(#3294,#3321,#3322,#3344));
#3294 = ORIENTED_EDGE('',*,*,#3295,.F.);
#3295 = EDGE_CURVE('',#3220,#3080,#3296,.T.);
#3296 = SURFACE_CURVE('',#3297,(#3302,#3309),.PCURVE_S1.);
#3297 = CIRCLE('',#3298,1.2);
#3298 = AXIS2_PLACEMENT_3D('',#3299,#3300,#3301);
#3299 = CARTESIAN_POINT('',(144.6,32.369686774053,147.36390351996));
#3300 = DIRECTION('',(-1.,-2.775557561563E-17,5.551115123126E-17));
#3301 = DIRECTION('',(2.775557561563E-17,-1.,-1.54074395551E-33));
#3302 = PCURVE('',#3095,#3303);
#3303 = DEFINITIONAL_REPRESENTATION('',(#3304),#3308);
#3304 = LINE('',#3305,#3306);
#3305 = CARTESIAN_POINT('',(6.28318530718,-0.2));
#3306 = VECTOR('',#3307,1.);
#3307 = DIRECTION('',(-1.,8.871023144834E-16));
#3308 = ( GEOMETRIC_REPRESENTATION_CONTEXT(2) 
PARAMETRIC_REPRESENTATION_CONTEXT() REPRESENTATION_CONTEXT('2D SPACE',''
  ) );
#3309 = PCURVE('',#3310,#3315);
#3310 = CYLINDRICAL_SURFACE('',#3311,1.2);
#3311 = AXIS2_PLACEMENT_3D('',#3312,#3313,#3314);
#3312 = CARTESIAN_POINT('',(145.,32.369686774053,147.36390351996));
#3313 = DIRECTION('',(-1.,0.,0.));
#3314 = DIRECTION('',(-0.,-0.723577002009,-0.690243668688));
#3315 = DEFINITIONAL_REPRESENTATION('',(#3316),#3320);
#3316 = LINE('',#3317,#3318);
#3317 = CARTESIAN_POINT('',(-5.521359552787,0.4));
#3318 = VECTOR('',#3319,1.);
#3319 = DIRECTION('',(1.,0.));
#3320 = ( GEOMETRIC_REPRESENTATION_CONTEXT(2) 
PARAMETRIC_REPRESENTATION_CONTEXT() REPRESENTATION_CONTEXT('2D SPACE',''
  ) );
#3321 = ORIENTED_EDGE('',*,*,#3219,.T.);
#3322 = ORIENTED_EDGE('',*,*,#3323,.F.);
#3323 = EDGE_CURVE('',#3057,#3222,#3324,.T.);
#3324 = SURFACE_CURVE('',#3325,(#3330,#3337),.PCURVE_S1.);
#3325 = CIRCLE('',#3326,1.6);
#3326 = AXIS2_PLACEMENT_3D('',#3327,#3328,#3329);
#3327 = CARTESIAN_POINT('',(145.,32.369686774053,147.36390351996));
#3328 = DIRECTION('',(1.,2.775557561563E-17,-5.551115123126E-17));
#3329 = DIRECTION('',(2.775557561563E-17,-1.,-1.54074395551E-33));
#3330 = PCURVE('',#3095,#3331);
#3331 = DEFINITIONAL_REPRESENTATION('',(#3332),#3336);
#3332 = LINE('',#3333,#3334);
#3333 = CARTESIAN_POINT('',(-6.28318530718,0.2));
#3334 = VECTOR('',#3335,1.);
#3335 = DIRECTION('',(1.,-2.748767735019E-15));
#3336 = ( GEOMETRIC_REPRESENTATION_CONTEXT(2) 
PARAMETRIC_REPRESENTATION_CONTEXT() REPRESENTATION_CONTEXT('2D SPACE',''
  ) );
#3337 = PCURVE('',#2807,#3338);
#3338 = DEFINITIONAL_REPRESENTATION('',(#3339),#3343);
#3339 = CIRCLE('',#3340,1.6);
#3340 = AXIS2_PLACEMENT_2D('',#3341,#3342);
#3341 = CARTESIAN_POINT('',(-137.986282015,-82.98049876109));
#3342 = DIRECTION('',(1.,1.54074395551E-33));
#3343 = ( GEOMETRIC_REPRESENTATION_CONTEXT(2) 
PARAMETRIC_REPRESENTATION_CONTEXT() REPRESENTATION_CONTEXT('2D SPACE',''
  ) );
#3344 = ORIENTED_EDGE('',*,*,#3079,.T.);
#3345 = ADVANCED_FACE('',(#3346),#3153,.F.);
#3346 = FACE_BOUND('',#3347,.F.);
#3347 = EDGE_LOOP('',(#3348,#3371,#3404,#3425));
#3348 = ORIENTED_EDGE('',*,*,#3349,.T.);
#3349 = EDGE_CURVE('',#3137,#3350,#3352,.T.);
#3350 = VERTEX_POINT('',#3351);
#3351 = CARTESIAN_POINT('',(142.,40.223712427979,153.1976868901));
#3352 = SURFACE_CURVE('',#3353,(#3357,#3364),.PCURVE_S1.);
#3353 = LINE('',#3354,#3355);
#3354 = CARTESIAN_POINT('',(145.,40.223712427979,153.1976868901));
#3355 = VECTOR('',#3356,1.);
#3356 = DIRECTION('',(-1.,0.,0.));
#3357 = PCURVE('',#3153,#3358);
#3358 = DEFINITIONAL_REPRESENTATION('',(#3359),#3363);
#3359 = LINE('',#3360,#3361);
#3360 = CARTESIAN_POINT('',(7.092155879582,0.));
#3361 = VECTOR('',#3362,1.);
#3362 = DIRECTION('',(0.,1.));
#3363 = ( GEOMETRIC_REPRESENTATION_CONTEXT(2) 
PARAMETRIC_REPRESENTATION_CONTEXT() REPRESENTATION_CONTEXT('2D SPACE',''
  ) );
#3364 = PCURVE('',#3280,#3365);
#3365 = DEFINITIONAL_REPRESENTATION('',(#3366),#3370);
#3366 = LINE('',#3367,#3368);
#3367 = CARTESIAN_POINT('',(-0.,0.));
#3368 = VECTOR('',#3369,1.);
#3369 = DIRECTION('',(1.823292448597E-17,1.));
#3370 = ( GEOMETRIC_REPRESENTATION_CONTEXT(2) 
PARAMETRIC_REPRESENTATION_CONTEXT() REPRESENTATION_CONTEXT('2D SPACE',''
  ) );
#3371 = ORIENTED_EDGE('',*,*,#3372,.F.);
#3372 = EDGE_CURVE('',#3373,#3350,#3375,.T.);
#3373 = VERTEX_POINT('',#3374);
#3374 = CARTESIAN_POINT('',(142.,38.567127623128,154.93427169492));
#3375 = SURFACE_CURVE('',#3376,(#3381,#3388),.PCURVE_S1.);
#3376 = CIRCLE('',#3377,1.2);
#3377 = AXIS2_PLACEMENT_3D('',#3378,#3379,#3380);
#3378 = CARTESIAN_POINT('',(142.,39.395420025553,154.06597929251));
#3379 = DIRECTION('',(-1.,-2.775557561563E-17,5.551115123126E-17));
#3380 = DIRECTION('',(-2.775557561563E-17,1.,0.));
#3381 = PCURVE('',#3153,#3382);
#3382 = DEFINITIONAL_REPRESENTATION('',(#3383),#3387);
#3383 = LINE('',#3384,#3385);
#3384 = CARTESIAN_POINT('',(6.217248937901E-15,3.));
#3385 = VECTOR('',#3386,1.);
#3386 = DIRECTION('',(1.,0.));
#3387 = ( GEOMETRIC_REPRESENTATION_CONTEXT(2) 
PARAMETRIC_REPRESENTATION_CONTEXT() REPRESENTATION_CONTEXT('2D SPACE',''
  ) );
#3388 = PCURVE('',#3389,#3394);
#3389 = PLANE('',#3390);
#3390 = AXIS2_PLACEMENT_3D('',#3391,#3392,#3393);
#3391 = CARTESIAN_POINT('',(142.,35.882553399803,150.71494140623));
#3392 = DIRECTION('',(1.,2.775557561563E-17,-5.551115123126E-17));
#3393 = DIRECTION('',(-2.775557561563E-17,1.,0.));
#3394 = DEFINITIONAL_REPRESENTATION('',(#3395),#3403);
#3395 = ( BOUNDED_CURVE() B_SPLINE_CURVE(2,(#3396,#3397,#3398,#3399,
#3400,#3401,#3402),.UNSPECIFIED.,.T.,.F.) B_SPLINE_CURVE_WITH_KNOTS((1,2
    ,2,2,2,1),(-2.094395102393,0.,2.094395102393,4.188790204786,
6.28318530718,8.377580409573),.UNSPECIFIED.) CURVE() 
GEOMETRIC_REPRESENTATION_ITEM() RATIONAL_B_SPLINE_CURVE((1.,0.5,1.,0.5,
1.,0.5,1.)) REPRESENTATION_ITEM('') );
#3396 = CARTESIAN_POINT('',(4.71286662575,3.351037886276));
#3397 = CARTESIAN_POINT('',(4.71286662575,1.272576917193));
#3398 = CARTESIAN_POINT('',(2.91286662575,2.311807401735));
#3399 = CARTESIAN_POINT('',(1.11286662575,3.351037886276));
#3400 = CARTESIAN_POINT('',(2.91286662575,4.390268370817));
#3401 = CARTESIAN_POINT('',(4.71286662575,5.429498855359));
#3402 = CARTESIAN_POINT('',(4.71286662575,3.351037886276));
#3403 = ( GEOMETRIC_REPRESENTATION_CONTEXT(2) 
PARAMETRIC_REPRESENTATION_CONTEXT() REPRESENTATION_CONTEXT('2D SPACE',''
  ) );
#3404 = ORIENTED_EDGE('',*,*,#3405,.F.);
#3405 = EDGE_CURVE('',#3022,#3373,#3406,.T.);
#3406 = SURFACE_CURVE('',#3407,(#3411,#3418),.PCURVE_S1.);
#3407 = LINE('',#3408,#3409);
#3408 = CARTESIAN_POINT('',(145.,38.567127623128,154.93427169492));
#3409 = VECTOR('',#3410,1.);
#3410 = DIRECTION('',(-1.,0.,0.));
#3411 = PCURVE('',#3153,#3412);
#3412 = DEFINITIONAL_REPRESENTATION('',(#3413),#3417);
#3413 = LINE('',#3414,#3415);
#3414 = CARTESIAN_POINT('',(3.950563225992,0.));
#3415 = VECTOR('',#3416,1.);
#3416 = DIRECTION('',(0.,1.));
#3417 = ( GEOMETRIC_REPRESENTATION_CONTEXT(2) 
PARAMETRIC_REPRESENTATION_CONTEXT() REPRESENTATION_CONTEXT('2D SPACE',''
  ) );
#3418 = PCURVE('',#3121,#3419);
#3419 = DEFINITIONAL_REPRESENTATION('',(#3420),#3424);
#3420 = LINE('',#3421,#3422);
#3421 = CARTESIAN_POINT('',(9.709724372105,1.770366712562E-16));
#3422 = VECTOR('',#3423,1.);
#3423 = DIRECTION('',(-1.823292448597E-17,1.));
#3424 = ( GEOMETRIC_REPRESENTATION_CONTEXT(2) 
PARAMETRIC_REPRESENTATION_CONTEXT() REPRESENTATION_CONTEXT('2D SPACE',''
  ) );
#3425 = ORIENTED_EDGE('',*,*,#3136,.T.);
#3426 = ADVANCED_FACE('',(#3427),#3121,.F.);
#3427 = FACE_BOUND('',#3428,.T.);
#3428 = EDGE_LOOP('',(#3429,#3430,#3453,#3474));
#3429 = ORIENTED_EDGE('',*,*,#3107,.F.);
#3430 = ORIENTED_EDGE('',*,*,#3431,.T.);
#3431 = EDGE_CURVE('',#3080,#3432,#3434,.T.);
#3432 = VERTEX_POINT('',#3433);
#3433 = CARTESIAN_POINT('',(142.,31.541394371627,148.23219592237));
#3434 = SURFACE_CURVE('',#3435,(#3439,#3446),.PCURVE_S1.);
#3435 = LINE('',#3436,#3437);
#3436 = CARTESIAN_POINT('',(145.,31.541394371627,148.23219592237));
#3437 = VECTOR('',#3438,1.);
#3438 = DIRECTION('',(-1.,0.,0.));
#3439 = PCURVE('',#3121,#3440);
#3440 = DEFINITIONAL_REPRESENTATION('',(#3441),#3445);
#3441 = LINE('',#3442,#3443);
#3442 = CARTESIAN_POINT('',(7.779573866579E-14,1.418443828424E-30));
#3443 = VECTOR('',#3444,1.);
#3444 = DIRECTION('',(-1.823292448597E-17,1.));
#3445 = ( GEOMETRIC_REPRESENTATION_CONTEXT(2) 
PARAMETRIC_REPRESENTATION_CONTEXT() REPRESENTATION_CONTEXT('2D SPACE',''
  ) );
#3446 = PCURVE('',#3310,#3447);
#3447 = DEFINITIONAL_REPRESENTATION('',(#3448),#3452);
#3448 = LINE('',#3449,#3450);
#3449 = CARTESIAN_POINT('',(1.570796326795,0.));
#3450 = VECTOR('',#3451,1.);
#3451 = DIRECTION('',(0.,1.));
#3452 = ( GEOMETRIC_REPRESENTATION_CONTEXT(2) 
PARAMETRIC_REPRESENTATION_CONTEXT() REPRESENTATION_CONTEXT('2D SPACE',''
  ) );
#3453 = ORIENTED_EDGE('',*,*,#3454,.T.);
#3454 = EDGE_CURVE('',#3432,#3373,#3455,.T.);
#3455 = SURFACE_CURVE('',#3456,(#3460,#3467),.PCURVE_S1.);
#3456 = LINE('',#3457,#3458);
#3457 = CARTESIAN_POINT('',(142.,31.541394371627,148.23219592237));
#3458 = VECTOR('',#3459,1.);
#3459 = DIRECTION('',(1.823292448597E-17,0.723577002009,0.690243668688)
  );
#3460 = PCURVE('',#3121,#3461);
#3461 = DEFINITIONAL_REPRESENTATION('',(#3462),#3466);
#3462 = LINE('',#3463,#3464);
#3463 = CARTESIAN_POINT('',(-5.469877345791E-17,3.));
#3464 = VECTOR('',#3465,1.);
#3465 = DIRECTION('',(1.,-3.08148791102E-33));
#3466 = ( GEOMETRIC_REPRESENTATION_CONTEXT(2) 
PARAMETRIC_REPRESENTATION_CONTEXT() REPRESENTATION_CONTEXT('2D SPACE',''
  ) );
#3467 = PCURVE('',#3389,#3468);
#3468 = DEFINITIONAL_REPRESENTATION('',(#3469),#3473);
#3469 = LINE('',#3470,#3471);
#3470 = CARTESIAN_POINT('',(-4.341159028176,-2.482745483864));
#3471 = VECTOR('',#3472,1.);
#3472 = DIRECTION('',(0.723577002009,0.690243668688));
#3473 = ( GEOMETRIC_REPRESENTATION_CONTEXT(2) 
PARAMETRIC_REPRESENTATION_CONTEXT() REPRESENTATION_CONTEXT('2D SPACE',''
  ) );
#3474 = ORIENTED_EDGE('',*,*,#3405,.F.);
#3475 = ADVANCED_FACE('',(#3476,#3641,#3672,#3707,#3742,#3777,#3812),
  #2807,.T.);
#3476 = FACE_BOUND('',#3477,.T.);
#3477 = EDGE_LOOP('',(#3478,#3504,#3525,#3526,#3527,#3528,#3529,#3553,
    #3586,#3619));
#3478 = ORIENTED_EDGE('',*,*,#3479,.T.);
#3479 = EDGE_CURVE('',#3480,#3482,#3484,.T.);
#3480 = VERTEX_POINT('',#3481);
#3481 = CARTESIAN_POINT('',(145.,18.186636824241,85.671064894313));
#3482 = VERTEX_POINT('',#3483);
#3483 = CARTESIAN_POINT('',(145.,34.368340560932,89.95031340226));
#3484 = SURFACE_CURVE('',#3485,(#3490,#3497),.PCURVE_S1.);
#3485 = CIRCLE('',#3486,16.);
#3486 = AXIS2_PLACEMENT_3D('',#3487,#3488,#3489);
#3487 = CARTESIAN_POINT('',(145.,22.791108528693,100.99421210116));
#3488 = DIRECTION('',(1.,2.775557561563E-17,-5.551115123126E-17));
#3489 = DIRECTION('',(-6.076234190253E-17,0.255661203086,-0.966766439859
    ));
#3490 = PCURVE('',#2807,#3491);
#3491 = DEFINITIONAL_REPRESENTATION('',(#3492),#3496);
#3492 = CIRCLE('',#3493,16.);
#3493 = AXIS2_PLACEMENT_2D('',#3494,#3495);
#3494 = CARTESIAN_POINT('',(-128.4077037697,-36.6108073423));
#3495 = DIRECTION('',(-0.255661203086,0.966766439859));
#3496 = ( GEOMETRIC_REPRESENTATION_CONTEXT(2) 
PARAMETRIC_REPRESENTATION_CONTEXT() REPRESENTATION_CONTEXT('2D SPACE',''
  ) );
#3497 = PCURVE('',#1419,#3498);
#3498 = DEFINITIONAL_REPRESENTATION('',(#3499),#3503);
#3499 = LINE('',#3500,#3501);
#3500 = CARTESIAN_POINT('',(-6.28318530718,2.));
#3501 = VECTOR('',#3502,1.);
#3502 = DIRECTION('',(1.,0.));
#3503 = ( GEOMETRIC_REPRESENTATION_CONTEXT(2) 
PARAMETRIC_REPRESENTATION_CONTEXT() REPRESENTATION_CONTEXT('2D SPACE',''
  ) );
#3504 = ORIENTED_EDGE('',*,*,#3505,.F.);
#3505 = EDGE_CURVE('',#2791,#3482,#3506,.T.);
#3506 = SURFACE_CURVE('',#3507,(#3511,#3518),.PCURVE_S1.);
#3507 = LINE('',#3508,#3509);
#3508 = CARTESIAN_POINT('',(145.,71.577232032239,128.95610130109));
#3509 = VECTOR('',#3510,1.);
#3510 = DIRECTION('',(-2.100848204701E-17,-0.690243668682,
    -0.723577002015));
#3511 = PCURVE('',#2807,#3512);
#3512 = DEFINITIONAL_REPRESENTATION('',(#3513),#3517);
#3513 = LINE('',#3514,#3515);
#3514 = CARTESIAN_POINT('',(-177.1938272732,-64.57269654222));
#3515 = VECTOR('',#3516,1.);
#3516 = DIRECTION('',(0.690243668682,0.723577002015));
#3517 = ( GEOMETRIC_REPRESENTATION_CONTEXT(2) 
PARAMETRIC_REPRESENTATION_CONTEXT() REPRESENTATION_CONTEXT('2D SPACE',''
  ) );
#3518 = PCURVE('',#1390,#3519);
#3519 = DEFINITIONAL_REPRESENTATION('',(#3520),#3524);
#3520 = LINE('',#3521,#3522);
#3521 = CARTESIAN_POINT('',(-4.201696409403E-17,2.));
#3522 = VECTOR('',#3523,1.);
#3523 = DIRECTION('',(1.,4.622231866529E-33));
#3524 = ( GEOMETRIC_REPRESENTATION_CONTEXT(2) 
PARAMETRIC_REPRESENTATION_CONTEXT() REPRESENTATION_CONTEXT('2D SPACE',''
  ) );
#3525 = ORIENTED_EDGE('',*,*,#2790,.F.);
#3526 = ORIENTED_EDGE('',*,*,#2872,.T.);
#3527 = ORIENTED_EDGE('',*,*,#2923,.T.);
#3528 = ORIENTED_EDGE('',*,*,#2950,.F.);
#3529 = ORIENTED_EDGE('',*,*,#3530,.F.);
#3530 = EDGE_CURVE('',#3531,#2951,#3533,.T.);
#3531 = VERTEX_POINT('',#3532);
#3532 = CARTESIAN_POINT('',(145.,-106.8109295608,70.263333800304));
#3533 = SURFACE_CURVE('',#3534,(#3539,#3546),.PCURVE_S1.);
#3534 = CIRCLE('',#3535,317.12307126795);
#3535 = AXIS2_PLACEMENT_3D('',#3536,#3537,#3538);
#3536 = CARTESIAN_POINT('',(145.,-169.9360908344,381.04019321007));
#3537 = DIRECTION('',(1.,2.775557561563E-17,-5.551115123126E-17));
#3538 = DIRECTION('',(-5.99251777957E-17,0.19905571998,-0.979988173573)
  );
#3539 = PCURVE('',#2807,#3540);
#3540 = DEFINITIONAL_REPRESENTATION('',(#3541),#3545);
#3541 = CIRCLE('',#3542,317.12307126795);
#3542 = AXIS2_PLACEMENT_2D('',#3543,#3544);
#3543 = CARTESIAN_POINT('',(64.319495593471,-316.6567884512));
#3544 = DIRECTION('',(-0.19905571998,0.979988173573));
#3545 = ( GEOMETRIC_REPRESENTATION_CONTEXT(2) 
PARAMETRIC_REPRESENTATION_CONTEXT() REPRESENTATION_CONTEXT('2D SPACE',''
  ) );
#3546 = PCURVE('',#1567,#3547);
#3547 = DEFINITIONAL_REPRESENTATION('',(#3548),#3552);
#3548 = LINE('',#3549,#3550);
#3549 = CARTESIAN_POINT('',(6.28318530718,-2.));
#3550 = VECTOR('',#3551,1.);
#3551 = DIRECTION('',(-1.,0.));
#3552 = ( GEOMETRIC_REPRESENTATION_CONTEXT(2) 
PARAMETRIC_REPRESENTATION_CONTEXT() REPRESENTATION_CONTEXT('2D SPACE',''
  ) );
#3553 = ORIENTED_EDGE('',*,*,#3554,.F.);
#3554 = EDGE_CURVE('',#3555,#3531,#3557,.T.);
#3555 = VERTEX_POINT('',#3556);
#3556 = CARTESIAN_POINT('',(145.,-107.8305408312,58.806806788455));
#3557 = SURFACE_CURVE('',#3558,(#3563,#3574),.PCURVE_S1.);
#3558 = CIRCLE('',#3559,6.);
#3559 = AXIS2_PLACEMENT_3D('',#3560,#3561,#3562);
#3560 = CARTESIAN_POINT('',(145.,-105.616595241,64.383404758866));
#3561 = DIRECTION('',(-1.,-2.775557561563E-17,5.551115123126E-17));
#3562 = DIRECTION('',(2.775557561563E-17,-1.,0.));
#3563 = PCURVE('',#2807,#3564);
#3564 = DEFINITIONAL_REPRESENTATION('',(#3565),#3573);
#3565 = ( BOUNDED_CURVE() B_SPLINE_CURVE(2,(#3566,#3567,#3568,#3569,
#3570,#3571,#3572),.UNSPECIFIED.,.T.,.F.) B_SPLINE_CURVE_WITH_KNOTS((1,2
    ,2,2,2,1),(-2.094395102393,0.,2.094395102393,4.188790204786,
6.28318530718,8.377580409573),.UNSPECIFIED.) CURVE() 
GEOMETRIC_REPRESENTATION_ITEM() RATIONAL_B_SPLINE_CURVE((1.,0.5,1.,0.5,
1.,0.5,1.)) REPRESENTATION_ITEM('') );
#3566 = CARTESIAN_POINT('',(6.,0.));
#3567 = CARTESIAN_POINT('',(6.,-10.39230484541));
#3568 = CARTESIAN_POINT('',(-3.,-5.196152422707));
#3569 = CARTESIAN_POINT('',(-12.,-1.469576158977E-15));
#3570 = CARTESIAN_POINT('',(-3.,5.196152422707));
#3571 = CARTESIAN_POINT('',(6.,10.392304845413));
#3572 = CARTESIAN_POINT('',(6.,0.));
#3573 = ( GEOMETRIC_REPRESENTATION_CONTEXT(2) 
PARAMETRIC_REPRESENTATION_CONTEXT() REPRESENTATION_CONTEXT('2D SPACE',''
  ) );
#3574 = PCURVE('',#3575,#3580);
#3575 = CYLINDRICAL_SURFACE('',#3576,6.);
#3576 = AXIS2_PLACEMENT_3D('',#3577,#3578,#3579);
#3577 = CARTESIAN_POINT('',(143.,-105.616595241,64.383404758866));
#3578 = DIRECTION('',(-1.,0.,0.));
#3579 = DIRECTION('',(0.,-1.,0.));
#3580 = DEFINITIONAL_REPRESENTATION('',(#3581),#3585);
#3581 = LINE('',#3582,#3583);
#3582 = CARTESIAN_POINT('',(-6.28318530718,-2.));
#3583 = VECTOR('',#3584,1.);
#3584 = DIRECTION('',(1.,0.));
#3585 = ( GEOMETRIC_REPRESENTATION_CONTEXT(2) 
PARAMETRIC_REPRESENTATION_CONTEXT() REPRESENTATION_CONTEXT('2D SPACE',''
  ) );
#3586 = ORIENTED_EDGE('',*,*,#3587,.F.);
#3587 = EDGE_CURVE('',#3588,#3555,#3590,.T.);
#3588 = VERTEX_POINT('',#3589);
#3589 = CARTESIAN_POINT('',(145.,-22.62268228024,75.726425626278));
#3590 = SURFACE_CURVE('',#3591,(#3596,#3607),.PCURVE_S1.);
#3591 = CIRCLE('',#3592,80.000000001594);
#3592 = AXIS2_PLACEMENT_3D('',#3593,#3594,#3595);
#3593 = CARTESIAN_POINT('',(145.,-78.31126629444,133.16144639539));
#3594 = DIRECTION('',(-1.,-2.775557561563E-17,5.551115123126E-17));
#3595 = DIRECTION('',(-4.135233984221E-17,-0.368990931702,
    -0.929432995068));
#3596 = PCURVE('',#2807,#3597);
#3597 = DEFINITIONAL_REPRESENTATION('',(#3598),#3606);
#3598 = ( BOUNDED_CURVE() B_SPLINE_CURVE(2,(#3599,#3600,#3601,#3602,
#3603,#3604,#3605),.UNSPECIFIED.,.T.,.F.) B_SPLINE_CURVE_WITH_KNOTS((1,2
    ,2,2,2,1),(-2.094395102393,0.,2.094395102393,4.188790204786,
6.28318530718,8.377580409573),.UNSPECIFIED.) CURVE() 
GEOMETRIC_REPRESENTATION_ITEM() RATIONAL_B_SPLINE_CURVE((1.,0.5,1.,0.5,
1.,0.5,1.)) REPRESENTATION_ITEM('') );
#3599 = CARTESIAN_POINT('',(2.213945590215,5.576597970411));
#3600 = CARTESIAN_POINT('',(130.9999591679,-45.55228532986));
#3601 = CARTESIAN_POINT('',(22.328040573886,-131.5198030901));
#3602 = CARTESIAN_POINT('',(-86.34387802012,-217.4873208503));
#3603 = CARTESIAN_POINT('',(-106.4579730037,-80.39091978985));
#3604 = CARTESIAN_POINT('',(-126.5720679874,56.705481270691));
#3605 = CARTESIAN_POINT('',(2.213945590215,5.576597970411));
#3606 = ( GEOMETRIC_REPRESENTATION_CONTEXT(2) 
PARAMETRIC_REPRESENTATION_CONTEXT() REPRESENTATION_CONTEXT('2D SPACE',''
  ) );
#3607 = PCURVE('',#3608,#3613);
#3608 = CYLINDRICAL_SURFACE('',#3609,80.000000001594);
#3609 = AXIS2_PLACEMENT_3D('',#3610,#3611,#3612);
#3610 = CARTESIAN_POINT('',(143.,-78.31126629444,133.16144639539));
#3611 = DIRECTION('',(-1.,0.,0.));
#3612 = DIRECTION('',(-0.,-0.368990931702,-0.929432995068));
#3613 = DEFINITIONAL_REPRESENTATION('',(#3614),#3618);
#3614 = LINE('',#3615,#3616);
#3615 = CARTESIAN_POINT('',(0.,-2.));
#3616 = VECTOR('',#3617,1.);
#3617 = DIRECTION('',(1.,0.));
#3618 = ( GEOMETRIC_REPRESENTATION_CONTEXT(2) 
PARAMETRIC_REPRESENTATION_CONTEXT() REPRESENTATION_CONTEXT('2D SPACE',''
  ) );
#3619 = ORIENTED_EDGE('',*,*,#3620,.F.);
#3620 = EDGE_CURVE('',#3480,#3588,#3621,.T.);
#3621 = SURFACE_CURVE('',#3622,(#3627,#3634),.PCURVE_S1.);
#3622 = CIRCLE('',#3623,41.477657657282);
#3623 = AXIS2_PLACEMENT_3D('',#3624,#3625,#3626);
#3624 = CARTESIAN_POINT('',(145.,6.250218008621,45.948049014438));
#3625 = DIRECTION('',(1.,2.775557561563E-17,-5.551115123126E-17));
#3626 = DIRECTION('',(3.450269790663E-17,0.494857536946,0.868974118215)
  );
#3627 = PCURVE('',#2807,#3628);
#3628 = DEFINITIONAL_REPRESENTATION('',(#3629),#3633);
#3629 = CIRCLE('',#3630,41.477657657282);
#3630 = AXIS2_PLACEMENT_2D('',#3631,#3632);
#3631 = CARTESIAN_POINT('',(-111.8668132496,18.435355744428));
#3632 = DIRECTION('',(-0.494857536946,-0.868974118215));
#3633 = ( GEOMETRIC_REPRESENTATION_CONTEXT(2) 
PARAMETRIC_REPRESENTATION_CONTEXT() REPRESENTATION_CONTEXT('2D SPACE',''
  ) );
#3634 = PCURVE('',#1448,#3635);
#3635 = DEFINITIONAL_REPRESENTATION('',(#3636),#3640);
#3636 = LINE('',#3637,#3638);
#3637 = CARTESIAN_POINT('',(6.28318530718,-2.));
#3638 = VECTOR('',#3639,1.);
#3639 = DIRECTION('',(-1.,0.));
#3640 = ( GEOMETRIC_REPRESENTATION_CONTEXT(2) 
PARAMETRIC_REPRESENTATION_CONTEXT() REPRESENTATION_CONTEXT('2D SPACE',''
  ) );
#3641 = FACE_BOUND('',#3642,.T.);
#3642 = EDGE_LOOP('',(#3643));
#3643 = ORIENTED_EDGE('',*,*,#3644,.F.);
#3644 = EDGE_CURVE('',#3645,#3645,#3647,.T.);
#3645 = VERTEX_POINT('',#3646);
#3646 = CARTESIAN_POINT('',(145.,69.,140.));
#3647 = SURFACE_CURVE('',#3648,(#3653,#3660),.PCURVE_S1.);
#3648 = CIRCLE('',#3649,9.);
#3649 = AXIS2_PLACEMENT_3D('',#3650,#3651,#3652);
#3650 = CARTESIAN_POINT('',(145.,60.,140.));
#3651 = DIRECTION('',(1.,2.775557561563E-17,-5.551115123126E-17));
#3652 = DIRECTION('',(2.775557561563E-17,-1.,0.));
#3653 = PCURVE('',#2807,#3654);
#3654 = DEFINITIONAL_REPRESENTATION('',(#3655),#3659);
#3655 = CIRCLE('',#3656,9.);
#3656 = AXIS2_PLACEMENT_2D('',#3657,#3658);
#3657 = CARTESIAN_POINT('',(-165.616595241,-75.61659524113));
#3658 = DIRECTION('',(1.,0.));
#3659 = ( GEOMETRIC_REPRESENTATION_CONTEXT(2) 
PARAMETRIC_REPRESENTATION_CONTEXT() REPRESENTATION_CONTEXT('2D SPACE',''
  ) );
#3660 = PCURVE('',#3661,#3666);
#3661 = CYLINDRICAL_SURFACE('',#3662,9.);
#3662 = AXIS2_PLACEMENT_3D('',#3663,#3664,#3665);
#3663 = CARTESIAN_POINT('',(143.,60.,140.));
#3664 = DIRECTION('',(-1.,0.,0.));
#3665 = DIRECTION('',(0.,-1.,0.));
#3666 = DEFINITIONAL_REPRESENTATION('',(#3667),#3671);
#3667 = LINE('',#3668,#3669);
#3668 = CARTESIAN_POINT('',(6.28318530718,-2.));
#3669 = VECTOR('',#3670,1.);
#3670 = DIRECTION('',(-1.,0.));
#3671 = ( GEOMETRIC_REPRESENTATION_CONTEXT(2) 
PARAMETRIC_REPRESENTATION_CONTEXT() REPRESENTATION_CONTEXT('2D SPACE',''
  ) );
#3672 = FACE_BOUND('',#3673,.T.);
#3673 = EDGE_LOOP('',(#3674));
#3674 = ORIENTED_EDGE('',*,*,#3675,.T.);
#3675 = EDGE_CURVE('',#3676,#3676,#3678,.T.);
#3676 = VERTEX_POINT('',#3677);
#3677 = CARTESIAN_POINT('',(145.,-69.54513072684,58.117376103186));
#3678 = SURFACE_CURVE('',#3679,(#3684,#3695),.PCURVE_S1.);
#3679 = CIRCLE('',#3680,3.25);
#3680 = AXIS2_PLACEMENT_3D('',#3681,#3682,#3683);
#3681 = CARTESIAN_POINT('',(145.,-66.29513072684,58.117376103186));
#3682 = DIRECTION('',(-1.,-2.775557561563E-17,5.551115123126E-17));
#3683 = DIRECTION('',(-2.775557561563E-17,1.,0.));
#3684 = PCURVE('',#2807,#3685);
#3685 = DEFINITIONAL_REPRESENTATION('',(#3686),#3694);
#3686 = ( BOUNDED_CURVE() B_SPLINE_CURVE(2,(#3687,#3688,#3689,#3690,
#3691,#3692,#3693),.UNSPECIFIED.,.T.,.F.) B_SPLINE_CURVE_WITH_KNOTS((1,2
    ,2,2,2,1),(-2.094395102393,0.,2.094395102393,4.188790204786,
6.28318530718,8.377580409573),.UNSPECIFIED.) CURVE() 
GEOMETRIC_REPRESENTATION_ITEM() RATIONAL_B_SPLINE_CURVE((1.,0.5,1.,0.5,
1.,0.5,1.)) REPRESENTATION_ITEM('') );
#3687 = CARTESIAN_POINT('',(-42.57146451416,6.26602865568));
#3688 = CARTESIAN_POINT('',(-42.57146451416,11.895193780278));
#3689 = CARTESIAN_POINT('',(-37.69646451416,9.080611217979));
#3690 = CARTESIAN_POINT('',(-32.82146451416,6.26602865568));
#3691 = CARTESIAN_POINT('',(-37.69646451416,3.45144609338));
#3692 = CARTESIAN_POINT('',(-42.57146451415,0.636863531081));
#3693 = CARTESIAN_POINT('',(-42.57146451416,6.26602865568));
#3694 = ( GEOMETRIC_REPRESENTATION_CONTEXT(2) 
PARAMETRIC_REPRESENTATION_CONTEXT() REPRESENTATION_CONTEXT('2D SPACE',''
  ) );
#3695 = PCURVE('',#3696,#3701);
#3696 = CYLINDRICAL_SURFACE('',#3697,3.25);
#3697 = AXIS2_PLACEMENT_3D('',#3698,#3699,#3700);
#3698 = CARTESIAN_POINT('',(143.5,-66.29513072684,58.117376103186));
#3699 = DIRECTION('',(-1.,-2.775557561563E-17,5.551115123126E-17));
#3700 = DIRECTION('',(-2.775557561563E-17,1.,0.));
#3701 = DEFINITIONAL_REPRESENTATION('',(#3702),#3706);
#3702 = LINE('',#3703,#3704);
#3703 = CARTESIAN_POINT('',(0.,-1.5));
#3704 = VECTOR('',#3705,1.);
#3705 = DIRECTION('',(1.,0.));
#3706 = ( GEOMETRIC_REPRESENTATION_CONTEXT(2) 
PARAMETRIC_REPRESENTATION_CONTEXT() REPRESENTATION_CONTEXT('2D SPACE',''
  ) );
#3707 = FACE_BOUND('',#3708,.T.);
#3708 = EDGE_LOOP('',(#3709));
#3709 = ORIENTED_EDGE('',*,*,#3710,.T.);
#3710 = EDGE_CURVE('',#3711,#3711,#3713,.T.);
#3711 = VERTEX_POINT('',#3712);
#3712 = CARTESIAN_POINT('',(145.,-33.9069547038,73.95784357578));
#3713 = SURFACE_CURVE('',#3714,(#3719,#3730),.PCURVE_S1.);
#3714 = CIRCLE('',#3715,3.25);
#3715 = AXIS2_PLACEMENT_3D('',#3716,#3717,#3718);
#3716 = CARTESIAN_POINT('',(145.,-30.6569547038,73.95784357578));
#3717 = DIRECTION('',(-1.,-2.775557561563E-17,5.551115123126E-17));
#3718 = DIRECTION('',(-2.775557561563E-17,1.,0.));
#3719 = PCURVE('',#2807,#3720);
#3720 = DEFINITIONAL_REPRESENTATION('',(#3721),#3729);
#3721 = ( BOUNDED_CURVE() B_SPLINE_CURVE(2,(#3722,#3723,#3724,#3725,
#3726,#3727,#3728),.UNSPECIFIED.,.T.,.F.) B_SPLINE_CURVE_WITH_KNOTS((1,2
    ,2,2,2,1),(-2.094395102393,0.,2.094395102393,4.188790204786,
6.28318530718,8.377580409573),.UNSPECIFIED.) CURVE() 
GEOMETRIC_REPRESENTATION_ITEM() RATIONAL_B_SPLINE_CURVE((1.,0.5,1.,0.5,
1.,0.5,1.)) REPRESENTATION_ITEM('') );
#3722 = CARTESIAN_POINT('',(-78.2096405372,-9.574438816914));
#3723 = CARTESIAN_POINT('',(-78.2096405372,-3.945273692315));
#3724 = CARTESIAN_POINT('',(-73.3346405372,-6.759856254615));
#3725 = CARTESIAN_POINT('',(-68.4596405372,-9.574438816914));
#3726 = CARTESIAN_POINT('',(-73.3346405372,-12.38902137921));
#3727 = CARTESIAN_POINT('',(-78.2096405372,-15.20360394151));
#3728 = CARTESIAN_POINT('',(-78.2096405372,-9.574438816914));
#3729 = ( GEOMETRIC_REPRESENTATION_CONTEXT(2) 
PARAMETRIC_REPRESENTATION_CONTEXT() REPRESENTATION_CONTEXT('2D SPACE',''
  ) );
#3730 = PCURVE('',#3731,#3736);
#3731 = CYLINDRICAL_SURFACE('',#3732,3.25);
#3732 = AXIS2_PLACEMENT_3D('',#3733,#3734,#3735);
#3733 = CARTESIAN_POINT('',(143.5,-30.6569547038,73.95784357578));
#3734 = DIRECTION('',(-1.,-2.775557561563E-17,5.551115123126E-17));
#3735 = DIRECTION('',(-2.775557561563E-17,1.,0.));
#3736 = DEFINITIONAL_REPRESENTATION('',(#3737),#3741);
#3737 = LINE('',#3738,#3739);
#3738 = CARTESIAN_POINT('',(0.,-1.5));
#3739 = VECTOR('',#3740,1.);
#3740 = DIRECTION('',(1.,0.));
#3741 = ( GEOMETRIC_REPRESENTATION_CONTEXT(2) 
PARAMETRIC_REPRESENTATION_CONTEXT() REPRESENTATION_CONTEXT('2D SPACE',''
  ) );
#3742 = FACE_BOUND('',#3743,.T.);
#3743 = EDGE_LOOP('',(#3744));
#3744 = ORIENTED_EDGE('',*,*,#3745,.T.);
#3745 = EDGE_CURVE('',#3746,#3746,#3748,.T.);
#3746 = VERTEX_POINT('',#3747);
#3747 = CARTESIAN_POINT('',(145.,-104.0879010774,60.576663380276));
#3748 = SURFACE_CURVE('',#3749,(#3754,#3765),.PCURVE_S1.);
#3749 = CIRCLE('',#3750,3.25);
#3750 = AXIS2_PLACEMENT_3D('',#3751,#3752,#3753);
#3751 = CARTESIAN_POINT('',(145.,-100.8379010774,60.576663380276));
#3752 = DIRECTION('',(-1.,-2.775557561563E-17,5.551115123126E-17));
#3753 = DIRECTION('',(-2.775557561563E-17,1.,0.));
#3754 = PCURVE('',#2807,#3755);
#3755 = DEFINITIONAL_REPRESENTATION('',(#3756),#3764);
#3756 = ( BOUNDED_CURVE() B_SPLINE_CURVE(2,(#3757,#3758,#3759,#3760,
#3761,#3762,#3763),.UNSPECIFIED.,.T.,.F.) B_SPLINE_CURVE_WITH_KNOTS((1,2
    ,2,2,2,1),(-2.094395102393,0.,2.094395102393,4.188790204786,
6.28318530718,8.377580409573),.UNSPECIFIED.) CURVE() 
GEOMETRIC_REPRESENTATION_ITEM() RATIONAL_B_SPLINE_CURVE((1.,0.5,1.,0.5,
1.,0.5,1.)) REPRESENTATION_ITEM('') );
#3757 = CARTESIAN_POINT('',(-8.028694163517,3.806741378589));
#3758 = CARTESIAN_POINT('',(-8.028694163517,9.435906503188));
#3759 = CARTESIAN_POINT('',(-3.153694163517,6.621323940889));
#3760 = CARTESIAN_POINT('',(1.721305836483,3.806741378589));
#3761 = CARTESIAN_POINT('',(-3.153694163517,0.99215881629));
#3762 = CARTESIAN_POINT('',(-8.028694163517,-1.822423746009));
#3763 = CARTESIAN_POINT('',(-8.028694163517,3.806741378589));
#3764 = ( GEOMETRIC_REPRESENTATION_CONTEXT(2) 
PARAMETRIC_REPRESENTATION_CONTEXT() REPRESENTATION_CONTEXT('2D SPACE',''
  ) );
#3765 = PCURVE('',#3766,#3771);
#3766 = CYLINDRICAL_SURFACE('',#3767,3.25);
#3767 = AXIS2_PLACEMENT_3D('',#3768,#3769,#3770);
#3768 = CARTESIAN_POINT('',(143.5,-100.8379010774,60.576663380276));
#3769 = DIRECTION('',(-1.,-2.775557561563E-17,5.551115123126E-17));
#3770 = DIRECTION('',(-2.775557561563E-17,1.,0.));
#3771 = DEFINITIONAL_REPRESENTATION('',(#3772),#3776);
#3772 = LINE('',#3773,#3774);
#3773 = CARTESIAN_POINT('',(0.,-1.5));
#3774 = VECTOR('',#3775,1.);
#3775 = DIRECTION('',(1.,0.));
#3776 = ( GEOMETRIC_REPRESENTATION_CONTEXT(2) 
PARAMETRIC_REPRESENTATION_CONTEXT() REPRESENTATION_CONTEXT('2D SPACE',''
  ) );
#3777 = FACE_BOUND('',#3778,.T.);
#3778 = EDGE_LOOP('',(#3779));
#3779 = ORIENTED_EDGE('',*,*,#3780,.T.);
#3780 = EDGE_CURVE('',#3781,#3781,#3783,.T.);
#3781 = VERTEX_POINT('',#3782);
#3782 = CARTESIAN_POINT('',(145.,25.274888708118,151.78780123143));
#3783 = SURFACE_CURVE('',#3784,(#3789,#3800),.PCURVE_S1.);
#3784 = CIRCLE('',#3785,2.75);
#3785 = AXIS2_PLACEMENT_3D('',#3786,#3787,#3788);
#3786 = CARTESIAN_POINT('',(145.,28.024888708118,151.78780123143));
#3787 = DIRECTION('',(-1.,-2.775557561563E-17,5.551115123126E-17));
#3788 = DIRECTION('',(-2.775557561563E-17,1.,-1.168256405826E-33));
#3789 = PCURVE('',#2807,#3790);
#3790 = DEFINITIONAL_REPRESENTATION('',(#3791),#3799);
#3791 = ( BOUNDED_CURVE() B_SPLINE_CURVE(2,(#3792,#3793,#3794,#3795,
#3796,#3797,#3798),.UNSPECIFIED.,.T.,.F.) B_SPLINE_CURVE_WITH_KNOTS((1,2
    ,2,2,2,1),(-2.094395102393,0.,2.094395102393,4.188790204786,
6.28318530718,8.377580409573),.UNSPECIFIED.) CURVE() 
GEOMETRIC_REPRESENTATION_ITEM() RATIONAL_B_SPLINE_CURVE((1.,0.5,1.,0.5,
1.,0.5,1.)) REPRESENTATION_ITEM('') );
#3792 = CARTESIAN_POINT('',(-136.3914839491,-87.40439647256));
#3793 = CARTESIAN_POINT('',(-136.3914839491,-82.64125675175));
#3794 = CARTESIAN_POINT('',(-132.2664839491,-85.02282661216));
#3795 = CARTESIAN_POINT('',(-128.1414839491,-87.40439647256));
#3796 = CARTESIAN_POINT('',(-132.2664839491,-89.78596633297));
#3797 = CARTESIAN_POINT('',(-136.3914839491,-92.16753619338));
#3798 = CARTESIAN_POINT('',(-136.3914839491,-87.40439647256));
#3799 = ( GEOMETRIC_REPRESENTATION_CONTEXT(2) 
PARAMETRIC_REPRESENTATION_CONTEXT() REPRESENTATION_CONTEXT('2D SPACE',''
  ) );
#3800 = PCURVE('',#3801,#3806);
#3801 = CYLINDRICAL_SURFACE('',#3802,2.75);
#3802 = AXIS2_PLACEMENT_3D('',#3803,#3804,#3805);
#3803 = CARTESIAN_POINT('',(145.,28.024888708118,151.78780123143));
#3804 = DIRECTION('',(-1.,-4.880101207144E-17,0.));
#3805 = DIRECTION('',(-4.880101207144E-17,1.,0.));
#3806 = DEFINITIONAL_REPRESENTATION('',(#3807),#3811);
#3807 = LINE('',#3808,#3809);
#3808 = CARTESIAN_POINT('',(0.,0.));
#3809 = VECTOR('',#3810,1.);
#3810 = DIRECTION('',(1.,0.));
#3811 = ( GEOMETRIC_REPRESENTATION_CONTEXT(2) 
PARAMETRIC_REPRESENTATION_CONTEXT() REPRESENTATION_CONTEXT('2D SPACE',''
  ) );
#3812 = FACE_BOUND('',#3813,.T.);
#3813 = EDGE_LOOP('',(#3814,#3815,#3816,#3817));
#3814 = ORIENTED_EDGE('',*,*,#3056,.F.);
#3815 = ORIENTED_EDGE('',*,*,#3166,.F.);
#3816 = ORIENTED_EDGE('',*,*,#3244,.F.);
#3817 = ORIENTED_EDGE('',*,*,#3323,.F.);
#3818 = ADVANCED_FACE('',(#3819),#3280,.F.);
#3819 = FACE_BOUND('',#3820,.T.);
#3820 = EDGE_LOOP('',(#3821,#3822,#3823,#3846));
#3821 = ORIENTED_EDGE('',*,*,#3266,.F.);
#3822 = ORIENTED_EDGE('',*,*,#3349,.T.);
#3823 = ORIENTED_EDGE('',*,*,#3824,.T.);
#3824 = EDGE_CURVE('',#3350,#3825,#3827,.T.);
#3825 = VERTEX_POINT('',#3826);
#3826 = CARTESIAN_POINT('',(142.,33.197979176478,146.49561111755));
#3827 = SURFACE_CURVE('',#3828,(#3832,#3839),.PCURVE_S1.);
#3828 = LINE('',#3829,#3830);
#3829 = CARTESIAN_POINT('',(142.,40.223712427979,153.1976868901));
#3830 = VECTOR('',#3831,1.);
#3831 = DIRECTION('',(-1.823292448597E-17,-0.723577002009,
    -0.690243668688));
#3832 = PCURVE('',#3280,#3833);
#3833 = DEFINITIONAL_REPRESENTATION('',(#3834),#3838);
#3834 = LINE('',#3835,#3836);
#3835 = CARTESIAN_POINT('',(5.469877345791E-17,3.));
#3836 = VECTOR('',#3837,1.);
#3837 = DIRECTION('',(1.,-1.386669559959E-32));
#3838 = ( GEOMETRIC_REPRESENTATION_CONTEXT(2) 
PARAMETRIC_REPRESENTATION_CONTEXT() REPRESENTATION_CONTEXT('2D SPACE',''
  ) );
#3839 = PCURVE('',#3389,#3840);
#3840 = DEFINITIONAL_REPRESENTATION('',(#3841),#3845);
#3841 = LINE('',#3842,#3843);
#3842 = CARTESIAN_POINT('',(4.341159028176,2.482745483865));
#3843 = VECTOR('',#3844,1.);
#3844 = DIRECTION('',(-0.723577002009,-0.690243668688));
#3845 = ( GEOMETRIC_REPRESENTATION_CONTEXT(2) 
PARAMETRIC_REPRESENTATION_CONTEXT() REPRESENTATION_CONTEXT('2D SPACE',''
  ) );
#3846 = ORIENTED_EDGE('',*,*,#3847,.F.);
#3847 = EDGE_CURVE('',#3220,#3825,#3848,.T.);
#3848 = SURFACE_CURVE('',#3849,(#3853,#3860),.PCURVE_S1.);
#3849 = LINE('',#3850,#3851);
#3850 = CARTESIAN_POINT('',(145.,33.197979176478,146.49561111755));
#3851 = VECTOR('',#3852,1.);
#3852 = DIRECTION('',(-1.,0.,0.));
#3853 = PCURVE('',#3280,#3854);
#3854 = DEFINITIONAL_REPRESENTATION('',(#3855),#3859);
#3855 = LINE('',#3856,#3857);
#3856 = CARTESIAN_POINT('',(9.709724372105,-1.770366712562E-16));
#3857 = VECTOR('',#3858,1.);
#3858 = DIRECTION('',(1.823292448597E-17,1.));
#3859 = ( GEOMETRIC_REPRESENTATION_CONTEXT(2) 
PARAMETRIC_REPRESENTATION_CONTEXT() REPRESENTATION_CONTEXT('2D SPACE',''
  ) );
#3860 = PCURVE('',#3310,#3861);
#3861 = DEFINITIONAL_REPRESENTATION('',(#3862),#3866);
#3862 = LINE('',#3863,#3864);
#3863 = CARTESIAN_POINT('',(-1.570796326795,0.));
#3864 = VECTOR('',#3865,1.);
#3865 = DIRECTION('',(0.,1.));
#3866 = ( GEOMETRIC_REPRESENTATION_CONTEXT(2) 
PARAMETRIC_REPRESENTATION_CONTEXT() REPRESENTATION_CONTEXT('2D SPACE',''
  ) );
#3867 = ADVANCED_FACE('',(#3868),#3310,.F.);
#3868 = FACE_BOUND('',#3869,.F.);
#3869 = EDGE_LOOP('',(#3870,#3871,#3897,#3898));
#3870 = ORIENTED_EDGE('',*,*,#3431,.T.);
#3871 = ORIENTED_EDGE('',*,*,#3872,.F.);
#3872 = EDGE_CURVE('',#3825,#3432,#3873,.T.);
#3873 = SURFACE_CURVE('',#3874,(#3879,#3886),.PCURVE_S1.);
#3874 = CIRCLE('',#3875,1.2);
#3875 = AXIS2_PLACEMENT_3D('',#3876,#3877,#3878);
#3876 = CARTESIAN_POINT('',(142.,32.369686774053,147.36390351996));
#3877 = DIRECTION('',(-1.,-2.775557561563E-17,5.551115123126E-17));
#3878 = DIRECTION('',(-2.775557561563E-17,1.,0.));
#3879 = PCURVE('',#3310,#3880);
#3880 = DEFINITIONAL_REPRESENTATION('',(#3881),#3885);
#3881 = LINE('',#3882,#3883);
#3882 = CARTESIAN_POINT('',(-2.379766899197,3.));
#3883 = VECTOR('',#3884,1.);
#3884 = DIRECTION('',(1.,0.));
#3885 = ( GEOMETRIC_REPRESENTATION_CONTEXT(2) 
PARAMETRIC_REPRESENTATION_CONTEXT() REPRESENTATION_CONTEXT('2D SPACE',''
  ) );
#3886 = PCURVE('',#3389,#3887);
#3887 = DEFINITIONAL_REPRESENTATION('',(#3888),#3896);
#3888 = ( BOUNDED_CURVE() B_SPLINE_CURVE(2,(#3889,#3890,#3891,#3892,
#3893,#3894,#3895),.UNSPECIFIED.,.T.,.F.) B_SPLINE_CURVE_WITH_KNOTS((1,2
    ,2,2,2,1),(-2.094395102393,0.,2.094395102393,4.188790204786,
6.28318530718,8.377580409573),.UNSPECIFIED.) CURVE() 
GEOMETRIC_REPRESENTATION_ITEM() RATIONAL_B_SPLINE_CURVE((1.,0.5,1.,0.5,
1.,0.5,1.)) REPRESENTATION_ITEM('') );
#3889 = CARTESIAN_POINT('',(-2.31286662575,-3.351037886275));
#3890 = CARTESIAN_POINT('',(-2.31286662575,-5.429498855357));
#3891 = CARTESIAN_POINT('',(-4.11286662575,-4.390268370816));
#3892 = CARTESIAN_POINT('',(-5.91286662575,-3.351037886275));
#3893 = CARTESIAN_POINT('',(-4.11286662575,-2.311807401734));
#3894 = CARTESIAN_POINT('',(-2.31286662575,-1.272576917192));
#3895 = CARTESIAN_POINT('',(-2.31286662575,-3.351037886275));
#3896 = ( GEOMETRIC_REPRESENTATION_CONTEXT(2) 
PARAMETRIC_REPRESENTATION_CONTEXT() REPRESENTATION_CONTEXT('2D SPACE',''
  ) );
#3897 = ORIENTED_EDGE('',*,*,#3847,.F.);
#3898 = ORIENTED_EDGE('',*,*,#3295,.T.);
#3899 = ADVANCED_FACE('',(#3900),#3389,.T.);
#3900 = FACE_BOUND('',#3901,.T.);
#3901 = EDGE_LOOP('',(#3902,#3903,#3904,#3905));
#3902 = ORIENTED_EDGE('',*,*,#3872,.F.);
#3903 = ORIENTED_EDGE('',*,*,#3824,.F.);
#3904 = ORIENTED_EDGE('',*,*,#3372,.F.);
#3905 = ORIENTED_EDGE('',*,*,#3454,.F.);
#3906 = ADVANCED_FACE('',(#3907),#2041,.T.);
#3907 = FACE_BOUND('',#3908,.T.);
#3908 = EDGE_LOOP('',(#3909,#3961,#3986,#3987));
#3909 = ORIENTED_EDGE('',*,*,#3910,.F.);
#3910 = EDGE_CURVE('',#3911,#3913,#3915,.T.);
#3911 = VERTEX_POINT('',#3912);
#3912 = CARTESIAN_POINT('',(115.,25.144210934578,155.87457203061));
#3913 = VERTEX_POINT('',#3914);
#3914 = CARTESIAN_POINT('',(115.39998841608,24.912002855688,
    156.20400186301));
#3915 = SURFACE_CURVE('',#3916,(#3920,#3926),.PCURVE_S1.);
#3916 = LINE('',#3917,#3918);
#3917 = CARTESIAN_POINT('',(115.,25.144210934578,155.87457203061));
#3918 = VECTOR('',#3919,1.);
#3919 = DIRECTION('',(0.704410946974,-0.408936624581,0.580151751578));
#3920 = PCURVE('',#2041,#3921);
#3921 = DEFINITIONAL_REPRESENTATION('',(#3922),#3925);
#3922 = B_SPLINE_CURVE_WITH_KNOTS('',1,(#3923,#3924),.UNSPECIFIED.,.F.,
  .F.,(2,2),(0.,0.567833901225),.PIECEWISE_BEZIER_KNOTS.);
#3923 = CARTESIAN_POINT('',(2.952646405975E-14,0.956803552307));
#3924 = CARTESIAN_POINT('',(1.,0.956803552307));
#3925 = ( GEOMETRIC_REPRESENTATION_CONTEXT(2) 
PARAMETRIC_REPRESENTATION_CONTEXT() REPRESENTATION_CONTEXT('2D SPACE',''
  ) );
#3926 = PCURVE('',#3927,#3956);
#3927 = B_SPLINE_SURFACE_WITH_KNOTS('',3,3,(
    (#3928,#3929,#3930,#3931,#3932,#3933,#3934)
    ,(#3935,#3936,#3937,#3938,#3939,#3940,#3941)
    ,(#3942,#3943,#3944,#3945,#3946,#3947,#3948)
    ,(#3949,#3950,#3951,#3952,#3953,#3954,#3955
  )),.UNSPECIFIED.,.F.,.F.,.F.,(4,4),(4,1,1,1,4),(0.,1.),(0.956803552307
    ,1.490565582287,2.024327612267,2.291208627257,2.824970657237),
  .UNSPECIFIED.);
#3928 = CARTESIAN_POINT('',(115.,25.144210934578,155.87457203061));
#3929 = CARTESIAN_POINT('',(115.,25.871331960523,156.38710416932));
#3930 = CARTESIAN_POINT('',(115.,27.605708714941,157.01421211072));
#3931 = CARTESIAN_POINT('',(115.,29.867909553086,156.58519970899));
#3932 = CARTESIAN_POINT('',(115.,31.736867064027,155.34133223761));
#3933 = CARTESIAN_POINT('',(115.,32.499366390555,154.18997600629));
#3934 = CARTESIAN_POINT('',(115.,32.7763517443,153.34459248776));
#3935 = CARTESIAN_POINT('',(115.13332947202,25.066808241615,
    155.98438197474));
#3936 = CARTESIAN_POINT('',(115.13305355902,25.817273013754,
    156.50617048768));
#3937 = CARTESIAN_POINT('',(115.13394075308,27.59013806701,
    157.14940500859));
#3938 = CARTESIAN_POINT('',(115.13191559458,29.923014288267,
    156.74360592063));
#3939 = CARTESIAN_POINT('',(115.11617141064,31.883812636033,
    155.48852719286));
#3940 = CARTESIAN_POINT('',(115.10250036901,32.69520170458,
    154.29667150084));
#3941 = CARTESIAN_POINT('',(115.09608930117,32.990899751549,
    153.41488798606));
#3942 = CARTESIAN_POINT('',(115.26665894405,24.989405548652,
    156.09419191888));
#3943 = CARTESIAN_POINT('',(115.26706086869,25.761334435402,
    156.62524915351));
#3944 = CARTESIAN_POINT('',(115.26784427937,27.57485122689,
    157.28469287365));
#3945 = CARTESIAN_POINT('',(115.26415809022,29.977777060505,
    156.90206430644));
#3946 = CARTESIAN_POINT('',(115.23242339751,32.030286590201,
    155.63539239778));
#3947 = CARTESIAN_POINT('',(115.20538618064,32.890273978253,
    154.40233481685));
#3948 = CARTESIAN_POINT('',(115.19217860234,33.205447758798,
    153.48518348435));
#3949 = CARTESIAN_POINT('',(115.39998841608,24.912002855689,
    156.20400186301));
#3950 = CARTESIAN_POINT('',(115.40011442772,25.707275488633,
    156.74431547188));
#3951 = CARTESIAN_POINT('',(115.40178503246,27.559280578958,
    157.41988577152));
#3952 = CARTESIAN_POINT('',(115.39607368481,30.032881795686,
    157.06047051808));
#3953 = CARTESIAN_POINT('',(115.34859480815,32.177232162208,
    155.78258735303));
#3954 = CARTESIAN_POINT('',(115.30788654965,33.086109292278,
    154.5090303114));
#3955 = CARTESIAN_POINT('',(115.28826790352,33.419995766048,
    153.55547898264));
#3956 = DEFINITIONAL_REPRESENTATION('',(#3957),#3960);
#3957 = B_SPLINE_CURVE_WITH_KNOTS('',1,(#3958,#3959),.UNSPECIFIED.,.F.,
  .F.,(2,2),(0.,0.567833901225),.PIECEWISE_BEZIER_KNOTS.);
#3958 = CARTESIAN_POINT('',(-1.809347908754E-14,0.956803552307));
#3959 = CARTESIAN_POINT('',(1.,0.956803552307));
#3960 = ( GEOMETRIC_REPRESENTATION_CONTEXT(2) 
PARAMETRIC_REPRESENTATION_CONTEXT() REPRESENTATION_CONTEXT('2D SPACE',''
  ) );
#3961 = ORIENTED_EDGE('',*,*,#3962,.T.);
#3962 = EDGE_CURVE('',#3911,#2027,#3963,.T.);
#3963 = SURFACE_CURVE('',#3964,(#3970,#3977),.PCURVE_S1.);
#3964 = B_SPLINE_CURVE_WITH_KNOTS('',3,(#3965,#3966,#3967,#3968,#3969),
  .UNSPECIFIED.,.F.,.F.,(4,1,4),(-0.956803552307,-0.373352572237,
    0.404582067857),.UNSPECIFIED.);
#3965 = CARTESIAN_POINT('',(115.,25.144210934578,155.87457203061));
#3966 = CARTESIAN_POINT('',(115.,24.349400791877,155.31432727386));
#3967 = CARTESIAN_POINT('',(115.,22.884888173123,153.45004485418));
#3968 = CARTESIAN_POINT('',(115.,22.918183768748,151.01151093877));
#3969 = CARTESIAN_POINT('',(115.,23.428553758132,149.81962821375));
#3970 = PCURVE('',#2041,#3971);
#3971 = DEFINITIONAL_REPRESENTATION('',(#3972),#3976);
#3972 = LINE('',#3973,#3974);
#3973 = CARTESIAN_POINT('',(4.867239451073E-14,1.998401444325E-15));
#3974 = VECTOR('',#3975,1.);
#3975 = DIRECTION('',(2.001030452366E-14,-1.));
#3976 = ( GEOMETRIC_REPRESENTATION_CONTEXT(2) 
PARAMETRIC_REPRESENTATION_CONTEXT() REPRESENTATION_CONTEXT('2D SPACE',''
  ) );
#3977 = PCURVE('',#1911,#3978);
#3978 = DEFINITIONAL_REPRESENTATION('',(#3979),#3985);
#3979 = B_SPLINE_CURVE_WITH_KNOTS('',3,(#3980,#3981,#3982,#3983,#3984),
  .UNSPECIFIED.,.F.,.F.,(4,1,4),(-0.956803552307,-0.373352572237,
    0.404582067857),.UNSPECIFIED.);
#3980 = CARTESIAN_POINT('',(-4.096418916334,-2.865963928657));
#3981 = CARTESIAN_POINT('',(-3.536174159587,-3.660774071359));
#3982 = CARTESIAN_POINT('',(-1.671891739909,-5.125286690113));
#3983 = CARTESIAN_POINT('',(0.766642175507,-5.091991094488));
#3984 = CARTESIAN_POINT('',(1.95852490053,-4.581621105103));
#3985 = ( GEOMETRIC_REPRESENTATION_CONTEXT(2) 
PARAMETRIC_REPRESENTATION_CONTEXT() REPRESENTATION_CONTEXT('2D SPACE',''
  ) );
#3986 = ORIENTED_EDGE('',*,*,#2026,.T.);
#3987 = ORIENTED_EDGE('',*,*,#3988,.T.);
#3988 = EDGE_CURVE('',#1980,#3913,#3989,.T.);
#3989 = SURFACE_CURVE('',#3990,(#3996,#4003),.PCURVE_S1.);
#3990 = B_SPLINE_CURVE_WITH_KNOTS('',3,(#3991,#3992,#3993,#3994,#3995),
  .UNSPECIFIED.,.F.,.F.,(4,1,4),(-0.404582067857,0.373352572237,
    0.956803552307),.UNSPECIFIED.);
#3991 = CARTESIAN_POINT('',(115.3998535839,23.050898834972,
    149.65791453582));
#3992 = CARTESIAN_POINT('',(115.39927037494,22.47878541064,
    150.93924514243));
#3993 = CARTESIAN_POINT('',(115.3969428209,22.424037126946,
    153.60234310165));
#3994 = CARTESIAN_POINT('',(115.39985067377,24.042696739755,
    155.61338940478));
#3995 = CARTESIAN_POINT('',(115.39998841608,24.912002855689,
    156.20400186301));
#3996 = PCURVE('',#2041,#3997);
#3997 = DEFINITIONAL_REPRESENTATION('',(#3998),#4002);
#3998 = LINE('',#3999,#4000);
#3999 = CARTESIAN_POINT('',(1.,6.938893903907E-15));
#4000 = VECTOR('',#4001,1.);
#4001 = DIRECTION('',(2.862438649796E-14,1.));
#4002 = ( GEOMETRIC_REPRESENTATION_CONTEXT(2) 
PARAMETRIC_REPRESENTATION_CONTEXT() REPRESENTATION_CONTEXT('2D SPACE',''
  ) );
#4003 = PCURVE('',#2342,#4004);
#4004 = DEFINITIONAL_REPRESENTATION('',(#4005),#4031);
#4005 = B_SPLINE_CURVE_WITH_KNOTS('',3,(#4006,#4007,#4008,#4009,#4010,
    #4011,#4012,#4013,#4014,#4015,#4016,#4017,#4018,#4019,#4020,#4021,
    #4022,#4023,#4024,#4025,#4026,#4027,#4028,#4029,#4030),
  .UNSPECIFIED.,.F.,.F.,(4,1,1,1,1,1,1,1,1,1,1,1,1,1,1,1,1,1,1,1,1,1,4),
  (-0.404582067857,-0.342700903304,-0.280819738751,-0.218938574198,
    -0.157057409646,-9.517624509263E-02,-3.329508053971E-02,
    2.858608401321E-02,9.046724856613E-02,0.152348413119,0.214229577672,
    0.276110742225,0.337991906778,0.399873071331,0.461754235884,
    0.523635400437,0.58551656499,0.647397729542,0.709278894095,
    0.771160058648,0.833041223201,0.894922387754,0.956803552307),
  .UNSPECIFIED.);
#4006 = CARTESIAN_POINT('',(0.,0.980959353148));
#4007 = CARTESIAN_POINT('',(2.510177792385E-02,0.980961465219));
#4008 = CARTESIAN_POINT('',(7.128798831684E-02,0.980967191176));
#4009 = CARTESIAN_POINT('',(0.131592333479,0.980979371334));
#4010 = CARTESIAN_POINT('',(0.186658044297,0.980994181873));
#4011 = CARTESIAN_POINT('',(0.23791401134,0.98101082511));
#4012 = CARTESIAN_POINT('',(0.286414627394,0.981027099702));
#4013 = CARTESIAN_POINT('',(0.332727076799,0.981039657701));
#4014 = CARTESIAN_POINT('',(0.377375807452,0.981049195522));
#4015 = CARTESIAN_POINT('',(0.420717938698,0.981054967609));
#4016 = CARTESIAN_POINT('',(0.462988941045,0.981054755052));
#4017 = CARTESIAN_POINT('',(0.504424329532,0.981050851657));
#4018 = CARTESIAN_POINT('',(0.545238554134,0.981045280078));
#4019 = CARTESIAN_POINT('',(0.585602451961,0.981037639034));
#4020 = CARTESIAN_POINT('',(0.62567294803,0.981029382437));
#4021 = CARTESIAN_POINT('',(0.665633055619,0.981023228415));
#4022 = CARTESIAN_POINT('',(0.705642750387,0.981017146013));
#4023 = CARTESIAN_POINT('',(0.745848534437,0.981008333462));
#4024 = CARTESIAN_POINT('',(0.786373809139,0.980997825066));
#4025 = CARTESIAN_POINT('',(0.827362875273,0.980986867392));
#4026 = CARTESIAN_POINT('',(0.868992824,0.980975371408));
#4027 = CARTESIAN_POINT('',(0.911451215267,0.98096421543));
#4028 = CARTESIAN_POINT('',(0.954920662573,0.980956336734));
#4029 = CARTESIAN_POINT('',(0.984792953842,0.980953534172));
#4030 = CARTESIAN_POINT('',(1.,0.980952932567));
#4031 = ( GEOMETRIC_REPRESENTATION_CONTEXT(2) 
PARAMETRIC_REPRESENTATION_CONTEXT() REPRESENTATION_CONTEXT('2D SPACE',''
  ) );
#4032 = ADVANCED_FACE('',(#4033),#3927,.T.);
#4033 = FACE_BOUND('',#4034,.T.);
#4034 = EDGE_LOOP('',(#4035,#4062,#4063,#4112));
#4035 = ORIENTED_EDGE('',*,*,#4036,.T.);
#4036 = EDGE_CURVE('',#4037,#3911,#4039,.T.);
#4037 = VERTEX_POINT('',#4038);
#4038 = CARTESIAN_POINT('',(115.,29.446787959025,156.5813596717));
#4039 = SURFACE_CURVE('',#4040,(#4046,#4053),.PCURVE_S1.);
#4040 = B_SPLINE_CURVE_WITH_KNOTS('',3,(#4041,#4042,#4043,#4044,#4045),
  .UNSPECIFIED.,.F.,.F.,(4,1,4),(-1.859163277002,-1.490565582287,
    -0.956803552307),.UNSPECIFIED.);
#4041 = CARTESIAN_POINT('',(115.,29.44637093102,156.57995251949));
#4042 = CARTESIAN_POINT('',(115.,28.857271668107,156.75397624765));
#4043 = CARTESIAN_POINT('',(115.,27.337370796868,156.91718772488));
#4044 = CARTESIAN_POINT('',(115.,25.871331960523,156.38710416932));
#4045 = CARTESIAN_POINT('',(115.,25.144210934578,155.87457203061));
#4046 = PCURVE('',#3927,#4047);
#4047 = DEFINITIONAL_REPRESENTATION('',(#4048),#4052);
#4048 = LINE('',#4049,#4050);
#4049 = CARTESIAN_POINT('',(-1.312165601862E-13,-1.820765760385E-14));
#4050 = VECTOR('',#4051,1.);
#4051 = DIRECTION('',(-1.286327833279E-13,-1.));
#4052 = ( GEOMETRIC_REPRESENTATION_CONTEXT(2) 
PARAMETRIC_REPRESENTATION_CONTEXT() REPRESENTATION_CONTEXT('2D SPACE',''
  ) );
#4053 = PCURVE('',#1911,#4054);
#4054 = DEFINITIONAL_REPRESENTATION('',(#4055),#4061);
#4055 = B_SPLINE_CURVE_WITH_KNOTS('',3,(#4056,#4057,#4058,#4059,#4060),
  .UNSPECIFIED.,.F.,.F.,(4,1,4),(-1.859163277002,-1.490565582287,
    -0.956803552307),.UNSPECIFIED.);
#4056 = CARTESIAN_POINT('',(-4.801799405219,1.436196067784));
#4057 = CARTESIAN_POINT('',(-4.975823133371,0.847096804872));
#4058 = CARTESIAN_POINT('',(-5.139034610606,-0.672804066367));
#4059 = CARTESIAN_POINT('',(-4.608951055041,-2.138842902713));
#4060 = CARTESIAN_POINT('',(-4.096418916334,-2.865963928657));
#4061 = ( GEOMETRIC_REPRESENTATION_CONTEXT(2) 
PARAMETRIC_REPRESENTATION_CONTEXT() REPRESENTATION_CONTEXT('2D SPACE',''
  ) );
#4062 = ORIENTED_EDGE('',*,*,#3910,.T.);
#4063 = ORIENTED_EDGE('',*,*,#4064,.T.);
#4064 = EDGE_CURVE('',#3913,#4065,#4067,.T.);
#4065 = VERTEX_POINT('',#4066);
#4066 = CARTESIAN_POINT('',(115.28826790585,33.419995726457,
    153.55547909571));
#4067 = SURFACE_CURVE('',#4068,(#4076,#4083),.PCURVE_S1.);
#4068 = B_SPLINE_CURVE_WITH_KNOTS('',3,(#4069,#4070,#4071,#4072,#4073,
    #4074,#4075),.UNSPECIFIED.,.F.,.F.,(4,1,1,1,4),(0.956803552307,
    1.490565582287,2.024327612267,2.291208627257,2.82497063614),
  .UNSPECIFIED.);
#4069 = CARTESIAN_POINT('',(115.39998841608,24.912002855689,
    156.20400186301));
#4070 = CARTESIAN_POINT('',(115.40011442772,25.707275488633,
    156.74431547188));
#4071 = CARTESIAN_POINT('',(115.40178503246,27.559280578958,
    157.41988577152));
#4072 = CARTESIAN_POINT('',(115.39607368481,30.032881795686,
    157.06047051808));
#4073 = CARTESIAN_POINT('',(115.3485948089,32.177232128306,
    155.78258737323));
#4074 = CARTESIAN_POINT('',(115.30788655179,33.08610924438,
    154.50903037852));
#4075 = CARTESIAN_POINT('',(115.28826790585,33.419995726457,
    153.55547909571));
#4076 = PCURVE('',#3927,#4077);
#4077 = DEFINITIONAL_REPRESENTATION('',(#4078),#4082);
#4078 = LINE('',#4079,#4080);
#4079 = CARTESIAN_POINT('',(1.,2.22044604925E-15));
#4080 = VECTOR('',#4081,1.);
#4081 = DIRECTION('',(-1.905276593165E-13,1.));
#4082 = ( GEOMETRIC_REPRESENTATION_CONTEXT(2) 
PARAMETRIC_REPRESENTATION_CONTEXT() REPRESENTATION_CONTEXT('2D SPACE',''
  ) );
#4083 = PCURVE('',#841,#4084);
#4084 = DEFINITIONAL_REPRESENTATION('',(#4085),#4111);
#4085 = B_SPLINE_CURVE_WITH_KNOTS('',3,(#4086,#4087,#4088,#4089,#4090,
    #4091,#4092,#4093,#4094,#4095,#4096,#4097,#4098,#4099,#4100,#4101,
    #4102,#4103,#4104,#4105,#4106,#4107,#4108,#4109,#4110),
  .UNSPECIFIED.,.F.,.F.,(4,1,1,1,1,1,1,1,1,1,1,1,1,1,1,1,1,1,1,1,1,1,4),
  (0.956803552307,1.041720237936,1.126636923565,1.211553609193,
    1.296470294822,1.381386980451,1.46630366608,1.551220351708,
    1.636137037337,1.721053722966,1.805970408595,1.890887094223,
    1.975803779852,2.060720465481,2.14563715111,2.230553836739,
    2.315470522367,2.400387207996,2.485303893625,2.570220579254,
    2.655137264882,2.740053950511,2.82497063614),.QUASI_UNIFORM_KNOTS.);
#4086 = CARTESIAN_POINT('',(-2.488062105863E-16,0.980952932567));
#4087 = CARTESIAN_POINT('',(2.080149739037E-02,0.980952038119));
#4088 = CARTESIAN_POINT('',(6.043736791075E-02,0.98094837822));
#4089 = CARTESIAN_POINT('',(0.115214500582,0.980940194368));
#4090 = CARTESIAN_POINT('',(0.16679170118,0.980931811318));
#4091 = CARTESIAN_POINT('',(0.215763565969,0.980927208576));
#4092 = CARTESIAN_POINT('',(0.26265564515,0.980927788613));
#4093 = CARTESIAN_POINT('',(0.308037917009,0.980935216509));
#4094 = CARTESIAN_POINT('',(0.352290126066,0.980953487297));
#4095 = CARTESIAN_POINT('',(0.3956692519,0.980994105775));
#4096 = CARTESIAN_POINT('',(0.438294089821,0.981062397696));
#4097 = CARTESIAN_POINT('',(0.480377554312,0.981169188699));
#4098 = CARTESIAN_POINT('',(0.52214293707,0.981331598846));
#4099 = CARTESIAN_POINT('',(0.563785452696,0.98156401393));
#4100 = CARTESIAN_POINT('',(0.605489908647,0.981875428243));
#4101 = CARTESIAN_POINT('',(0.647328030608,0.982246845637));
#4102 = CARTESIAN_POINT('',(0.689375306276,0.982675437573));
#4103 = CARTESIAN_POINT('',(0.731774086938,0.983163769469));
#4104 = CARTESIAN_POINT('',(0.774656237009,0.983714737486));
#4105 = CARTESIAN_POINT('',(0.818095353445,0.984280256988));
#4106 = CARTESIAN_POINT('',(0.862163310331,0.984825537354));
#4107 = CARTESIAN_POINT('',(0.907001564424,0.985344162054));
#4108 = CARTESIAN_POINT('',(0.952788944454,0.985821416484));
#4109 = CARTESIAN_POINT('',(0.984106243263,0.986124062496));
#4110 = CARTESIAN_POINT('',(1.000000008047,0.986272956864));
#4111 = ( GEOMETRIC_REPRESENTATION_CONTEXT(2) 
PARAMETRIC_REPRESENTATION_CONTEXT() REPRESENTATION_CONTEXT('2D SPACE',''
  ) );
#4112 = ORIENTED_EDGE('',*,*,#4113,.T.);
#4113 = EDGE_CURVE('',#4065,#4037,#4114,.T.);
#4114 = SURFACE_CURVE('',#4115,(#4180,#4275),.PCURVE_S1.);
#4115 = B_SPLINE_CURVE_WITH_KNOTS('',3,(#4116,#4117,#4118,#4119,#4120,
    #4121,#4122,#4123,#4124,#4125,#4126,#4127,#4128,#4129,#4130,#4131,
    #4132,#4133,#4134,#4135,#4136,#4137,#4138,#4139,#4140,#4141,#4142,
    #4143,#4144,#4145,#4146,#4147,#4148,#4149,#4150,#4151,#4152,#4153,
    #4154,#4155,#4156,#4157,#4158,#4159,#4160,#4161,#4162,#4163,#4164,
    #4165,#4166,#4167,#4168,#4169,#4170,#4171,#4172,#4173,#4174,#4175,
    #4176,#4177,#4178,#4179),.UNSPECIFIED.,.F.,.F.,(4,3,3,3,3,3,3,3,3,3,
    3,3,3,3,3,3,3,3,3,3,3,4),(0.,3.680520081189E-02,7.324234850695E-02,
    7.360673903099E-02,7.360742492664E-02,7.36085788434E-02,
    7.36138916873E-02,7.535988994718E-02,7.712820809741E-02,
    7.795519442307E-02,7.993920071435E-02,8.193288715115E-02,
    8.391084453438E-02,8.551247308827E-02,8.625662714522E-02,
    8.664354253544E-02,8.689135203585E-02,8.886233089707E-02,
    9.084583074021E-02,9.146570554388E-02,9.345771809788E-02,
    9.515010546276E-02),.UNSPECIFIED.);
#4116 = CARTESIAN_POINT('',(115.28826790585,33.419995726457,
    153.55547909571));
#4117 = CARTESIAN_POINT('',(115.24022325488,33.312721723942,
    153.5203313444));
#4118 = CARTESIAN_POINT('',(115.1921786039,33.20544772145,
    153.48518359313));
#4119 = CARTESIAN_POINT('',(115.14413395292,33.098173718957,
    153.45003584186));
#4120 = CARTESIAN_POINT('',(115.0965697499,32.991972459721,
    153.41523956915));
#4121 = CARTESIAN_POINT('',(115.04900554688,32.885771200308,
    153.38044329699));
#4122 = CARTESIAN_POINT('',(115.00144134387,32.779569941232,
    153.3456470237));
#4123 = CARTESIAN_POINT('',(115.00096567697,32.778507873126,
    153.34529904278));
#4124 = CARTESIAN_POINT('',(115.00049001008,32.77744583785,
    153.34495096164));
#4125 = CARTESIAN_POINT('',(115.00001434319,32.776383735882,
    153.34460308409));
#4126 = CARTESIAN_POINT('',(115.00001344783,32.776381736677,
    153.34460242927));
#4127 = CARTESIAN_POINT('',(115.00000273638,32.776357825754,
    153.34459457611));
#4128 = CARTESIAN_POINT('',(115.0000009129,32.776353745283,
    153.34459326962));
#4129 = CARTESIAN_POINT('',(114.99999784517,32.776346880502,
    153.34459107166));
#4130 = CARTESIAN_POINT('',(115.00000000295,32.776349743357,
    153.34459861711));
#4131 = CARTESIAN_POINT('',(115.00000000179,32.776346151641,
    153.34460957047));
#4132 = CARTESIAN_POINT('',(114.99999999646,32.77632961472,
    153.34466000178));
#4133 = CARTESIAN_POINT('',(115.00000000006,32.776258319827,
    153.34487765061));
#4134 = CARTESIAN_POINT('',(115.00000000003,32.776134153818,
    153.34525643205));
#4135 = CARTESIAN_POINT('',(114.99999999285,32.73532858166,
    153.46973811194));
#4136 = CARTESIAN_POINT('',(114.99999999126,32.689583946347,
    153.59231074921));
#4137 = CARTESIAN_POINT('',(114.99999999208,32.639107874609,
    153.71281119078));
#4138 = CARTESIAN_POINT('',(114.99999999291,32.587986544276,
    153.83485204434));
#4139 = CARTESIAN_POINT('',(114.99999999624,32.532011745529,
    153.95476796833));
#4140 = CARTESIAN_POINT('',(114.99999999832,32.471349053338,154.07237137
    ));
#4141 = CARTESIAN_POINT('',(114.9999999993,32.442979035808,
    154.12737075177));
#4142 = CARTESIAN_POINT('',(115.,32.413583031128,154.1818640427));
#4143 = CARTESIAN_POINT('',(115.,32.383174562038,154.23583016032));
#4144 = CARTESIAN_POINT('',(115.,32.310222214325,154.36529918967));
#4145 = CARTESIAN_POINT('',(115.,32.231704893301,154.49127499645));
#4146 = CARTESIAN_POINT('',(115.,32.147934157911,154.6134413677));
#4147 = CARTESIAN_POINT('',(115.,32.063754697551,154.73620379968));
#4148 = CARTESIAN_POINT('',(115.,31.974270010398,154.85512017296));
#4149 = CARTESIAN_POINT('',(115.,31.879748461915,154.96984690345));
#4150 = CARTESIAN_POINT('',(115.,31.785972634761,155.08366850519));
#4151 = CARTESIAN_POINT('',(115.,31.68723861977,155.19336688445));
#4152 = CARTESIAN_POINT('',(115.,31.583768532951,155.29857523244));
#4153 = CARTESIAN_POINT('',(115.,31.499984803873,155.38376649879));
#4154 = CARTESIAN_POINT('',(115.,31.413094903521,155.46601330741));
#4155 = CARTESIAN_POINT('',(115.,31.323200541835,155.54510175983));
#4156 = CARTESIAN_POINT('',(115.,31.281433520521,155.58184810316));
#4157 = CARTESIAN_POINT('',(115.,31.239017716207,155.61791236709));
#4158 = CARTESIAN_POINT('',(115.,31.195971601607,155.65327841015));
#4159 = CARTESIAN_POINT('',(115.,31.17359020884,155.67166662724));
#4160 = CARTESIAN_POINT('',(115.,31.15103841176,155.6898660737));
#4161 = CARTESIAN_POINT('',(115.,31.128318759912,155.70787437822));
#4162 = CARTESIAN_POINT('',(115.,31.113767398771,155.71940824081));
#4163 = CARTESIAN_POINT('',(115.,31.099154751153,155.73085769281));
#4164 = CARTESIAN_POINT('',(115.,31.084481930756,155.74222216257));
#4165 = CARTESIAN_POINT('',(115.,30.967780114285,155.83261066513));
#4166 = CARTESIAN_POINT('',(115.,30.847269820937,155.91763018493));
#4167 = CARTESIAN_POINT('',(115.,30.723364586702,155.99707209203));
#4168 = CARTESIAN_POINT('',(115.,30.598672223173,156.0770186675));
#4169 = CARTESIAN_POINT('',(115.,30.470541016019,156.15131701609));
#4170 = CARTESIAN_POINT('',(115.,30.33935826787,156.21971480838));
#4171 = CARTESIAN_POINT('',(115.,30.298361602035,156.24109019099));
#4172 = CARTESIAN_POINT('',(115.,30.257066692579,156.26188897087));
#4173 = CARTESIAN_POINT('',(115.,30.215484833461,156.28210254341));
#4174 = CARTESIAN_POINT('',(115.,30.081858519095,156.347060322));
#4175 = CARTESIAN_POINT('',(115.,29.945270073597,156.4059783809));
#4176 = CARTESIAN_POINT('',(115.,29.806149153453,156.45876848964));
#4177 = CARTESIAN_POINT('',(115.,29.687953870512,156.50361826371));
#4178 = CARTESIAN_POINT('',(115.,29.567930043938,156.54404414497));
#4179 = CARTESIAN_POINT('',(115.,29.446335250999,156.57996305946));
#4180 = PCURVE('',#3927,#4181);
#4181 = DEFINITIONAL_REPRESENTATION('',(#4182),#4274);
#4182 = B_SPLINE_CURVE_WITH_KNOTS('',3,(#4183,#4184,#4185,#4186,#4187,
    #4188,#4189,#4190,#4191,#4192,#4193,#4194,#4195,#4196,#4197,#4198,
    #4199,#4200,#4201,#4202,#4203,#4204,#4205,#4206,#4207,#4208,#4209,
    #4210,#4211,#4212,#4213,#4214,#4215,#4216,#4217,#4218,#4219,#4220,
    #4221,#4222,#4223,#4224,#4225,#4226,#4227,#4228,#4229,#4230,#4231,
    #4232,#4233,#4234,#4235,#4236,#4237,#4238,#4239,#4240,#4241,#4242,
    #4243,#4244,#4245,#4246,#4247,#4248,#4249,#4250,#4251,#4252,#4253,
    #4254,#4255,#4256,#4257,#4258,#4259,#4260,#4261,#4262,#4263,#4264,
    #4265,#4266,#4267,#4268,#4269,#4270,#4271,#4272,#4273),
  .UNSPECIFIED.,.F.,.F.,(4,1,1,1,1,1,1,1,1,1,1,1,1,1,1,1,1,1,1,1,1,1,1,1
    ,1,1,1,1,1,1,1,1,1,1,1,1,1,1,1,1,1,1,1,1,1,1,1,1,1,1,1,1,1,1,1,1,1,1
    ,1,1,1,1,1,1,1,1,1,1,1,1,1,1,1,1,1,1,1,1,1,1,1,1,1,1,1,1,1,1,4),(0.,
    1.081249252108E-03,2.162498504217E-03,3.243747756325E-03,
    4.324997008433E-03,5.406246260541E-03,6.48749551265E-03,
    7.568744764758E-03,8.649994016866E-03,9.731243268974E-03,
    1.081249252108E-02,1.189374177319E-02,1.29749910253E-02,
    1.405624027741E-02,1.513748952952E-02,1.621873878162E-02,
    1.729998803373E-02,1.838123728584E-02,1.946248653795E-02,
    2.054373579006E-02,2.162498504217E-02,2.270623429427E-02,
    2.378748354638E-02,2.486873279849E-02,2.59499820506E-02,
    2.703123130271E-02,2.811248055481E-02,2.919372980692E-02,
    3.027497905903E-02,3.135622831114E-02,3.243747756325E-02,
    3.351872681536E-02,3.459997606746E-02,3.568122531957E-02,
    3.676247457168E-02,3.784372382379E-02,3.89249730759E-02,
    4.000622232801E-02,4.108747158011E-02,4.216872083222E-02,
    4.324997008433E-02,4.433121933644E-02,4.541246858855E-02,
    4.649371784066E-02,4.757496709276E-02,4.865621634487E-02,
    4.973746559698E-02,5.081871484909E-02,5.18999641012E-02,
    5.298121335331E-02,5.406246260541E-02,5.514371185752E-02,
    5.622496110963E-02,5.730621036174E-02,5.838745961385E-02,
    5.946870886595E-02,6.054995811806E-02,6.163120737017E-02,
    6.271245662228E-02,6.379370587439E-02,6.48749551265E-02,
    6.59562043786E-02,6.703745363071E-02,6.811870288282E-02,
    6.919995213493E-02,7.028120138704E-02,7.136245063915E-02,
    7.244369989125E-02,7.352494914336E-02,7.460619839547E-02,
    7.568744764758E-02,7.676869689969E-02,7.78499461518E-02,
    7.89311954039E-02,8.001244465601E-02,8.109369390812E-02,
    8.217494316023E-02,8.325619241234E-02,8.433744166444E-02,
    8.541869091655E-02,8.649994016866E-02,8.758118942077E-02,
    8.866243867288E-02,8.974368792499E-02,9.082493717709E-02,
    9.19061864292E-02,9.298743568131E-02,9.406868493342E-02,
    9.514993418553E-02),.QUASI_UNIFORM_KNOTS.);
#4183 = CARTESIAN_POINT('',(1.,2.82497063614));
#4184 = CARTESIAN_POINT('',(0.99510372978,2.82497063614));
#4185 = CARTESIAN_POINT('',(0.985311189339,2.82497063614));
#4186 = CARTESIAN_POINT('',(0.970622378678,2.82497063614));
#4187 = CARTESIAN_POINT('',(0.955933568018,2.82497063614));
#4188 = CARTESIAN_POINT('',(0.941244757357,2.82497063614));
#4189 = CARTESIAN_POINT('',(0.926555946696,2.82497063614));
#4190 = CARTESIAN_POINT('',(0.911867136036,2.82497063614));
#4191 = CARTESIAN_POINT('',(0.897178325375,2.82497063614));
#4192 = CARTESIAN_POINT('',(0.882489514714,2.82497063614));
#4193 = CARTESIAN_POINT('',(0.867800704054,2.82497063614));
#4194 = CARTESIAN_POINT('',(0.853111893393,2.82497063614));
#4195 = CARTESIAN_POINT('',(0.838423082733,2.82497063614));
#4196 = CARTESIAN_POINT('',(0.823734272072,2.82497063614));
#4197 = CARTESIAN_POINT('',(0.809045461411,2.82497063614));
#4198 = CARTESIAN_POINT('',(0.794356650751,2.82497063614));
#4199 = CARTESIAN_POINT('',(0.77966784009,2.82497063614));
#4200 = CARTESIAN_POINT('',(0.764979029429,2.82497063614));
#4201 = CARTESIAN_POINT('',(0.750290218768,2.82497063614));
#4202 = CARTESIAN_POINT('',(0.735601408108,2.82497063614));
#4203 = CARTESIAN_POINT('',(0.720912597447,2.82497063614));
#4204 = CARTESIAN_POINT('',(0.706223786786,2.82497063614));
#4205 = CARTESIAN_POINT('',(0.691534976126,2.82497063614));
#4206 = CARTESIAN_POINT('',(0.676846165465,2.82497063614));
#4207 = CARTESIAN_POINT('',(0.662157354804,2.82497063614));
#4208 = CARTESIAN_POINT('',(0.647468544144,2.82497063614));
#4209 = CARTESIAN_POINT('',(0.632779733483,2.82497063614));
#4210 = CARTESIAN_POINT('',(0.618090922822,2.82497063614));
#4211 = CARTESIAN_POINT('',(0.603402112162,2.82497063614));
#4212 = CARTESIAN_POINT('',(0.588713301501,2.82497063614));
#4213 = CARTESIAN_POINT('',(0.57402449084,2.82497063614));
#4214 = CARTESIAN_POINT('',(0.55933568018,2.82497063614));
#4215 = CARTESIAN_POINT('',(0.544646869519,2.82497063614));
#4216 = CARTESIAN_POINT('',(0.529958058858,2.82497063614));
#4217 = CARTESIAN_POINT('',(0.515269248198,2.82497063614));
#4218 = CARTESIAN_POINT('',(0.500580437537,2.82497063614));
#4219 = CARTESIAN_POINT('',(0.485891626876,2.82497063614));
#4220 = CARTESIAN_POINT('',(0.471202816215,2.824970636139));
#4221 = CARTESIAN_POINT('',(0.456514005555,2.824970636138));
#4222 = CARTESIAN_POINT('',(0.441825194894,2.824970636136));
#4223 = CARTESIAN_POINT('',(0.427136384234,2.824970636134));
#4224 = CARTESIAN_POINT('',(0.412447573573,2.824970636132));
#4225 = CARTESIAN_POINT('',(0.397758762912,2.824970636129));
#4226 = CARTESIAN_POINT('',(0.383069952252,2.824970636126));
#4227 = CARTESIAN_POINT('',(0.368381141591,2.824970636123));
#4228 = CARTESIAN_POINT('',(0.353692330931,2.82497063612));
#4229 = CARTESIAN_POINT('',(0.33900352027,2.824970636117));
#4230 = CARTESIAN_POINT('',(0.324314709609,2.824970636113));
#4231 = CARTESIAN_POINT('',(0.309625898949,2.82497063611));
#4232 = CARTESIAN_POINT('',(0.294937088288,2.824970636107));
#4233 = CARTESIAN_POINT('',(0.280248277628,2.824970636104));
#4234 = CARTESIAN_POINT('',(0.265559466967,2.824970636102));
#4235 = CARTESIAN_POINT('',(0.250870656307,2.824970636096));
#4236 = CARTESIAN_POINT('',(0.236181845643,2.824970636105));
#4237 = CARTESIAN_POINT('',(0.221493034995,2.824970636061));
#4238 = CARTESIAN_POINT('',(0.206804224287,2.824970636217));
#4239 = CARTESIAN_POINT('',(0.192115413803,2.824970635628));
#4240 = CARTESIAN_POINT('',(0.17742660248,2.824970637821));
#4241 = CARTESIAN_POINT('',(0.162737794293,2.824970629635));
#4242 = CARTESIAN_POINT('',(0.148048974402,2.824970660187));
#4243 = CARTESIAN_POINT('',(0.133360198189,2.82497054617));
#4244 = CARTESIAN_POINT('',(0.118671258967,2.824970971693));
#4245 = CARTESIAN_POINT('',(0.103982928101,2.824969383631));
#4246 = CARTESIAN_POINT('',(8.929232682439E-02,2.824975310375));
#4247 = CARTESIAN_POINT('',(7.461019883195E-02,2.824953191483));
#4248 = CARTESIAN_POINT('',(5.989644811305E-02,2.825035740337));
#4249 = CARTESIAN_POINT('',(4.530071501665E-02,2.824727663846));
#4250 = CARTESIAN_POINT('',(3.026453415676E-02,2.825877420997));
#4251 = CARTESIAN_POINT('',(1.687212672837E-02,2.821586468929));
#4252 = CARTESIAN_POINT('',(-2.654926662809E-03,2.837600520103));
#4253 = CARTESIAN_POINT('',(7.128303454958E-04,2.777835316925));
#4254 = CARTESIAN_POINT('',(-1.906525840104E-04,2.732256731357));
#4255 = CARTESIAN_POINT('',(5.188006403821E-05,2.682919578203));
#4256 = CARTESIAN_POINT('',(-1.435243659368E-05,2.634554696219));
#4257 = CARTESIAN_POINT('',(5.586162452642E-06,2.58591203388));
#4258 = CARTESIAN_POINT('',(-1.880781259043E-06,2.537461801594));
#4259 = CARTESIAN_POINT('',(2.05953789221E-06,2.489043760802));
#4260 = CARTESIAN_POINT('',(-5.656977390768E-07,2.440664648772));
#4261 = CARTESIAN_POINT('',(1.304482971864E-06,2.392287193368));
#4262 = CARTESIAN_POINT('',(5.180593900907E-08,2.343883942117));
#4263 = CARTESIAN_POINT('',(1.211162755237E-07,2.295431817189));
#4264 = CARTESIAN_POINT('',(-4.04697733488E-07,2.246880565922));
#4265 = CARTESIAN_POINT('',(1.505300737829E-06,2.198284111976));
#4266 = CARTESIAN_POINT('',(-6.291992041714E-07,2.149814313046));
#4267 = CARTESIAN_POINT('',(1.802756764849E-06,2.101392561625));
#4268 = CARTESIAN_POINT('',(-6.392804706896E-07,2.053003881814));
#4269 = CARTESIAN_POINT('',(7.649338735766E-07,2.004616349202));
#4270 = CARTESIAN_POINT('',(4.702350907036E-07,1.95620258394));
#4271 = CARTESIAN_POINT('',(5.253258739122E-07,1.90773391649));
#4272 = CARTESIAN_POINT('',(2.321029743833E-07,1.875366049856));
#4273 = CARTESIAN_POINT('',(0.,1.859163535155));
#4274 = ( GEOMETRIC_REPRESENTATION_CONTEXT(2) 
PARAMETRIC_REPRESENTATION_CONTEXT() REPRESENTATION_CONTEXT('2D SPACE',''
  ) );
#4275 = PCURVE('',#1939,#4276);
#4276 = DEFINITIONAL_REPRESENTATION('',(#4277),#4369);
#4277 = B_SPLINE_CURVE_WITH_KNOTS('',3,(#4278,#4279,#4280,#4281,#4282,
    #4283,#4284,#4285,#4286,#4287,#4288,#4289,#4290,#4291,#4292,#4293,
    #4294,#4295,#4296,#4297,#4298,#4299,#4300,#4301,#4302,#4303,#4304,
    #4305,#4306,#4307,#4308,#4309,#4310,#4311,#4312,#4313,#4314,#4315,
    #4316,#4317,#4318,#4319,#4320,#4321,#4322,#4323,#4324,#4325,#4326,
    #4327,#4328,#4329,#4330,#4331,#4332,#4333,#4334,#4335,#4336,#4337,
    #4338,#4339,#4340,#4341,#4342,#4343,#4344,#4345,#4346,#4347,#4348,
    #4349,#4350,#4351,#4352,#4353,#4354,#4355,#4356,#4357,#4358,#4359,
    #4360,#4361,#4362,#4363,#4364,#4365,#4366,#4367,#4368),
  .UNSPECIFIED.,.F.,.F.,(4,1,1,1,1,1,1,1,1,1,1,1,1,1,1,1,1,1,1,1,1,1,1,1
    ,1,1,1,1,1,1,1,1,1,1,1,1,1,1,1,1,1,1,1,1,1,1,1,1,1,1,1,1,1,1,1,1,1,1
    ,1,1,1,1,1,1,1,1,1,1,1,1,1,1,1,1,1,1,1,1,1,1,1,1,1,1,1,1,1,1,4),(0.,
    1.081249252108E-03,2.162498504217E-03,3.243747756325E-03,
    4.324997008433E-03,5.406246260541E-03,6.48749551265E-03,
    7.568744764758E-03,8.649994016866E-03,9.731243268974E-03,
    1.081249252108E-02,1.189374177319E-02,1.29749910253E-02,
    1.405624027741E-02,1.513748952952E-02,1.621873878162E-02,
    1.729998803373E-02,1.838123728584E-02,1.946248653795E-02,
    2.054373579006E-02,2.162498504217E-02,2.270623429427E-02,
    2.378748354638E-02,2.486873279849E-02,2.59499820506E-02,
    2.703123130271E-02,2.811248055481E-02,2.919372980692E-02,
    3.027497905903E-02,3.135622831114E-02,3.243747756325E-02,
    3.351872681536E-02,3.459997606746E-02,3.568122531957E-02,
    3.676247457168E-02,3.784372382379E-02,3.89249730759E-02,
    4.000622232801E-02,4.108747158011E-02,4.216872083222E-02,
    4.324997008433E-02,4.433121933644E-02,4.541246858855E-02,
    4.649371784066E-02,4.757496709276E-02,4.865621634487E-02,
    4.973746559698E-02,5.081871484909E-02,5.18999641012E-02,
    5.298121335331E-02,5.406246260541E-02,5.514371185752E-02,
    5.622496110963E-02,5.730621036174E-02,5.838745961385E-02,
    5.946870886595E-02,6.054995811806E-02,6.163120737017E-02,
    6.271245662228E-02,6.379370587439E-02,6.48749551265E-02,
    6.59562043786E-02,6.703745363071E-02,6.811870288282E-02,
    6.919995213493E-02,7.028120138704E-02,7.136245063915E-02,
    7.244369989125E-02,7.352494914336E-02,7.460619839547E-02,
    7.568744764758E-02,7.676869689969E-02,7.78499461518E-02,
    7.89311954039E-02,8.001244465601E-02,8.109369390812E-02,
    8.217494316023E-02,8.325619241234E-02,8.433744166444E-02,
    8.541869091655E-02,8.649994016866E-02,8.758118942077E-02,
    8.866243867288E-02,8.974368792499E-02,9.082493717709E-02,
    9.19061864292E-02,9.298743568131E-02,9.406868493342E-02,
    9.514993418553E-02),.QUASI_UNIFORM_KNOTS.);
#4278 = CARTESIAN_POINT('',(1.000459068385,2.825075733104));
#4279 = CARTESIAN_POINT('',(0.995562164797,2.825075284835));
#4280 = CARTESIAN_POINT('',(0.985768358312,2.825074386285));
#4281 = CARTESIAN_POINT('',(0.971077650679,2.825073032389));
#4282 = CARTESIAN_POINT('',(0.956386945152,2.825071672382));
#4283 = CARTESIAN_POINT('',(0.941696241747,2.825070306225));
#4284 = CARTESIAN_POINT('',(0.927005540478,2.825068933879));
#4285 = CARTESIAN_POINT('',(0.91231484136,2.825067555304));
#4286 = CARTESIAN_POINT('',(0.897624144407,2.82506617046));
#4287 = CARTESIAN_POINT('',(0.882933449635,2.825064779307));
#4288 = CARTESIAN_POINT('',(0.868242757059,2.825063381803));
#4289 = CARTESIAN_POINT('',(0.853552066693,2.825061977909));
#4290 = CARTESIAN_POINT('',(0.838861378553,2.825060567582));
#4291 = CARTESIAN_POINT('',(0.824170692654,2.82505915078));
#4292 = CARTESIAN_POINT('',(0.809480009013,2.825057727463));
#4293 = CARTESIAN_POINT('',(0.794789327644,2.825056297586));
#4294 = CARTESIAN_POINT('',(0.780098648564,2.825054861108));
#4295 = CARTESIAN_POINT('',(0.765407971788,2.825053417986));
#4296 = CARTESIAN_POINT('',(0.750717297332,2.825051968175));
#4297 = CARTESIAN_POINT('',(0.736026625214,2.825050511632));
#4298 = CARTESIAN_POINT('',(0.721335955448,2.825049048313));
#4299 = CARTESIAN_POINT('',(0.706645288053,2.825047578172));
#4300 = CARTESIAN_POINT('',(0.691954623044,2.825046101166));
#4301 = CARTESIAN_POINT('',(0.677263960438,2.825044617249));
#4302 = CARTESIAN_POINT('',(0.662573300252,2.825043126374));
#4303 = CARTESIAN_POINT('',(0.647882642504,2.825041628497));
#4304 = CARTESIAN_POINT('',(0.633191987211,2.825040123569));
#4305 = CARTESIAN_POINT('',(0.61850133439,2.825038611546));
#4306 = CARTESIAN_POINT('',(0.603810684058,2.825037092378));
#4307 = CARTESIAN_POINT('',(0.589120036235,2.825035566018));
#4308 = CARTESIAN_POINT('',(0.574429390936,2.825034032419));
#4309 = CARTESIAN_POINT('',(0.559738748181,2.825032491531));
#4310 = CARTESIAN_POINT('',(0.545048107988,2.825030943306));
#4311 = CARTESIAN_POINT('',(0.530357470375,2.825029387694));
#4312 = CARTESIAN_POINT('',(0.515666835361,2.825027824646));
#4313 = CARTESIAN_POINT('',(0.500976202964,2.825026254111));
#4314 = CARTESIAN_POINT('',(0.486285573203,2.825024676038));
#4315 = CARTESIAN_POINT('',(0.471594946098,2.825023090376));
#4316 = CARTESIAN_POINT('',(0.456904321668,2.825021497073));
#4317 = CARTESIAN_POINT('',(0.442213699931,2.825019896078));
#4318 = CARTESIAN_POINT('',(0.427523080909,2.825018287338));
#4319 = CARTESIAN_POINT('',(0.412832464619,2.8250166708));
#4320 = CARTESIAN_POINT('',(0.398141851084,2.825015046411));
#4321 = CARTESIAN_POINT('',(0.383451240322,2.825013414117));
#4322 = CARTESIAN_POINT('',(0.368760632353,2.825011773863));
#4323 = CARTESIAN_POINT('',(0.3540700272,2.825010125596));
#4324 = CARTESIAN_POINT('',(0.339379424881,2.825008469259));
#4325 = CARTESIAN_POINT('',(0.324688825418,2.825006804798));
#4326 = CARTESIAN_POINT('',(0.309998228833,2.825005132155));
#4327 = CARTESIAN_POINT('',(0.295307635146,2.825003451274));
#4328 = CARTESIAN_POINT('',(0.280617044379,2.825001762098));
#4329 = CARTESIAN_POINT('',(0.265926456553,2.825000064571));
#4330 = CARTESIAN_POINT('',(0.251235871691,2.824998358628));
#4331 = CARTESIAN_POINT('',(0.236545289812,2.82499664423));
#4332 = CARTESIAN_POINT('',(0.221854710955,2.82499492125));
#4333 = CARTESIAN_POINT('',(0.207164135069,2.82499318988));
#4334 = CARTESIAN_POINT('',(0.192473562463,2.824991449115));
#4335 = CARTESIAN_POINT('',(0.177782992085,2.824989702422));
#4336 = CARTESIAN_POINT('',(0.16309242797,2.824987936577));
#4337 = CARTESIAN_POINT('',(0.148401855168,2.824986200639));
#4338 = CARTESIAN_POINT('',(0.133711329586,2.824984311225));
#4339 = CARTESIAN_POINT('',(0.119020642688,2.824982952431));
#4340 = CARTESIAN_POINT('',(0.104330572856,2.824979570874));
#4341 = CARTESIAN_POINT('',(8.96382152379E-02,2.824983695611));
#4342 = CARTESIAN_POINT('',(7.495441100608E-02,2.824959763414));
#4343 = CARTESIAN_POINT('',(6.023870047115E-02,2.825040497746));
#4344 = CARTESIAN_POINT('',(4.564208136699E-02,2.824730567589));
#4345 = CARTESIAN_POINT('',(3.060102259694E-02,2.825878573157));
#4346 = CARTESIAN_POINT('',(1.721865096451E-02,2.821585444213));
#4347 = CARTESIAN_POINT('',(-2.35400949508E-03,2.837598861087));
#4348 = CARTESIAN_POINT('',(1.17581819785E-03,2.777827221686));
#4349 = CARTESIAN_POINT('',(4.385723079178E-05,2.732261117835));
#4350 = CARTESIAN_POINT('',(-9.47206832484E-05,2.682937683663));
#4351 = CARTESIAN_POINT('',(-6.438436762645E-04,2.63458376632));
#4352 = CARTESIAN_POINT('',(-1.101134035723E-03,2.585945315857));
#4353 = CARTESIAN_POINT('',(-1.481489878354E-03,2.537492417265));
#4354 = CARTESIAN_POINT('',(-1.654677135104E-03,2.489067305047));
#4355 = CARTESIAN_POINT('',(-1.519787753801E-03,2.440682969164));
#4356 = CARTESIAN_POINT('',(-1.118775962726E-03,2.392306949887));
#4357 = CARTESIAN_POINT('',(-6.046112564404E-04,2.343910710796));
#4358 = CARTESIAN_POINT('',(-9.303340875274E-05,2.295467140046));
#4359 = CARTESIAN_POINT('',(3.006536855752E-04,2.246916461346));
#4360 = CARTESIAN_POINT('',(6.331326436931E-04,2.198313948392));
#4361 = CARTESIAN_POINT('',(8.365168967959E-04,2.149836961754));
#4362 = CARTESIAN_POINT('',(8.718477016703E-04,2.101409593722));
#4363 = CARTESIAN_POINT('',(6.796702219568E-04,2.053018038828));
#4364 = CARTESIAN_POINT('',(1.840788885372E-04,2.004630566859));
#4365 = CARTESIAN_POINT('',(-5.754453157185E-04,1.956215050153));
#4366 = CARTESIAN_POINT('',(-1.345867626347E-03,1.907737517591));
#4367 = CARTESIAN_POINT('',(-1.720319623551E-03,1.875362361149));
#4368 = CARTESIAN_POINT('',(-1.834557721231E-03,1.859156204638));
#4369 = ( GEOMETRIC_REPRESENTATION_CONTEXT(2) 
PARAMETRIC_REPRESENTATION_CONTEXT() REPRESENTATION_CONTEXT('2D SPACE',''
  ) );
#4370 = ADVANCED_FACE('',(#4371),#1939,.T.);
#4371 = FACE_BOUND('',#4372,.T.);
#4372 = EDGE_LOOP('',(#4373,#4374,#4403,#4404));
#4373 = ORIENTED_EDGE('',*,*,#1926,.F.);
#4374 = ORIENTED_EDGE('',*,*,#4375,.T.);
#4375 = EDGE_CURVE('',#1893,#4037,#4376,.T.);
#4376 = SURFACE_CURVE('',#4377,(#4385,#4392),.PCURVE_S1.);
#4377 = B_SPLINE_CURVE_WITH_KNOTS('',3,(#4378,#4379,#4380,#4381,#4382,
    #4383,#4384),.UNSPECIFIED.,.F.,.F.,(4,1,1,1,4),(-3.287157703432,
    -2.879157169703,-2.471156635974,-2.26715636911,-1.859155835381),
  .UNSPECIFIED.);
#4378 = CARTESIAN_POINT('',(115.,32.972009220553,151.06254359758));
#4379 = CARTESIAN_POINT('',(115.,33.070644387786,151.73535286741));
#4380 = CARTESIAN_POINT('',(115.,32.989419227009,153.12164834611));
#4381 = CARTESIAN_POINT('',(115.,32.208525704147,154.67121913151));
#4382 = CARTESIAN_POINT('',(115.,31.015466823904,155.89504118762));
#4383 = CARTESIAN_POINT('',(115.,30.098712759721,156.38798112061));
#4384 = CARTESIAN_POINT('',(115.,29.446787959025,156.5813596717));
#4385 = PCURVE('',#1939,#4386);
#4386 = DEFINITIONAL_REPRESENTATION('',(#4387),#4391);
#4387 = LINE('',#4388,#4389);
#4388 = CARTESIAN_POINT('',(-9.932565874912E-13,-9.681144774731E-14));
#4389 = VECTOR('',#4390,1.);
#4390 = DIRECTION('',(-2.558318239341E-13,-1.));
#4391 = ( GEOMETRIC_REPRESENTATION_CONTEXT(2) 
PARAMETRIC_REPRESENTATION_CONTEXT() REPRESENTATION_CONTEXT('2D SPACE',''
  ) );
#4392 = PCURVE('',#1911,#4393);
#4393 = DEFINITIONAL_REPRESENTATION('',(#4394),#4402);
#4394 = B_SPLINE_CURVE_WITH_KNOTS('',3,(#4395,#4396,#4397,#4398,#4399,
    #4400,#4401),.UNSPECIFIED.,.F.,.F.,(4,1,1,1,4),(-3.287157703432,
    -2.879157169703,-2.471156635974,-2.26715636911,-1.859155835381),
  .UNSPECIFIED.);
#4395 = CARTESIAN_POINT('',(0.715609516694,4.961834357317));
#4396 = CARTESIAN_POINT('',(4.280024686301E-02,5.06046952455));
#4397 = CARTESIAN_POINT('',(-1.343495231837,4.979244363773));
#4398 = CARTESIAN_POINT('',(-2.893066017232,4.198350840911));
#4399 = CARTESIAN_POINT('',(-4.116888073349,3.005291960669));
#4400 = CARTESIAN_POINT('',(-4.60982800633,2.088537896485));
#4401 = CARTESIAN_POINT('',(-4.803206557422,1.436613095789));
#4402 = ( GEOMETRIC_REPRESENTATION_CONTEXT(2) 
PARAMETRIC_REPRESENTATION_CONTEXT() REPRESENTATION_CONTEXT('2D SPACE',''
  ) );
#4403 = ORIENTED_EDGE('',*,*,#4113,.F.);
#4404 = ORIENTED_EDGE('',*,*,#4405,.T.);
#4405 = EDGE_CURVE('',#4065,#1001,#4406,.T.);
#4406 = SURFACE_CURVE('',#4407,(#4413,#4420),.PCURVE_S1.);
#4407 = B_SPLINE_CURVE_WITH_KNOTS('',3,(#4408,#4409,#4410,#4411,#4412),
  .UNSPECIFIED.,.F.,.F.,(4,1,4),(2.82497063614,2.879157169703,
    3.287157703432),.UNSPECIFIED.);
#4408 = CARTESIAN_POINT('',(115.28935011614,33.419018297257,
    153.55581135599));
#4409 = CARTESIAN_POINT('',(115.29071857453,33.44961353437,
    153.45790973993));
#4410 = CARTESIAN_POINT('',(115.30317613762,33.686728221679,
    152.61586624063));
#4411 = CARTESIAN_POINT('',(115.32160028059,33.715152490716,
    151.72595085095));
#4412 = CARTESIAN_POINT('',(115.33472134674,33.584464140614,
    150.97275649718));
#4413 = PCURVE('',#1939,#4414);
#4414 = DEFINITIONAL_REPRESENTATION('',(#4415),#4419);
#4415 = LINE('',#4416,#4417);
#4416 = CARTESIAN_POINT('',(1.000000000001,-7.549516567451E-14));
#4417 = VECTOR('',#4418,1.);
#4418 = DIRECTION('',(-3.152278517609E-13,1.));
#4419 = ( GEOMETRIC_REPRESENTATION_CONTEXT(2) 
PARAMETRIC_REPRESENTATION_CONTEXT() REPRESENTATION_CONTEXT('2D SPACE',''
  ) );
#4420 = PCURVE('',#208,#4421);
#4421 = DEFINITIONAL_REPRESENTATION('',(#4422),#4448);
#4422 = B_SPLINE_CURVE_WITH_KNOTS('',3,(#4423,#4424,#4425,#4426,#4427,
    #4428,#4429,#4430,#4431,#4432,#4433,#4434,#4435,#4436,#4437,#4438,
    #4439,#4440,#4441,#4442,#4443,#4444,#4445,#4446,#4447),
  .UNSPECIFIED.,.F.,.F.,(4,1,1,1,1,1,1,1,1,1,1,1,1,1,1,1,1,1,1,1,1,1,4),
  (2.82507524461,2.846078992738,2.867082740866,2.888086488995,
    2.909090237123,2.930093985251,2.951097733379,2.972101481508,
    2.993105229636,3.014108977764,3.035112725892,3.056116474021,
    3.077120222149,3.098123970277,3.119127718406,3.140131466534,
    3.161135214662,3.18213896279,3.203142710919,3.224146459047,
    3.245150207175,3.266153955303,3.287157703432),
  .QUASI_UNIFORM_KNOTS.);
#4423 = CARTESIAN_POINT('',(-8.086214147358E-06,0.986265966149));
#4424 = CARTESIAN_POINT('',(1.539362522991E-02,0.986238869315));
#4425 = CARTESIAN_POINT('',(4.617382569148E-02,0.98618310318));
#4426 = CARTESIAN_POINT('',(9.227413550986E-02,0.98609553882));
#4427 = CARTESIAN_POINT('',(0.138303755118,0.986004953223));
#4428 = CARTESIAN_POINT('',(0.184263300276,0.985911919437));
#4429 = CARTESIAN_POINT('',(0.230154566399,0.985816561365));
#4430 = CARTESIAN_POINT('',(0.275978734311,0.985719090906));
#4431 = CARTESIAN_POINT('',(0.321736756301,0.985619699747));
#4432 = CARTESIAN_POINT('',(0.367429268563,0.98551859103));
#4433 = CARTESIAN_POINT('',(0.413056630073,0.985415973303));
#4434 = CARTESIAN_POINT('',(0.4586189275,0.985312064341));
#4435 = CARTESIAN_POINT('',(0.504115989486,0.985207092065));
#4436 = CARTESIAN_POINT('',(0.549547398997,0.985101295975));
#4437 = CARTESIAN_POINT('',(0.594912507053,0.984994928178));
#4438 = CARTESIAN_POINT('',(0.640210447207,0.984888254234));
#4439 = CARTESIAN_POINT('',(0.685440151125,0.984781553775));
#4440 = CARTESIAN_POINT('',(0.730600365319,0.984675120897));
#4441 = CARTESIAN_POINT('',(0.775689669147,0.984569264319));
#4442 = CARTESIAN_POINT('',(0.820706493949,0.98446430738));
#4443 = CARTESIAN_POINT('',(0.865649143873,0.984360587683));
#4444 = CARTESIAN_POINT('',(0.910515816127,0.984258457093));
#4445 = CARTESIAN_POINT('',(0.955304628808,0.984158279636));
#4446 = CARTESIAN_POINT('',(0.98511062644,0.984093050869));
#4447 = CARTESIAN_POINT('',(1.,0.98406088825));
#4448 = ( GEOMETRIC_REPRESENTATION_CONTEXT(2) 
PARAMETRIC_REPRESENTATION_CONTEXT() REPRESENTATION_CONTEXT('2D SPACE',''
  ) );
#4449 = ADVANCED_FACE('',(#4450),#208,.T.);
#4450 = FACE_BOUND('',#4451,.T.);
#4451 = EDGE_LOOP('',(#4452,#4453,#4454,#4455));
#4452 = ORIENTED_EDGE('',*,*,#193,.F.);
#4453 = ORIENTED_EDGE('',*,*,#1073,.T.);
#4454 = ORIENTED_EDGE('',*,*,#4405,.F.);
#4455 = ORIENTED_EDGE('',*,*,#4456,.F.);
#4456 = EDGE_CURVE('',#40,#4065,#4457,.T.);
#4457 = SURFACE_CURVE('',#4458,(#4462,#4468),.PCURVE_S1.);
#4458 = LINE('',#4459,#4460);
#4459 = CARTESIAN_POINT('',(136.,53.360213540822,156.73060775275));
#4460 = VECTOR('',#4461,1.);
#4461 = DIRECTION('',(-0.716043541221,-0.689370841203,-0.109770170698));
#4462 = PCURVE('',#208,#4463);
#4463 = DEFINITIONAL_REPRESENTATION('',(#4464),#4467);
#4464 = B_SPLINE_CURVE_WITH_KNOTS('',1,(#4465,#4466),.UNSPECIFIED.,.F.,
  .F.,(2,2),(3.152828770225,28.925241136643),.PIECEWISE_BEZIER_KNOTS.);
#4465 = CARTESIAN_POINT('',(1.559693713053E-14,0.107502984643));
#4466 = CARTESIAN_POINT('',(-3.526175143248E-14,0.986272956864));
#4467 = ( GEOMETRIC_REPRESENTATION_CONTEXT(2) 
PARAMETRIC_REPRESENTATION_CONTEXT() REPRESENTATION_CONTEXT('2D SPACE',''
  ) );
#4468 = PCURVE('',#841,#4469);
#4469 = DEFINITIONAL_REPRESENTATION('',(#4470),#4473);
#4470 = B_SPLINE_CURVE_WITH_KNOTS('',1,(#4471,#4472),.UNSPECIFIED.,.F.,
  .F.,(2,2),(3.152828770225,28.925241136643),.PIECEWISE_BEZIER_KNOTS.);
#4471 = CARTESIAN_POINT('',(0.999999997052,0.107502983159));
#4472 = CARTESIAN_POINT('',(1.000000008487,0.986272957976));
#4473 = ( GEOMETRIC_REPRESENTATION_CONTEXT(2) 
PARAMETRIC_REPRESENTATION_CONTEXT() REPRESENTATION_CONTEXT('2D SPACE',''
  ) );
#4474 = ADVANCED_FACE('',(#4475),#841,.T.);
#4475 = FACE_BOUND('',#4476,.T.);
#4476 = EDGE_LOOP('',(#4477,#4478,#4479,#4480,#4481,#4482,#4483,#4502));
#4477 = ORIENTED_EDGE('',*,*,#2243,.F.);
#4478 = ORIENTED_EDGE('',*,*,#2097,.F.);
#4479 = ORIENTED_EDGE('',*,*,#896,.F.);
#4480 = ORIENTED_EDGE('',*,*,#803,.T.);
#4481 = ORIENTED_EDGE('',*,*,#4456,.T.);
#4482 = ORIENTED_EDGE('',*,*,#4064,.F.);
#4483 = ORIENTED_EDGE('',*,*,#4484,.F.);
#4484 = EDGE_CURVE('',#2292,#3913,#4485,.T.);
#4485 = SURFACE_CURVE('',#4486,(#4490,#4496),.PCURVE_S1.);
#4486 = LINE('',#4487,#4488);
#4487 = CARTESIAN_POINT('',(136.,28.749530111899,159.15223568602));
#4488 = VECTOR('',#4489,1.);
#4489 = DIRECTION('',(-0.973499019588,-0.181350821399,-0.139325297198));
#4490 = PCURVE('',#841,#4491);
#4491 = DEFINITIONAL_REPRESENTATION('',(#4492),#4495);
#4492 = B_SPLINE_CURVE_WITH_KNOTS('',1,(#4493,#4494),.UNSPECIFIED.,.F.,
  .F.,(2,2),(0.403961183502,21.160793354094),.PIECEWISE_BEZIER_KNOTS.);
#4493 = CARTESIAN_POINT('',(-1.475859256737E-15,1.872646743291E-02));
#4494 = CARTESIAN_POINT('',(2.158264835459E-14,0.980952932567));
#4495 = ( GEOMETRIC_REPRESENTATION_CONTEXT(2) 
PARAMETRIC_REPRESENTATION_CONTEXT() REPRESENTATION_CONTEXT('2D SPACE',''
  ) );
#4496 = PCURVE('',#2342,#4497);
#4497 = DEFINITIONAL_REPRESENTATION('',(#4498),#4501);
#4498 = B_SPLINE_CURVE_WITH_KNOTS('',1,(#4499,#4500),.UNSPECIFIED.,.F.,
  .F.,(2,2),(0.403961183502,21.160793354094),.PIECEWISE_BEZIER_KNOTS.);
#4499 = CARTESIAN_POINT('',(1.,1.872646743288E-02));
#4500 = CARTESIAN_POINT('',(1.,0.980952932567));
#4501 = ( GEOMETRIC_REPRESENTATION_CONTEXT(2) 
PARAMETRIC_REPRESENTATION_CONTEXT() REPRESENTATION_CONTEXT('2D SPACE',''
  ) );
#4502 = ORIENTED_EDGE('',*,*,#2528,.F.);
#4503 = ADVANCED_FACE('',(#4504),#2342,.T.);
#4504 = FACE_BOUND('',#4505,.T.);
#4505 = EDGE_LOOP('',(#4506,#4507,#4508,#4509));
#4506 = ORIENTED_EDGE('',*,*,#2291,.F.);
#4507 = ORIENTED_EDGE('',*,*,#4484,.T.);
#4508 = ORIENTED_EDGE('',*,*,#3988,.F.);
#4509 = ORIENTED_EDGE('',*,*,#4510,.F.);
#4510 = EDGE_CURVE('',#2294,#1980,#4511,.T.);
#4511 = SURFACE_CURVE('',#4512,(#4516,#4522),.PCURVE_S1.);
#4512 = LINE('',#4513,#4514);
#4513 = CARTESIAN_POINT('',(136.,24.211259361895,145.44617437315));
#4514 = VECTOR('',#4515,1.);
#4515 = DIRECTION('',(-0.978244417253,-5.510233687352E-02,0.20000398142)
  );
#4516 = PCURVE('',#2342,#4517);
#4517 = DEFINITIONAL_REPRESENTATION('',(#4518),#4521);
#4518 = B_SPLINE_CURVE_WITH_KNOTS('',1,(#4519,#4520),.UNSPECIFIED.,.F.,
  .F.,(2,2),(0.367082876425,21.058281604038),.PIECEWISE_BEZIER_KNOTS.);
#4519 = CARTESIAN_POINT('',(-1.851316752591E-15,1.709984640626E-02));
#4520 = CARTESIAN_POINT('',(1.685687226286E-14,0.980959353148));
#4521 = ( GEOMETRIC_REPRESENTATION_CONTEXT(2) 
PARAMETRIC_REPRESENTATION_CONTEXT() REPRESENTATION_CONTEXT('2D SPACE',''
  ) );
#4522 = PCURVE('',#479,#4523);
#4523 = DEFINITIONAL_REPRESENTATION('',(#4524),#4527);
#4524 = B_SPLINE_CURVE_WITH_KNOTS('',1,(#4525,#4526),.UNSPECIFIED.,.F.,
  .F.,(2,2),(0.367082876425,21.058281604038),.PIECEWISE_BEZIER_KNOTS.);
#4525 = CARTESIAN_POINT('',(1.,1.709984640629E-02));
#4526 = CARTESIAN_POINT('',(1.,0.980959353148));
#4527 = ( GEOMETRIC_REPRESENTATION_CONTEXT(2) 
PARAMETRIC_REPRESENTATION_CONTEXT() REPRESENTATION_CONTEXT('2D SPACE',''
  ) );
#4528 = ADVANCED_FACE('',(#4529,#4536),#1911,.F.);
#4529 = FACE_BOUND('',#4530,.T.);
#4530 = EDGE_LOOP('',(#4531,#4532,#4533,#4534,#4535));
#4531 = ORIENTED_EDGE('',*,*,#3962,.F.);
#4532 = ORIENTED_EDGE('',*,*,#4036,.F.);
#4533 = ORIENTED_EDGE('',*,*,#4375,.F.);
#4534 = ORIENTED_EDGE('',*,*,#1892,.F.);
#4535 = ORIENTED_EDGE('',*,*,#2068,.F.);
#4536 = FACE_BOUND('',#4537,.T.);
#4537 = EDGE_LOOP('',(#4538));
#4538 = ORIENTED_EDGE('',*,*,#4539,.F.);
#4539 = EDGE_CURVE('',#4540,#4540,#4542,.T.);
#4540 = VERTEX_POINT('',#4541);
#4541 = CARTESIAN_POINT('',(115.,31.524888708118,151.78780123143));
#4542 = SURFACE_CURVE('',#4543,(#4548,#4559),.PCURVE_S1.);
#4543 = CIRCLE('',#4544,3.5);
#4544 = AXIS2_PLACEMENT_3D('',#4545,#4546,#4547);
#4545 = CARTESIAN_POINT('',(115.,28.024888708118,151.78780123143));
#4546 = DIRECTION('',(-1.,-8.983235139772E-30,-3.625512352548E-30));
#4547 = DIRECTION('',(8.983235139772E-30,-1.,3.256882996508E-59));
#4548 = PCURVE('',#1911,#4549);
#4549 = DEFINITIONAL_REPRESENTATION('',(#4550),#4558);
#4550 = ( BOUNDED_CURVE() B_SPLINE_CURVE(2,(#4551,#4552,#4553,#4554,
#4555,#4556,#4557),.UNSPECIFIED.,.T.,.F.) B_SPLINE_CURVE_WITH_KNOTS((1,2
    ,2,2,2,1),(-2.094395102393,0.,2.094395102393,4.188790204786,
6.28318530718,8.377580409573),.UNSPECIFIED.) CURVE() 
GEOMETRIC_REPRESENTATION_ITEM() RATIONAL_B_SPLINE_CURVE((1.,0.5,1.,0.5,
1.,0.5,1.)) REPRESENTATION_ITEM('') );
#4551 = CARTESIAN_POINT('',(-9.648117153006E-03,-3.485286155117));
#4552 = CARTESIAN_POINT('',(-6.071825943644,-3.485286155117));
#4553 = CARTESIAN_POINT('',(-3.040737030399,1.764713844883));
#4554 = CARTESIAN_POINT('',(-9.648117153007E-03,7.014713844883));
#4555 = CARTESIAN_POINT('',(3.021440796093,1.764713844883));
#4556 = CARTESIAN_POINT('',(6.052529709338,-3.485286155117));
#4557 = CARTESIAN_POINT('',(-9.648117153006E-03,-3.485286155117));
#4558 = ( GEOMETRIC_REPRESENTATION_CONTEXT(2) 
PARAMETRIC_REPRESENTATION_CONTEXT() REPRESENTATION_CONTEXT('2D SPACE',''
  ) );
#4559 = PCURVE('',#4560,#4565);
#4560 = CONICAL_SURFACE('',#4561,3.3,0.785398163397);
#4561 = AXIS2_PLACEMENT_3D('',#4562,#4563,#4564);
#4562 = CARTESIAN_POINT('',(115.2,28.024888708118,151.78780123143));
#4563 = DIRECTION('',(-1.,0.,0.));
#4564 = DIRECTION('',(0.,-1.,1.727134922391E-59));
#4565 = DEFINITIONAL_REPRESENTATION('',(#4566),#4570);
#4566 = LINE('',#4567,#4568);
#4567 = CARTESIAN_POINT('',(0.,0.2));
#4568 = VECTOR('',#4569,1.);
#4569 = DIRECTION('',(1.,0.));
#4570 = ( GEOMETRIC_REPRESENTATION_CONTEXT(2) 
PARAMETRIC_REPRESENTATION_CONTEXT() REPRESENTATION_CONTEXT('2D SPACE',''
  ) );
#4571 = ADVANCED_FACE('',(#4572),#4560,.F.);
#4572 = FACE_BOUND('',#4573,.F.);
#4573 = EDGE_LOOP('',(#4574,#4597,#4624,#4625));
#4574 = ORIENTED_EDGE('',*,*,#4575,.T.);
#4575 = EDGE_CURVE('',#4540,#4576,#4578,.T.);
#4576 = VERTEX_POINT('',#4577);
#4577 = CARTESIAN_POINT('',(115.4,31.124888708119,151.78780123143));
#4578 = SEAM_CURVE('',#4579,(#4583,#4590),.PCURVE_S1.);
#4579 = LINE('',#4580,#4581);
#4580 = CARTESIAN_POINT('',(115.2,31.324888708119,151.78780123143));
#4581 = VECTOR('',#4582,1.);
#4582 = DIRECTION('',(0.707106781187,-0.707106781187,8.659560562355E-17)
  );
#4583 = PCURVE('',#4560,#4584);
#4584 = DEFINITIONAL_REPRESENTATION('',(#4585),#4589);
#4585 = LINE('',#4586,#4587);
#4586 = CARTESIAN_POINT('',(3.14159265359,2.198129442157E-15));
#4587 = VECTOR('',#4588,1.);
#4588 = DIRECTION('',(0.,-1.));
#4589 = ( GEOMETRIC_REPRESENTATION_CONTEXT(2) 
PARAMETRIC_REPRESENTATION_CONTEXT() REPRESENTATION_CONTEXT('2D SPACE',''
  ) );
#4590 = PCURVE('',#4560,#4591);
#4591 = DEFINITIONAL_REPRESENTATION('',(#4592),#4596);
#4592 = LINE('',#4593,#4594);
#4593 = CARTESIAN_POINT('',(9.424777960769,2.198129442157E-15));
#4594 = VECTOR('',#4595,1.);
#4595 = DIRECTION('',(0.,-1.));
#4596 = ( GEOMETRIC_REPRESENTATION_CONTEXT(2) 
PARAMETRIC_REPRESENTATION_CONTEXT() REPRESENTATION_CONTEXT('2D SPACE',''
  ) );
#4597 = ORIENTED_EDGE('',*,*,#4598,.F.);
#4598 = EDGE_CURVE('',#4576,#4576,#4599,.T.);
#4599 = SURFACE_CURVE('',#4600,(#4605,#4612),.PCURVE_S1.);
#4600 = CIRCLE('',#4601,3.1);
#4601 = AXIS2_PLACEMENT_3D('',#4602,#4603,#4604);
#4602 = CARTESIAN_POINT('',(115.4,28.024888708118,151.78780123143));
#4603 = DIRECTION('',(1.,8.983235139772E-30,3.625512352548E-30));
#4604 = DIRECTION('',(8.983235139772E-30,-1.,3.256882996508E-59));
#4605 = PCURVE('',#4560,#4606);
#4606 = DEFINITIONAL_REPRESENTATION('',(#4607),#4611);
#4607 = LINE('',#4608,#4609);
#4608 = CARTESIAN_POINT('',(12.566370614359,-0.2));
#4609 = VECTOR('',#4610,1.);
#4610 = DIRECTION('',(-1.,0.));
#4611 = ( GEOMETRIC_REPRESENTATION_CONTEXT(2) 
PARAMETRIC_REPRESENTATION_CONTEXT() REPRESENTATION_CONTEXT('2D SPACE',''
  ) );
#4612 = PCURVE('',#4613,#4618);
#4613 = CYLINDRICAL_SURFACE('',#4614,3.1);
#4614 = AXIS2_PLACEMENT_3D('',#4615,#4616,#4617);
#4615 = CARTESIAN_POINT('',(115.,28.024888708118,151.78780123143));
#4616 = DIRECTION('',(1.,0.,0.));
#4617 = DIRECTION('',(0.,-1.,0.));
#4618 = DEFINITIONAL_REPRESENTATION('',(#4619),#4623);
#4619 = LINE('',#4620,#4621);
#4620 = CARTESIAN_POINT('',(0.,0.4));
#4621 = VECTOR('',#4622,1.);
#4622 = DIRECTION('',(1.,0.));
#4623 = ( GEOMETRIC_REPRESENTATION_CONTEXT(2) 
PARAMETRIC_REPRESENTATION_CONTEXT() REPRESENTATION_CONTEXT('2D SPACE',''
  ) );
#4624 = ORIENTED_EDGE('',*,*,#4575,.F.);
#4625 = ORIENTED_EDGE('',*,*,#4539,.F.);
#4626 = ADVANCED_FACE('',(#4627),#4613,.F.);
#4627 = FACE_BOUND('',#4628,.F.);
#4628 = EDGE_LOOP('',(#4629,#4652,#4683,#4684));
#4629 = ORIENTED_EDGE('',*,*,#4630,.T.);
#4630 = EDGE_CURVE('',#4576,#4631,#4633,.T.);
#4631 = VERTEX_POINT('',#4632);
#4632 = CARTESIAN_POINT('',(122.,31.124888708119,151.78780123143));
#4633 = SEAM_CURVE('',#4634,(#4638,#4645),.PCURVE_S1.);
#4634 = LINE('',#4635,#4636);
#4635 = CARTESIAN_POINT('',(115.,31.124888708119,151.78780123143));
#4636 = VECTOR('',#4637,1.);
#4637 = DIRECTION('',(1.,0.,0.));
#4638 = PCURVE('',#4613,#4639);
#4639 = DEFINITIONAL_REPRESENTATION('',(#4640),#4644);
#4640 = LINE('',#4641,#4642);
#4641 = CARTESIAN_POINT('',(9.424777960769,0.));
#4642 = VECTOR('',#4643,1.);
#4643 = DIRECTION('',(0.,1.));
#4644 = ( GEOMETRIC_REPRESENTATION_CONTEXT(2) 
PARAMETRIC_REPRESENTATION_CONTEXT() REPRESENTATION_CONTEXT('2D SPACE',''
  ) );
#4645 = PCURVE('',#4613,#4646);
#4646 = DEFINITIONAL_REPRESENTATION('',(#4647),#4651);
#4647 = LINE('',#4648,#4649);
#4648 = CARTESIAN_POINT('',(3.14159265359,0.));
#4649 = VECTOR('',#4650,1.);
#4650 = DIRECTION('',(0.,1.));
#4651 = ( GEOMETRIC_REPRESENTATION_CONTEXT(2) 
PARAMETRIC_REPRESENTATION_CONTEXT() REPRESENTATION_CONTEXT('2D SPACE',''
  ) );
#4652 = ORIENTED_EDGE('',*,*,#4653,.F.);
#4653 = EDGE_CURVE('',#4631,#4631,#4654,.T.);
#4654 = SURFACE_CURVE('',#4655,(#4660,#4667),.PCURVE_S1.);
#4655 = CIRCLE('',#4656,3.1);
#4656 = AXIS2_PLACEMENT_3D('',#4657,#4658,#4659);
#4657 = CARTESIAN_POINT('',(122.,28.024888708118,151.78780123143));
#4658 = DIRECTION('',(1.,2.775557561563E-17,-5.551115123126E-17));
#4659 = DIRECTION('',(2.775557561563E-17,-1.,0.));
#4660 = PCURVE('',#4613,#4661);
#4661 = DEFINITIONAL_REPRESENTATION('',(#4662),#4666);
#4662 = LINE('',#4663,#4664);
#4663 = CARTESIAN_POINT('',(0.,7.));
#4664 = VECTOR('',#4665,1.);
#4665 = DIRECTION('',(1.,0.));
#4666 = ( GEOMETRIC_REPRESENTATION_CONTEXT(2) 
PARAMETRIC_REPRESENTATION_CONTEXT() REPRESENTATION_CONTEXT('2D SPACE',''
  ) );
#4667 = PCURVE('',#4668,#4673);
#4668 = PLANE('',#4669);
#4669 = AXIS2_PLACEMENT_3D('',#4670,#4671,#4672);
#4670 = CARTESIAN_POINT('',(122.,28.024888708118,151.78780123143));
#4671 = DIRECTION('',(-1.,-2.775557561563E-17,5.551115123126E-17));
#4672 = DIRECTION('',(2.775557561563E-17,-1.,0.));
#4673 = DEFINITIONAL_REPRESENTATION('',(#4674),#4682);
#4674 = ( BOUNDED_CURVE() B_SPLINE_CURVE(2,(#4675,#4676,#4677,#4678,
#4679,#4680,#4681),.UNSPECIFIED.,.T.,.F.) B_SPLINE_CURVE_WITH_KNOTS((1,2
    ,2,2,2,1),(-2.094395102393,0.,2.094395102393,4.188790204786,
6.28318530718,8.377580409573),.UNSPECIFIED.) CURVE() 
GEOMETRIC_REPRESENTATION_ITEM() RATIONAL_B_SPLINE_CURVE((1.,0.5,1.,0.5,
1.,0.5,1.)) REPRESENTATION_ITEM('') );
#4675 = CARTESIAN_POINT('',(3.1,0.));
#4676 = CARTESIAN_POINT('',(3.1,-5.369357503464));
#4677 = CARTESIAN_POINT('',(-1.55,-2.684678751732));
#4678 = CARTESIAN_POINT('',(-6.2,-7.592810154714E-16));
#4679 = CARTESIAN_POINT('',(-1.55,2.684678751732));
#4680 = CARTESIAN_POINT('',(3.1,5.369357503464));
#4681 = CARTESIAN_POINT('',(3.1,0.));
#4682 = ( GEOMETRIC_REPRESENTATION_CONTEXT(2) 
PARAMETRIC_REPRESENTATION_CONTEXT() REPRESENTATION_CONTEXT('2D SPACE',''
  ) );
#4683 = ORIENTED_EDGE('',*,*,#4630,.F.);
#4684 = ORIENTED_EDGE('',*,*,#4598,.T.);
#4685 = ADVANCED_FACE('',(#4686,#4689),#4668,.T.);
#4686 = FACE_BOUND('',#4687,.T.);
#4687 = EDGE_LOOP('',(#4688));
#4688 = ORIENTED_EDGE('',*,*,#4653,.F.);
#4689 = FACE_BOUND('',#4690,.T.);
#4690 = EDGE_LOOP('',(#4691));
#4691 = ORIENTED_EDGE('',*,*,#4692,.F.);
#4692 = EDGE_CURVE('',#4693,#4693,#4695,.T.);
#4693 = VERTEX_POINT('',#4694);
#4694 = CARTESIAN_POINT('',(122.,25.274888708118,151.78780123143));
#4695 = SURFACE_CURVE('',#4696,(#4701,#4708),.PCURVE_S1.);
#4696 = CIRCLE('',#4697,2.75);
#4697 = AXIS2_PLACEMENT_3D('',#4698,#4699,#4700);
#4698 = CARTESIAN_POINT('',(122.,28.024888708118,151.78780123143));
#4699 = DIRECTION('',(-1.,-2.775557561563E-17,5.551115123126E-17));
#4700 = DIRECTION('',(-2.775557561563E-17,1.,-1.168256405826E-33));
#4701 = PCURVE('',#4668,#4702);
#4702 = DEFINITIONAL_REPRESENTATION('',(#4703),#4707);
#4703 = CIRCLE('',#4704,2.75);
#4704 = AXIS2_PLACEMENT_2D('',#4705,#4706);
#4705 = CARTESIAN_POINT('',(0.,0.));
#4706 = DIRECTION('',(-1.,-1.168256405826E-33));
#4707 = ( GEOMETRIC_REPRESENTATION_CONTEXT(2) 
PARAMETRIC_REPRESENTATION_CONTEXT() REPRESENTATION_CONTEXT('2D SPACE',''
  ) );
#4708 = PCURVE('',#3801,#4709);
#4709 = DEFINITIONAL_REPRESENTATION('',(#4710),#4714);
#4710 = LINE('',#4711,#4712);
#4711 = CARTESIAN_POINT('',(0.,23.));
#4712 = VECTOR('',#4713,1.);
#4713 = DIRECTION('',(1.,0.));
#4714 = ( GEOMETRIC_REPRESENTATION_CONTEXT(2) 
PARAMETRIC_REPRESENTATION_CONTEXT() REPRESENTATION_CONTEXT('2D SPACE',''
  ) );
#4715 = ADVANCED_FACE('',(#4716),#3801,.F.);
#4716 = FACE_BOUND('',#4717,.F.);
#4717 = EDGE_LOOP('',(#4718,#4739,#4740,#4741));
#4718 = ORIENTED_EDGE('',*,*,#4719,.T.);
#4719 = EDGE_CURVE('',#3781,#4693,#4720,.T.);
#4720 = SEAM_CURVE('',#4721,(#4725,#4732),.PCURVE_S1.);
#4721 = LINE('',#4722,#4723);
#4722 = CARTESIAN_POINT('',(145.,25.274888708118,151.78780123143));
#4723 = VECTOR('',#4724,1.);
#4724 = DIRECTION('',(-1.,-4.880101207144E-17,0.));
#4725 = PCURVE('',#3801,#4726);
#4726 = DEFINITIONAL_REPRESENTATION('',(#4727),#4731);
#4727 = LINE('',#4728,#4729);
#4728 = CARTESIAN_POINT('',(9.424777960769,0.));
#4729 = VECTOR('',#4730,1.);
#4730 = DIRECTION('',(0.,1.));
#4731 = ( GEOMETRIC_REPRESENTATION_CONTEXT(2) 
PARAMETRIC_REPRESENTATION_CONTEXT() REPRESENTATION_CONTEXT('2D SPACE',''
  ) );
#4732 = PCURVE('',#3801,#4733);
#4733 = DEFINITIONAL_REPRESENTATION('',(#4734),#4738);
#4734 = LINE('',#4735,#4736);
#4735 = CARTESIAN_POINT('',(3.14159265359,0.));
#4736 = VECTOR('',#4737,1.);
#4737 = DIRECTION('',(0.,1.));
#4738 = ( GEOMETRIC_REPRESENTATION_CONTEXT(2) 
PARAMETRIC_REPRESENTATION_CONTEXT() REPRESENTATION_CONTEXT('2D SPACE',''
  ) );
#4739 = ORIENTED_EDGE('',*,*,#4692,.F.);
#4740 = ORIENTED_EDGE('',*,*,#4719,.F.);
#4741 = ORIENTED_EDGE('',*,*,#3780,.T.);
#4742 = ADVANCED_FACE('',(#4743),#479,.T.);
#4743 = FACE_BOUND('',#4744,.T.);
#4744 = EDGE_LOOP('',(#4745,#4746,#4747,#4748,#4749,#4750,#4751));
#4745 = ORIENTED_EDGE('',*,*,#2996,.F.);
#4746 = ORIENTED_EDGE('',*,*,#2671,.F.);
#4747 = ORIENTED_EDGE('',*,*,#2719,.F.);
#4748 = ORIENTED_EDGE('',*,*,#4510,.T.);
#4749 = ORIENTED_EDGE('',*,*,#1979,.F.);
#4750 = ORIENTED_EDGE('',*,*,#1213,.F.);
#4751 = ORIENTED_EDGE('',*,*,#432,.F.);
#4752 = ADVANCED_FACE('',(#4753),#4768,.T.);
#4753 = FACE_BOUND('',#4754,.T.);
#4754 = EDGE_LOOP('',(#4755,#4791,#4819,#4852));
#4755 = ORIENTED_EDGE('',*,*,#4756,.F.);
#4756 = EDGE_CURVE('',#4757,#4759,#4761,.T.);
#4757 = VERTEX_POINT('',#4758);
#4758 = CARTESIAN_POINT('',(128.,-94.47854838991,56.855358893186));
#4759 = VERTEX_POINT('',#4760);
#4760 = CARTESIAN_POINT('',(128.,-73.11754753117,55.334553320716));
#4761 = SURFACE_CURVE('',#4762,(#4767,#4779),.PCURVE_S1.);
#4762 = CIRCLE('',#4763,78.000000001594);
#4763 = AXIS2_PLACEMENT_3D('',#4764,#4765,#4766);
#4764 = CARTESIAN_POINT('',(128.,-78.31126629444,133.16144639539));
#4765 = DIRECTION('',(1.,2.775557561563E-17,-5.551115123126E-17));
#4766 = DIRECTION('',(-4.572329746966E-17,-0.27533899517,-0.961347199371
    ));
#4767 = PCURVE('',#4768,#4773);
#4768 = CYLINDRICAL_SURFACE('',#4769,78.000000001594);
#4769 = AXIS2_PLACEMENT_3D('',#4770,#4771,#4772);
#4770 = CARTESIAN_POINT('',(128.,-78.31126629444,133.16144639539));
#4771 = DIRECTION('',(-1.,0.,0.));
#4772 = DIRECTION('',(-0.,-0.27533899517,-0.961347199371));
#4773 = DEFINITIONAL_REPRESENTATION('',(#4774),#4778);
#4774 = LINE('',#4775,#4776);
#4775 = CARTESIAN_POINT('',(6.28318530718,0.));
#4776 = VECTOR('',#4777,1.);
#4777 = DIRECTION('',(-1.,0.));
#4778 = ( GEOMETRIC_REPRESENTATION_CONTEXT(2) 
PARAMETRIC_REPRESENTATION_CONTEXT() REPRESENTATION_CONTEXT('2D SPACE',''
  ) );
#4779 = PCURVE('',#4780,#4785);
#4780 = PLANE('',#4781);
#4781 = AXIS2_PLACEMENT_3D('',#4782,#4783,#4784);
#4782 = CARTESIAN_POINT('',(128.,-25.40711148114,78.598176664929));
#4783 = DIRECTION('',(1.,2.775557561563E-17,-5.551115123126E-17));
#4784 = DIRECTION('',(2.775557561563E-17,-1.,0.));
#4785 = DEFINITIONAL_REPRESENTATION('',(#4786),#4790);
#4786 = CIRCLE('',#4787,78.000000001594);
#4787 = AXIS2_PLACEMENT_2D('',#4788,#4789);
#4788 = CARTESIAN_POINT('',(52.9041548133,-54.56326973046));
#4789 = DIRECTION('',(0.27533899517,0.961347199371));
#4790 = ( GEOMETRIC_REPRESENTATION_CONTEXT(2) 
PARAMETRIC_REPRESENTATION_CONTEXT() REPRESENTATION_CONTEXT('2D SPACE',''
  ) );
#4791 = ORIENTED_EDGE('',*,*,#4792,.T.);
#4792 = EDGE_CURVE('',#4757,#4793,#4795,.T.);
#4793 = VERTEX_POINT('',#4794);
#4794 = CARTESIAN_POINT('',(125.6,-94.47854838991,56.855358893186));
#4795 = SURFACE_CURVE('',#4796,(#4800,#4807),.PCURVE_S1.);
#4796 = LINE('',#4797,#4798);
#4797 = CARTESIAN_POINT('',(128.,-94.47854838991,56.855358893186));
#4798 = VECTOR('',#4799,1.);
#4799 = DIRECTION('',(-1.,0.,0.));
#4800 = PCURVE('',#4768,#4801);
#4801 = DEFINITIONAL_REPRESENTATION('',(#4802),#4806);
#4802 = LINE('',#4803,#4804);
#4803 = CARTESIAN_POINT('',(6.213029437401,0.));
#4804 = VECTOR('',#4805,1.);
#4805 = DIRECTION('',(0.,1.));
#4806 = ( GEOMETRIC_REPRESENTATION_CONTEXT(2) 
PARAMETRIC_REPRESENTATION_CONTEXT() REPRESENTATION_CONTEXT('2D SPACE',''
  ) );
#4807 = PCURVE('',#4808,#4813);
#4808 = CYLINDRICAL_SURFACE('',#4809,2.);
#4809 = AXIS2_PLACEMENT_3D('',#4810,#4811,#4812);
#4810 = CARTESIAN_POINT('',(128.,-94.06400269517,58.811925239357));
#4811 = DIRECTION('',(-1.,0.,0.));
#4812 = DIRECTION('',(-0.,-1.,-7.703719777548E-34));
#4813 = DEFINITIONAL_REPRESENTATION('',(#4814),#4818);
#4814 = LINE('',#4815,#4816);
#4815 = CARTESIAN_POINT('',(-1.362009886861,0.));
#4816 = VECTOR('',#4817,1.);
#4817 = DIRECTION('',(0.,1.));
#4818 = ( GEOMETRIC_REPRESENTATION_CONTEXT(2) 
PARAMETRIC_REPRESENTATION_CONTEXT() REPRESENTATION_CONTEXT('2D SPACE',''
  ) );
#4819 = ORIENTED_EDGE('',*,*,#4820,.F.);
#4820 = EDGE_CURVE('',#4821,#4793,#4823,.T.);
#4821 = VERTEX_POINT('',#4822);
#4822 = CARTESIAN_POINT('',(125.6,-73.11754753117,55.334553320716));
#4823 = SURFACE_CURVE('',#4824,(#4829,#4836),.PCURVE_S1.);
#4824 = CIRCLE('',#4825,78.000000001594);
#4825 = AXIS2_PLACEMENT_3D('',#4826,#4827,#4828);
#4826 = CARTESIAN_POINT('',(125.6,-78.31126629444,133.16144639539));
#4827 = DIRECTION('',(-1.,-2.775557561563E-17,5.551115123126E-17));
#4828 = DIRECTION('',(-4.572329746966E-17,-0.27533899517,-0.961347199371
    ));
#4829 = PCURVE('',#4768,#4830);
#4830 = DEFINITIONAL_REPRESENTATION('',(#4831),#4835);
#4831 = LINE('',#4832,#4833);
#4832 = CARTESIAN_POINT('',(0.,2.4));
#4833 = VECTOR('',#4834,1.);
#4834 = DIRECTION('',(1.,0.));
#4835 = ( GEOMETRIC_REPRESENTATION_CONTEXT(2) 
PARAMETRIC_REPRESENTATION_CONTEXT() REPRESENTATION_CONTEXT('2D SPACE',''
  ) );
#4836 = PCURVE('',#4837,#4842);
#4837 = PLANE('',#4838);
#4838 = AXIS2_PLACEMENT_3D('',#4839,#4840,#4841);
#4839 = CARTESIAN_POINT('',(125.6,-83.65736125116,57.986685816576));
#4840 = DIRECTION('',(1.,2.775557561563E-17,-5.551115123126E-17));
#4841 = DIRECTION('',(2.775557561563E-17,-1.,-7.703719777548E-34));
#4842 = DEFINITIONAL_REPRESENTATION('',(#4843),#4851);
#4843 = ( BOUNDED_CURVE() B_SPLINE_CURVE(2,(#4844,#4845,#4846,#4847,
#4848,#4849,#4850),.UNSPECIFIED.,.T.,.F.) B_SPLINE_CURVE_WITH_KNOTS((1,2
    ,2,2,2,1),(-2.094395102393,0.,2.094395102393,4.188790204786,
6.28318530718,8.377580409573),.UNSPECIFIED.) CURVE() 
GEOMETRIC_REPRESENTATION_ITEM() RATIONAL_B_SPLINE_CURVE((1.,0.5,1.,0.5,
1.,0.5,1.)) REPRESENTATION_ITEM('') );
#4844 = CARTESIAN_POINT('',(16.130346667008,-0.189679026339));
#4845 = CARTESIAN_POINT('',(146.00831772559,-37.38796708442));
#4846 = CARTESIAN_POINT('',(48.854669760708,-131.266445384));
#4847 = CARTESIAN_POINT('',(-48.29897820417,-225.1449236837));
#4848 = CARTESIAN_POINT('',(-81.02330129787,-94.06815732601));
#4849 = CARTESIAN_POINT('',(-113.7476243915,37.008609031744));
#4850 = CARTESIAN_POINT('',(16.130346667008,-0.189679026339));
#4851 = ( GEOMETRIC_REPRESENTATION_CONTEXT(2) 
PARAMETRIC_REPRESENTATION_CONTEXT() REPRESENTATION_CONTEXT('2D SPACE',''
  ) );
#4852 = ORIENTED_EDGE('',*,*,#4853,.F.);
#4853 = EDGE_CURVE('',#4759,#4821,#4854,.T.);
#4854 = SURFACE_CURVE('',#4855,(#4859,#4866),.PCURVE_S1.);
#4855 = LINE('',#4856,#4857);
#4856 = CARTESIAN_POINT('',(128.,-73.11754753117,55.334553320716));
#4857 = VECTOR('',#4858,1.);
#4858 = DIRECTION('',(-1.,0.,0.));
#4859 = PCURVE('',#4768,#4860);
#4860 = DEFINITIONAL_REPRESENTATION('',(#4861),#4865);
#4861 = LINE('',#4862,#4863);
#4862 = CARTESIAN_POINT('',(5.937607557068,0.));
#4863 = VECTOR('',#4864,1.);
#4864 = DIRECTION('',(0.,1.));
#4865 = ( GEOMETRIC_REPRESENTATION_CONTEXT(2) 
PARAMETRIC_REPRESENTATION_CONTEXT() REPRESENTATION_CONTEXT('2D SPACE',''
  ) );
#4866 = PCURVE('',#4867,#4872);
#4867 = CYLINDRICAL_SURFACE('',#4868,2.);
#4868 = AXIS2_PLACEMENT_3D('',#4869,#4870,#4871);
#4869 = CARTESIAN_POINT('',(128.,-73.25071980715,57.330114681564));
#4870 = DIRECTION('',(-1.,0.,0.));
#4871 = DIRECTION('',(0.,0.997780680424,6.658613798927E-02));
#4872 = DEFINITIONAL_REPRESENTATION('',(#4873),#4877);
#4873 = LINE('',#4874,#4875);
#4874 = CARTESIAN_POINT('',(7.853981633974,0.));
#4875 = VECTOR('',#4876,1.);
#4876 = DIRECTION('',(0.,1.));
#4877 = ( GEOMETRIC_REPRESENTATION_CONTEXT(2) 
PARAMETRIC_REPRESENTATION_CONTEXT() REPRESENTATION_CONTEXT('2D SPACE',''
  ) );
#4878 = ADVANCED_FACE('',(#4879),#4867,.T.);
#4879 = FACE_BOUND('',#4880,.T.);
#4880 = EDGE_LOOP('',(#4881,#4905,#4906,#4934));
#4881 = ORIENTED_EDGE('',*,*,#4882,.F.);
#4882 = EDGE_CURVE('',#4759,#4883,#4885,.T.);
#4883 = VERTEX_POINT('',#4884);
#4884 = CARTESIAN_POINT('',(128.,-73.38389208312,59.325676042412));
#4885 = SURFACE_CURVE('',#4886,(#4891,#4898),.PCURVE_S1.);
#4886 = CIRCLE('',#4887,2.);
#4887 = AXIS2_PLACEMENT_3D('',#4888,#4889,#4890);
#4888 = CARTESIAN_POINT('',(128.,-73.25071980715,57.330114681564));
#4889 = DIRECTION('',(1.,2.775557561563E-17,-5.551115123126E-17));
#4890 = DIRECTION('',(2.775557561563E-17,-1.,-2.311115933265E-33));
#4891 = PCURVE('',#4867,#4892);
#4892 = DEFINITIONAL_REPRESENTATION('',(#4893),#4897);
#4893 = LINE('',#4894,#4895);
#4894 = CARTESIAN_POINT('',(9.491413401168,0.));
#4895 = VECTOR('',#4896,1.);
#4896 = DIRECTION('',(-1.,0.));
#4897 = ( GEOMETRIC_REPRESENTATION_CONTEXT(2) 
PARAMETRIC_REPRESENTATION_CONTEXT() REPRESENTATION_CONTEXT('2D SPACE',''
  ) );
#4898 = PCURVE('',#4780,#4899);
#4899 = DEFINITIONAL_REPRESENTATION('',(#4900),#4904);
#4900 = CIRCLE('',#4901,2.);
#4901 = AXIS2_PLACEMENT_2D('',#4902,#4903);
#4902 = CARTESIAN_POINT('',(47.84360832601,21.268061983365));
#4903 = DIRECTION('',(1.,2.311115933265E-33));
#4904 = ( GEOMETRIC_REPRESENTATION_CONTEXT(2) 
PARAMETRIC_REPRESENTATION_CONTEXT() REPRESENTATION_CONTEXT('2D SPACE',''
  ) );
#4905 = ORIENTED_EDGE('',*,*,#4853,.T.);
#4906 = ORIENTED_EDGE('',*,*,#4907,.F.);
#4907 = EDGE_CURVE('',#4908,#4821,#4910,.T.);
#4908 = VERTEX_POINT('',#4909);
#4909 = CARTESIAN_POINT('',(125.6,-73.38389208312,59.325676042412));
#4910 = SURFACE_CURVE('',#4911,(#4916,#4923),.PCURVE_S1.);
#4911 = CIRCLE('',#4912,2.);
#4912 = AXIS2_PLACEMENT_3D('',#4913,#4914,#4915);
#4913 = CARTESIAN_POINT('',(125.6,-73.25071980715,57.330114681564));
#4914 = DIRECTION('',(-1.,-2.775557561563E-17,5.551115123126E-17));
#4915 = DIRECTION('',(2.775557561563E-17,-1.,-7.703719777548E-34));
#4916 = PCURVE('',#4867,#4917);
#4917 = DEFINITIONAL_REPRESENTATION('',(#4918),#4922);
#4918 = LINE('',#4919,#4920);
#4919 = CARTESIAN_POINT('',(3.208228093989,2.4));
#4920 = VECTOR('',#4921,1.);
#4921 = DIRECTION('',(1.,0.));
#4922 = ( GEOMETRIC_REPRESENTATION_CONTEXT(2) 
PARAMETRIC_REPRESENTATION_CONTEXT() REPRESENTATION_CONTEXT('2D SPACE',''
  ) );
#4923 = PCURVE('',#4837,#4924);
#4924 = DEFINITIONAL_REPRESENTATION('',(#4925),#4933);
#4925 = ( BOUNDED_CURVE() B_SPLINE_CURVE(2,(#4926,#4927,#4928,#4929,
#4930,#4931,#4932),.UNSPECIFIED.,.T.,.F.) B_SPLINE_CURVE_WITH_KNOTS((1,2
    ,2,2,2,1),(-2.094395102393,0.,2.094395102393,4.188790204786,
6.28318530718,8.377580409573),.UNSPECIFIED.) CURVE() 
GEOMETRIC_REPRESENTATION_ITEM() RATIONAL_B_SPLINE_CURVE((1.,0.5,1.,0.5,
1.,0.5,1.)) REPRESENTATION_ITEM('') );
#4926 = CARTESIAN_POINT('',(-8.40664144401,0.656571135012));
#4927 = CARTESIAN_POINT('',(-8.40664144401,-2.807530480126));
#4928 = CARTESIAN_POINT('',(-11.40664144401,-1.075479672557));
#4929 = CARTESIAN_POINT('',(-14.40664144401,0.656571135012));
#4930 = CARTESIAN_POINT('',(-11.40664144401,2.388621942581));
#4931 = CARTESIAN_POINT('',(-8.40664144401,4.12067275015));
#4932 = CARTESIAN_POINT('',(-8.40664144401,0.656571135012));
#4933 = ( GEOMETRIC_REPRESENTATION_CONTEXT(2) 
PARAMETRIC_REPRESENTATION_CONTEXT() REPRESENTATION_CONTEXT('2D SPACE',''
  ) );
#4934 = ORIENTED_EDGE('',*,*,#4935,.F.);
#4935 = EDGE_CURVE('',#4883,#4908,#4936,.T.);
#4936 = SURFACE_CURVE('',#4937,(#4941,#4948),.PCURVE_S1.);
#4937 = LINE('',#4938,#4939);
#4938 = CARTESIAN_POINT('',(128.,-73.38389208312,59.325676042412));
#4939 = VECTOR('',#4940,1.);
#4940 = DIRECTION('',(-1.,0.,0.));
#4941 = PCURVE('',#4867,#4942);
#4942 = DEFINITIONAL_REPRESENTATION('',(#4943),#4947);
#4943 = LINE('',#4944,#4945);
#4944 = CARTESIAN_POINT('',(4.712388980385,0.));
#4945 = VECTOR('',#4946,1.);
#4946 = DIRECTION('',(0.,1.));
#4947 = ( GEOMETRIC_REPRESENTATION_CONTEXT(2) 
PARAMETRIC_REPRESENTATION_CONTEXT() REPRESENTATION_CONTEXT('2D SPACE',''
  ) );
#4948 = PCURVE('',#4949,#4954);
#4949 = CYLINDRICAL_SURFACE('',#4950,74.000000001594);
#4950 = AXIS2_PLACEMENT_3D('',#4951,#4952,#4953);
#4951 = CARTESIAN_POINT('',(128.,-78.31126629444,133.16144639539));
#4952 = DIRECTION('',(-1.,0.,0.));
#4953 = DIRECTION('',(-0.,-0.27533899517,-0.961347199371));
#4954 = DEFINITIONAL_REPRESENTATION('',(#4955),#4959);
#4955 = LINE('',#4956,#4957);
#4956 = CARTESIAN_POINT('',(5.937607557068,0.));
#4957 = VECTOR('',#4958,1.);
#4958 = DIRECTION('',(0.,1.));
#4959 = ( GEOMETRIC_REPRESENTATION_CONTEXT(2) 
PARAMETRIC_REPRESENTATION_CONTEXT() REPRESENTATION_CONTEXT('2D SPACE',''
  ) );
#4960 = ADVANCED_FACE('',(#4961),#4949,.F.);
#4961 = FACE_BOUND('',#4962,.F.);
#4962 = EDGE_LOOP('',(#4963,#4988,#5010,#5011));
#4963 = ORIENTED_EDGE('',*,*,#4964,.T.);
#4964 = EDGE_CURVE('',#4965,#4967,#4969,.T.);
#4965 = VERTEX_POINT('',#4966);
#4966 = CARTESIAN_POINT('',(128.,-93.64945700042,60.768491585527));
#4967 = VERTEX_POINT('',#4968);
#4968 = CARTESIAN_POINT('',(125.6,-93.64945700042,60.768491585527));
#4969 = SURFACE_CURVE('',#4970,(#4974,#4981),.PCURVE_S1.);
#4970 = LINE('',#4971,#4972);
#4971 = CARTESIAN_POINT('',(128.,-93.64945700042,60.768491585527));
#4972 = VECTOR('',#4973,1.);
#4973 = DIRECTION('',(-1.,0.,0.));
#4974 = PCURVE('',#4949,#4975);
#4975 = DEFINITIONAL_REPRESENTATION('',(#4976),#4980);
#4976 = LINE('',#4977,#4978);
#4977 = CARTESIAN_POINT('',(6.213029437401,0.));
#4978 = VECTOR('',#4979,1.);
#4979 = DIRECTION('',(0.,1.));
#4980 = ( GEOMETRIC_REPRESENTATION_CONTEXT(2) 
PARAMETRIC_REPRESENTATION_CONTEXT() REPRESENTATION_CONTEXT('2D SPACE',''
  ) );
#4981 = PCURVE('',#4808,#4982);
#4982 = DEFINITIONAL_REPRESENTATION('',(#4983),#4987);
#4983 = LINE('',#4984,#4985);
#4984 = CARTESIAN_POINT('',(1.779582766729,0.));
#4985 = VECTOR('',#4986,1.);
#4986 = DIRECTION('',(0.,1.));
#4987 = ( GEOMETRIC_REPRESENTATION_CONTEXT(2) 
PARAMETRIC_REPRESENTATION_CONTEXT() REPRESENTATION_CONTEXT('2D SPACE',''
  ) );
#4988 = ORIENTED_EDGE('',*,*,#4989,.T.);
#4989 = EDGE_CURVE('',#4967,#4908,#4990,.T.);
#4990 = SURFACE_CURVE('',#4991,(#4996,#5003),.PCURVE_S1.);
#4991 = CIRCLE('',#4992,74.000000001594);
#4992 = AXIS2_PLACEMENT_3D('',#4993,#4994,#4995);
#4993 = CARTESIAN_POINT('',(125.6,-78.31126629444,133.16144639539));
#4994 = DIRECTION('',(1.,2.775557561563E-17,-5.551115123126E-17));
#4995 = DIRECTION('',(-4.572329746966E-17,-0.27533899517,-0.961347199371
    ));
#4996 = PCURVE('',#4949,#4997);
#4997 = DEFINITIONAL_REPRESENTATION('',(#4998),#5002);
#4998 = LINE('',#4999,#5000);
#4999 = CARTESIAN_POINT('',(6.28318530718,2.4));
#5000 = VECTOR('',#5001,1.);
#5001 = DIRECTION('',(-1.,0.));
#5002 = ( GEOMETRIC_REPRESENTATION_CONTEXT(2) 
PARAMETRIC_REPRESENTATION_CONTEXT() REPRESENTATION_CONTEXT('2D SPACE',''
  ) );
#5003 = PCURVE('',#4837,#5004);
#5004 = DEFINITIONAL_REPRESENTATION('',(#5005),#5009);
#5005 = CIRCLE('',#5006,74.000000001594);
#5006 = AXIS2_PLACEMENT_2D('',#5007,#5008);
#5007 = CARTESIAN_POINT('',(-5.34609495672,-75.17476057881));
#5008 = DIRECTION('',(0.27533899517,0.961347199371));
#5009 = ( GEOMETRIC_REPRESENTATION_CONTEXT(2) 
PARAMETRIC_REPRESENTATION_CONTEXT() REPRESENTATION_CONTEXT('2D SPACE',''
  ) );
#5010 = ORIENTED_EDGE('',*,*,#4935,.F.);
#5011 = ORIENTED_EDGE('',*,*,#5012,.T.);
#5012 = EDGE_CURVE('',#4883,#4965,#5013,.T.);
#5013 = SURFACE_CURVE('',#5014,(#5019,#5026),.PCURVE_S1.);
#5014 = CIRCLE('',#5015,74.000000001594);
#5015 = AXIS2_PLACEMENT_3D('',#5016,#5017,#5018);
#5016 = CARTESIAN_POINT('',(128.,-78.31126629444,133.16144639539));
#5017 = DIRECTION('',(-1.,-2.775557561563E-17,5.551115123126E-17));
#5018 = DIRECTION('',(-4.572329746966E-17,-0.27533899517,-0.961347199371
    ));
#5019 = PCURVE('',#4949,#5020);
#5020 = DEFINITIONAL_REPRESENTATION('',(#5021),#5025);
#5021 = LINE('',#5022,#5023);
#5022 = CARTESIAN_POINT('',(-8.881784197001E-16,0.));
#5023 = VECTOR('',#5024,1.);
#5024 = DIRECTION('',(1.,0.));
#5025 = ( GEOMETRIC_REPRESENTATION_CONTEXT(2) 
PARAMETRIC_REPRESENTATION_CONTEXT() REPRESENTATION_CONTEXT('2D SPACE',''
  ) );
#5026 = PCURVE('',#4780,#5027);
#5027 = DEFINITIONAL_REPRESENTATION('',(#5028),#5036);
#5028 = ( BOUNDED_CURVE() B_SPLINE_CURVE(2,(#5029,#5030,#5031,#5032,
#5033,#5034,#5035),.UNSPECIFIED.,.T.,.F.) B_SPLINE_CURVE_WITH_KNOTS((1,2
    ,2,2,2,1),(-2.094395102393,0.,2.094395102393,4.188790204786,
6.28318530718,8.377580409573),.UNSPECIFIED.) CURVE() 
GEOMETRIC_REPRESENTATION_ITEM() RATIONAL_B_SPLINE_CURVE((1.,0.5,1.,0.5,
1.,0.5,1.)) REPRESENTATION_ITEM('') );
#5029 = CARTESIAN_POINT('',(73.279240456347,16.57642302453));
#5030 = CARTESIAN_POINT('',(196.49680274283,-18.71426051779));
#5031 = CARTESIAN_POINT('',(104.32539313501,-107.7784578791));
#5032 = CARTESIAN_POINT('',(12.153983527208,-196.8426552404));
#5033 = CARTESIAN_POINT('',(-18.89216915146,-72.48777433679));
#5034 = CARTESIAN_POINT('',(-49.93832183013,51.867106566853));
#5035 = CARTESIAN_POINT('',(73.279240456347,16.57642302453));
#5036 = ( GEOMETRIC_REPRESENTATION_CONTEXT(2) 
PARAMETRIC_REPRESENTATION_CONTEXT() REPRESENTATION_CONTEXT('2D SPACE',''
  ) );
#5037 = ADVANCED_FACE('',(#5038),#4808,.T.);
#5038 = FACE_BOUND('',#5039,.T.);
#5039 = EDGE_LOOP('',(#5040,#5062,#5063,#5089));
#5040 = ORIENTED_EDGE('',*,*,#5041,.F.);
#5041 = EDGE_CURVE('',#4965,#4757,#5042,.T.);
#5042 = SURFACE_CURVE('',#5043,(#5048,#5055),.PCURVE_S1.);
#5043 = CIRCLE('',#5044,2.);
#5044 = AXIS2_PLACEMENT_3D('',#5045,#5046,#5047);
#5045 = CARTESIAN_POINT('',(128.,-94.06400269517,58.811925239357));
#5046 = DIRECTION('',(1.,2.775557561563E-17,-5.551115123126E-17));
#5047 = DIRECTION('',(2.775557561563E-17,-1.,-2.311115933265E-33));
#5048 = PCURVE('',#4808,#5049);
#5049 = DEFINITIONAL_REPRESENTATION('',(#5050),#5054);
#5050 = LINE('',#5051,#5052);
#5051 = CARTESIAN_POINT('',(6.28318530718,0.));
#5052 = VECTOR('',#5053,1.);
#5053 = DIRECTION('',(-1.,0.));
#5054 = ( GEOMETRIC_REPRESENTATION_CONTEXT(2) 
PARAMETRIC_REPRESENTATION_CONTEXT() REPRESENTATION_CONTEXT('2D SPACE',''
  ) );
#5055 = PCURVE('',#4780,#5056);
#5056 = DEFINITIONAL_REPRESENTATION('',(#5057),#5061);
#5057 = CIRCLE('',#5058,2.);
#5058 = AXIS2_PLACEMENT_2D('',#5059,#5060);
#5059 = CARTESIAN_POINT('',(68.65689121403,19.786251425573));
#5060 = DIRECTION('',(1.,2.311115933265E-33));
#5061 = ( GEOMETRIC_REPRESENTATION_CONTEXT(2) 
PARAMETRIC_REPRESENTATION_CONTEXT() REPRESENTATION_CONTEXT('2D SPACE',''
  ) );
#5062 = ORIENTED_EDGE('',*,*,#4964,.T.);
#5063 = ORIENTED_EDGE('',*,*,#5064,.F.);
#5064 = EDGE_CURVE('',#4793,#4967,#5065,.T.);
#5065 = SURFACE_CURVE('',#5066,(#5071,#5078),.PCURVE_S1.);
#5066 = CIRCLE('',#5067,2.);
#5067 = AXIS2_PLACEMENT_3D('',#5068,#5069,#5070);
#5068 = CARTESIAN_POINT('',(125.6,-94.06400269517,58.811925239357));
#5069 = DIRECTION('',(-1.,-2.775557561563E-17,5.551115123126E-17));
#5070 = DIRECTION('',(2.775557561563E-17,-1.,-7.703719777548E-34));
#5071 = PCURVE('',#4808,#5072);
#5072 = DEFINITIONAL_REPRESENTATION('',(#5073),#5077);
#5073 = LINE('',#5074,#5075);
#5074 = CARTESIAN_POINT('',(-6.28318530718,2.4));
#5075 = VECTOR('',#5076,1.);
#5076 = DIRECTION('',(1.,0.));
#5077 = ( GEOMETRIC_REPRESENTATION_CONTEXT(2) 
PARAMETRIC_REPRESENTATION_CONTEXT() REPRESENTATION_CONTEXT('2D SPACE',''
  ) );
#5078 = PCURVE('',#4837,#5079);
#5079 = DEFINITIONAL_REPRESENTATION('',(#5080),#5088);
#5080 = ( BOUNDED_CURVE() B_SPLINE_CURVE(2,(#5081,#5082,#5083,#5084,
#5085,#5086,#5087),.UNSPECIFIED.,.T.,.F.) B_SPLINE_CURVE_WITH_KNOTS((1,2
    ,2,2,2,1),(-2.094395102393,0.,2.094395102393,4.188790204786,
6.28318530718,8.377580409573),.UNSPECIFIED.) CURVE() 
GEOMETRIC_REPRESENTATION_ITEM() RATIONAL_B_SPLINE_CURVE((1.,0.5,1.,0.5,
1.,0.5,1.)) REPRESENTATION_ITEM('') );
#5081 = CARTESIAN_POINT('',(12.40664144401,-0.82523942278));
#5082 = CARTESIAN_POINT('',(12.40664144401,-4.289341037918));
#5083 = CARTESIAN_POINT('',(9.40664144401,-2.557290230349));
#5084 = CARTESIAN_POINT('',(6.40664144401,-0.82523942278));
#5085 = CARTESIAN_POINT('',(9.40664144401,0.906811384788));
#5086 = CARTESIAN_POINT('',(12.40664144401,2.638862192357));
#5087 = CARTESIAN_POINT('',(12.40664144401,-0.82523942278));
#5088 = ( GEOMETRIC_REPRESENTATION_CONTEXT(2) 
PARAMETRIC_REPRESENTATION_CONTEXT() REPRESENTATION_CONTEXT('2D SPACE',''
  ) );
#5089 = ORIENTED_EDGE('',*,*,#4792,.F.);
#5090 = ADVANCED_FACE('',(#5091),#4837,.F.);
#5091 = FACE_BOUND('',#5092,.T.);
#5092 = EDGE_LOOP('',(#5093,#5094,#5095,#5096));
#5093 = ORIENTED_EDGE('',*,*,#5064,.T.);
#5094 = ORIENTED_EDGE('',*,*,#4989,.T.);
#5095 = ORIENTED_EDGE('',*,*,#4907,.T.);
#5096 = ORIENTED_EDGE('',*,*,#4820,.T.);
#5097 = ADVANCED_FACE('',(#5098),#5113,.T.);
#5098 = FACE_BOUND('',#5099,.T.);
#5099 = EDGE_LOOP('',(#5100,#5131,#5159,#5192));
#5100 = ORIENTED_EDGE('',*,*,#5101,.F.);
#5101 = EDGE_CURVE('',#5102,#5104,#5106,.T.);
#5102 = VERTEX_POINT('',#5103);
#5103 = CARTESIAN_POINT('',(128.,-58.94490573657,57.603891650736));
#5104 = VERTEX_POINT('',#5105);
#5105 = CARTESIAN_POINT('',(128.,-35.20087270415,68.157646777683));
#5106 = SURFACE_CURVE('',#5107,(#5112,#5124),.PCURVE_S1.);
#5107 = CIRCLE('',#5108,78.000000001594);
#5108 = AXIS2_PLACEMENT_3D('',#5109,#5110,#5111);
#5109 = CARTESIAN_POINT('',(128.,-78.31126629444,133.16144639539));
#5110 = DIRECTION('',(1.,2.775557561563E-17,-5.551115123126E-17));
#5111 = DIRECTION('',(-4.572329746966E-17,-0.27533899517,-0.961347199371
    ));
#5112 = PCURVE('',#5113,#5118);
#5113 = CYLINDRICAL_SURFACE('',#5114,78.000000001594);
#5114 = AXIS2_PLACEMENT_3D('',#5115,#5116,#5117);
#5115 = CARTESIAN_POINT('',(128.,-78.31126629444,133.16144639539));
#5116 = DIRECTION('',(-1.,0.,0.));
#5117 = DIRECTION('',(-0.,-0.27533899517,-0.961347199371));
#5118 = DEFINITIONAL_REPRESENTATION('',(#5119),#5123);
#5119 = LINE('',#5120,#5121);
#5120 = CARTESIAN_POINT('',(6.28318530718,0.));
#5121 = VECTOR('',#5122,1.);
#5122 = DIRECTION('',(-1.,0.));
#5123 = ( GEOMETRIC_REPRESENTATION_CONTEXT(2) 
PARAMETRIC_REPRESENTATION_CONTEXT() REPRESENTATION_CONTEXT('2D SPACE',''
  ) );
#5124 = PCURVE('',#4780,#5125);
#5125 = DEFINITIONAL_REPRESENTATION('',(#5126),#5130);
#5126 = CIRCLE('',#5127,78.000000001594);
#5127 = AXIS2_PLACEMENT_2D('',#5128,#5129);
#5128 = CARTESIAN_POINT('',(52.9041548133,-54.56326973046));
#5129 = DIRECTION('',(0.27533899517,0.961347199371));
#5130 = ( GEOMETRIC_REPRESENTATION_CONTEXT(2) 
PARAMETRIC_REPRESENTATION_CONTEXT() REPRESENTATION_CONTEXT('2D SPACE',''
  ) );
#5131 = ORIENTED_EDGE('',*,*,#5132,.T.);
#5132 = EDGE_CURVE('',#5102,#5133,#5135,.T.);
#5133 = VERTEX_POINT('',#5134);
#5134 = CARTESIAN_POINT('',(125.6,-58.94490573657,57.603891650736));
#5135 = SURFACE_CURVE('',#5136,(#5140,#5147),.PCURVE_S1.);
#5136 = LINE('',#5137,#5138);
#5137 = CARTESIAN_POINT('',(128.,-58.94490573657,57.603891650736));
#5138 = VECTOR('',#5139,1.);
#5139 = DIRECTION('',(-1.,0.,0.));
#5140 = PCURVE('',#5113,#5141);
#5141 = DEFINITIONAL_REPRESENTATION('',(#5142),#5146);
#5142 = LINE('',#5143,#5144);
#5143 = CARTESIAN_POINT('',(5.753331854874,0.));
#5144 = VECTOR('',#5145,1.);
#5145 = DIRECTION('',(0.,1.));
#5146 = ( GEOMETRIC_REPRESENTATION_CONTEXT(2) 
PARAMETRIC_REPRESENTATION_CONTEXT() REPRESENTATION_CONTEXT('2D SPACE',''
  ) );
#5147 = PCURVE('',#5148,#5153);
#5148 = CYLINDRICAL_SURFACE('',#5149,2.);
#5149 = AXIS2_PLACEMENT_3D('',#5150,#5151,#5152);
#5150 = CARTESIAN_POINT('',(128.,-59.4414790842,59.541264849277));
#5151 = DIRECTION('',(-1.,0.,0.));
#5152 = DIRECTION('',(-0.,-1.,-7.703719777548E-34));
#5153 = DEFINITIONAL_REPRESENTATION('',(#5154),#5158);
#5154 = LINE('',#5155,#5156);
#5155 = CARTESIAN_POINT('',(4.461477837792,0.));
#5156 = VECTOR('',#5157,1.);
#5157 = DIRECTION('',(0.,1.));
#5158 = ( GEOMETRIC_REPRESENTATION_CONTEXT(2) 
PARAMETRIC_REPRESENTATION_CONTEXT() REPRESENTATION_CONTEXT('2D SPACE',''
  ) );
#5159 = ORIENTED_EDGE('',*,*,#5160,.F.);
#5160 = EDGE_CURVE('',#5161,#5133,#5163,.T.);
#5161 = VERTEX_POINT('',#5162);
#5162 = CARTESIAN_POINT('',(125.6,-35.20087270415,68.157646777683));
#5163 = SURFACE_CURVE('',#5164,(#5169,#5176),.PCURVE_S1.);
#5164 = CIRCLE('',#5165,78.000000001594);
#5165 = AXIS2_PLACEMENT_3D('',#5166,#5167,#5168);
#5166 = CARTESIAN_POINT('',(125.6,-78.31126629444,133.16144639539));
#5167 = DIRECTION('',(-1.,-2.775557561563E-17,5.551115123126E-17));
#5168 = DIRECTION('',(-4.572329746966E-17,-0.27533899517,-0.961347199371
    ));
#5169 = PCURVE('',#5113,#5170);
#5170 = DEFINITIONAL_REPRESENTATION('',(#5171),#5175);
#5171 = LINE('',#5172,#5173);
#5172 = CARTESIAN_POINT('',(0.,2.4));
#5173 = VECTOR('',#5174,1.);
#5174 = DIRECTION('',(1.,0.));
#5175 = ( GEOMETRIC_REPRESENTATION_CONTEXT(2) 
PARAMETRIC_REPRESENTATION_CONTEXT() REPRESENTATION_CONTEXT('2D SPACE',''
  ) );
#5176 = PCURVE('',#5177,#5182);
#5177 = PLANE('',#5178);
#5178 = AXIS2_PLACEMENT_3D('',#5179,#5180,#5181);
#5179 = CARTESIAN_POINT('',(125.6,-47.87387324788,64.682837859844));
#5180 = DIRECTION('',(1.,2.775557561563E-17,-5.551115123126E-17));
#5181 = DIRECTION('',(2.775557561563E-17,-1.,-7.703719777548E-34));
#5182 = DEFINITIONAL_REPRESENTATION('',(#5183),#5191);
#5183 = ( BOUNDED_CURVE() B_SPLINE_CURVE(2,(#5184,#5185,#5186,#5187,
#5188,#5189,#5190),.UNSPECIFIED.,.T.,.F.) B_SPLINE_CURVE_WITH_KNOTS((1,2
    ,2,2,2,1),(-2.094395102393,0.,2.094395102393,4.188790204786,
6.28318530718,8.377580409573),.UNSPECIFIED.) CURVE() 
GEOMETRIC_REPRESENTATION_ITEM() RATIONAL_B_SPLINE_CURVE((1.,0.5,1.,0.5,
1.,0.5,1.)) REPRESENTATION_ITEM('') );
#5184 = CARTESIAN_POINT('',(51.913834670282,6.506473016929));
#5185 = CARTESIAN_POINT('',(181.79180572886,-30.69181504115));
#5186 = CARTESIAN_POINT('',(84.638157763982,-124.5702933408));
#5187 = CARTESIAN_POINT('',(-12.5154902009,-218.4487716404));
#5188 = CARTESIAN_POINT('',(-45.2398132946,-87.37200528274));
#5189 = CARTESIAN_POINT('',(-77.9641363883,43.704761075012));
#5190 = CARTESIAN_POINT('',(51.913834670282,6.506473016929));
#5191 = ( GEOMETRIC_REPRESENTATION_CONTEXT(2) 
PARAMETRIC_REPRESENTATION_CONTEXT() REPRESENTATION_CONTEXT('2D SPACE',''
  ) );
#5192 = ORIENTED_EDGE('',*,*,#5193,.F.);
#5193 = EDGE_CURVE('',#5104,#5161,#5194,.T.);
#5194 = SURFACE_CURVE('',#5195,(#5199,#5206),.PCURVE_S1.);
#5195 = LINE('',#5196,#5197);
#5196 = CARTESIAN_POINT('',(128.,-35.20087270415,68.157646777683));
#5197 = VECTOR('',#5198,1.);
#5198 = DIRECTION('',(-1.,0.,0.));
#5199 = PCURVE('',#5113,#5200);
#5200 = DEFINITIONAL_REPRESENTATION('',(#5201),#5205);
#5201 = LINE('',#5202,#5203);
#5202 = CARTESIAN_POINT('',(5.418645585052,0.));
#5203 = VECTOR('',#5204,1.);
#5204 = DIRECTION('',(0.,1.));
#5205 = ( GEOMETRIC_REPRESENTATION_CONTEXT(2) 
PARAMETRIC_REPRESENTATION_CONTEXT() REPRESENTATION_CONTEXT('2D SPACE',''
  ) );
#5206 = PCURVE('',#5207,#5212);
#5207 = CYLINDRICAL_SURFACE('',#5208,2.);
#5208 = AXIS2_PLACEMENT_3D('',#5209,#5210,#5211);
#5209 = CARTESIAN_POINT('',(128.,-36.30626741157,69.824410870411));
#5210 = DIRECTION('',(-1.,0.,0.));
#5211 = DIRECTION('',(0.,0.833382046364,0.55269735371));
#5212 = DEFINITIONAL_REPRESENTATION('',(#5213),#5217);
#5213 = LINE('',#5214,#5215);
#5214 = CARTESIAN_POINT('',(7.853981633974,0.));
#5215 = VECTOR('',#5216,1.);
#5216 = DIRECTION('',(0.,1.));
#5217 = ( GEOMETRIC_REPRESENTATION_CONTEXT(2) 
PARAMETRIC_REPRESENTATION_CONTEXT() REPRESENTATION_CONTEXT('2D SPACE',''
  ) );
#5218 = ADVANCED_FACE('',(#5219),#5207,.T.);
#5219 = FACE_BOUND('',#5220,.T.);
#5220 = EDGE_LOOP('',(#5221,#5245,#5246,#5274));
#5221 = ORIENTED_EDGE('',*,*,#5222,.F.);
#5222 = EDGE_CURVE('',#5104,#5223,#5225,.T.);
#5223 = VERTEX_POINT('',#5224);
#5224 = CARTESIAN_POINT('',(128.,-37.41166211899,71.491174963139));
#5225 = SURFACE_CURVE('',#5226,(#5231,#5238),.PCURVE_S1.);
#5226 = CIRCLE('',#5227,2.);
#5227 = AXIS2_PLACEMENT_3D('',#5228,#5229,#5230);
#5228 = CARTESIAN_POINT('',(128.,-36.30626741157,69.824410870411));
#5229 = DIRECTION('',(1.,2.775557561563E-17,-5.551115123126E-17));
#5230 = DIRECTION('',(2.775557561563E-17,-1.,-2.311115933265E-33));
#5231 = PCURVE('',#5207,#5232);
#5232 = DEFINITIONAL_REPRESENTATION('',(#5233),#5237);
#5233 = LINE('',#5234,#5235);
#5234 = CARTESIAN_POINT('',(10.010375373184,0.));
#5235 = VECTOR('',#5236,1.);
#5236 = DIRECTION('',(-1.,0.));
#5237 = ( GEOMETRIC_REPRESENTATION_CONTEXT(2) 
PARAMETRIC_REPRESENTATION_CONTEXT() REPRESENTATION_CONTEXT('2D SPACE',''
  ) );
#5238 = PCURVE('',#4780,#5239);
#5239 = DEFINITIONAL_REPRESENTATION('',(#5240),#5244);
#5240 = CIRCLE('',#5241,2.);
#5241 = AXIS2_PLACEMENT_2D('',#5242,#5243);
#5242 = CARTESIAN_POINT('',(10.899155930431,8.773765794519));
#5243 = DIRECTION('',(1.,2.311115933265E-33));
#5244 = ( GEOMETRIC_REPRESENTATION_CONTEXT(2) 
PARAMETRIC_REPRESENTATION_CONTEXT() REPRESENTATION_CONTEXT('2D SPACE',''
  ) );
#5245 = ORIENTED_EDGE('',*,*,#5193,.T.);
#5246 = ORIENTED_EDGE('',*,*,#5247,.F.);
#5247 = EDGE_CURVE('',#5248,#5161,#5250,.T.);
#5248 = VERTEX_POINT('',#5249);
#5249 = CARTESIAN_POINT('',(125.6,-37.41166211899,71.491174963139));
#5250 = SURFACE_CURVE('',#5251,(#5256,#5263),.PCURVE_S1.);
#5251 = CIRCLE('',#5252,2.);
#5252 = AXIS2_PLACEMENT_3D('',#5253,#5254,#5255);
#5253 = CARTESIAN_POINT('',(125.6,-36.30626741157,69.824410870411));
#5254 = DIRECTION('',(-1.,-2.775557561563E-17,5.551115123126E-17));
#5255 = DIRECTION('',(2.775557561563E-17,-1.,-7.703719777548E-34));
#5256 = PCURVE('',#5207,#5257);
#5257 = DEFINITIONAL_REPRESENTATION('',(#5258),#5262);
#5258 = LINE('',#5259,#5260);
#5259 = CARTESIAN_POINT('',(3.727190066004,2.4));
#5260 = VECTOR('',#5261,1.);
#5261 = DIRECTION('',(1.,0.));
#5262 = ( GEOMETRIC_REPRESENTATION_CONTEXT(2) 
PARAMETRIC_REPRESENTATION_CONTEXT() REPRESENTATION_CONTEXT('2D SPACE',''
  ) );
#5263 = PCURVE('',#5177,#5264);
#5264 = DEFINITIONAL_REPRESENTATION('',(#5265),#5273);
#5265 = ( BOUNDED_CURVE() B_SPLINE_CURVE(2,(#5266,#5267,#5268,#5269,
#5270,#5271,#5272),.UNSPECIFIED.,.T.,.F.) B_SPLINE_CURVE_WITH_KNOTS((1,2
    ,2,2,2,1),(-2.094395102393,0.,2.094395102393,4.188790204786,
6.28318530718,8.377580409573),.UNSPECIFIED.) CURVE() 
GEOMETRIC_REPRESENTATION_ITEM() RATIONAL_B_SPLINE_CURVE((1.,0.5,1.,0.5,
1.,0.5,1.)) REPRESENTATION_ITEM('') );
#5266 = CARTESIAN_POINT('',(-9.567605836315,-5.141573010567));
#5267 = CARTESIAN_POINT('',(-9.567605836315,-8.605674625704));
#5268 = CARTESIAN_POINT('',(-12.56760583631,-6.873623818136));
#5269 = CARTESIAN_POINT('',(-15.56760583631,-5.141573010567));
#5270 = CARTESIAN_POINT('',(-12.56760583631,-3.409522202998));
#5271 = CARTESIAN_POINT('',(-9.567605836315,-1.677471395429));
#5272 = CARTESIAN_POINT('',(-9.567605836315,-5.141573010567));
#5273 = ( GEOMETRIC_REPRESENTATION_CONTEXT(2) 
PARAMETRIC_REPRESENTATION_CONTEXT() REPRESENTATION_CONTEXT('2D SPACE',''
  ) );
#5274 = ORIENTED_EDGE('',*,*,#5275,.F.);
#5275 = EDGE_CURVE('',#5223,#5248,#5276,.T.);
#5276 = SURFACE_CURVE('',#5277,(#5281,#5288),.PCURVE_S1.);
#5277 = LINE('',#5278,#5279);
#5278 = CARTESIAN_POINT('',(128.,-37.41166211899,71.491174963139));
#5279 = VECTOR('',#5280,1.);
#5280 = DIRECTION('',(-1.,0.,0.));
#5281 = PCURVE('',#5207,#5282);
#5282 = DEFINITIONAL_REPRESENTATION('',(#5283),#5287);
#5283 = LINE('',#5284,#5285);
#5284 = CARTESIAN_POINT('',(4.712388980385,0.));
#5285 = VECTOR('',#5286,1.);
#5286 = DIRECTION('',(0.,1.));
#5287 = ( GEOMETRIC_REPRESENTATION_CONTEXT(2) 
PARAMETRIC_REPRESENTATION_CONTEXT() REPRESENTATION_CONTEXT('2D SPACE',''
  ) );
#5288 = PCURVE('',#5289,#5294);
#5289 = CYLINDRICAL_SURFACE('',#5290,74.000000001594);
#5290 = AXIS2_PLACEMENT_3D('',#5291,#5292,#5293);
#5291 = CARTESIAN_POINT('',(128.,-78.31126629444,133.16144639539));
#5292 = DIRECTION('',(-1.,0.,0.));
#5293 = DIRECTION('',(-0.,-0.27533899517,-0.961347199371));
#5294 = DEFINITIONAL_REPRESENTATION('',(#5295),#5299);
#5295 = LINE('',#5296,#5297);
#5296 = CARTESIAN_POINT('',(5.418645585052,0.));
#5297 = VECTOR('',#5298,1.);
#5298 = DIRECTION('',(0.,1.));
#5299 = ( GEOMETRIC_REPRESENTATION_CONTEXT(2) 
PARAMETRIC_REPRESENTATION_CONTEXT() REPRESENTATION_CONTEXT('2D SPACE',''
  ) );
#5300 = ADVANCED_FACE('',(#5301),#5289,.F.);
#5301 = FACE_BOUND('',#5302,.F.);
#5302 = EDGE_LOOP('',(#5303,#5328,#5350,#5351));
#5303 = ORIENTED_EDGE('',*,*,#5304,.T.);
#5304 = EDGE_CURVE('',#5305,#5307,#5309,.T.);
#5305 = VERTEX_POINT('',#5306);
#5306 = CARTESIAN_POINT('',(128.,-59.93805243182,61.478638047819));
#5307 = VERTEX_POINT('',#5308);
#5308 = CARTESIAN_POINT('',(125.6,-59.93805243182,61.478638047819));
#5309 = SURFACE_CURVE('',#5310,(#5314,#5321),.PCURVE_S1.);
#5310 = LINE('',#5311,#5312);
#5311 = CARTESIAN_POINT('',(128.,-59.93805243182,61.478638047819));
#5312 = VECTOR('',#5313,1.);
#5313 = DIRECTION('',(-1.,0.,0.));
#5314 = PCURVE('',#5289,#5315);
#5315 = DEFINITIONAL_REPRESENTATION('',(#5316),#5320);
#5316 = LINE('',#5317,#5318);
#5317 = CARTESIAN_POINT('',(5.753331854874,0.));
#5318 = VECTOR('',#5319,1.);
#5319 = DIRECTION('',(0.,1.));
#5320 = ( GEOMETRIC_REPRESENTATION_CONTEXT(2) 
PARAMETRIC_REPRESENTATION_CONTEXT() REPRESENTATION_CONTEXT('2D SPACE',''
  ) );
#5321 = PCURVE('',#5148,#5322);
#5322 = DEFINITIONAL_REPRESENTATION('',(#5323),#5327);
#5323 = LINE('',#5324,#5325);
#5324 = CARTESIAN_POINT('',(7.603070491381,0.));
#5325 = VECTOR('',#5326,1.);
#5326 = DIRECTION('',(0.,1.));
#5327 = ( GEOMETRIC_REPRESENTATION_CONTEXT(2) 
PARAMETRIC_REPRESENTATION_CONTEXT() REPRESENTATION_CONTEXT('2D SPACE',''
  ) );
#5328 = ORIENTED_EDGE('',*,*,#5329,.T.);
#5329 = EDGE_CURVE('',#5307,#5248,#5330,.T.);
#5330 = SURFACE_CURVE('',#5331,(#5336,#5343),.PCURVE_S1.);
#5331 = CIRCLE('',#5332,74.000000001594);
#5332 = AXIS2_PLACEMENT_3D('',#5333,#5334,#5335);
#5333 = CARTESIAN_POINT('',(125.6,-78.31126629444,133.16144639539));
#5334 = DIRECTION('',(1.,2.775557561563E-17,-5.551115123126E-17));
#5335 = DIRECTION('',(-4.572329746966E-17,-0.27533899517,-0.961347199371
    ));
#5336 = PCURVE('',#5289,#5337);
#5337 = DEFINITIONAL_REPRESENTATION('',(#5338),#5342);
#5338 = LINE('',#5339,#5340);
#5339 = CARTESIAN_POINT('',(6.28318530718,2.4));
#5340 = VECTOR('',#5341,1.);
#5341 = DIRECTION('',(-1.,0.));
#5342 = ( GEOMETRIC_REPRESENTATION_CONTEXT(2) 
PARAMETRIC_REPRESENTATION_CONTEXT() REPRESENTATION_CONTEXT('2D SPACE',''
  ) );
#5343 = PCURVE('',#5177,#5344);
#5344 = DEFINITIONAL_REPRESENTATION('',(#5345),#5349);
#5345 = CIRCLE('',#5346,74.000000001594);
#5346 = AXIS2_PLACEMENT_2D('',#5347,#5348);
#5347 = CARTESIAN_POINT('',(30.437393046555,-68.47860853554));
#5348 = DIRECTION('',(0.27533899517,0.961347199371));
#5349 = ( GEOMETRIC_REPRESENTATION_CONTEXT(2) 
PARAMETRIC_REPRESENTATION_CONTEXT() REPRESENTATION_CONTEXT('2D SPACE',''
  ) );
#5350 = ORIENTED_EDGE('',*,*,#5275,.F.);
#5351 = ORIENTED_EDGE('',*,*,#5352,.T.);
#5352 = EDGE_CURVE('',#5223,#5305,#5353,.T.);
#5353 = SURFACE_CURVE('',#5354,(#5359,#5366),.PCURVE_S1.);
#5354 = CIRCLE('',#5355,74.000000001594);
#5355 = AXIS2_PLACEMENT_3D('',#5356,#5357,#5358);
#5356 = CARTESIAN_POINT('',(128.,-78.31126629444,133.16144639539));
#5357 = DIRECTION('',(-1.,-2.775557561563E-17,5.551115123126E-17));
#5358 = DIRECTION('',(-4.572329746966E-17,-0.27533899517,-0.961347199371
    ));
#5359 = PCURVE('',#5289,#5360);
#5360 = DEFINITIONAL_REPRESENTATION('',(#5361),#5365);
#5361 = LINE('',#5362,#5363);
#5362 = CARTESIAN_POINT('',(0.,0.));
#5363 = VECTOR('',#5364,1.);
#5364 = DIRECTION('',(1.,0.));
#5365 = ( GEOMETRIC_REPRESENTATION_CONTEXT(2) 
PARAMETRIC_REPRESENTATION_CONTEXT() REPRESENTATION_CONTEXT('2D SPACE',''
  ) );
#5366 = PCURVE('',#4780,#5367);
#5367 = DEFINITIONAL_REPRESENTATION('',(#5368),#5376);
#5368 = ( BOUNDED_CURVE() B_SPLINE_CURVE(2,(#5369,#5370,#5371,#5372,
#5373,#5374,#5375),.UNSPECIFIED.,.T.,.F.) B_SPLINE_CURVE_WITH_KNOTS((1,2
    ,2,2,2,1),(-2.094395102393,0.,2.094395102393,4.188790204786,
6.28318530718,8.377580409573),.UNSPECIFIED.) CURVE() 
GEOMETRIC_REPRESENTATION_ITEM() RATIONAL_B_SPLINE_CURVE((1.,0.5,1.,0.5,
1.,0.5,1.)) REPRESENTATION_ITEM('') );
#5369 = CARTESIAN_POINT('',(73.279240456347,16.57642302453));
#5370 = CARTESIAN_POINT('',(196.49680274283,-18.71426051779));
#5371 = CARTESIAN_POINT('',(104.32539313501,-107.7784578791));
#5372 = CARTESIAN_POINT('',(12.153983527208,-196.8426552404));
#5373 = CARTESIAN_POINT('',(-18.89216915146,-72.48777433679));
#5374 = CARTESIAN_POINT('',(-49.93832183013,51.867106566853));
#5375 = CARTESIAN_POINT('',(73.279240456347,16.57642302453));
#5376 = ( GEOMETRIC_REPRESENTATION_CONTEXT(2) 
PARAMETRIC_REPRESENTATION_CONTEXT() REPRESENTATION_CONTEXT('2D SPACE',''
  ) );
#5377 = ADVANCED_FACE('',(#5378),#5148,.T.);
#5378 = FACE_BOUND('',#5379,.T.);
#5379 = EDGE_LOOP('',(#5380,#5402,#5403,#5429));
#5380 = ORIENTED_EDGE('',*,*,#5381,.F.);
#5381 = EDGE_CURVE('',#5305,#5102,#5382,.T.);
#5382 = SURFACE_CURVE('',#5383,(#5388,#5395),.PCURVE_S1.);
#5383 = CIRCLE('',#5384,2.);
#5384 = AXIS2_PLACEMENT_3D('',#5385,#5386,#5387);
#5385 = CARTESIAN_POINT('',(128.,-59.4414790842,59.541264849277));
#5386 = DIRECTION('',(1.,2.775557561563E-17,-5.551115123126E-17));
#5387 = DIRECTION('',(2.775557561563E-17,-1.,-2.311115933265E-33));
#5388 = PCURVE('',#5148,#5389);
#5389 = DEFINITIONAL_REPRESENTATION('',(#5390),#5394);
#5390 = LINE('',#5391,#5392);
#5391 = CARTESIAN_POINT('',(12.566370614359,0.));
#5392 = VECTOR('',#5393,1.);
#5393 = DIRECTION('',(-1.,0.));
#5394 = ( GEOMETRIC_REPRESENTATION_CONTEXT(2) 
PARAMETRIC_REPRESENTATION_CONTEXT() REPRESENTATION_CONTEXT('2D SPACE',''
  ) );
#5395 = PCURVE('',#4780,#5396);
#5396 = DEFINITIONAL_REPRESENTATION('',(#5397),#5401);
#5397 = CIRCLE('',#5398,2.);
#5398 = AXIS2_PLACEMENT_2D('',#5399,#5400);
#5399 = CARTESIAN_POINT('',(34.03436760306,19.056911815652));
#5400 = DIRECTION('',(1.,2.311115933265E-33));
#5401 = ( GEOMETRIC_REPRESENTATION_CONTEXT(2) 
PARAMETRIC_REPRESENTATION_CONTEXT() REPRESENTATION_CONTEXT('2D SPACE',''
  ) );
#5402 = ORIENTED_EDGE('',*,*,#5304,.T.);
#5403 = ORIENTED_EDGE('',*,*,#5404,.F.);
#5404 = EDGE_CURVE('',#5133,#5307,#5405,.T.);
#5405 = SURFACE_CURVE('',#5406,(#5411,#5418),.PCURVE_S1.);
#5406 = CIRCLE('',#5407,2.);
#5407 = AXIS2_PLACEMENT_3D('',#5408,#5409,#5410);
#5408 = CARTESIAN_POINT('',(125.6,-59.4414790842,59.541264849277));
#5409 = DIRECTION('',(-1.,-2.775557561563E-17,5.551115123126E-17));
#5410 = DIRECTION('',(2.775557561563E-17,-1.,-7.703719777548E-34));
#5411 = PCURVE('',#5148,#5412);
#5412 = DEFINITIONAL_REPRESENTATION('',(#5413),#5417);
#5413 = LINE('',#5414,#5415);
#5414 = CARTESIAN_POINT('',(0.,2.4));
#5415 = VECTOR('',#5416,1.);
#5416 = DIRECTION('',(1.,0.));
#5417 = ( GEOMETRIC_REPRESENTATION_CONTEXT(2) 
PARAMETRIC_REPRESENTATION_CONTEXT() REPRESENTATION_CONTEXT('2D SPACE',''
  ) );
#5418 = PCURVE('',#5177,#5419);
#5419 = DEFINITIONAL_REPRESENTATION('',(#5420),#5428);
#5420 = ( BOUNDED_CURVE() B_SPLINE_CURVE(2,(#5421,#5422,#5423,#5424,
#5425,#5426,#5427),.UNSPECIFIED.,.T.,.F.) B_SPLINE_CURVE_WITH_KNOTS((1,2
    ,2,2,2,1),(-2.094395102393,0.,2.094395102393,4.188790204786,
6.28318530718,8.377580409573),.UNSPECIFIED.) CURVE() 
GEOMETRIC_REPRESENTATION_ITEM() RATIONAL_B_SPLINE_CURVE((1.,0.5,1.,0.5,
1.,0.5,1.)) REPRESENTATION_ITEM('') );
#5421 = CARTESIAN_POINT('',(13.567605836314,5.141573010567));
#5422 = CARTESIAN_POINT('',(13.567605836314,1.677471395429));
#5423 = CARTESIAN_POINT('',(10.567605836314,3.409522202998));
#5424 = CARTESIAN_POINT('',(7.567605836314,5.141573010567));
#5425 = CARTESIAN_POINT('',(10.567605836314,6.873623818136));
#5426 = CARTESIAN_POINT('',(13.567605836314,8.605674625705));
#5427 = CARTESIAN_POINT('',(13.567605836314,5.141573010567));
#5428 = ( GEOMETRIC_REPRESENTATION_CONTEXT(2) 
PARAMETRIC_REPRESENTATION_CONTEXT() REPRESENTATION_CONTEXT('2D SPACE',''
  ) );
#5429 = ORIENTED_EDGE('',*,*,#5132,.F.);
#5430 = ADVANCED_FACE('',(#5431),#5177,.F.);
#5431 = FACE_BOUND('',#5432,.T.);
#5432 = EDGE_LOOP('',(#5433,#5434,#5435,#5436));
#5433 = ORIENTED_EDGE('',*,*,#5404,.T.);
#5434 = ORIENTED_EDGE('',*,*,#5329,.T.);
#5435 = ORIENTED_EDGE('',*,*,#5247,.T.);
#5436 = ORIENTED_EDGE('',*,*,#5160,.T.);
#5437 = ADVANCED_FACE('',(#5438,#5469),#5451,.F.);
#5438 = FACE_BOUND('',#5439,.T.);
#5439 = EDGE_LOOP('',(#5440));
#5440 = ORIENTED_EDGE('',*,*,#5441,.F.);
#5441 = EDGE_CURVE('',#5442,#5442,#5444,.T.);
#5442 = VERTEX_POINT('',#5443);
#5443 = CARTESIAN_POINT('',(142.,-104.0879010774,60.576663380276));
#5444 = SURFACE_CURVE('',#5445,(#5450,#5462),.PCURVE_S1.);
#5445 = CIRCLE('',#5446,3.25);
#5446 = AXIS2_PLACEMENT_3D('',#5447,#5448,#5449);
#5447 = CARTESIAN_POINT('',(142.,-100.8379010774,60.576663380276));
#5448 = DIRECTION('',(-1.,-2.775557561563E-17,5.551115123126E-17));
#5449 = DIRECTION('',(-2.775557561563E-17,1.,0.));
#5450 = PCURVE('',#5451,#5456);
#5451 = PLANE('',#5452);
#5452 = AXIS2_PLACEMENT_3D('',#5453,#5454,#5455);
#5453 = CARTESIAN_POINT('',(142.,-100.8379010774,60.576663380276));
#5454 = DIRECTION('',(-1.,-2.775557561563E-17,5.551115123126E-17));
#5455 = DIRECTION('',(-2.775557561563E-17,1.,0.));
#5456 = DEFINITIONAL_REPRESENTATION('',(#5457),#5461);
#5457 = CIRCLE('',#5458,3.25);
#5458 = AXIS2_PLACEMENT_2D('',#5459,#5460);
#5459 = CARTESIAN_POINT('',(0.,0.));
#5460 = DIRECTION('',(1.,0.));
#5461 = ( GEOMETRIC_REPRESENTATION_CONTEXT(2) 
PARAMETRIC_REPRESENTATION_CONTEXT() REPRESENTATION_CONTEXT('2D SPACE',''
  ) );
#5462 = PCURVE('',#3766,#5463);
#5463 = DEFINITIONAL_REPRESENTATION('',(#5464),#5468);
#5464 = LINE('',#5465,#5466);
#5465 = CARTESIAN_POINT('',(0.,1.5));
#5466 = VECTOR('',#5467,1.);
#5467 = DIRECTION('',(1.,0.));
#5468 = ( GEOMETRIC_REPRESENTATION_CONTEXT(2) 
PARAMETRIC_REPRESENTATION_CONTEXT() REPRESENTATION_CONTEXT('2D SPACE',''
  ) );
#5469 = FACE_BOUND('',#5470,.T.);
#5470 = EDGE_LOOP('',(#5471));
#5471 = ORIENTED_EDGE('',*,*,#5472,.T.);
#5472 = EDGE_CURVE('',#5473,#5473,#5475,.T.);
#5473 = VERTEX_POINT('',#5474);
#5474 = CARTESIAN_POINT('',(142.,-102.5379010774,60.576663380276));
#5475 = SURFACE_CURVE('',#5476,(#5481,#5488),.PCURVE_S1.);
#5476 = CIRCLE('',#5477,1.7);
#5477 = AXIS2_PLACEMENT_3D('',#5478,#5479,#5480);
#5478 = CARTESIAN_POINT('',(142.,-100.8379010774,60.576663380276));
#5479 = DIRECTION('',(-1.,-2.775557561563E-17,5.551115123126E-17));
#5480 = DIRECTION('',(-2.775557561563E-17,1.,0.));
#5481 = PCURVE('',#5451,#5482);
#5482 = DEFINITIONAL_REPRESENTATION('',(#5483),#5487);
#5483 = CIRCLE('',#5484,1.7);
#5484 = AXIS2_PLACEMENT_2D('',#5485,#5486);
#5485 = CARTESIAN_POINT('',(0.,0.));
#5486 = DIRECTION('',(1.,0.));
#5487 = ( GEOMETRIC_REPRESENTATION_CONTEXT(2) 
PARAMETRIC_REPRESENTATION_CONTEXT() REPRESENTATION_CONTEXT('2D SPACE',''
  ) );
#5488 = PCURVE('',#5489,#5494);
#5489 = CYLINDRICAL_SURFACE('',#5490,1.7);
#5490 = AXIS2_PLACEMENT_3D('',#5491,#5492,#5493);
#5491 = CARTESIAN_POINT('',(135.,-100.8379010774,60.576663380276));
#5492 = DIRECTION('',(-1.,-2.775557561563E-17,5.551115123126E-17));
#5493 = DIRECTION('',(-2.775557561563E-17,1.,0.));
#5494 = DEFINITIONAL_REPRESENTATION('',(#5495),#5499);
#5495 = LINE('',#5496,#5497);
#5496 = CARTESIAN_POINT('',(0.,-7.));
#5497 = VECTOR('',#5498,1.);
#5498 = DIRECTION('',(1.,0.));
#5499 = ( GEOMETRIC_REPRESENTATION_CONTEXT(2) 
PARAMETRIC_REPRESENTATION_CONTEXT() REPRESENTATION_CONTEXT('2D SPACE',''
  ) );
#5500 = ADVANCED_FACE('',(#5501),#3766,.F.);
#5501 = FACE_BOUND('',#5502,.F.);
#5502 = EDGE_LOOP('',(#5503,#5524,#5525,#5526));
#5503 = ORIENTED_EDGE('',*,*,#5504,.T.);
#5504 = EDGE_CURVE('',#3746,#5442,#5505,.T.);
#5505 = SEAM_CURVE('',#5506,(#5510,#5517),.PCURVE_S1.);
#5506 = LINE('',#5507,#5508);
#5507 = CARTESIAN_POINT('',(143.5,-104.0879010774,60.576663380276));
#5508 = VECTOR('',#5509,1.);
#5509 = DIRECTION('',(-1.,-2.775557561563E-17,5.551115123126E-17));
#5510 = PCURVE('',#3766,#5511);
#5511 = DEFINITIONAL_REPRESENTATION('',(#5512),#5516);
#5512 = LINE('',#5513,#5514);
#5513 = CARTESIAN_POINT('',(9.424777960769,0.));
#5514 = VECTOR('',#5515,1.);
#5515 = DIRECTION('',(0.,1.));
#5516 = ( GEOMETRIC_REPRESENTATION_CONTEXT(2) 
PARAMETRIC_REPRESENTATION_CONTEXT() REPRESENTATION_CONTEXT('2D SPACE',''
  ) );
#5517 = PCURVE('',#3766,#5518);
#5518 = DEFINITIONAL_REPRESENTATION('',(#5519),#5523);
#5519 = LINE('',#5520,#5521);
#5520 = CARTESIAN_POINT('',(3.14159265359,0.));
#5521 = VECTOR('',#5522,1.);
#5522 = DIRECTION('',(0.,1.));
#5523 = ( GEOMETRIC_REPRESENTATION_CONTEXT(2) 
PARAMETRIC_REPRESENTATION_CONTEXT() REPRESENTATION_CONTEXT('2D SPACE',''
  ) );
#5524 = ORIENTED_EDGE('',*,*,#5441,.F.);
#5525 = ORIENTED_EDGE('',*,*,#5504,.F.);
#5526 = ORIENTED_EDGE('',*,*,#3745,.T.);
#5527 = ADVANCED_FACE('',(#5528),#5489,.F.);
#5528 = FACE_BOUND('',#5529,.F.);
#5529 = EDGE_LOOP('',(#5530,#5553,#5575,#5576));
#5530 = ORIENTED_EDGE('',*,*,#5531,.T.);
#5531 = EDGE_CURVE('',#5473,#5532,#5534,.T.);
#5532 = VERTEX_POINT('',#5533);
#5533 = CARTESIAN_POINT('',(128.,-102.5379010774,60.576663380276));
#5534 = SEAM_CURVE('',#5535,(#5539,#5546),.PCURVE_S1.);
#5535 = LINE('',#5536,#5537);
#5536 = CARTESIAN_POINT('',(135.,-102.5379010774,60.576663380276));
#5537 = VECTOR('',#5538,1.);
#5538 = DIRECTION('',(-1.,-2.775557561563E-17,5.551115123126E-17));
#5539 = PCURVE('',#5489,#5540);
#5540 = DEFINITIONAL_REPRESENTATION('',(#5541),#5545);
#5541 = LINE('',#5542,#5543);
#5542 = CARTESIAN_POINT('',(9.424777960769,0.));
#5543 = VECTOR('',#5544,1.);
#5544 = DIRECTION('',(0.,1.));
#5545 = ( GEOMETRIC_REPRESENTATION_CONTEXT(2) 
PARAMETRIC_REPRESENTATION_CONTEXT() REPRESENTATION_CONTEXT('2D SPACE',''
  ) );
#5546 = PCURVE('',#5489,#5547);
#5547 = DEFINITIONAL_REPRESENTATION('',(#5548),#5552);
#5548 = LINE('',#5549,#5550);
#5549 = CARTESIAN_POINT('',(3.14159265359,0.));
#5550 = VECTOR('',#5551,1.);
#5551 = DIRECTION('',(0.,1.));
#5552 = ( GEOMETRIC_REPRESENTATION_CONTEXT(2) 
PARAMETRIC_REPRESENTATION_CONTEXT() REPRESENTATION_CONTEXT('2D SPACE',''
  ) );
#5553 = ORIENTED_EDGE('',*,*,#5554,.T.);
#5554 = EDGE_CURVE('',#5532,#5532,#5555,.T.);
#5555 = SURFACE_CURVE('',#5556,(#5561,#5568),.PCURVE_S1.);
#5556 = CIRCLE('',#5557,1.7);
#5557 = AXIS2_PLACEMENT_3D('',#5558,#5559,#5560);
#5558 = CARTESIAN_POINT('',(128.,-100.8379010774,60.576663380276));
#5559 = DIRECTION('',(1.,2.775557561563E-17,-5.551115123126E-17));
#5560 = DIRECTION('',(-2.775557561563E-17,1.,0.));
#5561 = PCURVE('',#5489,#5562);
#5562 = DEFINITIONAL_REPRESENTATION('',(#5563),#5567);
#5563 = LINE('',#5564,#5565);
#5564 = CARTESIAN_POINT('',(12.566370614359,7.));
#5565 = VECTOR('',#5566,1.);
#5566 = DIRECTION('',(-1.,0.));
#5567 = ( GEOMETRIC_REPRESENTATION_CONTEXT(2) 
PARAMETRIC_REPRESENTATION_CONTEXT() REPRESENTATION_CONTEXT('2D SPACE',''
  ) );
#5568 = PCURVE('',#4780,#5569);
#5569 = DEFINITIONAL_REPRESENTATION('',(#5570),#5574);
#5570 = CIRCLE('',#5571,1.7);
#5571 = AXIS2_PLACEMENT_2D('',#5572,#5573);
#5572 = CARTESIAN_POINT('',(75.43078959635,18.021513284653));
#5573 = DIRECTION('',(-1.,0.));
#5574 = ( GEOMETRIC_REPRESENTATION_CONTEXT(2) 
PARAMETRIC_REPRESENTATION_CONTEXT() REPRESENTATION_CONTEXT('2D SPACE',''
  ) );
#5575 = ORIENTED_EDGE('',*,*,#5531,.F.);
#5576 = ORIENTED_EDGE('',*,*,#5472,.T.);
#5577 = ADVANCED_FACE('',(#5578,#5609),#5591,.F.);
#5578 = FACE_BOUND('',#5579,.T.);
#5579 = EDGE_LOOP('',(#5580));
#5580 = ORIENTED_EDGE('',*,*,#5581,.F.);
#5581 = EDGE_CURVE('',#5582,#5582,#5584,.T.);
#5582 = VERTEX_POINT('',#5583);
#5583 = CARTESIAN_POINT('',(142.,-33.9069547038,73.95784357578));
#5584 = SURFACE_CURVE('',#5585,(#5590,#5602),.PCURVE_S1.);
#5585 = CIRCLE('',#5586,3.25);
#5586 = AXIS2_PLACEMENT_3D('',#5587,#5588,#5589);
#5587 = CARTESIAN_POINT('',(142.,-30.6569547038,73.95784357578));
#5588 = DIRECTION('',(-1.,-2.775557561563E-17,5.551115123126E-17));
#5589 = DIRECTION('',(-2.775557561563E-17,1.,0.));
#5590 = PCURVE('',#5591,#5596);
#5591 = PLANE('',#5592);
#5592 = AXIS2_PLACEMENT_3D('',#5593,#5594,#5595);
#5593 = CARTESIAN_POINT('',(142.,-30.6569547038,73.95784357578));
#5594 = DIRECTION('',(-1.,-2.775557561563E-17,5.551115123126E-17));
#5595 = DIRECTION('',(-2.775557561563E-17,1.,0.));
#5596 = DEFINITIONAL_REPRESENTATION('',(#5597),#5601);
#5597 = CIRCLE('',#5598,3.25);
#5598 = AXIS2_PLACEMENT_2D('',#5599,#5600);
#5599 = CARTESIAN_POINT('',(0.,0.));
#5600 = DIRECTION('',(1.,0.));
#5601 = ( GEOMETRIC_REPRESENTATION_CONTEXT(2) 
PARAMETRIC_REPRESENTATION_CONTEXT() REPRESENTATION_CONTEXT('2D SPACE',''
  ) );
#5602 = PCURVE('',#3731,#5603);
#5603 = DEFINITIONAL_REPRESENTATION('',(#5604),#5608);
#5604 = LINE('',#5605,#5606);
#5605 = CARTESIAN_POINT('',(0.,1.5));
#5606 = VECTOR('',#5607,1.);
#5607 = DIRECTION('',(1.,0.));
#5608 = ( GEOMETRIC_REPRESENTATION_CONTEXT(2) 
PARAMETRIC_REPRESENTATION_CONTEXT() REPRESENTATION_CONTEXT('2D SPACE',''
  ) );
#5609 = FACE_BOUND('',#5610,.T.);
#5610 = EDGE_LOOP('',(#5611));
#5611 = ORIENTED_EDGE('',*,*,#5612,.T.);
#5612 = EDGE_CURVE('',#5613,#5613,#5615,.T.);
#5613 = VERTEX_POINT('',#5614);
#5614 = CARTESIAN_POINT('',(142.,-32.3569547038,73.95784357578));
#5615 = SURFACE_CURVE('',#5616,(#5621,#5628),.PCURVE_S1.);
#5616 = CIRCLE('',#5617,1.7);
#5617 = AXIS2_PLACEMENT_3D('',#5618,#5619,#5620);
#5618 = CARTESIAN_POINT('',(142.,-30.6569547038,73.95784357578));
#5619 = DIRECTION('',(-1.,-2.775557561563E-17,5.551115123126E-17));
#5620 = DIRECTION('',(-2.775557561563E-17,1.,0.));
#5621 = PCURVE('',#5591,#5622);
#5622 = DEFINITIONAL_REPRESENTATION('',(#5623),#5627);
#5623 = CIRCLE('',#5624,1.7);
#5624 = AXIS2_PLACEMENT_2D('',#5625,#5626);
#5625 = CARTESIAN_POINT('',(0.,0.));
#5626 = DIRECTION('',(1.,0.));
#5627 = ( GEOMETRIC_REPRESENTATION_CONTEXT(2) 
PARAMETRIC_REPRESENTATION_CONTEXT() REPRESENTATION_CONTEXT('2D SPACE',''
  ) );
#5628 = PCURVE('',#5629,#5634);
#5629 = CYLINDRICAL_SURFACE('',#5630,1.7);
#5630 = AXIS2_PLACEMENT_3D('',#5631,#5632,#5633);
#5631 = CARTESIAN_POINT('',(135.,-30.6569547038,73.95784357578));
#5632 = DIRECTION('',(-1.,-2.775557561563E-17,5.551115123126E-17));
#5633 = DIRECTION('',(-2.775557561563E-17,1.,0.));
#5634 = DEFINITIONAL_REPRESENTATION('',(#5635),#5639);
#5635 = LINE('',#5636,#5637);
#5636 = CARTESIAN_POINT('',(0.,-7.));
#5637 = VECTOR('',#5638,1.);
#5638 = DIRECTION('',(1.,0.));
#5639 = ( GEOMETRIC_REPRESENTATION_CONTEXT(2) 
PARAMETRIC_REPRESENTATION_CONTEXT() REPRESENTATION_CONTEXT('2D SPACE',''
  ) );
#5640 = ADVANCED_FACE('',(#5641),#3731,.F.);
#5641 = FACE_BOUND('',#5642,.F.);
#5642 = EDGE_LOOP('',(#5643,#5664,#5665,#5666));
#5643 = ORIENTED_EDGE('',*,*,#5644,.T.);
#5644 = EDGE_CURVE('',#3711,#5582,#5645,.T.);
#5645 = SEAM_CURVE('',#5646,(#5650,#5657),.PCURVE_S1.);
#5646 = LINE('',#5647,#5648);
#5647 = CARTESIAN_POINT('',(143.5,-33.9069547038,73.95784357578));
#5648 = VECTOR('',#5649,1.);
#5649 = DIRECTION('',(-1.,-2.775557561563E-17,5.551115123126E-17));
#5650 = PCURVE('',#3731,#5651);
#5651 = DEFINITIONAL_REPRESENTATION('',(#5652),#5656);
#5652 = LINE('',#5653,#5654);
#5653 = CARTESIAN_POINT('',(9.424777960769,0.));
#5654 = VECTOR('',#5655,1.);
#5655 = DIRECTION('',(0.,1.));
#5656 = ( GEOMETRIC_REPRESENTATION_CONTEXT(2) 
PARAMETRIC_REPRESENTATION_CONTEXT() REPRESENTATION_CONTEXT('2D SPACE',''
  ) );
#5657 = PCURVE('',#3731,#5658);
#5658 = DEFINITIONAL_REPRESENTATION('',(#5659),#5663);
#5659 = LINE('',#5660,#5661);
#5660 = CARTESIAN_POINT('',(3.14159265359,0.));
#5661 = VECTOR('',#5662,1.);
#5662 = DIRECTION('',(0.,1.));
#5663 = ( GEOMETRIC_REPRESENTATION_CONTEXT(2) 
PARAMETRIC_REPRESENTATION_CONTEXT() REPRESENTATION_CONTEXT('2D SPACE',''
  ) );
#5664 = ORIENTED_EDGE('',*,*,#5581,.F.);
#5665 = ORIENTED_EDGE('',*,*,#5644,.F.);
#5666 = ORIENTED_EDGE('',*,*,#3710,.T.);
#5667 = ADVANCED_FACE('',(#5668),#5629,.F.);
#5668 = FACE_BOUND('',#5669,.F.);
#5669 = EDGE_LOOP('',(#5670,#5693,#5715,#5716));
#5670 = ORIENTED_EDGE('',*,*,#5671,.T.);
#5671 = EDGE_CURVE('',#5613,#5672,#5674,.T.);
#5672 = VERTEX_POINT('',#5673);
#5673 = CARTESIAN_POINT('',(128.,-32.3569547038,73.95784357578));
#5674 = SEAM_CURVE('',#5675,(#5679,#5686),.PCURVE_S1.);
#5675 = LINE('',#5676,#5677);
#5676 = CARTESIAN_POINT('',(135.,-32.3569547038,73.95784357578));
#5677 = VECTOR('',#5678,1.);
#5678 = DIRECTION('',(-1.,-2.775557561563E-17,5.551115123126E-17));
#5679 = PCURVE('',#5629,#5680);
#5680 = DEFINITIONAL_REPRESENTATION('',(#5681),#5685);
#5681 = LINE('',#5682,#5683);
#5682 = CARTESIAN_POINT('',(9.424777960769,0.));
#5683 = VECTOR('',#5684,1.);
#5684 = DIRECTION('',(0.,1.));
#5685 = ( GEOMETRIC_REPRESENTATION_CONTEXT(2) 
PARAMETRIC_REPRESENTATION_CONTEXT() REPRESENTATION_CONTEXT('2D SPACE',''
  ) );
#5686 = PCURVE('',#5629,#5687);
#5687 = DEFINITIONAL_REPRESENTATION('',(#5688),#5692);
#5688 = LINE('',#5689,#5690);
#5689 = CARTESIAN_POINT('',(3.14159265359,0.));
#5690 = VECTOR('',#5691,1.);
#5691 = DIRECTION('',(0.,1.));
#5692 = ( GEOMETRIC_REPRESENTATION_CONTEXT(2) 
PARAMETRIC_REPRESENTATION_CONTEXT() REPRESENTATION_CONTEXT('2D SPACE',''
  ) );
#5693 = ORIENTED_EDGE('',*,*,#5694,.T.);
#5694 = EDGE_CURVE('',#5672,#5672,#5695,.T.);
#5695 = SURFACE_CURVE('',#5696,(#5701,#5708),.PCURVE_S1.);
#5696 = CIRCLE('',#5697,1.7);
#5697 = AXIS2_PLACEMENT_3D('',#5698,#5699,#5700);
#5698 = CARTESIAN_POINT('',(128.,-30.6569547038,73.95784357578));
#5699 = DIRECTION('',(1.,2.775557561563E-17,-5.551115123126E-17));
#5700 = DIRECTION('',(-2.775557561563E-17,1.,0.));
#5701 = PCURVE('',#5629,#5702);
#5702 = DEFINITIONAL_REPRESENTATION('',(#5703),#5707);
#5703 = LINE('',#5704,#5705);
#5704 = CARTESIAN_POINT('',(12.566370614359,7.));
#5705 = VECTOR('',#5706,1.);
#5706 = DIRECTION('',(-1.,0.));
#5707 = ( GEOMETRIC_REPRESENTATION_CONTEXT(2) 
PARAMETRIC_REPRESENTATION_CONTEXT() REPRESENTATION_CONTEXT('2D SPACE',''
  ) );
#5708 = PCURVE('',#4780,#5709);
#5709 = DEFINITIONAL_REPRESENTATION('',(#5710),#5714);
#5710 = CIRCLE('',#5711,1.7);
#5711 = AXIS2_PLACEMENT_2D('',#5712,#5713);
#5712 = CARTESIAN_POINT('',(5.24984322266,4.64033308915));
#5713 = DIRECTION('',(-1.,0.));
#5714 = ( GEOMETRIC_REPRESENTATION_CONTEXT(2) 
PARAMETRIC_REPRESENTATION_CONTEXT() REPRESENTATION_CONTEXT('2D SPACE',''
  ) );
#5715 = ORIENTED_EDGE('',*,*,#5671,.F.);
#5716 = ORIENTED_EDGE('',*,*,#5612,.T.);
#5717 = ADVANCED_FACE('',(#5718,#5749),#5731,.F.);
#5718 = FACE_BOUND('',#5719,.T.);
#5719 = EDGE_LOOP('',(#5720));
#5720 = ORIENTED_EDGE('',*,*,#5721,.F.);
#5721 = EDGE_CURVE('',#5722,#5722,#5724,.T.);
#5722 = VERTEX_POINT('',#5723);
#5723 = CARTESIAN_POINT('',(142.,-69.54513072684,58.117376103186));
#5724 = SURFACE_CURVE('',#5725,(#5730,#5742),.PCURVE_S1.);
#5725 = CIRCLE('',#5726,3.25);
#5726 = AXIS2_PLACEMENT_3D('',#5727,#5728,#5729);
#5727 = CARTESIAN_POINT('',(142.,-66.29513072684,58.117376103186));
#5728 = DIRECTION('',(-1.,-2.775557561563E-17,5.551115123126E-17));
#5729 = DIRECTION('',(-2.775557561563E-17,1.,0.));
#5730 = PCURVE('',#5731,#5736);
#5731 = PLANE('',#5732);
#5732 = AXIS2_PLACEMENT_3D('',#5733,#5734,#5735);
#5733 = CARTESIAN_POINT('',(142.,-66.29513072684,58.117376103186));
#5734 = DIRECTION('',(-1.,-2.775557561563E-17,5.551115123126E-17));
#5735 = DIRECTION('',(-2.775557561563E-17,1.,0.));
#5736 = DEFINITIONAL_REPRESENTATION('',(#5737),#5741);
#5737 = CIRCLE('',#5738,3.25);
#5738 = AXIS2_PLACEMENT_2D('',#5739,#5740);
#5739 = CARTESIAN_POINT('',(0.,0.));
#5740 = DIRECTION('',(1.,0.));
#5741 = ( GEOMETRIC_REPRESENTATION_CONTEXT(2) 
PARAMETRIC_REPRESENTATION_CONTEXT() REPRESENTATION_CONTEXT('2D SPACE',''
  ) );
#5742 = PCURVE('',#3696,#5743);
#5743 = DEFINITIONAL_REPRESENTATION('',(#5744),#5748);
#5744 = LINE('',#5745,#5746);
#5745 = CARTESIAN_POINT('',(0.,1.5));
#5746 = VECTOR('',#5747,1.);
#5747 = DIRECTION('',(1.,0.));
#5748 = ( GEOMETRIC_REPRESENTATION_CONTEXT(2) 
PARAMETRIC_REPRESENTATION_CONTEXT() REPRESENTATION_CONTEXT('2D SPACE',''
  ) );
#5749 = FACE_BOUND('',#5750,.T.);
#5750 = EDGE_LOOP('',(#5751));
#5751 = ORIENTED_EDGE('',*,*,#5752,.T.);
#5752 = EDGE_CURVE('',#5753,#5753,#5755,.T.);
#5753 = VERTEX_POINT('',#5754);
#5754 = CARTESIAN_POINT('',(142.,-67.99513072684,58.117376103186));
#5755 = SURFACE_CURVE('',#5756,(#5761,#5768),.PCURVE_S1.);
#5756 = CIRCLE('',#5757,1.7);
#5757 = AXIS2_PLACEMENT_3D('',#5758,#5759,#5760);
#5758 = CARTESIAN_POINT('',(142.,-66.29513072684,58.117376103186));
#5759 = DIRECTION('',(-1.,-2.775557561563E-17,5.551115123126E-17));
#5760 = DIRECTION('',(-2.775557561563E-17,1.,0.));
#5761 = PCURVE('',#5731,#5762);
#5762 = DEFINITIONAL_REPRESENTATION('',(#5763),#5767);
#5763 = CIRCLE('',#5764,1.7);
#5764 = AXIS2_PLACEMENT_2D('',#5765,#5766);
#5765 = CARTESIAN_POINT('',(0.,0.));
#5766 = DIRECTION('',(1.,0.));
#5767 = ( GEOMETRIC_REPRESENTATION_CONTEXT(2) 
PARAMETRIC_REPRESENTATION_CONTEXT() REPRESENTATION_CONTEXT('2D SPACE',''
  ) );
#5768 = PCURVE('',#5769,#5774);
#5769 = CYLINDRICAL_SURFACE('',#5770,1.7);
#5770 = AXIS2_PLACEMENT_3D('',#5771,#5772,#5773);
#5771 = CARTESIAN_POINT('',(135.,-66.29513072684,58.117376103186));
#5772 = DIRECTION('',(-1.,-2.775557561563E-17,5.551115123126E-17));
#5773 = DIRECTION('',(-2.775557561563E-17,1.,0.));
#5774 = DEFINITIONAL_REPRESENTATION('',(#5775),#5779);
#5775 = LINE('',#5776,#5777);
#5776 = CARTESIAN_POINT('',(0.,-7.));
#5777 = VECTOR('',#5778,1.);
#5778 = DIRECTION('',(1.,0.));
#5779 = ( GEOMETRIC_REPRESENTATION_CONTEXT(2) 
PARAMETRIC_REPRESENTATION_CONTEXT() REPRESENTATION_CONTEXT('2D SPACE',''
  ) );
#5780 = ADVANCED_FACE('',(#5781),#3696,.F.);
#5781 = FACE_BOUND('',#5782,.F.);
#5782 = EDGE_LOOP('',(#5783,#5804,#5805,#5806));
#5783 = ORIENTED_EDGE('',*,*,#5784,.T.);
#5784 = EDGE_CURVE('',#3676,#5722,#5785,.T.);
#5785 = SEAM_CURVE('',#5786,(#5790,#5797),.PCURVE_S1.);
#5786 = LINE('',#5787,#5788);
#5787 = CARTESIAN_POINT('',(143.5,-69.54513072684,58.117376103186));
#5788 = VECTOR('',#5789,1.);
#5789 = DIRECTION('',(-1.,-2.775557561563E-17,5.551115123126E-17));
#5790 = PCURVE('',#3696,#5791);
#5791 = DEFINITIONAL_REPRESENTATION('',(#5792),#5796);
#5792 = LINE('',#5793,#5794);
#5793 = CARTESIAN_POINT('',(9.424777960769,0.));
#5794 = VECTOR('',#5795,1.);
#5795 = DIRECTION('',(0.,1.));
#5796 = ( GEOMETRIC_REPRESENTATION_CONTEXT(2) 
PARAMETRIC_REPRESENTATION_CONTEXT() REPRESENTATION_CONTEXT('2D SPACE',''
  ) );
#5797 = PCURVE('',#3696,#5798);
#5798 = DEFINITIONAL_REPRESENTATION('',(#5799),#5803);
#5799 = LINE('',#5800,#5801);
#5800 = CARTESIAN_POINT('',(3.14159265359,0.));
#5801 = VECTOR('',#5802,1.);
#5802 = DIRECTION('',(0.,1.));
#5803 = ( GEOMETRIC_REPRESENTATION_CONTEXT(2) 
PARAMETRIC_REPRESENTATION_CONTEXT() REPRESENTATION_CONTEXT('2D SPACE',''
  ) );
#5804 = ORIENTED_EDGE('',*,*,#5721,.F.);
#5805 = ORIENTED_EDGE('',*,*,#5784,.F.);
#5806 = ORIENTED_EDGE('',*,*,#3675,.T.);
#5807 = ADVANCED_FACE('',(#5808),#5769,.F.);
#5808 = FACE_BOUND('',#5809,.F.);
#5809 = EDGE_LOOP('',(#5810,#5833,#5855,#5856));
#5810 = ORIENTED_EDGE('',*,*,#5811,.T.);
#5811 = EDGE_CURVE('',#5753,#5812,#5814,.T.);
#5812 = VERTEX_POINT('',#5813);
#5813 = CARTESIAN_POINT('',(128.,-67.99513072684,58.117376103186));
#5814 = SEAM_CURVE('',#5815,(#5819,#5826),.PCURVE_S1.);
#5815 = LINE('',#5816,#5817);
#5816 = CARTESIAN_POINT('',(135.,-67.99513072684,58.117376103186));
#5817 = VECTOR('',#5818,1.);
#5818 = DIRECTION('',(-1.,-2.775557561563E-17,5.551115123126E-17));
#5819 = PCURVE('',#5769,#5820);
#5820 = DEFINITIONAL_REPRESENTATION('',(#5821),#5825);
#5821 = LINE('',#5822,#5823);
#5822 = CARTESIAN_POINT('',(9.424777960769,0.));
#5823 = VECTOR('',#5824,1.);
#5824 = DIRECTION('',(0.,1.));
#5825 = ( GEOMETRIC_REPRESENTATION_CONTEXT(2) 
PARAMETRIC_REPRESENTATION_CONTEXT() REPRESENTATION_CONTEXT('2D SPACE',''
  ) );
#5826 = PCURVE('',#5769,#5827);
#5827 = DEFINITIONAL_REPRESENTATION('',(#5828),#5832);
#5828 = LINE('',#5829,#5830);
#5829 = CARTESIAN_POINT('',(3.14159265359,0.));
#5830 = VECTOR('',#5831,1.);
#5831 = DIRECTION('',(0.,1.));
#5832 = ( GEOMETRIC_REPRESENTATION_CONTEXT(2) 
PARAMETRIC_REPRESENTATION_CONTEXT() REPRESENTATION_CONTEXT('2D SPACE',''
  ) );
#5833 = ORIENTED_EDGE('',*,*,#5834,.T.);
#5834 = EDGE_CURVE('',#5812,#5812,#5835,.T.);
#5835 = SURFACE_CURVE('',#5836,(#5841,#5848),.PCURVE_S1.);
#5836 = CIRCLE('',#5837,1.7);
#5837 = AXIS2_PLACEMENT_3D('',#5838,#5839,#5840);
#5838 = CARTESIAN_POINT('',(128.,-66.29513072684,58.117376103186));
#5839 = DIRECTION('',(1.,2.775557561563E-17,-5.551115123126E-17));
#5840 = DIRECTION('',(-2.775557561563E-17,1.,0.));
#5841 = PCURVE('',#5769,#5842);
#5842 = DEFINITIONAL_REPRESENTATION('',(#5843),#5847);
#5843 = LINE('',#5844,#5845);
#5844 = CARTESIAN_POINT('',(12.566370614359,7.));
#5845 = VECTOR('',#5846,1.);
#5846 = DIRECTION('',(-1.,0.));
#5847 = ( GEOMETRIC_REPRESENTATION_CONTEXT(2) 
PARAMETRIC_REPRESENTATION_CONTEXT() REPRESENTATION_CONTEXT('2D SPACE',''
  ) );
#5848 = PCURVE('',#4780,#5849);
#5849 = DEFINITIONAL_REPRESENTATION('',(#5850),#5854);
#5850 = CIRCLE('',#5851,1.7);
#5851 = AXIS2_PLACEMENT_2D('',#5852,#5853);
#5852 = CARTESIAN_POINT('',(40.888019245707,20.480800561743));
#5853 = DIRECTION('',(-1.,0.));
#5854 = ( GEOMETRIC_REPRESENTATION_CONTEXT(2) 
PARAMETRIC_REPRESENTATION_CONTEXT() REPRESENTATION_CONTEXT('2D SPACE',''
  ) );
#5855 = ORIENTED_EDGE('',*,*,#5811,.F.);
#5856 = ORIENTED_EDGE('',*,*,#5752,.T.);
#5857 = ADVANCED_FACE('',(#5858),#1538,.F.);
#5858 = FACE_BOUND('',#5859,.F.);
#5859 = EDGE_LOOP('',(#5860,#5885,#5907,#5908));
#5860 = ORIENTED_EDGE('',*,*,#5861,.F.);
#5861 = EDGE_CURVE('',#5862,#5864,#5866,.T.);
#5862 = VERTEX_POINT('',#5863);
#5863 = CARTESIAN_POINT('',(128.,-98.13567394714,63.944448039141));
#5864 = VERTEX_POINT('',#5865);
#5865 = CARTESIAN_POINT('',(128.,-100.1191724687,64.512540909445));
#5866 = SURFACE_CURVE('',#5867,(#5871,#5878),.PCURVE_S1.);
#5867 = LINE('',#5868,#5869);
#5868 = CARTESIAN_POINT('',(128.,-98.13567394714,63.944448039141));
#5869 = VECTOR('',#5870,1.);
#5870 = DIRECTION('',(-1.502348552312E-16,-0.961347199371,0.27533899517)
  );
#5871 = PCURVE('',#1538,#5872);
#5872 = DEFINITIONAL_REPRESENTATION('',(#5873),#5877);
#5873 = LINE('',#5874,#5875);
#5874 = CARTESIAN_POINT('',(5.497787143782,33.01687354752));
#5875 = VECTOR('',#5876,1.);
#5876 = DIRECTION('',(-4.304756605754E-16,1.));
#5877 = ( GEOMETRIC_REPRESENTATION_CONTEXT(2) 
PARAMETRIC_REPRESENTATION_CONTEXT() REPRESENTATION_CONTEXT('2D SPACE',''
  ) );
#5878 = PCURVE('',#4780,#5879);
#5879 = DEFINITIONAL_REPRESENTATION('',(#5880),#5884);
#5880 = LINE('',#5881,#5882);
#5881 = CARTESIAN_POINT('',(72.728562466006,14.653728625788));
#5882 = VECTOR('',#5883,1.);
#5883 = DIRECTION('',(0.961347199371,-0.27533899517));
#5884 = ( GEOMETRIC_REPRESENTATION_CONTEXT(2) 
PARAMETRIC_REPRESENTATION_CONTEXT() REPRESENTATION_CONTEXT('2D SPACE',''
  ) );
#5885 = ORIENTED_EDGE('',*,*,#5886,.T.);
#5886 = EDGE_CURVE('',#5862,#1494,#5887,.T.);
#5887 = SURFACE_CURVE('',#5888,(#5893,#5900),.PCURVE_S1.);
#5888 = CIRCLE('',#5889,8.);
#5889 = AXIS2_PLACEMENT_3D('',#5890,#5891,#5892);
#5890 = CARTESIAN_POINT('',(128.,-95.93296198578,71.63522563411));
#5891 = DIRECTION('',(0.,-0.961347199371,0.27533899517));
#5892 = DIRECTION('',(0.,-0.27533899517,-0.961347199371));
#5893 = PCURVE('',#1538,#5894);
#5894 = DEFINITIONAL_REPRESENTATION('',(#5895),#5899);
#5895 = LINE('',#5896,#5897);
#5896 = CARTESIAN_POINT('',(5.497787143782,33.01687354752));
#5897 = VECTOR('',#5898,1.);
#5898 = DIRECTION('',(1.,0.));
#5899 = ( GEOMETRIC_REPRESENTATION_CONTEXT(2) 
PARAMETRIC_REPRESENTATION_CONTEXT() REPRESENTATION_CONTEXT('2D SPACE',''
  ) );
#5900 = PCURVE('',#1510,#5901);
#5901 = DEFINITIONAL_REPRESENTATION('',(#5902),#5906);
#5902 = LINE('',#5903,#5904);
#5903 = CARTESIAN_POINT('',(6.562127616892,6.28318530718));
#5904 = VECTOR('',#5905,1.);
#5905 = DIRECTION('',(5.654319433713E-16,-1.));
#5906 = ( GEOMETRIC_REPRESENTATION_CONTEXT(2) 
PARAMETRIC_REPRESENTATION_CONTEXT() REPRESENTATION_CONTEXT('2D SPACE',''
  ) );
#5907 = ORIENTED_EDGE('',*,*,#1522,.T.);
#5908 = ORIENTED_EDGE('',*,*,#5909,.T.);
#5909 = EDGE_CURVE('',#1523,#5864,#5910,.T.);
#5910 = SURFACE_CURVE('',#5911,(#5916,#5923),.PCURVE_S1.);
#5911 = CIRCLE('',#5912,8.);
#5912 = AXIS2_PLACEMENT_3D('',#5913,#5914,#5915);
#5913 = CARTESIAN_POINT('',(128.,-97.91646050734,72.203318504414));
#5914 = DIRECTION('',(-6.113753840306E-16,0.961347199371,-0.27533899517)
  );
#5915 = DIRECTION('',(1.,-2.958228394579E-31,-2.22044604925E-15));
#5916 = PCURVE('',#1538,#5917);
#5917 = DEFINITIONAL_REPRESENTATION('',(#5918),#5922);
#5918 = LINE('',#5919,#5920);
#5919 = CARTESIAN_POINT('',(7.068583470577,35.080122416255));
#5920 = VECTOR('',#5921,1.);
#5921 = DIRECTION('',(-1.,-9.046911093941E-15));
#5922 = ( GEOMETRIC_REPRESENTATION_CONTEXT(2) 
PARAMETRIC_REPRESENTATION_CONTEXT() REPRESENTATION_CONTEXT('2D SPACE',''
  ) );
#5923 = PCURVE('',#5924,#5929);
#5924 = CYLINDRICAL_SURFACE('',#5925,8.);
#5925 = AXIS2_PLACEMENT_3D('',#5926,#5927,#5928);
#5926 = CARTESIAN_POINT('',(128.,-64.19228306888,62.544392847869));
#5927 = DIRECTION('',(4.196712948578E-17,-0.961347199371,0.27533899517)
  );
#5928 = DIRECTION('',(0.707106781187,-0.19469407061,-0.67977512375));
#5929 = DEFINITIONAL_REPRESENTATION('',(#5930),#5934);
#5930 = LINE('',#5931,#5932);
#5931 = CARTESIAN_POINT('',(0.785398163397,35.080122416255));
#5932 = VECTOR('',#5933,1.);
#5933 = DIRECTION('',(-1.,-9.046911093941E-15));
#5934 = ( GEOMETRIC_REPRESENTATION_CONTEXT(2) 
PARAMETRIC_REPRESENTATION_CONTEXT() REPRESENTATION_CONTEXT('2D SPACE',''
  ) );
#5935 = ADVANCED_FACE('',(#5936),#1510,.F.);
#5936 = FACE_BOUND('',#5937,.F.);
#5937 = EDGE_LOOP('',(#5938,#5966,#5988,#5989));
#5938 = ORIENTED_EDGE('',*,*,#5939,.F.);
#5939 = EDGE_CURVE('',#5940,#5862,#5942,.T.);
#5940 = VERTEX_POINT('',#5941);
#5941 = CARTESIAN_POINT('',(128.,-28.19154068154,81.469927703074));
#5942 = SURFACE_CURVE('',#5943,(#5948,#5955),.PCURVE_S1.);
#5943 = CIRCLE('',#5944,72.000000001594);
#5944 = AXIS2_PLACEMENT_3D('',#5945,#5946,#5947);
#5945 = CARTESIAN_POINT('',(128.,-78.31126629444,133.16144639539));
#5946 = DIRECTION('',(-1.,4.217775886894E-17,2.663770775785E-16));
#5947 = DIRECTION('',(-2.676940392523E-16,-0.27533899517,-0.961347199371
    ));
#5948 = PCURVE('',#1510,#5949);
#5949 = DEFINITIONAL_REPRESENTATION('',(#5950),#5954);
#5950 = LINE('',#5951,#5952);
#5951 = CARTESIAN_POINT('',(0.278942309713,6.28318530718));
#5952 = VECTOR('',#5953,1.);
#5953 = DIRECTION('',(1.,0.));
#5954 = ( GEOMETRIC_REPRESENTATION_CONTEXT(2) 
PARAMETRIC_REPRESENTATION_CONTEXT() REPRESENTATION_CONTEXT('2D SPACE',''
  ) );
#5955 = PCURVE('',#4780,#5956);
#5956 = DEFINITIONAL_REPRESENTATION('',(#5957),#5965);
#5957 = ( BOUNDED_CURVE() B_SPLINE_CURVE(2,(#5958,#5959,#5960,#5961,
#5962,#5963,#5964),.UNSPECIFIED.,.T.,.F.) B_SPLINE_CURVE_WITH_KNOTS((1,2
    ,2,2,2,1),(-2.094395102393,0.,2.094395102393,4.188790204786,
6.28318530718,8.377580409573),.UNSPECIFIED.) CURVE() 
GEOMETRIC_REPRESENTATION_ITEM() RATIONAL_B_SPLINE_CURVE((1.,0.5,1.,0.5,
1.,0.5,1.)) REPRESENTATION_ITEM('') );
#5958 = CARTESIAN_POINT('',(72.728562466006,14.653728625788));
#5959 = CARTESIAN_POINT('',(192.61592036644,-19.68315265865));
#5960 = CARTESIAN_POINT('',(102.93562993716,-106.3402095508));
#5961 = CARTESIAN_POINT('',(13.25533950789,-192.9972664429));
#5962 = CARTESIAN_POINT('',(-16.95172796326,-72.00332826636));
#5963 = CARTESIAN_POINT('',(-47.15879543442,48.990609910231));
#5964 = CARTESIAN_POINT('',(72.728562466006,14.653728625788));
#5965 = ( GEOMETRIC_REPRESENTATION_CONTEXT(2) 
PARAMETRIC_REPRESENTATION_CONTEXT() REPRESENTATION_CONTEXT('2D SPACE',''
  ) );
#5966 = ORIENTED_EDGE('',*,*,#5967,.T.);
#5967 = EDGE_CURVE('',#5940,#1461,#5968,.T.);
#5968 = SURFACE_CURVE('',#5969,(#5974,#5981),.PCURVE_S1.);
#5969 = CIRCLE('',#5970,8.);
#5970 = AXIS2_PLACEMENT_3D('',#5971,#5972,#5973);
#5971 = CARTESIAN_POINT('',(128.,-33.76039908285,87.213429779871));
#5972 = DIRECTION('',(1.972152263053E-31,-0.7179377596,-0.696107300164)
  );
#5973 = DIRECTION('',(2.22044604925E-15,0.696107300164,-0.7179377596));
#5974 = PCURVE('',#1510,#5975);
#5975 = DEFINITIONAL_REPRESENTATION('',(#5976),#5980);
#5976 = LINE('',#5977,#5978);
#5977 = CARTESIAN_POINT('',(5.513224222797,6.28318530718));
#5978 = VECTOR('',#5979,1.);
#5979 = DIRECTION('',(0.,-1.));
#5980 = ( GEOMETRIC_REPRESENTATION_CONTEXT(2) 
PARAMETRIC_REPRESENTATION_CONTEXT() REPRESENTATION_CONTEXT('2D SPACE',''
  ) );
#5981 = PCURVE('',#1481,#5982);
#5982 = DEFINITIONAL_REPRESENTATION('',(#5983),#5987);
#5983 = LINE('',#5984,#5985);
#5984 = CARTESIAN_POINT('',(7.053146391563,3.14159265359));
#5985 = VECTOR('',#5986,1.);
#5986 = DIRECTION('',(1.696295830209E-15,-1.));
#5987 = ( GEOMETRIC_REPRESENTATION_CONTEXT(2) 
PARAMETRIC_REPRESENTATION_CONTEXT() REPRESENTATION_CONTEXT('2D SPACE',''
  ) );
#5988 = ORIENTED_EDGE('',*,*,#1493,.T.);
#5989 = ORIENTED_EDGE('',*,*,#5886,.F.);
#5990 = ADVANCED_FACE('',(#5991),#1481,.F.);
#5991 = FACE_BOUND('',#5992,.F.);
#5992 = EDGE_LOOP('',(#5993,#5994,#5995,#6019));
#5993 = ORIENTED_EDGE('',*,*,#1460,.T.);
#5994 = ORIENTED_EDGE('',*,*,#5967,.F.);
#5995 = ORIENTED_EDGE('',*,*,#5996,.F.);
#5996 = EDGE_CURVE('',#5997,#5940,#5999,.T.);
#5997 = VERTEX_POINT('',#5998);
#5998 = CARTESIAN_POINT('',(128.,-22.62268228024,75.726425626278));
#5999 = SURFACE_CURVE('',#6000,(#6005,#6012),.PCURVE_S1.);
#6000 = CIRCLE('',#6001,4.000000000353);
#6001 = AXIS2_PLACEMENT_3D('',#6002,#6003,#6004);
#6002 = CARTESIAN_POINT('',(128.,-25.40711148114,78.598176664929));
#6003 = DIRECTION('',(1.,2.775557561563E-17,-5.551115123126E-17));
#6004 = DIRECTION('',(2.775557561563E-17,-1.,0.));
#6005 = PCURVE('',#1481,#6006);
#6006 = DEFINITIONAL_REPRESENTATION('',(#6007),#6011);
#6007 = LINE('',#6008,#6009);
#6008 = CARTESIAN_POINT('',(1.570796326795,3.14159265359));
#6009 = VECTOR('',#6010,1.);
#6010 = DIRECTION('',(1.,0.));
#6011 = ( GEOMETRIC_REPRESENTATION_CONTEXT(2) 
PARAMETRIC_REPRESENTATION_CONTEXT() REPRESENTATION_CONTEXT('2D SPACE',''
  ) );
#6012 = PCURVE('',#4780,#6013);
#6013 = DEFINITIONAL_REPRESENTATION('',(#6014),#6018);
#6014 = CIRCLE('',#6015,4.000000000353);
#6015 = AXIS2_PLACEMENT_2D('',#6016,#6017);
#6016 = CARTESIAN_POINT('',(0.,0.));
#6017 = DIRECTION('',(1.,0.));
#6018 = ( GEOMETRIC_REPRESENTATION_CONTEXT(2) 
PARAMETRIC_REPRESENTATION_CONTEXT() REPRESENTATION_CONTEXT('2D SPACE',''
  ) );
#6019 = ORIENTED_EDGE('',*,*,#6020,.T.);
#6020 = EDGE_CURVE('',#5997,#1432,#6021,.T.);
#6021 = SURFACE_CURVE('',#6022,(#6035,#6064),.PCURVE_S1.);
#6022 = B_SPLINE_CURVE_WITH_KNOTS('',3,(#6023,#6024,#6025,#6026,#6027,
    #6028,#6029,#6030,#6031,#6032,#6033,#6034),.UNSPECIFIED.,.F.,.F.,(4,
    2,2,2,2,4),(-1.215237096804E-03,0.,0.335258496867,0.730571179241,
    1.075037657101,1.367895317469),.UNSPECIFIED.);
#6023 = CARTESIAN_POINT('',(128.,-22.62268228024,75.726425626278));
#6024 = CARTESIAN_POINT('',(128.00335703401,-22.62105472549,
    75.728003691683));
#6025 = CARTESIAN_POINT('',(128.00680876968,-22.61938107697,
    75.729626180715));
#6026 = CARTESIAN_POINT('',(128.93630279902,-22.16867452343,
    76.16648331893));
#6027 = CARTESIAN_POINT('',(129.93312777624,-21.67495532307,
    76.625243953197));
#6028 = CARTESIAN_POINT('',(131.92971868496,-20.50684820558,
    77.652368691438));
#6029 = CARTESIAN_POINT('',(132.92720445359,-19.80405395937,
    78.239097129038));
#6030 = CARTESIAN_POINT('',(134.50295784146,-18.21669396426,
    79.45375754626));
#6031 = CARTESIAN_POINT('',(135.09532994425,-17.3881643188,
    80.048783272052));
#6032 = CARTESIAN_POINT('',(135.82158036692,-15.6660821559,
    81.175397170446));
#6033 = CARTESIAN_POINT('',(135.99999999999,-14.82383752473,
    81.687057071672));
#6034 = CARTESIAN_POINT('',(136.,-13.95203179774,82.173250014516));
#6035 = PCURVE('',#1481,#6036);
#6036 = DEFINITIONAL_REPRESENTATION('',(#6037),#6063);
#6037 = B_SPLINE_CURVE_WITH_KNOTS('',3,(#6038,#6039,#6040,#6041,#6042,
    #6043,#6044,#6045,#6046,#6047,#6048,#6049,#6050,#6051,#6052,#6053,
    #6054,#6055,#6056,#6057,#6058,#6059,#6060,#6061,#6062),
  .UNSPECIFIED.,.F.,.F.,(4,1,1,1,1,1,1,1,1,1,1,1,1,1,1,1,1,1,1,1,1,1,4),
  (-1.215237096804E-03,6.1017060838E-02,0.123249358773,0.185481656708,
    0.247713954642,0.309946252577,0.372178550512,0.434410848447,
    0.496643146382,0.558875444316,0.621107742251,0.683340040186,
    0.745572338121,0.807804636056,0.870036933991,0.932269231925,
    0.99450152986,1.056733827795,1.11896612573,1.181198423665,
    1.243430721599,1.305663019534,1.367895317469),.UNSPECIFIED.);
#6038 = CARTESIAN_POINT('',(3.911553737973,3.14159265359));
#6039 = CARTESIAN_POINT('',(3.940566730012,3.120105870936));
#6040 = CARTESIAN_POINT('',(3.999435610258,3.076534764931));
#6041 = CARTESIAN_POINT('',(4.088520200966,3.009784816312));
#6042 = CARTESIAN_POINT('',(4.176620739558,2.942037242387));
#6043 = CARTESIAN_POINT('',(4.262034568603,2.873700546048));
#6044 = CARTESIAN_POINT('',(4.343362084388,2.805167123957));
#6045 = CARTESIAN_POINT('',(4.419528801513,2.736946113269));
#6046 = CARTESIAN_POINT('',(4.490671557188,2.668505609445));
#6047 = CARTESIAN_POINT('',(4.556524240407,2.599780977168));
#6048 = CARTESIAN_POINT('',(4.61708764366,2.530632649459));
#6049 = CARTESIAN_POINT('',(4.672483406088,2.460900221358));
#6050 = CARTESIAN_POINT('',(4.722897002776,2.390456285941));
#6051 = CARTESIAN_POINT('',(4.768726405594,2.318903090378));
#6052 = CARTESIAN_POINT('',(4.809754258068,2.246844917225));
#6053 = CARTESIAN_POINT('',(4.846237724078,2.174364405355));
#6054 = CARTESIAN_POINT('',(4.878577940053,2.10130928995));
#6055 = CARTESIAN_POINT('',(4.907137208935,2.027554947034));
#6056 = CARTESIAN_POINT('',(4.932285462748,1.95289447842));
#6057 = CARTESIAN_POINT('',(4.954312806855,1.877190084681));
#6058 = CARTESIAN_POINT('',(4.973251256977,1.801362079696));
#6059 = CARTESIAN_POINT('',(4.98952484329,1.725112445319));
#6060 = CARTESIAN_POINT('',(5.003424098961,1.648367144257));
#6061 = CARTESIAN_POINT('',(5.011282497153,1.596746796048));
#6062 = CARTESIAN_POINT('',(5.014904858605,1.570796326797));
#6063 = ( GEOMETRIC_REPRESENTATION_CONTEXT(2) 
PARAMETRIC_REPRESENTATION_CONTEXT() REPRESENTATION_CONTEXT('2D SPACE',''
  ) );
#6064 = PCURVE('',#1448,#6065);
#6065 = DEFINITIONAL_REPRESENTATION('',(#6066),#6092);
#6066 = B_SPLINE_CURVE_WITH_KNOTS('',3,(#6067,#6068,#6069,#6070,#6071,
    #6072,#6073,#6074,#6075,#6076,#6077,#6078,#6079,#6080,#6081,#6082,
    #6083,#6084,#6085,#6086,#6087,#6088,#6089,#6090,#6091),
  .UNSPECIFIED.,.F.,.F.,(4,1,1,1,1,1,1,1,1,1,1,1,1,1,1,1,1,1,1,1,1,1,4),
  (-1.215237096804E-03,6.1017060838E-02,0.123249358773,0.185481656708,
    0.247713954642,0.309946252577,0.372178550512,0.434410848447,
    0.496643146382,0.558875444316,0.621107742251,0.683340040186,
    0.745572338121,0.807804636056,0.870036933991,0.932269231925,
    0.99450152986,1.056733827795,1.11896612573,1.181198423665,
    1.243430721599,1.305663019534,1.367895317469),.UNSPECIFIED.);
#6067 = CARTESIAN_POINT('',(4.995553342774,15.));
#6068 = CARTESIAN_POINT('',(4.998351654726,14.828121908451));
#6069 = CARTESIAN_POINT('',(5.004027676256,14.479519836123));
#6070 = CARTESIAN_POINT('',(5.012773442315,13.947802881886));
#6071 = CARTESIAN_POINT('',(5.021745426657,13.412932606732));
#6072 = CARTESIAN_POINT('',(5.030934811087,12.880791075387));
#6073 = CARTESIAN_POINT('',(5.040336120657,12.357022394918));
#6074 = CARTESIAN_POINT('',(5.049934463027,11.848000963127));
#6075 = CARTESIAN_POINT('',(5.059828115472,11.35197943574));
#6076 = CARTESIAN_POINT('',(5.070054710862,10.871072355635));
#6077 = CARTESIAN_POINT('',(5.080660295135,10.406886707515));
#6078 = CARTESIAN_POINT('',(5.091691803002,9.961074825488));
#6079 = CARTESIAN_POINT('',(5.103186106763,9.535615204222));
#6080 = CARTESIAN_POINT('',(5.115221058938,9.131136346733));
#6081 = CARTESIAN_POINT('',(5.127698587167,8.754141632696));
#6082 = CARTESIAN_POINT('',(5.140593011731,8.407584874528));
#6083 = CARTESIAN_POINT('',(5.153915395881,8.093291379658));
#6084 = CARTESIAN_POINT('',(5.167666227144,7.813422238928));
#6085 = CARTESIAN_POINT('',(5.181854322729,7.569923914507));
#6086 = CARTESIAN_POINT('',(5.196468499133,7.36526559985));
#6087 = CARTESIAN_POINT('',(5.211283798048,7.204176564846));
#6088 = CARTESIAN_POINT('',(5.226302077696,7.087286796268));
#6089 = CARTESIAN_POINT('',(5.24147702289,7.016115446398));
#6090 = CARTESIAN_POINT('',(5.251676146582,7.000000000001));
#6091 = CARTESIAN_POINT('',(5.256790206667,7.));
#6092 = ( GEOMETRIC_REPRESENTATION_CONTEXT(2) 
PARAMETRIC_REPRESENTATION_CONTEXT() REPRESENTATION_CONTEXT('2D SPACE',''
  ) );
#6093 = ADVANCED_FACE('',(#6094),#5924,.F.);
#6094 = FACE_BOUND('',#6095,.F.);
#6095 = EDGE_LOOP('',(#6096,#6127,#6148,#6149));
#6096 = ORIENTED_EDGE('',*,*,#6097,.T.);
#6097 = EDGE_CURVE('',#6098,#6100,#6102,.T.);
#6098 = VERTEX_POINT('',#6099);
#6099 = CARTESIAN_POINT('',(134.98971333705,-105.9159498763,
    70.446465195289));
#6100 = VERTEX_POINT('',#6101);
#6101 = CARTESIAN_POINT('',(128.,-107.0471753545,66.49678692833));
#6102 = SURFACE_CURVE('',#6103,(#6108,#6115),.PCURVE_S1.);
#6103 = CIRCLE('',#6104,8.);
#6104 = AXIS2_PLACEMENT_3D('',#6105,#6106,#6107);
#6105 = CARTESIAN_POINT('',(128.,-104.8444633931,74.187564523298));
#6106 = DIRECTION('',(0.,0.961347199371,-0.27533899517));
#6107 = DIRECTION('',(1.,0.,0.));
#6108 = PCURVE('',#5924,#6109);
#6109 = DEFINITIONAL_REPRESENTATION('',(#6110),#6114);
#6110 = LINE('',#6111,#6112);
#6111 = CARTESIAN_POINT('',(0.785398163397,42.28667889278));
#6112 = VECTOR('',#6113,1.);
#6113 = DIRECTION('',(-1.,-2.674264182765E-14));
#6114 = ( GEOMETRIC_REPRESENTATION_CONTEXT(2) 
PARAMETRIC_REPRESENTATION_CONTEXT() REPRESENTATION_CONTEXT('2D SPACE',''
  ) );
#6115 = PCURVE('',#6116,#6121);
#6116 = TOROIDAL_SURFACE('',#6117,11.379837378808,8.);
#6117 = AXIS2_PLACEMENT_3D('',#6118,#6119,#6120);
#6118 = CARTESIAN_POINT('',(128.,-107.9777763822,63.247589729884));
#6119 = DIRECTION('',(1.,2.775557561563E-17,-5.551115123126E-17));
#6120 = DIRECTION('',(5.551115123126E-17,1.54074395551E-33,1.));
#6121 = DEFINITIONAL_REPRESENTATION('',(#6122),#6126);
#6122 = LINE('',#6123,#6124);
#6123 = CARTESIAN_POINT('',(-0.278942309713,1.570796326795));
#6124 = VECTOR('',#6125,1.);
#6125 = DIRECTION('',(2.507122671342E-15,1.));
#6126 = ( GEOMETRIC_REPRESENTATION_CONTEXT(2) 
PARAMETRIC_REPRESENTATION_CONTEXT() REPRESENTATION_CONTEXT('2D SPACE',''
  ) );
#6127 = ORIENTED_EDGE('',*,*,#6128,.F.);
#6128 = EDGE_CURVE('',#5864,#6100,#6129,.T.);
#6129 = SURFACE_CURVE('',#6130,(#6134,#6141),.PCURVE_S1.);
#6130 = LINE('',#6131,#6132);
#6131 = CARTESIAN_POINT('',(128.,-98.13567394714,63.944448039141));
#6132 = VECTOR('',#6133,1.);
#6133 = DIRECTION('',(-1.502348552312E-16,-0.961347199371,0.27533899517)
  );
#6134 = PCURVE('',#5924,#6135);
#6135 = DEFINITIONAL_REPRESENTATION('',(#6136),#6140);
#6136 = LINE('',#6137,#6138);
#6137 = CARTESIAN_POINT('',(-0.785398163397,33.01687354752));
#6138 = VECTOR('',#6139,1.);
#6139 = DIRECTION('',(0.,1.));
#6140 = ( GEOMETRIC_REPRESENTATION_CONTEXT(2) 
PARAMETRIC_REPRESENTATION_CONTEXT() REPRESENTATION_CONTEXT('2D SPACE',''
  ) );
#6141 = PCURVE('',#4780,#6142);
#6142 = DEFINITIONAL_REPRESENTATION('',(#6143),#6147);
#6143 = LINE('',#6144,#6145);
#6144 = CARTESIAN_POINT('',(72.728562466006,14.653728625788));
#6145 = VECTOR('',#6146,1.);
#6146 = DIRECTION('',(0.961347199371,-0.27533899517));
#6147 = ( GEOMETRIC_REPRESENTATION_CONTEXT(2) 
PARAMETRIC_REPRESENTATION_CONTEXT() REPRESENTATION_CONTEXT('2D SPACE',''
  ) );
#6148 = ORIENTED_EDGE('',*,*,#5909,.F.);
#6149 = ORIENTED_EDGE('',*,*,#6150,.T.);
#6150 = EDGE_CURVE('',#1523,#6098,#6151,.T.);
#6151 = SURFACE_CURVE('',#6152,(#6159,#6188),.PCURVE_S1.);
#6152 = B_SPLINE_CURVE_WITH_KNOTS('',3,(#6153,#6154,#6155,#6156,#6157,
    #6158),.UNSPECIFIED.,.F.,.F.,(4,2,4),(5.633801392172,6.310421030957,
    6.41471616681),.UNSPECIFIED.);
#6153 = CARTESIAN_POINT('',(136.,-97.91646050734,72.203318504414));
#6154 = CARTESIAN_POINT('',(136.,-100.1129273634,71.691110462043));
#6155 = CARTESIAN_POINT('',(135.76822538245,-102.5148595858,
    71.157816839512));
#6156 = CARTESIAN_POINT('',(135.16983272051,-105.2039126096,
    70.593865991041));
#6157 = CARTESIAN_POINT('',(135.0832052089,-105.5612997524,
    70.519566320258));
#6158 = CARTESIAN_POINT('',(134.98971333705,-105.9159498763,
    70.446465195289));
#6159 = PCURVE('',#5924,#6160);
#6160 = DEFINITIONAL_REPRESENTATION('',(#6161),#6187);
#6161 = B_SPLINE_CURVE_WITH_KNOTS('',3,(#6162,#6163,#6164,#6165,#6166,
    #6167,#6168,#6169,#6170,#6171,#6172,#6173,#6174,#6175,#6176,#6177,
    #6178,#6179,#6180,#6181,#6182,#6183,#6184,#6185,#6186),
  .UNSPECIFIED.,.F.,.F.,(4,1,1,1,1,1,1,1,1,1,1,1,1,1,1,1,1,1,1,1,1,1,4),
  (5.633801392172,5.669297518292,5.704793644412,5.740289770532,
    5.775785896652,5.811282022771,5.846778148891,5.882274275011,
    5.917770401131,5.953266527251,5.988762653371,6.024258779491,
    6.059754905611,6.095251031731,6.130747157851,6.166243283971,
    6.201739410091,6.237235536211,6.27273166233,6.30822778845,
    6.34372391457,6.37922004069,6.41471616681),.QUASI_UNIFORM_KNOTS.);
#6162 = CARTESIAN_POINT('',(0.785398163397,35.080122416255));
#6163 = CARTESIAN_POINT('',(0.778203243531,35.183498678232));
#6164 = CARTESIAN_POINT('',(0.763760570793,35.391306476374));
#6165 = CARTESIAN_POINT('',(0.741942133775,35.705968591876));
#6166 = CARTESIAN_POINT('',(0.719973396372,36.023365721399));
#6167 = CARTESIAN_POINT('',(0.697858288639,36.343282460671));
#6168 = CARTESIAN_POINT('',(0.675600566128,36.665503405421));
#6169 = CARTESIAN_POINT('',(0.653203758062,36.98981315138));
#6170 = CARTESIAN_POINT('',(0.630671135219,37.315996294278));
#6171 = CARTESIAN_POINT('',(0.608005672467,37.643837429841));
#6172 = CARTESIAN_POINT('',(0.585210012955,37.973121153809));
#6173 = CARTESIAN_POINT('',(0.562286432342,38.303632061878));
#6174 = CARTESIAN_POINT('',(0.53923680376,38.635154749899));
#6175 = CARTESIAN_POINT('',(0.51606256361,38.967473813149));
#6176 = CARTESIAN_POINT('',(0.49276467825,39.300373849051));
#6177 = CARTESIAN_POINT('',(0.469343612409,39.633639447007));
#6178 = CARTESIAN_POINT('',(0.445799296985,39.967055226368));
#6179 = CARTESIAN_POINT('',(0.42213110578,40.3004056947));
#6180 = CARTESIAN_POINT('',(0.398337806239,40.633475776773));
#6181 = CARTESIAN_POINT('',(0.37441761532,40.966048840319));
#6182 = CARTESIAN_POINT('',(0.350367871751,41.297914064011));
#6183 = CARTESIAN_POINT('',(0.326186149365,41.628838939805));
#6184 = CARTESIAN_POINT('',(0.301869303953,41.958584736743));
#6185 = CARTESIAN_POINT('',(0.285564530221,42.177491973588));
#6186 = CARTESIAN_POINT('',(0.277387989653,42.28667889278));
#6187 = ( GEOMETRIC_REPRESENTATION_CONTEXT(2) 
PARAMETRIC_REPRESENTATION_CONTEXT() REPRESENTATION_CONTEXT('2D SPACE',''
  ) );
#6188 = PCURVE('',#1567,#6189);
#6189 = DEFINITIONAL_REPRESENTATION('',(#6190),#6216);
#6190 = B_SPLINE_CURVE_WITH_KNOTS('',3,(#6191,#6192,#6193,#6194,#6195,
    #6196,#6197,#6198,#6199,#6200,#6201,#6202,#6203,#6204,#6205,#6206,
    #6207,#6208,#6209,#6210,#6211,#6212,#6213,#6214,#6215),
  .UNSPECIFIED.,.F.,.F.,(4,1,1,1,1,1,1,1,1,1,1,1,1,1,1,1,1,1,1,1,1,1,4),
  (5.633801392172,5.669297518292,5.704793644412,5.740289770532,
    5.775785896652,5.811282022771,5.846778148891,5.882274275011,
    5.917770401131,5.953266527251,5.988762653371,6.024258779491,
    6.059754905611,6.095251031731,6.130747157851,6.166243283971,
    6.201739410091,6.237235536211,6.27273166233,6.30822778845,
    6.34372391457,6.37922004069,6.41471616681),.QUASI_UNIFORM_KNOTS.);
#6191 = CARTESIAN_POINT('',(6.254477556844,7.));
#6192 = CARTESIAN_POINT('',(6.254850662524,7.));
#6193 = CARTESIAN_POINT('',(6.255600430096,7.001275758846));
#6194 = CARTESIAN_POINT('',(6.256734972792,7.007064254347));
#6195 = CARTESIAN_POINT('',(6.257878629543,7.016775187771));
#6196 = CARTESIAN_POINT('',(6.259030622999,7.030456139814));
#6197 = CARTESIAN_POINT('',(6.260190175774,7.048154691166));
#6198 = CARTESIAN_POINT('',(6.26135651045,7.069918422522));
#6199 = CARTESIAN_POINT('',(6.262528849585,7.095794914575));
#6200 = CARTESIAN_POINT('',(6.263706415725,7.125831748014));
#6201 = CARTESIAN_POINT('',(6.264888431412,7.160076503549));
#6202 = CARTESIAN_POINT('',(6.266074119199,7.198576761806));
#6203 = CARTESIAN_POINT('',(6.267262701655,7.241380103732));
#6204 = CARTESIAN_POINT('',(6.268453401382,7.288534109073));
#6205 = CARTESIAN_POINT('',(6.269645441026,7.34008636205));
#6206 = CARTESIAN_POINT('',(6.270838043272,7.396084430197));
#6207 = CARTESIAN_POINT('',(6.272030430929,7.456575943312));
#6208 = CARTESIAN_POINT('',(6.273221826663,7.521608298826));
#6209 = CARTESIAN_POINT('',(6.274411454037,7.59122976138));
#6210 = CARTESIAN_POINT('',(6.275598533706,7.66548535913));
#6211 = CARTESIAN_POINT('',(6.276782297645,7.744432198974));
#6212 = CARTESIAN_POINT('',(6.277961936099,7.828082309324));
#6213 = CARTESIAN_POINT('',(6.279136652613,7.916418433068));
#6214 = CARTESIAN_POINT('',(6.27991602673,7.978467367893));
#6215 = CARTESIAN_POINT('',(6.280304645997,8.010286662942));
#6216 = ( GEOMETRIC_REPRESENTATION_CONTEXT(2) 
PARAMETRIC_REPRESENTATION_CONTEXT() REPRESENTATION_CONTEXT('2D SPACE',''
  ) );
#6217 = ADVANCED_FACE('',(#6218),#6116,.F.);
#6218 = FACE_BOUND('',#6219,.F.);
#6219 = EDGE_LOOP('',(#6220,#6244,#6245,#6290));
#6220 = ORIENTED_EDGE('',*,*,#6221,.F.);
#6221 = EDGE_CURVE('',#6100,#6222,#6224,.T.);
#6222 = VERTEX_POINT('',#6223);
#6223 = CARTESIAN_POINT('',(128.,-111.0235446923,61.782463077377));
#6224 = SURFACE_CURVE('',#6225,(#6230,#6237),.PCURVE_S1.);
#6225 = CIRCLE('',#6226,3.379837378808);
#6226 = AXIS2_PLACEMENT_3D('',#6227,#6228,#6229);
#6227 = CARTESIAN_POINT('',(128.,-107.9777763822,63.247589729884));
#6228 = DIRECTION('',(1.,2.775557561563E-17,-5.551115123126E-17));
#6229 = DIRECTION('',(2.775557561563E-17,-1.,0.));
#6230 = PCURVE('',#6116,#6231);
#6231 = DEFINITIONAL_REPRESENTATION('',(#6232),#6236);
#6232 = LINE('',#6233,#6234);
#6233 = CARTESIAN_POINT('',(-4.712388980385,3.14159265359));
#6234 = VECTOR('',#6235,1.);
#6235 = DIRECTION('',(1.,0.));
#6236 = ( GEOMETRIC_REPRESENTATION_CONTEXT(2) 
PARAMETRIC_REPRESENTATION_CONTEXT() REPRESENTATION_CONTEXT('2D SPACE',''
  ) );
#6237 = PCURVE('',#4780,#6238);
#6238 = DEFINITIONAL_REPRESENTATION('',(#6239),#6243);
#6239 = CIRCLE('',#6240,3.379837378808);
#6240 = AXIS2_PLACEMENT_2D('',#6241,#6242);
#6241 = CARTESIAN_POINT('',(82.570664901107,15.350586935046));
#6242 = DIRECTION('',(1.,0.));
#6243 = ( GEOMETRIC_REPRESENTATION_CONTEXT(2) 
PARAMETRIC_REPRESENTATION_CONTEXT() REPRESENTATION_CONTEXT('2D SPACE',''
  ) );
#6244 = ORIENTED_EDGE('',*,*,#6097,.F.);
#6245 = ORIENTED_EDGE('',*,*,#6246,.T.);
#6246 = EDGE_CURVE('',#6098,#6247,#6249,.T.);
#6247 = VERTEX_POINT('',#6248);
#6248 = CARTESIAN_POINT('',(134.76657637804,-106.8109294883,
    70.263333815036));
#6249 = SURFACE_CURVE('',#6250,(#6255,#6284),.PCURVE_S1.);
#6250 = B_SPLINE_CURVE_WITH_KNOTS('',3,(#6251,#6252,#6253,#6254),
  .UNSPECIFIED.,.F.,.F.,(4,4),(1.712556148381,1.797265550369),
  .PIECEWISE_BEZIER_KNOTS.);
#6251 = CARTESIAN_POINT('',(134.98971333705,-105.9159498763,
    70.446465195288));
#6252 = CARTESIAN_POINT('',(134.91011945257,-106.2178796638,
    70.384230881428));
#6253 = CARTESIAN_POINT('',(134.83446744874,-106.5155583044,
    70.323329767368));
#6254 = CARTESIAN_POINT('',(134.76657637804,-106.8109294883,
    70.263333815036));
#6255 = PCURVE('',#6116,#6256);
#6256 = DEFINITIONAL_REPRESENTATION('',(#6257),#6283);
#6257 = B_SPLINE_CURVE_WITH_KNOTS('',3,(#6258,#6259,#6260,#6261,#6262,
    #6263,#6264,#6265,#6266,#6267,#6268,#6269,#6270,#6271,#6272,#6273,
    #6274,#6275,#6276,#6277,#6278,#6279,#6280,#6281,#6282),
  .UNSPECIFIED.,.F.,.F.,(4,1,1,1,1,1,1,1,1,1,1,1,1,1,1,1,1,1,1,1,1,1,4),
  (1.712556148381,1.716406575744,1.720257003107,1.72410743047,
    1.727957857833,1.731808285196,1.73565871256,1.739509139923,
    1.743359567286,1.747209994649,1.751060422012,1.754910849375,
    1.758761276738,1.762611704101,1.766462131464,1.770312558827,
    1.77416298619,1.778013413553,1.781863840916,1.78571426828,
    1.789564695643,1.793415123006,1.797265550369),
  .QUASI_UNIFORM_KNOTS.);
#6258 = CARTESIAN_POINT('',(-0.278942309712,2.07880650054));
#6259 = CARTESIAN_POINT('',(-0.277284432173,2.079736190104));
#6260 = CARTESIAN_POINT('',(-0.273962096799,2.081586729291));
#6261 = CARTESIAN_POINT('',(-0.268958877782,2.084335880754));
#6262 = CARTESIAN_POINT('',(-0.263935966689,2.087058238309));
#6263 = CARTESIAN_POINT('',(-0.258893391061,2.08975366221));
#6264 = CARTESIAN_POINT('',(-0.253831180899,2.092422010672));
#6265 = CARTESIAN_POINT('',(-0.248749369047,2.095063139596));
#6266 = CARTESIAN_POINT('',(-0.24364799115,2.097676902674));
#6267 = CARTESIAN_POINT('',(-0.238527085732,2.10026315139));
#6268 = CARTESIAN_POINT('',(-0.233386694231,2.102821735043));
#6269 = CARTESIAN_POINT('',(-0.228226861058,2.105352500775));
#6270 = CARTESIAN_POINT('',(-0.223047633638,2.107855293589));
#6271 = CARTESIAN_POINT('',(-0.217849062462,2.110329956377));
#6272 = CARTESIAN_POINT('',(-0.212631201134,2.112776329937));
#6273 = CARTESIAN_POINT('',(-0.207394106421,2.115194253002));
#6274 = CARTESIAN_POINT('',(-0.202137838296,2.117583562263));
#6275 = CARTESIAN_POINT('',(-0.19686245999,2.119944092388));
#6276 = CARTESIAN_POINT('',(-0.191568038032,2.122275676055));
#6277 = CARTESIAN_POINT('',(-0.186254642309,2.124578143963));
#6278 = CARTESIAN_POINT('',(-0.180922346075,2.12685132488));
#6279 = CARTESIAN_POINT('',(-0.175571226116,2.129095045605));
#6280 = CARTESIAN_POINT('',(-0.170201362349,2.131309131222));
#6281 = CARTESIAN_POINT('',(-0.166609013812,2.132765313244));
#6282 = CARTESIAN_POINT('',(-0.164809743601,2.133488406034));
#6283 = ( GEOMETRIC_REPRESENTATION_CONTEXT(2) 
PARAMETRIC_REPRESENTATION_CONTEXT() REPRESENTATION_CONTEXT('2D SPACE',''
  ) );
#6284 = PCURVE('',#1567,#6285);
#6285 = DEFINITIONAL_REPRESENTATION('',(#6286),#6289);
#6286 = B_SPLINE_CURVE_WITH_KNOTS('',1,(#6287,#6288),.UNSPECIFIED.,.F.,
  .F.,(2,2),(1.712556148381,1.797265550369),.PIECEWISE_BEZIER_KNOTS.);
#6287 = CARTESIAN_POINT('',(6.280304645997,8.010286662943));
#6288 = CARTESIAN_POINT('',(6.28318530718,8.23342362196));
#6289 = ( GEOMETRIC_REPRESENTATION_CONTEXT(2) 
PARAMETRIC_REPRESENTATION_CONTEXT() REPRESENTATION_CONTEXT('2D SPACE',''
  ) );
#6290 = ORIENTED_EDGE('',*,*,#6291,.T.);
#6291 = EDGE_CURVE('',#6247,#6222,#6292,.T.);
#6292 = SURFACE_CURVE('',#6293,(#6310,#6361),.PCURVE_S1.);
#6293 = B_SPLINE_CURVE_WITH_KNOTS('',3,(#6294,#6295,#6296,#6297,#6298,
    #6299,#6300,#6301,#6302,#6303,#6304,#6305,#6306,#6307,#6308,#6309),
  .UNSPECIFIED.,.F.,.F.,(4,2,2,2,2,2,2,4),(2.925244892277,3.036509426437
    ,3.267774176039,3.510738204326,3.78049384965,4.01529263154,
    4.23584441965,4.23747460074),.UNSPECIFIED.);
#6294 = CARTESIAN_POINT('',(134.76657637804,-106.8109294883,
    70.263333815037));
#6295 = CARTESIAN_POINT('',(134.68611331961,-107.1609971691,
    70.192227885676));
#6296 = CARTESIAN_POINT('',(134.5970524603,-107.5029452003,
    70.090205267286));
#6297 = CARTESIAN_POINT('',(134.291623382,-108.5179915121,
    69.686777632492));
#6298 = CARTESIAN_POINT('',(134.04693038205,-109.1328656613,
    69.296319675782));
#6299 = CARTESIAN_POINT('',(133.4416839247,-110.2059444395,
    68.31923056923));
#6300 = CARTESIAN_POINT('',(133.0847504262,-110.6385661597,
    67.739312348503));
#6301 = CARTESIAN_POINT('',(132.21421696645,-111.3073315755,
    66.435247893979));
#6302 = CARTESIAN_POINT('',(131.70112265035,-111.5065888162,
    65.724485658972));
#6303 = CARTESIAN_POINT('',(130.64328351442,-111.6473607518,
    64.422084732112));
#6304 = CARTESIAN_POINT('',(130.11730565916,-111.6180749671,
    63.834065533835));
#6305 = CARTESIAN_POINT('',(129.06488349547,-111.41619357,62.75657000712
    ));
#6306 = CARTESIAN_POINT('',(128.53575046547,-111.2510809414,
    62.257766183212));
#6307 = CARTESIAN_POINT('',(128.00774827645,-111.0268451312,
    61.789332546151));
#6308 = CARTESIAN_POINT('',(128.00387402726,-111.0251964885,
    61.785896902224));
#6309 = CARTESIAN_POINT('',(128.,-111.0235446924,61.782463077351));
#6310 = PCURVE('',#6116,#6311);
#6311 = DEFINITIONAL_REPRESENTATION('',(#6312),#6360);
#6312 = B_SPLINE_CURVE_WITH_KNOTS('',3,(#6313,#6314,#6315,#6316,#6317,
    #6318,#6319,#6320,#6321,#6322,#6323,#6324,#6325,#6326,#6327,#6328,
    #6329,#6330,#6331,#6332,#6333,#6334,#6335,#6336,#6337,#6338,#6339,
    #6340,#6341,#6342,#6343,#6344,#6345,#6346,#6347,#6348,#6349,#6350,
    #6351,#6352,#6353,#6354,#6355,#6356,#6357,#6358,#6359),
  .UNSPECIFIED.,.F.,.F.,(4,1,1,1,1,1,1,1,1,1,1,1,1,1,1,1,1,1,1,1,1,1,1,1
    ,1,1,1,1,1,1,1,1,1,1,1,1,1,1,1,1,1,1,1,1,4),(2.925244892277,
    2.955068294742,2.984891697207,3.014715099672,3.044538502137,
    3.074361904602,3.104185307067,3.134008709532,3.163832111997,
    3.193655514462,3.223478916927,3.253302319392,3.283125721858,
    3.312949124323,3.342772526788,3.372595929253,3.402419331718,
    3.432242734183,3.462066136648,3.491889539113,3.521712941578,
    3.551536344043,3.581359746508,3.611183148973,3.641006551438,
    3.670829953904,3.700653356369,3.730476758834,3.760300161299,
    3.790123563764,3.819946966229,3.849770368694,3.879593771159,
    3.909417173624,3.939240576089,3.969063978554,3.998887381019,
    4.028710783484,4.05853418595,4.088357588415,4.11818099088,
    4.148004393345,4.17782779581,4.207651198275,4.23747460074),
  .QUASI_UNIFORM_KNOTS.);
#6313 = CARTESIAN_POINT('',(-0.164809743601,2.133488406034));
#6314 = CARTESIAN_POINT('',(-0.152234784032,2.138542081299));
#6315 = CARTESIAN_POINT('',(-0.126987346164,2.148817643737));
#6316 = CARTESIAN_POINT('',(-8.877201211444E-02,2.164744937901));
#6317 = CARTESIAN_POINT('',(-5.018281919348E-02,2.181185432121));
#6318 = CARTESIAN_POINT('',(-1.111329776219E-02,2.198173604252));
#6319 = CARTESIAN_POINT('',(2.821057997085E-02,2.215593355681));
#6320 = CARTESIAN_POINT('',(6.780694455987E-02,2.233435844479));
#6321 = CARTESIAN_POINT('',(0.107740619951,2.251712626172));
#6322 = CARTESIAN_POINT('',(0.148064413846,2.270429178274));
#6323 = CARTESIAN_POINT('',(0.188834064567,2.289591930321));
#6324 = CARTESIAN_POINT('',(0.230107772869,2.309208385558));
#6325 = CARTESIAN_POINT('',(0.271933916513,2.329281194479));
#6326 = CARTESIAN_POINT('',(0.314401644738,2.34983314145));
#6327 = CARTESIAN_POINT('',(0.357206916069,2.370692895355));
#6328 = CARTESIAN_POINT('',(0.400455028823,2.391890869819));
#6329 = CARTESIAN_POINT('',(0.444200674787,2.413430034356));
#6330 = CARTESIAN_POINT('',(0.4885123707,2.435318945002));
#6331 = CARTESIAN_POINT('',(0.533452745997,2.457562566571));
#6332 = CARTESIAN_POINT('',(0.579089891493,2.480168704281));
#6333 = CARTESIAN_POINT('',(0.625468265847,2.503134148111));
#6334 = CARTESIAN_POINT('',(0.67270992762,2.526496279009));
#6335 = CARTESIAN_POINT('',(0.720504050805,2.550077408036));
#6336 = CARTESIAN_POINT('',(0.768907898805,2.573883243573));
#6337 = CARTESIAN_POINT('',(0.817982640522,2.597919095382));
#6338 = CARTESIAN_POINT('',(0.867785378962,2.622187564774));
#6339 = CARTESIAN_POINT('',(0.918369615568,2.646690089463));
#6340 = CARTESIAN_POINT('',(0.969782009682,2.671426810164));
#6341 = CARTESIAN_POINT('',(1.022064560511,2.696399305776));
#6342 = CARTESIAN_POINT('',(1.075237926872,2.721603477416));
#6343 = CARTESIAN_POINT('',(1.129354078026,2.747058832754));
#6344 = CARTESIAN_POINT('',(1.18423964161,2.772676699983));
#6345 = CARTESIAN_POINT('',(1.239892579432,2.798438216956));
#6346 = CARTESIAN_POINT('',(1.296313559916,2.824332292409));
#6347 = CARTESIAN_POINT('',(1.353487590936,2.850345019307));
#6348 = CARTESIAN_POINT('',(1.411387616655,2.876463410509));
#6349 = CARTESIAN_POINT('',(1.469968737161,2.902674082019));
#6350 = CARTESIAN_POINT('',(1.529179474667,2.928967384586));
#6351 = CARTESIAN_POINT('',(1.588916426363,2.955324234519));
#6352 = CARTESIAN_POINT('',(1.64929655896,2.981804497224));
#6353 = CARTESIAN_POINT('',(1.710221868334,3.008372905269));
#6354 = CARTESIAN_POINT('',(1.771594795285,3.03500342825));
#6355 = CARTESIAN_POINT('',(1.833302740415,3.061668320592));
#6356 = CARTESIAN_POINT('',(1.895224392773,3.08834100302));
#6357 = CARTESIAN_POINT('',(1.957230931588,3.114995050085));
#6358 = CARTESIAN_POINT('',(1.998536157746,3.132734649913));
#6359 = CARTESIAN_POINT('',(2.019158616807,3.14159265359));
#6360 = ( GEOMETRIC_REPRESENTATION_CONTEXT(2) 
PARAMETRIC_REPRESENTATION_CONTEXT() REPRESENTATION_CONTEXT('2D SPACE',''
  ) );
#6361 = PCURVE('',#3575,#6362);
#6362 = DEFINITIONAL_REPRESENTATION('',(#6363),#6411);
#6363 = B_SPLINE_CURVE_WITH_KNOTS('',3,(#6364,#6365,#6366,#6367,#6368,
    #6369,#6370,#6371,#6372,#6373,#6374,#6375,#6376,#6377,#6378,#6379,
    #6380,#6381,#6382,#6383,#6384,#6385,#6386,#6387,#6388,#6389,#6390,
    #6391,#6392,#6393,#6394,#6395,#6396,#6397,#6398,#6399,#6400,#6401,
    #6402,#6403,#6404,#6405,#6406,#6407,#6408,#6409,#6410),
  .UNSPECIFIED.,.F.,.F.,(4,1,1,1,1,1,1,1,1,1,1,1,1,1,1,1,1,1,1,1,1,1,1,1
    ,1,1,1,1,1,1,1,1,1,1,1,1,1,1,1,1,1,1,1,1,4),(2.925244892277,
    2.955068294742,2.984891697207,3.014715099672,3.044538502137,
    3.074361904602,3.104185307067,3.134008709532,3.163832111997,
    3.193655514462,3.223478916927,3.253302319392,3.283125721858,
    3.312949124323,3.342772526788,3.372595929253,3.402419331718,
    3.432242734183,3.462066136648,3.491889539113,3.521712941578,
    3.551536344043,3.581359746508,3.611183148973,3.641006551438,
    3.670829953904,3.700653356369,3.730476758834,3.760300161299,
    3.790123563764,3.819946966229,3.849770368694,3.879593771159,
    3.909417173624,3.939240576089,3.969063978554,3.998887381019,
    4.028710783484,4.05853418595,4.088357588415,4.11818099088,
    4.148004393345,4.17782779581,4.207651198275,4.23747460074),
  .QUASI_UNIFORM_KNOTS.);
#6364 = CARTESIAN_POINT('',(1.37040207547,8.233423621959));
#6365 = CARTESIAN_POINT('',(1.354444130304,8.254990981163));
#6366 = CARTESIAN_POINT('',(1.322571651468,8.299359879566));
#6367 = CARTESIAN_POINT('',(1.274864256225,8.369806639064));
#6368 = CARTESIAN_POINT('',(1.227254655762,8.444292671247));
#6369 = CARTESIAN_POINT('',(1.179650480456,8.523121375827));
#6370 = CARTESIAN_POINT('',(1.132364663034,8.605893718639));
#6371 = CARTESIAN_POINT('',(1.085404283105,8.692684298007));
#6372 = CARTESIAN_POINT('',(1.038725147999,8.783668589286));
#6373 = CARTESIAN_POINT('',(0.992301344088,8.878995577814));
#6374 = CARTESIAN_POINT('',(0.946107211537,8.97881933197));
#6375 = CARTESIAN_POINT('',(0.900118339255,9.083300077992));
#6376 = CARTESIAN_POINT('',(0.854323714616,9.192568327632));
#6377 = CARTESIAN_POINT('',(0.808673941412,9.306867292732));
#6378 = CARTESIAN_POINT('',(0.763538428079,9.425374972745));
#6379 = CARTESIAN_POINT('',(0.718831484749,9.54828495623));
#6380 = CARTESIAN_POINT('',(0.674530338545,9.675668143037));
#6381 = CARTESIAN_POINT('',(0.630600754961,9.807629547523));
#6382 = CARTESIAN_POINT('',(0.587018488379,9.944260414732));
#6383 = CARTESIAN_POINT('',(0.54375734735,10.085672952438));
#6384 = CARTESIAN_POINT('',(0.500814537502,10.231909286824));
#6385 = CARTESIAN_POINT('',(0.458119899817,10.383270907694));
#6386 = CARTESIAN_POINT('',(0.415991018986,10.538685584366));
#6387 = CARTESIAN_POINT('',(0.374385999304,10.698105236266));
#6388 = CARTESIAN_POINT('',(0.333266350969,10.861515931444));
#6389 = CARTESIAN_POINT('',(0.292597962783,11.028894362122));
#6390 = CARTESIAN_POINT('',(0.252350827149,11.200220575221));
#6391 = CARTESIAN_POINT('',(0.212499846148,11.375470574691));
#6392 = CARTESIAN_POINT('',(0.173022113822,11.554633181666));
#6393 = CARTESIAN_POINT('',(0.133906823743,11.737649991512));
#6394 = CARTESIAN_POINT('',(9.511785817344E-02,11.924638685486));
#6395 = CARTESIAN_POINT('',(5.67681102004E-02,12.114870353106));
#6396 = CARTESIAN_POINT('',(1.883340470457E-02,12.308074992616));
#6397 = CARTESIAN_POINT('',(-1.871471418571E-02,12.50405991544));
#6398 = CARTESIAN_POINT('',(-5.589971963375E-02,12.702611330613));
#6399 = CARTESIAN_POINT('',(-9.274299383698E-02,12.903522543551));
#6400 = CARTESIAN_POINT('',(-0.129261282946,13.10657957653));
#6401 = CARTESIAN_POINT('',(-0.165473987946,13.311590488009));
#6402 = CARTESIAN_POINT('',(-0.201376764024,13.518282474849));
#6403 = CARTESIAN_POINT('',(-0.237103717016,13.726980274283));
#6404 = CARTESIAN_POINT('',(-0.272662444078,13.937269067469));
#6405 = CARTESIAN_POINT('',(-0.30806798257,14.148801214644));
#6406 = CARTESIAN_POINT('',(-0.34333189327,14.361211042779));
#6407 = CARTESIAN_POINT('',(-0.378465276794,14.574137832838));
#6408 = CARTESIAN_POINT('',(-0.413478054704,14.787219083073));
#6409 = CARTESIAN_POINT('',(-0.436745565157,14.929136006754));
#6410 = CARTESIAN_POINT('',(-0.448362290012,15.));
#6411 = ( GEOMETRIC_REPRESENTATION_CONTEXT(2) 
PARAMETRIC_REPRESENTATION_CONTEXT() REPRESENTATION_CONTEXT('2D SPACE',''
  ) );
#6412 = ADVANCED_FACE('',(#6413,#6466,#6472,#6478,#6481,#6484),#4780,.F.
  );
#6413 = FACE_BOUND('',#6414,.T.);
#6414 = EDGE_LOOP('',(#6415,#6416,#6440,#6462,#6463,#6464,#6465));
#6415 = ORIENTED_EDGE('',*,*,#5996,.F.);
#6416 = ORIENTED_EDGE('',*,*,#6417,.F.);
#6417 = EDGE_CURVE('',#6418,#5997,#6420,.T.);
#6418 = VERTEX_POINT('',#6419);
#6419 = CARTESIAN_POINT('',(128.,-107.8305408312,58.806806788455));
#6420 = SURFACE_CURVE('',#6421,(#6426,#6433),.PCURVE_S1.);
#6421 = CIRCLE('',#6422,80.000000001594);
#6422 = AXIS2_PLACEMENT_3D('',#6423,#6424,#6425);
#6423 = CARTESIAN_POINT('',(128.,-78.31126629444,133.16144639539));
#6424 = DIRECTION('',(1.,3.354906615575E-17,-5.781120457944E-17));
#6425 = DIRECTION('',(-4.135233984221E-17,-0.368990931702,
    -0.929432995068));
#6426 = PCURVE('',#4780,#6427);
#6427 = DEFINITIONAL_REPRESENTATION('',(#6428),#6432);
#6428 = CIRCLE('',#6429,80.000000001594);
#6429 = AXIS2_PLACEMENT_2D('',#6430,#6431);
#6430 = CARTESIAN_POINT('',(52.9041548133,-54.56326973046));
#6431 = DIRECTION('',(0.368990931702,0.929432995068));
#6432 = ( GEOMETRIC_REPRESENTATION_CONTEXT(2) 
PARAMETRIC_REPRESENTATION_CONTEXT() REPRESENTATION_CONTEXT('2D SPACE',''
  ) );
#6433 = PCURVE('',#3608,#6434);
#6434 = DEFINITIONAL_REPRESENTATION('',(#6435),#6439);
#6435 = LINE('',#6436,#6437);
#6436 = CARTESIAN_POINT('',(6.28318530718,15.));
#6437 = VECTOR('',#6438,1.);
#6438 = DIRECTION('',(-1.,0.));
#6439 = ( GEOMETRIC_REPRESENTATION_CONTEXT(2) 
PARAMETRIC_REPRESENTATION_CONTEXT() REPRESENTATION_CONTEXT('2D SPACE',''
  ) );
#6440 = ORIENTED_EDGE('',*,*,#6441,.F.);
#6441 = EDGE_CURVE('',#6222,#6418,#6442,.T.);
#6442 = SURFACE_CURVE('',#6443,(#6448,#6455),.PCURVE_S1.);
#6443 = CIRCLE('',#6444,6.);
#6444 = AXIS2_PLACEMENT_3D('',#6445,#6446,#6447);
#6445 = CARTESIAN_POINT('',(128.,-105.616595241,64.383404758866));
#6446 = DIRECTION('',(1.,2.775557561563E-17,-5.551115123126E-17));
#6447 = DIRECTION('',(5.99251777957E-17,-0.19905571998,0.979988173573));
#6448 = PCURVE('',#4780,#6449);
#6449 = DEFINITIONAL_REPRESENTATION('',(#6450),#6454);
#6450 = CIRCLE('',#6451,6.);
#6451 = AXIS2_PLACEMENT_2D('',#6452,#6453);
#6452 = CARTESIAN_POINT('',(80.209483759867,14.214771906064));
#6453 = DIRECTION('',(0.19905571998,-0.979988173573));
#6454 = ( GEOMETRIC_REPRESENTATION_CONTEXT(2) 
PARAMETRIC_REPRESENTATION_CONTEXT() REPRESENTATION_CONTEXT('2D SPACE',''
  ) );
#6455 = PCURVE('',#3575,#6456);
#6456 = DEFINITIONAL_REPRESENTATION('',(#6457),#6461);
#6457 = LINE('',#6458,#6459);
#6458 = CARTESIAN_POINT('',(1.370402063135,15.));
#6459 = VECTOR('',#6460,1.);
#6460 = DIRECTION('',(-1.,0.));
#6461 = ( GEOMETRIC_REPRESENTATION_CONTEXT(2) 
PARAMETRIC_REPRESENTATION_CONTEXT() REPRESENTATION_CONTEXT('2D SPACE',''
  ) );
#6462 = ORIENTED_EDGE('',*,*,#6221,.F.);
#6463 = ORIENTED_EDGE('',*,*,#6128,.F.);
#6464 = ORIENTED_EDGE('',*,*,#5861,.F.);
#6465 = ORIENTED_EDGE('',*,*,#5939,.F.);
#6466 = FACE_BOUND('',#6467,.T.);
#6467 = EDGE_LOOP('',(#6468,#6469,#6470,#6471));
#6468 = ORIENTED_EDGE('',*,*,#4756,.T.);
#6469 = ORIENTED_EDGE('',*,*,#4882,.T.);
#6470 = ORIENTED_EDGE('',*,*,#5012,.T.);
#6471 = ORIENTED_EDGE('',*,*,#5041,.T.);
#6472 = FACE_BOUND('',#6473,.T.);
#6473 = EDGE_LOOP('',(#6474,#6475,#6476,#6477));
#6474 = ORIENTED_EDGE('',*,*,#5101,.T.);
#6475 = ORIENTED_EDGE('',*,*,#5222,.T.);
#6476 = ORIENTED_EDGE('',*,*,#5352,.T.);
#6477 = ORIENTED_EDGE('',*,*,#5381,.T.);
#6478 = FACE_BOUND('',#6479,.T.);
#6479 = EDGE_LOOP('',(#6480));
#6480 = ORIENTED_EDGE('',*,*,#5554,.T.);
#6481 = FACE_BOUND('',#6482,.T.);
#6482 = EDGE_LOOP('',(#6483));
#6483 = ORIENTED_EDGE('',*,*,#5694,.T.);
#6484 = FACE_BOUND('',#6485,.T.);
#6485 = EDGE_LOOP('',(#6486));
#6486 = ORIENTED_EDGE('',*,*,#5834,.T.);
#6487 = ADVANCED_FACE('',(#6488),#1419,.T.);
#6488 = FACE_BOUND('',#6489,.T.);
#6489 = EDGE_LOOP('',(#6490,#6491,#6512,#6513));
#6490 = ORIENTED_EDGE('',*,*,#1402,.F.);
#6491 = ORIENTED_EDGE('',*,*,#6492,.F.);
#6492 = EDGE_CURVE('',#3482,#1375,#6493,.T.);
#6493 = SURFACE_CURVE('',#6494,(#6498,#6505),.PCURVE_S1.);
#6494 = LINE('',#6495,#6496);
#6495 = CARTESIAN_POINT('',(143.,34.368340560932,89.95031340226));
#6496 = VECTOR('',#6497,1.);
#6497 = DIRECTION('',(-1.,0.,0.));
#6498 = PCURVE('',#1419,#6499);
#6499 = DEFINITIONAL_REPRESENTATION('',(#6500),#6504);
#6500 = LINE('',#6501,#6502);
#6501 = CARTESIAN_POINT('',(0.550438998389,0.));
#6502 = VECTOR('',#6503,1.);
#6503 = DIRECTION('',(0.,-1.));
#6504 = ( GEOMETRIC_REPRESENTATION_CONTEXT(2) 
PARAMETRIC_REPRESENTATION_CONTEXT() REPRESENTATION_CONTEXT('2D SPACE',''
  ) );
#6505 = PCURVE('',#1390,#6506);
#6506 = DEFINITIONAL_REPRESENTATION('',(#6507),#6511);
#6507 = LINE('',#6508,#6509);
#6508 = CARTESIAN_POINT('',(53.9068928258,1.132501990141E-15));
#6509 = VECTOR('',#6510,1.);
#6510 = DIRECTION('',(2.100848204701E-17,-1.));
#6511 = ( GEOMETRIC_REPRESENTATION_CONTEXT(2) 
PARAMETRIC_REPRESENTATION_CONTEXT() REPRESENTATION_CONTEXT('2D SPACE',''
  ) );
#6512 = ORIENTED_EDGE('',*,*,#3479,.F.);
#6513 = ORIENTED_EDGE('',*,*,#6514,.F.);
#6514 = EDGE_CURVE('',#1403,#3480,#6515,.T.);
#6515 = SURFACE_CURVE('',#6516,(#6520,#6527),.PCURVE_S1.);
#6516 = LINE('',#6517,#6518);
#6517 = CARTESIAN_POINT('',(143.,18.186636824241,85.671064894313));
#6518 = VECTOR('',#6519,1.);
#6519 = DIRECTION('',(1.,0.,0.));
#6520 = PCURVE('',#1419,#6521);
#6521 = DEFINITIONAL_REPRESENTATION('',(#6522),#6526);
#6522 = LINE('',#6523,#6524);
#6523 = CARTESIAN_POINT('',(-0.550438998389,0.));
#6524 = VECTOR('',#6525,1.);
#6525 = DIRECTION('',(0.,1.));
#6526 = ( GEOMETRIC_REPRESENTATION_CONTEXT(2) 
PARAMETRIC_REPRESENTATION_CONTEXT() REPRESENTATION_CONTEXT('2D SPACE',''
  ) );
#6527 = PCURVE('',#1448,#6528);
#6528 = DEFINITIONAL_REPRESENTATION('',(#6529),#6533);
#6529 = LINE('',#6530,#6531);
#6530 = CARTESIAN_POINT('',(6.057421851523,0.));
#6531 = VECTOR('',#6532,1.);
#6532 = DIRECTION('',(0.,-1.));
#6533 = ( GEOMETRIC_REPRESENTATION_CONTEXT(2) 
PARAMETRIC_REPRESENTATION_CONTEXT() REPRESENTATION_CONTEXT('2D SPACE',''
  ) );
#6534 = ADVANCED_FACE('',(#6535),#1448,.F.);
#6535 = FACE_BOUND('',#6536,.F.);
#6536 = EDGE_LOOP('',(#6537,#6538,#6539,#6560,#6561));
#6537 = ORIENTED_EDGE('',*,*,#1431,.F.);
#6538 = ORIENTED_EDGE('',*,*,#6020,.F.);
#6539 = ORIENTED_EDGE('',*,*,#6540,.F.);
#6540 = EDGE_CURVE('',#3588,#5997,#6541,.T.);
#6541 = SURFACE_CURVE('',#6542,(#6546,#6553),.PCURVE_S1.);
#6542 = LINE('',#6543,#6544);
#6543 = CARTESIAN_POINT('',(145.,-22.62268228024,75.726425626278));
#6544 = VECTOR('',#6545,1.);
#6545 = DIRECTION('',(-1.,0.,0.));
#6546 = PCURVE('',#1448,#6547);
#6547 = DEFINITIONAL_REPRESENTATION('',(#6548),#6552);
#6548 = LINE('',#6549,#6550);
#6549 = CARTESIAN_POINT('',(4.995553342774,-2.));
#6550 = VECTOR('',#6551,1.);
#6551 = DIRECTION('',(0.,1.));
#6552 = ( GEOMETRIC_REPRESENTATION_CONTEXT(2) 
PARAMETRIC_REPRESENTATION_CONTEXT() REPRESENTATION_CONTEXT('2D SPACE',''
  ) );
#6553 = PCURVE('',#3608,#6554);
#6554 = DEFINITIONAL_REPRESENTATION('',(#6555),#6559);
#6555 = LINE('',#6556,#6557);
#6556 = CARTESIAN_POINT('',(5.135301117988,-2.));
#6557 = VECTOR('',#6558,1.);
#6558 = DIRECTION('',(0.,1.));
#6559 = ( GEOMETRIC_REPRESENTATION_CONTEXT(2) 
PARAMETRIC_REPRESENTATION_CONTEXT() REPRESENTATION_CONTEXT('2D SPACE',''
  ) );
#6560 = ORIENTED_EDGE('',*,*,#3620,.F.);
#6561 = ORIENTED_EDGE('',*,*,#6514,.F.);
#6562 = ADVANCED_FACE('',(#6563),#1625,.F.);
#6563 = FACE_BOUND('',#6564,.F.);
#6564 = EDGE_LOOP('',(#6565,#6588,#6615,#6616));
#6565 = ORIENTED_EDGE('',*,*,#6566,.T.);
#6566 = EDGE_CURVE('',#1609,#6567,#6569,.T.);
#6567 = VERTEX_POINT('',#6568);
#6568 = CARTESIAN_POINT('',(143.,71.,140.));
#6569 = SEAM_CURVE('',#6570,(#6574,#6581),.PCURVE_S1.);
#6570 = LINE('',#6571,#6572);
#6571 = CARTESIAN_POINT('',(145.,71.,140.));
#6572 = VECTOR('',#6573,1.);
#6573 = DIRECTION('',(1.,0.,0.));
#6574 = PCURVE('',#1625,#6575);
#6575 = DEFINITIONAL_REPRESENTATION('',(#6576),#6580);
#6576 = LINE('',#6577,#6578);
#6577 = CARTESIAN_POINT('',(3.14159265359,0.));
#6578 = VECTOR('',#6579,1.);
#6579 = DIRECTION('',(0.,1.));
#6580 = ( GEOMETRIC_REPRESENTATION_CONTEXT(2) 
PARAMETRIC_REPRESENTATION_CONTEXT() REPRESENTATION_CONTEXT('2D SPACE',''
  ) );
#6581 = PCURVE('',#1625,#6582);
#6582 = DEFINITIONAL_REPRESENTATION('',(#6583),#6587);
#6583 = LINE('',#6584,#6585);
#6584 = CARTESIAN_POINT('',(-3.14159265359,0.));
#6585 = VECTOR('',#6586,1.);
#6586 = DIRECTION('',(0.,1.));
#6587 = ( GEOMETRIC_REPRESENTATION_CONTEXT(2) 
PARAMETRIC_REPRESENTATION_CONTEXT() REPRESENTATION_CONTEXT('2D SPACE',''
  ) );
#6588 = ORIENTED_EDGE('',*,*,#6589,.F.);
#6589 = EDGE_CURVE('',#6567,#6567,#6590,.T.);
#6590 = SURFACE_CURVE('',#6591,(#6596,#6603),.PCURVE_S1.);
#6591 = CIRCLE('',#6592,11.);
#6592 = AXIS2_PLACEMENT_3D('',#6593,#6594,#6595);
#6593 = CARTESIAN_POINT('',(143.,60.,140.));
#6594 = DIRECTION('',(1.,2.775557561563E-17,-5.551115123126E-17));
#6595 = DIRECTION('',(2.775557561563E-17,-1.,-1.54074395551E-33));
#6596 = PCURVE('',#1625,#6597);
#6597 = DEFINITIONAL_REPRESENTATION('',(#6598),#6602);
#6598 = LINE('',#6599,#6600);
#6599 = CARTESIAN_POINT('',(-6.28318530718,-2.));
#6600 = VECTOR('',#6601,1.);
#6601 = DIRECTION('',(1.,0.));
#6602 = ( GEOMETRIC_REPRESENTATION_CONTEXT(2) 
PARAMETRIC_REPRESENTATION_CONTEXT() REPRESENTATION_CONTEXT('2D SPACE',''
  ) );
#6603 = PCURVE('',#6604,#6609);
#6604 = PLANE('',#6605);
#6605 = AXIS2_PLACEMENT_3D('',#6606,#6607,#6608);
#6606 = CARTESIAN_POINT('',(143.,-105.616595241,64.383404758866));
#6607 = DIRECTION('',(1.,2.775557561563E-17,-5.551115123126E-17));
#6608 = DIRECTION('',(2.775557561563E-17,-1.,0.));
#6609 = DEFINITIONAL_REPRESENTATION('',(#6610),#6614);
#6610 = CIRCLE('',#6611,11.);
#6611 = AXIS2_PLACEMENT_2D('',#6612,#6613);
#6612 = CARTESIAN_POINT('',(-165.616595241,-75.61659524113));
#6613 = DIRECTION('',(1.,1.54074395551E-33));
#6614 = ( GEOMETRIC_REPRESENTATION_CONTEXT(2) 
PARAMETRIC_REPRESENTATION_CONTEXT() REPRESENTATION_CONTEXT('2D SPACE',''
  ) );
#6615 = ORIENTED_EDGE('',*,*,#6566,.F.);
#6616 = ORIENTED_EDGE('',*,*,#1608,.F.);
#6617 = ADVANCED_FACE('',(#6618),#3661,.F.);
#6618 = FACE_BOUND('',#6619,.F.);
#6619 = EDGE_LOOP('',(#6620,#6643,#6669,#6670));
#6620 = ORIENTED_EDGE('',*,*,#6621,.T.);
#6621 = EDGE_CURVE('',#3645,#6622,#6624,.T.);
#6622 = VERTEX_POINT('',#6623);
#6623 = CARTESIAN_POINT('',(143.,69.,140.));
#6624 = SEAM_CURVE('',#6625,(#6629,#6636),.PCURVE_S1.);
#6625 = LINE('',#6626,#6627);
#6626 = CARTESIAN_POINT('',(143.,69.,140.));
#6627 = VECTOR('',#6628,1.);
#6628 = DIRECTION('',(-1.,0.,0.));
#6629 = PCURVE('',#3661,#6630);
#6630 = DEFINITIONAL_REPRESENTATION('',(#6631),#6635);
#6631 = LINE('',#6632,#6633);
#6632 = CARTESIAN_POINT('',(3.14159265359,0.));
#6633 = VECTOR('',#6634,1.);
#6634 = DIRECTION('',(0.,1.));
#6635 = ( GEOMETRIC_REPRESENTATION_CONTEXT(2) 
PARAMETRIC_REPRESENTATION_CONTEXT() REPRESENTATION_CONTEXT('2D SPACE',''
  ) );
#6636 = PCURVE('',#3661,#6637);
#6637 = DEFINITIONAL_REPRESENTATION('',(#6638),#6642);
#6638 = LINE('',#6639,#6640);
#6639 = CARTESIAN_POINT('',(-3.14159265359,0.));
#6640 = VECTOR('',#6641,1.);
#6641 = DIRECTION('',(0.,1.));
#6642 = ( GEOMETRIC_REPRESENTATION_CONTEXT(2) 
PARAMETRIC_REPRESENTATION_CONTEXT() REPRESENTATION_CONTEXT('2D SPACE',''
  ) );
#6643 = ORIENTED_EDGE('',*,*,#6644,.F.);
#6644 = EDGE_CURVE('',#6622,#6622,#6645,.T.);
#6645 = SURFACE_CURVE('',#6646,(#6651,#6658),.PCURVE_S1.);
#6646 = CIRCLE('',#6647,9.);
#6647 = AXIS2_PLACEMENT_3D('',#6648,#6649,#6650);
#6648 = CARTESIAN_POINT('',(143.,60.,140.));
#6649 = DIRECTION('',(-1.,-2.775557561563E-17,5.551115123126E-17));
#6650 = DIRECTION('',(2.775557561563E-17,-1.,0.));
#6651 = PCURVE('',#3661,#6652);
#6652 = DEFINITIONAL_REPRESENTATION('',(#6653),#6657);
#6653 = LINE('',#6654,#6655);
#6654 = CARTESIAN_POINT('',(-6.28318530718,0.));
#6655 = VECTOR('',#6656,1.);
#6656 = DIRECTION('',(1.,0.));
#6657 = ( GEOMETRIC_REPRESENTATION_CONTEXT(2) 
PARAMETRIC_REPRESENTATION_CONTEXT() REPRESENTATION_CONTEXT('2D SPACE',''
  ) );
#6658 = PCURVE('',#6604,#6659);
#6659 = DEFINITIONAL_REPRESENTATION('',(#6660),#6668);
#6660 = ( BOUNDED_CURVE() B_SPLINE_CURVE(2,(#6661,#6662,#6663,#6664,
#6665,#6666,#6667),.UNSPECIFIED.,.T.,.F.) B_SPLINE_CURVE_WITH_KNOTS((1,2
    ,2,2,2,1),(-2.094395102393,0.,2.094395102393,4.188790204786,
6.28318530718,8.377580409573),.UNSPECIFIED.) CURVE() 
GEOMETRIC_REPRESENTATION_ITEM() RATIONAL_B_SPLINE_CURVE((1.,0.5,1.,0.5,
1.,0.5,1.)) REPRESENTATION_ITEM('') );
#6661 = CARTESIAN_POINT('',(-156.616595241,-75.61659524113));
#6662 = CARTESIAN_POINT('',(-156.616595241,-91.20505250925));
#6663 = CARTESIAN_POINT('',(-170.116595241,-83.41082387519));
#6664 = CARTESIAN_POINT('',(-183.616595241,-75.61659524113));
#6665 = CARTESIAN_POINT('',(-170.116595241,-67.82236660707));
#6666 = CARTESIAN_POINT('',(-156.616595241,-60.02813797301));
#6667 = CARTESIAN_POINT('',(-156.616595241,-75.61659524113));
#6668 = ( GEOMETRIC_REPRESENTATION_CONTEXT(2) 
PARAMETRIC_REPRESENTATION_CONTEXT() REPRESENTATION_CONTEXT('2D SPACE',''
  ) );
#6669 = ORIENTED_EDGE('',*,*,#6621,.F.);
#6670 = ORIENTED_EDGE('',*,*,#3644,.F.);
#6671 = ADVANCED_FACE('',(#6672),#3608,.T.);
#6672 = FACE_BOUND('',#6673,.T.);
#6673 = EDGE_LOOP('',(#6674,#6695,#6696,#6697));
#6674 = ORIENTED_EDGE('',*,*,#6675,.F.);
#6675 = EDGE_CURVE('',#6418,#3555,#6676,.T.);
#6676 = SURFACE_CURVE('',#6677,(#6681,#6688),.PCURVE_S1.);
#6677 = LINE('',#6678,#6679);
#6678 = CARTESIAN_POINT('',(143.,-107.8305408312,58.806806788455));
#6679 = VECTOR('',#6680,1.);
#6680 = DIRECTION('',(1.,0.,0.));
#6681 = PCURVE('',#3608,#6682);
#6682 = DEFINITIONAL_REPRESENTATION('',(#6683),#6687);
#6683 = LINE('',#6684,#6685);
#6684 = CARTESIAN_POINT('',(6.28318530718,0.));
#6685 = VECTOR('',#6686,1.);
#6686 = DIRECTION('',(0.,-1.));
#6687 = ( GEOMETRIC_REPRESENTATION_CONTEXT(2) 
PARAMETRIC_REPRESENTATION_CONTEXT() REPRESENTATION_CONTEXT('2D SPACE',''
  ) );
#6688 = PCURVE('',#3575,#6689);
#6689 = DEFINITIONAL_REPRESENTATION('',(#6690),#6694);
#6690 = LINE('',#6691,#6692);
#6691 = CARTESIAN_POINT('',(-1.192873221986,0.));
#6692 = VECTOR('',#6693,1.);
#6693 = DIRECTION('',(0.,-1.));
#6694 = ( GEOMETRIC_REPRESENTATION_CONTEXT(2) 
PARAMETRIC_REPRESENTATION_CONTEXT() REPRESENTATION_CONTEXT('2D SPACE',''
  ) );
#6695 = ORIENTED_EDGE('',*,*,#6417,.T.);
#6696 = ORIENTED_EDGE('',*,*,#6540,.F.);
#6697 = ORIENTED_EDGE('',*,*,#3587,.T.);
#6698 = ADVANCED_FACE('',(#6699),#1390,.F.);
#6699 = FACE_BOUND('',#6700,.T.);
#6700 = EDGE_LOOP('',(#6701,#6702,#6703,#6704));
#6701 = ORIENTED_EDGE('',*,*,#6492,.T.);
#6702 = ORIENTED_EDGE('',*,*,#1374,.T.);
#6703 = ORIENTED_EDGE('',*,*,#2823,.F.);
#6704 = ORIENTED_EDGE('',*,*,#3505,.T.);
#6705 = ADVANCED_FACE('',(#6706),#1567,.F.);
#6706 = FACE_BOUND('',#6707,.F.);
#6707 = EDGE_LOOP('',(#6708,#6709,#6730,#6731,#6732,#6733));
#6708 = ORIENTED_EDGE('',*,*,#3530,.F.);
#6709 = ORIENTED_EDGE('',*,*,#6710,.F.);
#6710 = EDGE_CURVE('',#6247,#3531,#6711,.T.);
#6711 = SURFACE_CURVE('',#6712,(#6716,#6723),.PCURVE_S1.);
#6712 = LINE('',#6713,#6714);
#6713 = CARTESIAN_POINT('',(143.,-106.8109295608,70.263333800304));
#6714 = VECTOR('',#6715,1.);
#6715 = DIRECTION('',(1.,0.,0.));
#6716 = PCURVE('',#1567,#6717);
#6717 = DEFINITIONAL_REPRESENTATION('',(#6718),#6722);
#6718 = LINE('',#6719,#6720);
#6719 = CARTESIAN_POINT('',(6.28318530718,0.));
#6720 = VECTOR('',#6721,1.);
#6721 = DIRECTION('',(0.,-1.));
#6722 = ( GEOMETRIC_REPRESENTATION_CONTEXT(2) 
PARAMETRIC_REPRESENTATION_CONTEXT() REPRESENTATION_CONTEXT('2D SPACE',''
  ) );
#6723 = PCURVE('',#3575,#6724);
#6724 = DEFINITIONAL_REPRESENTATION('',(#6725),#6729);
#6725 = LINE('',#6726,#6727);
#6726 = CARTESIAN_POINT('',(1.370402063135,0.));
#6727 = VECTOR('',#6728,1.);
#6728 = DIRECTION('',(0.,-1.));
#6729 = ( GEOMETRIC_REPRESENTATION_CONTEXT(2) 
PARAMETRIC_REPRESENTATION_CONTEXT() REPRESENTATION_CONTEXT('2D SPACE',''
  ) );
#6730 = ORIENTED_EDGE('',*,*,#6246,.F.);
#6731 = ORIENTED_EDGE('',*,*,#6150,.F.);
#6732 = ORIENTED_EDGE('',*,*,#1550,.F.);
#6733 = ORIENTED_EDGE('',*,*,#2974,.F.);
#6734 = ADVANCED_FACE('',(#6735),#3575,.T.);
#6735 = FACE_BOUND('',#6736,.T.);
#6736 = EDGE_LOOP('',(#6737,#6738,#6739,#6740,#6741));
#6737 = ORIENTED_EDGE('',*,*,#6710,.F.);
#6738 = ORIENTED_EDGE('',*,*,#6291,.T.);
#6739 = ORIENTED_EDGE('',*,*,#6441,.T.);
#6740 = ORIENTED_EDGE('',*,*,#6675,.T.);
#6741 = ORIENTED_EDGE('',*,*,#3554,.T.);
#6742 = ADVANCED_FACE('',(#6743,#6746),#6604,.F.);
#6743 = FACE_BOUND('',#6744,.T.);
#6744 = EDGE_LOOP('',(#6745));
#6745 = ORIENTED_EDGE('',*,*,#6589,.F.);
#6746 = FACE_BOUND('',#6747,.T.);
#6747 = EDGE_LOOP('',(#6748));
#6748 = ORIENTED_EDGE('',*,*,#6644,.F.);
#6749 = MANIFOLD_SOLID_BREP('',#6750);
#6750 = CLOSED_SHELL('',(#6751,#6843,#6847));
#6751 = ADVANCED_FACE('',(#6752),#6765,.T.);
#6752 = FACE_BOUND('',#6753,.T.);
#6753 = EDGE_LOOP('',(#6754,#6792,#6815,#6842));
#6754 = ORIENTED_EDGE('',*,*,#6755,.F.);
#6755 = EDGE_CURVE('',#6756,#6756,#6758,.T.);
#6756 = VERTEX_POINT('',#6757);
#6757 = CARTESIAN_POINT('',(125.6,-37.38882563367,75.287970695036));
#6758 = SURFACE_CURVE('',#6759,(#6764,#6776),.PCURVE_S1.);
#6759 = CIRCLE('',#6760,0.140593100338);
#6760 = AXIS2_PLACEMENT_3D('',#6761,#6762,#6763);
#6761 = CARTESIAN_POINT('',(125.6,-37.52941873401,75.287970695036));
#6762 = DIRECTION('',(-1.,-2.775557561563E-17,5.551115123126E-17));
#6763 = DIRECTION('',(2.775557561563E-17,-1.,-7.703719777548E-34));
#6764 = PCURVE('',#6765,#6770);
#6765 = CYLINDRICAL_SURFACE('',#6766,0.140593100338);
#6766 = AXIS2_PLACEMENT_3D('',#6767,#6768,#6769);
#6767 = CARTESIAN_POINT('',(128.,-37.52941873401,75.287970695036));
#6768 = DIRECTION('',(-1.,0.,0.));
#6769 = DIRECTION('',(-0.,-1.,-7.703719777548E-34));
#6770 = DEFINITIONAL_REPRESENTATION('',(#6771),#6775);
#6771 = LINE('',#6772,#6773);
#6772 = CARTESIAN_POINT('',(-6.28318530718,2.4));
#6773 = VECTOR('',#6774,1.);
#6774 = DIRECTION('',(1.,0.));
#6775 = ( GEOMETRIC_REPRESENTATION_CONTEXT(2) 
PARAMETRIC_REPRESENTATION_CONTEXT() REPRESENTATION_CONTEXT('2D SPACE',''
  ) );
#6776 = PCURVE('',#6777,#6782);
#6777 = PLANE('',#6778);
#6778 = AXIS2_PLACEMENT_3D('',#6779,#6780,#6781);
#6779 = CARTESIAN_POINT('',(125.6,-37.52941873401,75.287970695036));
#6780 = DIRECTION('',(1.,2.775557561563E-17,-5.551115123126E-17));
#6781 = DIRECTION('',(2.775557561563E-17,-1.,-7.703719777548E-34));
#6782 = DEFINITIONAL_REPRESENTATION('',(#6783),#6791);
#6783 = ( BOUNDED_CURVE() B_SPLINE_CURVE(2,(#6784,#6785,#6786,#6787,
#6788,#6789,#6790),.UNSPECIFIED.,.T.,.F.) B_SPLINE_CURVE_WITH_KNOTS((1,2
    ,2,2,2,1),(-2.094395102393,0.,2.094395102393,4.188790204786,
6.28318530718,8.377580409573),.UNSPECIFIED.) CURVE() 
GEOMETRIC_REPRESENTATION_ITEM() RATIONAL_B_SPLINE_CURVE((1.,0.5,1.,0.5,
1.,0.5,1.)) REPRESENTATION_ITEM('') );
#6784 = CARTESIAN_POINT('',(0.140593100338,0.));
#6785 = CARTESIAN_POINT('',(0.140593100338,-0.24351439298));
#6786 = CARTESIAN_POINT('',(-7.029655016916E-02,-0.12175719649));
#6787 = CARTESIAN_POINT('',(-0.281186200677,-3.443537806231E-17));
#6788 = CARTESIAN_POINT('',(-7.029655016916E-02,0.12175719649));
#6789 = CARTESIAN_POINT('',(0.140593100338,0.24351439298));
#6790 = CARTESIAN_POINT('',(0.140593100338,0.));
#6791 = ( GEOMETRIC_REPRESENTATION_CONTEXT(2) 
PARAMETRIC_REPRESENTATION_CONTEXT() REPRESENTATION_CONTEXT('2D SPACE',''
  ) );
#6792 = ORIENTED_EDGE('',*,*,#6793,.T.);
#6793 = EDGE_CURVE('',#6756,#6794,#6796,.T.);
#6794 = VERTEX_POINT('',#6795);
#6795 = CARTESIAN_POINT('',(128.,-37.38882563367,75.287970695036));
#6796 = SEAM_CURVE('',#6797,(#6801,#6808),.PCURVE_S1.);
#6797 = LINE('',#6798,#6799);
#6798 = CARTESIAN_POINT('',(128.,-37.38882563367,75.287970695036));
#6799 = VECTOR('',#6800,1.);
#6800 = DIRECTION('',(1.,0.,0.));
#6801 = PCURVE('',#6765,#6802);
#6802 = DEFINITIONAL_REPRESENTATION('',(#6803),#6807);
#6803 = LINE('',#6804,#6805);
#6804 = CARTESIAN_POINT('',(-3.14159265359,0.));
#6805 = VECTOR('',#6806,1.);
#6806 = DIRECTION('',(0.,-1.));
#6807 = ( GEOMETRIC_REPRESENTATION_CONTEXT(2) 
PARAMETRIC_REPRESENTATION_CONTEXT() REPRESENTATION_CONTEXT('2D SPACE',''
  ) );
#6808 = PCURVE('',#6765,#6809);
#6809 = DEFINITIONAL_REPRESENTATION('',(#6810),#6814);
#6810 = LINE('',#6811,#6812);
#6811 = CARTESIAN_POINT('',(3.14159265359,0.));
#6812 = VECTOR('',#6813,1.);
#6813 = DIRECTION('',(0.,-1.));
#6814 = ( GEOMETRIC_REPRESENTATION_CONTEXT(2) 
PARAMETRIC_REPRESENTATION_CONTEXT() REPRESENTATION_CONTEXT('2D SPACE',''
  ) );
#6815 = ORIENTED_EDGE('',*,*,#6816,.F.);
#6816 = EDGE_CURVE('',#6794,#6794,#6817,.T.);
#6817 = SURFACE_CURVE('',#6818,(#6823,#6830),.PCURVE_S1.);
#6818 = CIRCLE('',#6819,0.140593100338);
#6819 = AXIS2_PLACEMENT_3D('',#6820,#6821,#6822);
#6820 = CARTESIAN_POINT('',(128.,-37.52941873401,75.287970695036));
#6821 = DIRECTION('',(1.,2.775557561563E-17,-5.551115123126E-17));
#6822 = DIRECTION('',(2.775557561563E-17,-1.,-7.703719777548E-34));
#6823 = PCURVE('',#6765,#6824);
#6824 = DEFINITIONAL_REPRESENTATION('',(#6825),#6829);
#6825 = LINE('',#6826,#6827);
#6826 = CARTESIAN_POINT('',(6.28318530718,0.));
#6827 = VECTOR('',#6828,1.);
#6828 = DIRECTION('',(-1.,0.));
#6829 = ( GEOMETRIC_REPRESENTATION_CONTEXT(2) 
PARAMETRIC_REPRESENTATION_CONTEXT() REPRESENTATION_CONTEXT('2D SPACE',''
  ) );
#6830 = PCURVE('',#6831,#6836);
#6831 = PLANE('',#6832);
#6832 = AXIS2_PLACEMENT_3D('',#6833,#6834,#6835);
#6833 = CARTESIAN_POINT('',(128.,-37.52941873401,75.287970695036));
#6834 = DIRECTION('',(1.,2.775557561563E-17,-5.551115123126E-17));
#6835 = DIRECTION('',(2.775557561563E-17,-1.,-7.703719777548E-34));
#6836 = DEFINITIONAL_REPRESENTATION('',(#6837),#6841);
#6837 = CIRCLE('',#6838,0.140593100338);
#6838 = AXIS2_PLACEMENT_2D('',#6839,#6840);
#6839 = CARTESIAN_POINT('',(0.,0.));
#6840 = DIRECTION('',(1.,0.));
#6841 = ( GEOMETRIC_REPRESENTATION_CONTEXT(2) 
PARAMETRIC_REPRESENTATION_CONTEXT() REPRESENTATION_CONTEXT('2D SPACE',''
  ) );
#6842 = ORIENTED_EDGE('',*,*,#6793,.F.);
#6843 = ADVANCED_FACE('',(#6844),#6831,.T.);
#6844 = FACE_BOUND('',#6845,.T.);
#6845 = EDGE_LOOP('',(#6846));
#6846 = ORIENTED_EDGE('',*,*,#6816,.T.);
#6847 = ADVANCED_FACE('',(#6848),#6777,.F.);
#6848 = FACE_BOUND('',#6849,.T.);
#6849 = EDGE_LOOP('',(#6850));
#6850 = ORIENTED_EDGE('',*,*,#6755,.T.);
#6851 = ( GEOMETRIC_REPRESENTATION_CONTEXT(3) 
GLOBAL_UNCERTAINTY_ASSIGNED_CONTEXT((#6855)) 
GLOBAL_UNIT_ASSIGNED_CONTEXT((#6852,#6853,#6854)) REPRESENTATION_CONTEXT
('Context #1','3D Context with UNIT and UNCERTAINTY') );
#6852 = ( LENGTH_UNIT() NAMED_UNIT(*) SI_UNIT(.MILLI.,.METRE.) );
#6853 = ( NAMED_UNIT(*) PLANE_ANGLE_UNIT() SI_UNIT($,.RADIAN.) );
#6854 = ( NAMED_UNIT(*) SI_UNIT($,.STERADIAN.) SOLID_ANGLE_UNIT() );
#6855 = UNCERTAINTY_MEASURE_WITH_UNIT(LENGTH_MEASURE(2.E-02),#6852,
  'distance_accuracy_value','confusion accuracy');
#6856 = CONTEXT_DEPENDENT_SHAPE_REPRESENTATION(#6857,#6859);
#6857 = ( REPRESENTATION_RELATIONSHIP('','',#32,#10) 
REPRESENTATION_RELATIONSHIP_WITH_TRANSFORMATION(#6858) 
SHAPE_REPRESENTATION_RELATIONSHIP() );
#6858 = ITEM_DEFINED_TRANSFORMATION('','',#11,#15);
#6859 = PRODUCT_DEFINITION_SHAPE('Placement','Placement of an item',
  #6860);
#6860 = NEXT_ASSEMBLY_USAGE_OCCURRENCE('1','=>[0:1:1:2]','',#5,#27,$);
#6861 = PRODUCT_RELATED_PRODUCT_CATEGORY('part',$,(#29));
ENDSEC;
END-ISO-10303-21;
